fecha;precio_m2;provincia;comunidad;Periodo;trimestre
01/09/2025;1030,00;Ávila;Castilla y Leon;2025;T3
01/09/2025;1240,00;Córdoba;Andalucia;2025;T3
01/09/2025;2010,00;Cantabria;Cantabria;2025;T3
01/09/2025;2060,00;Melilla;Melilla;2025;T3
01/09/2025;2620,00;Alicante;Comunitat Valenciana;2025;T3
01/09/2025;2800,00;Las Palmas;Canarias;2025;T3
01/09/2025;5090,00;Palma de Mallorca;Baleares;2025;T3
01/09/2025;5950,00;Madrid;Madrid;2025;T3
01/09/2025;743,00;Ciudad Real;Castilla la Mancha;2025;T3
01/09/2025;823,00;Jaén;Andalucia;2025;T3
01/09/2025;842,00;Cuenca;Castilla la Mancha;2025;T3
01/09/2025;913,00;Teruel;Aragon;2025;T3
01/09/2025;974,00;Badajoz;Extremadura;2025;T3
01/09/2025;988,00;Zamora;Castilla y Leon;2025;T3
01/09/2025;1006,00;Cáceres;Extremadura;2025;T3
01/09/2025;1013,00;Toledo;Castilla la Mancha;2025;T3
01/09/2025;1054,00;Ourense;Galicia;2025;T3
01/09/2025;1056,00;León;Castilla y León;2025;T3
01/09/2025;1091,00;Lugo;Galicia;2025;T3
01/09/2025;1147,00;Albacete;Castilla la Mancha;2025;T3
01/09/2025;1175,00;Palencia;Castilla y Leon;2025;T3
01/09/2025;1202,00;Soria;Castilla y Leon;2025;T3
01/09/2025;1224,00;Burgos;Castilla y Leon;2025;T3
01/09/2025;1422,00;Segovia;Castilla y Leon;2025;T3
01/09/2025;1436,00;Guadalajara;Castilla la Mancha;2025;T3
01/09/2025;1442,00;Almeria;Andalucia;2025;T3
01/09/2025;1456,00;Salamanca;Castilla y Leon;2025;T3
01/09/2025;1458,00;Castellón;Comunitat Valenciana;2025;T3
01/09/2025;1467,00;Valladolid;Castilla y Leon;2025;T3
01/09/2025;1472,00;Lleida;Cataluña;2025;T3
01/09/2025;1513,00;A Coruña;Galicia;2025;T3
01/09/2025;1552,00;Zaragoza;Aragon;2025;T3
01/09/2025;1555,00;Murcia;Murcia;2025;T3
01/09/2025;1593,00;Huelva;Andalucia;2025;T3
01/09/2025;1626,00;Granada;Andalucia;2025;T3
01/09/2025;1631,00;Huesca;Aragon;2025;T3
01/09/2025;1635,00;Gijón;Asturias;2025;T3
01/09/2025;1714,00;Sevilla;Andalucia;2025;T3
01/09/2025;1738,00;Tarragona;Cataluña;2025;T3
01/09/2025;1766,00;Pontevedra;Galicia;2025;T3
01/09/2025;1779,00;Pamplona;Navarra;2025;T3
01/09/2025;1848,00;Valencia;Comunitat Valenciana;2025;T3
01/09/2025;2156,00;Cádiz;Andalucia;2025;T3
01/09/2025;2343,00;Ceuta;Ceuta;2025;T3
01/09/2025;2408,00;Vitoria-Gasteiz;Euskadi;2025;T3
01/09/2025;2599,00;Gerona;Cataluña;2025;T3
01/09/2025;2994,00;Barcelona;Cataluña;2025;T3
01/09/2025;3152,00;Bilbao;Euskadi;2025;T3
01/09/2025;3284,00;Santa Cruz de Tenerife;Canarias;2025;T3
01/09/2025;3982,00;Malaga;Andalucia;2025;T3
01/09/2025;4033,00;Guipuzcoa;Euskadi;2025;T3
01/08/2025;1010,00;Cáceres;Extremadura;2025;T3
01/08/2025;1570,00;Huelva;Andalucia;2025;T3
01/08/2025;1760,00;Pontevedra;Galicia;2025;T3
01/08/2025;743,00;Ciudad Real;Castilla la Mancha;2025;T3
01/08/2025;833,00;Jaén;Andalucia;2025;T3
01/08/2025;847,00;Cuenca;Castilla la Mancha;2025;T3
01/08/2025;918,00;Teruel;Aragon;2025;T3
01/08/2025;965,00;Zamora;Castilla y Leon;2025;T3
01/08/2025;971,00;Badajoz;Extremadura;2025;T3
01/08/2025;1007,00;Toledo;Castilla la Mancha;2025;T3
01/08/2025;1012,00;Ávila;Castilla y Leon;2025;T3
01/08/2025;1048,00;León;Castilla y León;2025;T3
01/08/2025;1052,00;Ourense;Galicia;2025;T3
01/08/2025;1089,00;Lugo;Galicia;2025;T3
01/08/2025;1154,00;Albacete;Castilla la Mancha;2025;T3
01/08/2025;1168,00;Palencia;Castilla y Leon;2025;T3
01/08/2025;1194,00;Soria;Castilla y Leon;2025;T3
01/08/2025;1235,00;Burgos;Castilla y Leon;2025;T3
01/08/2025;1249,00;Córdoba;Andalucia;2025;T3
01/08/2025;1413,00;Almeria;Andalucia;2025;T3
01/08/2025;1419,00;Guadalajara;Castilla la Mancha;2025;T3
01/08/2025;1432,00;Segovia;Castilla y Leon;2025;T3
01/08/2025;1438,00;Castellón;Comunitat Valenciana;2025;T3
01/08/2025;1443,00;Salamanca;Castilla y Leon;2025;T3
01/08/2025;1459,00;Lleida;Cataluña;2025;T3
01/08/2025;1474,00;Valladolid;Castilla y Leon;2025;T3
01/08/2025;1496,00;A Coruña;Galicia;2025;T3
01/08/2025;1515,00;Murcia;Murcia;2025;T3
01/08/2025;1557,00;Zaragoza;Aragon;2025;T3
01/08/2025;1597,00;Granada;Andalucia;2025;T3
01/08/2025;1612,00;Gijón;Asturias;2025;T3
01/08/2025;1627,00;Huesca;Aragon;2025;T3
01/08/2025;1728,00;Tarragona;Cataluña;2025;T3
01/08/2025;1735,00;Sevilla;Andalucia;2025;T3
01/08/2025;1787,00;Pamplona;Navarra;2025;T3
01/08/2025;1834,00;Valencia;Comunitat Valenciana;2025;T3
01/08/2025;1959,00;Cantabria;Cantabria;2025;T3
01/08/2025;2059,00;Melilla;Melilla;2025;T3
01/08/2025;2126,00;Cádiz;Andalucia;2025;T3
01/08/2025;2336,00;Ceuta;Ceuta;2025;T3
01/08/2025;2402,00;Vitoria-Gasteiz;Euskadi;2025;T3
01/08/2025;2587,00;Gerona;Cataluña;2025;T3
01/08/2025;2595,00;Alicante;Comunitat Valenciana;2025;T3
01/08/2025;2794,00;Las Palmas;Canarias;2025;T3
01/08/2025;3023,00;Barcelona;Cataluña;2025;T3
01/08/2025;3163,00;Bilbao;Euskadi;2025;T3
01/08/2025;3284,00;Santa Cruz de Tenerife;Canarias;2025;T3
01/08/2025;3842,00;Malaga;Andalucia;2025;T3
01/08/2025;4007,00;Guipuzcoa;Euskadi;2025;T3
01/08/2025;5068,00;Palma de Mallorca;Baleares;2025;T3
01/08/2025;5867,00;Madrid;Madrid;2025;T3
01/07/2025;1000,00;Cáceres;Extremadura;2025;T3
01/07/2025;1010,00;Ávila;Castilla y Leon;2025;T3
01/07/2025;1160,00;Soria;Castilla y Leon;2025;T3
01/07/2025;1420,00;Segovia;Castilla y Leon;2025;T3
01/07/2025;1550,00;Huelva;Andalucia;2025;T3
01/07/2025;1550,00;Zaragoza;Aragon;2025;T3
01/07/2025;1600,00;Huesca;Aragon;2025;T3
01/07/2025;1700,00;Tarragona;Cataluña;2025;T3
01/07/2025;1740,00;Pontevedra;Galicia;2025;T3
01/07/2025;1790,00;Valencia;Comunitat Valenciana;2025;T3
01/07/2025;2410,00;Ceuta;Ceuta;2025;T3
01/07/2025;3990,00;Guipuzcoa;Euskadi;2025;T3
01/07/2025;5750,00;Madrid;Madrid;2025;T3
01/07/2025;738,00;Ciudad Real;Castilla la Mancha;2025;T3
01/07/2025;839,00;Jaén;Andalucia;2025;T3
01/07/2025;862,00;Cuenca;Castilla la Mancha;2025;T3
01/07/2025;922,00;Teruel;Aragon;2025;T3
01/07/2025;960,00;Badajoz;Extremadura;2025;T3
01/07/2025;963,00;Zamora;Castilla y Leon;2025;T3
01/07/2025;999,00;Toledo;Castilla la Mancha;2025;T3
01/07/2025;1037,00;León;Castilla y León;2025;T3
01/07/2025;1052,00;Ourense;Galicia;2025;T3
01/07/2025;1084,00;Lugo;Galicia;2025;T3
01/07/2025;1154,00;Palencia;Castilla y Leon;2025;T3
01/07/2025;1168,00;Albacete;Castilla la Mancha;2025;T3
01/07/2025;1217,00;Burgos;Castilla y Leon;2025;T3
01/07/2025;1242,00;Córdoba;Andalucia;2025;T3
01/07/2025;1386,00;Guadalajara;Castilla la Mancha;2025;T3
01/07/2025;1388,00;Almeria;Andalucia;2025;T3
01/07/2025;1422,00;Castellón;Comunitat Valenciana;2025;T3
01/07/2025;1435,00;Salamanca;Castilla y Leon;2025;T3
01/07/2025;1442,00;Lleida;Cataluña;2025;T3
01/07/2025;1463,00;Valladolid;Castilla y Leon;2025;T3
01/07/2025;1483,00;A Coruña;Galicia;2025;T3
01/07/2025;1505,00;Murcia;Murcia;2025;T3
01/07/2025;1586,00;Gijón;Asturias;2025;T3
01/07/2025;1599,00;Granada;Andalucia;2025;T3
01/07/2025;1735,00;Sevilla;Andalucia;2025;T3
01/07/2025;1764,00;Pamplona;Navarra;2025;T3
01/07/2025;1929,00;Cantabria;Cantabria;2025;T3
01/07/2025;2052,00;Melilla;Melilla;2025;T3
01/07/2025;2110,00;Cádiz;Andalucia;2025;T3
01/07/2025;2382,00;Vitoria-Gasteiz;Euskadi;2025;T3
01/07/2025;2567,00;Gerona;Cataluña;2025;T3
01/07/2025;2582,00;Alicante;Comunitat Valenciana;2025;T3
01/07/2025;2802,00;Las Palmas;Canarias;2025;T3
01/07/2025;2979,00;Barcelona;Cataluña;2025;T3
01/07/2025;3143,00;Bilbao;Euskadi;2025;T3
01/07/2025;3292,00;Santa Cruz de Tenerife;Canarias;2025;T3
01/07/2025;3794,00;Malaga;Andalucia;2025;T3
01/07/2025;5025,00;Palma de Mallorca;Baleares;2025;T3
01/06/2025;1730,00;Pontevedra;Galicia;2025;T2
01/06/2025;2370,00;Vitoria-Gasteiz;Euskadi;2025;T2
01/06/2025;3260,00;Santa Cruz de Tenerife;Canarias;2025;T2
01/06/2025;3900,00;Guipuzcoa;Euskadi;2025;T2
01/06/2025;740,00;Ciudad Real;Castilla la Mancha;2025;T2
01/06/2025;837,00;Jaén;Andalucia;2025;T2
01/06/2025;854,00;Cuenca;Castilla la Mancha;2025;T2
01/06/2025;928,00;Teruel;Aragon;2025;T2
01/06/2025;969,00;Badajoz;Extremadura;2025;T2
01/06/2025;976,00;Toledo;Castilla la Mancha;2025;T2
01/06/2025;984,00;Zamora;Castilla y Leon;2025;T2
01/06/2025;993,00;Ávila;Castilla y Leon;2025;T2
01/06/2025;1003,00;Cáceres;Extremadura;2025;T2
01/06/2025;1035,00;León;Castilla y León;2025;T2
01/06/2025;1042,00;Ourense;Galicia;2025;T2
01/06/2025;1087,00;Lugo;Galicia;2025;T2
01/06/2025;1143,00;Palencia;Castilla y Leon;2025;T2
01/06/2025;1151,00;Soria;Castilla y Leon;2025;T2
01/06/2025;1169,00;Albacete;Castilla la Mancha;2025;T2
01/06/2025;1201,00;Burgos;Castilla y Leon;2025;T2
01/06/2025;1236,00;Córdoba;Andalucia;2025;T2
01/06/2025;1364,00;Guadalajara;Castilla la Mancha;2025;T2
01/06/2025;1373,00;Almeria;Andalucia;2025;T2
01/06/2025;1393,00;Castellón;Comunitat Valenciana;2025;T2
01/06/2025;1406,00;Lleida;Cataluña;2025;T2
01/06/2025;1422,00;Segovia;Castilla y Leon;2025;T2
01/06/2025;1434,00;Salamanca;Castilla y Leon;2025;T2
01/06/2025;1457,00;Valladolid;Castilla y Leon;2025;T2
01/06/2025;1468,00;A Coruña;Galicia;2025;T2
01/06/2025;1499,00;Murcia;Murcia;2025;T2
01/06/2025;1527,00;Zaragoza;Aragon;2025;T2
01/06/2025;1535,00;Huelva;Andalucia;2025;T2
01/06/2025;1574,00;Gijón;Asturias;2025;T2
01/06/2025;1594,00;Granada;Andalucia;2025;T2
01/06/2025;1629,00;Huesca;Aragon;2025;T2
01/06/2025;1677,00;Tarragona;Cataluña;2025;T2
01/06/2025;1711,00;Sevilla;Andalucia;2025;T2
01/06/2025;1742,00;Pamplona;Navarra;2025;T2
01/06/2025;1746,00;Valencia;Comunitat Valenciana;2025;T2
01/06/2025;1876,00;Cantabria;Cantabria;2025;T2
01/06/2025;2051,00;Melilla;Melilla;2025;T2
01/06/2025;2081,00;Cádiz;Andalucia;2025;T2
01/06/2025;2388,00;Ceuta;Ceuta;2025;T2
01/06/2025;2535,00;Gerona;Cataluña;2025;T2
01/06/2025;2569,00;Alicante;Comunitat Valenciana;2025;T2
01/06/2025;2797,00;Las Palmas;Canarias;2025;T2
01/06/2025;2946,00;Barcelona;Cataluña;2025;T2
01/06/2025;3109,00;Bilbao;Euskadi;2025;T2
01/06/2025;3775,00;Malaga;Andalucia;2025;T2
01/06/2025;4996,00;Palma de Mallorca;Baleares;2025;T2
01/06/2025;5729,00;Madrid;Madrid;2025;T2
01/05/2025;1200,00;Burgos;Castilla y Leon;2025;T2
01/05/2025;1410,00;Lleida;Cataluña;2025;T2
01/05/2025;741,00;Ciudad Real;Castilla la Mancha;2025;T2
01/05/2025;831,00;Cuenca;Castilla la Mancha;2025;T2
01/05/2025;833,00;Jaén;Andalucia;2025;T2
01/05/2025;914,00;Teruel;Aragon;2025;T2
01/05/2025;956,00;Toledo;Castilla la Mancha;2025;T2
01/05/2025;960,00;Ávila;Castilla y Leon;2025;T2
01/05/2025;966,00;Badajoz;Extremadura;2025;T2
01/05/2025;988,00;Zamora;Castilla y Leon;2025;T2
01/05/2025;1001,00;Cáceres;Extremadura;2025;T2
01/05/2025;1036,00;León;Castilla y León;2025;T2
01/05/2025;1048,00;Ourense;Galicia;2025;T2
01/05/2025;1083,00;Lugo;Galicia;2025;T2
01/05/2025;1132,00;Palencia;Castilla y Leon;2025;T2
01/05/2025;1132,00;Soria;Castilla y Leon;2025;T2
01/05/2025;1173,00;Albacete;Castilla la Mancha;2025;T2
01/05/2025;1232,00;Córdoba;Andalucia;2025;T2
01/05/2025;1336,00;Almeria;Andalucia;2025;T2
01/05/2025;1341,00;Guadalajara;Castilla la Mancha;2025;T2
01/05/2025;1376,00;Castellón;Comunitat Valenciana;2025;T2
01/05/2025;1401,00;Segovia;Castilla y Leon;2025;T2
01/05/2025;1417,00;Salamanca;Castilla y Leon;2025;T2
01/05/2025;1442,00;Valladolid;Castilla y Leon;2025;T2
01/05/2025;1448,00;A Coruña;Galicia;2025;T2
01/05/2025;1458,00;Murcia;Murcia;2025;T2
01/05/2025;1504,00;Zaragoza;Aragon;2025;T2
01/05/2025;1538,00;Gijón;Asturias;2025;T2
01/05/2025;1556,00;Huelva;Andalucia;2025;T2
01/05/2025;1573,00;Granada;Andalucia;2025;T2
01/05/2025;1593,00;Huesca;Aragon;2025;T2
01/05/2025;1659,00;Tarragona;Cataluña;2025;T2
01/05/2025;1689,00;Valencia;Comunitat Valenciana;2025;T2
01/05/2025;1695,00;Sevilla;Andalucia;2025;T2
01/05/2025;1717,00;Pontevedra;Galicia;2025;T2
01/05/2025;1753,00;Pamplona;Navarra;2025;T2
01/05/2025;1841,00;Cantabria;Cantabria;2025;T2
01/05/2025;2066,00;Cádiz;Andalucia;2025;T2
01/05/2025;2073,00;Melilla;Melilla;2025;T2
01/05/2025;2325,00;Ceuta;Ceuta;2025;T2
01/05/2025;2362,00;Vitoria-Gasteiz;Euskadi;2025;T2
01/05/2025;2485,00;Gerona;Cataluña;2025;T2
01/05/2025;2521,00;Alicante;Comunitat Valenciana;2025;T2
01/05/2025;2778,00;Las Palmas;Canarias;2025;T2
01/05/2025;2914,00;Barcelona;Cataluña;2025;T2
01/05/2025;3043,00;Bilbao;Euskadi;2025;T2
01/05/2025;3224,00;Santa Cruz de Tenerife;Canarias;2025;T2
01/05/2025;3718,00;Malaga;Andalucia;2025;T2
01/05/2025;3862,00;Guipuzcoa;Euskadi;2025;T2
01/05/2025;4905,00;Palma de Mallorca;Baleares;2025;T2
01/05/2025;5669,00;Madrid;Madrid;2025;T2
01/04/2025;1320,00;Guadalajara;Castilla la Mancha;2025;T2
01/04/2025;1420,00;Murcia;Murcia;2025;T2
01/04/2025;2360,00;Ceuta;Ceuta;2025;T2
01/04/2025;2460,00;Gerona;Cataluña;2025;T2
01/04/2025;747,00;Ciudad Real;Castilla la Mancha;2025;T2
01/04/2025;824,00;Jaén;Andalucia;2025;T2
01/04/2025;836,00;Cuenca;Castilla la Mancha;2025;T2
01/04/2025;926,00;Teruel;Aragon;2025;T2
01/04/2025;945,00;Toledo;Castilla la Mancha;2025;T2
01/04/2025;945,00;Ávila;Castilla y Leon;2025;T2
01/04/2025;951,00;Badajoz;Extremadura;2025;T2
01/04/2025;972,00;Zamora;Castilla y Leon;2025;T2
01/04/2025;999,00;Cáceres;Extremadura;2025;T2
01/04/2025;1025,00;León;Castilla y León;2025;T2
01/04/2025;1065,00;Ourense;Galicia;2025;T2
01/04/2025;1067,00;Lugo;Galicia;2025;T2
01/04/2025;1126,00;Soria;Castilla y Leon;2025;T2
01/04/2025;1133,00;Palencia;Castilla y Leon;2025;T2
01/04/2025;1185,00;Albacete;Castilla la Mancha;2025;T2
01/04/2025;1209,00;Burgos;Castilla y Leon;2025;T2
01/04/2025;1222,00;Córdoba;Andalucia;2025;T2
01/04/2025;1316,00;Almeria;Andalucia;2025;T2
01/04/2025;1355,00;Castellón;Comunitat Valenciana;2025;T2
01/04/2025;1392,00;Lleida;Cataluña;2025;T2
01/04/2025;1403,00;Segovia;Castilla y Leon;2025;T2
01/04/2025;1425,00;A Coruña;Galicia;2025;T2
01/04/2025;1428,00;Salamanca;Castilla y Leon;2025;T2
01/04/2025;1429,00;Valladolid;Castilla y Leon;2025;T2
01/04/2025;1505,00;Zaragoza;Aragon;2025;T2
01/04/2025;1512,00;Gijón;Asturias;2025;T2
01/04/2025;1544,00;Huelva;Andalucia;2025;T2
01/04/2025;1557,00;Granada;Andalucia;2025;T2
01/04/2025;1593,00;Huesca;Aragon;2025;T2
01/04/2025;1628,00;Tarragona;Cataluña;2025;T2
01/04/2025;1665,00;Valencia;Comunitat Valenciana;2025;T2
01/04/2025;1672,00;Sevilla;Andalucia;2025;T2
01/04/2025;1704,00;Pontevedra;Galicia;2025;T2
01/04/2025;1747,00;Pamplona;Navarra;2025;T2
01/04/2025;1806,00;Cantabria;Cantabria;2025;T2
01/04/2025;2027,00;Cádiz;Andalucia;2025;T2
01/04/2025;2044,00;Melilla;Melilla;2025;T2
01/04/2025;2351,00;Vitoria-Gasteiz;Euskadi;2025;T2
01/04/2025;2464,00;Alicante;Comunitat Valenciana;2025;T2
01/04/2025;2718,00;Las Palmas;Canarias;2025;T2
01/04/2025;2888,00;Barcelona;Cataluña;2025;T2
01/04/2025;2992,00;Bilbao;Euskadi;2025;T2
01/04/2025;3173,00;Santa Cruz de Tenerife;Canarias;2025;T2
01/04/2025;3671,00;Malaga;Andalucia;2025;T2
01/04/2025;3781,00;Guipuzcoa;Euskadi;2025;T2
01/04/2025;4836,00;Palma de Mallorca;Baleares;2025;T2
01/04/2025;5472,00;Madrid;Madrid;2025;T2
01/03/2025;1130,00;Palencia;Castilla y Leon;2025;T1
01/03/2025;1410,00;Valladolid;Castilla y Leon;2025;T1
01/03/2025;1990,00;Melilla;Melilla;2025;T1
01/03/2025;740,00;Ciudad Real;Castilla la Mancha;2025;T1
01/03/2025;830,00;Jaén;Andalucia;2025;T1
01/03/2025;844,00;Cuenca;Castilla la Mancha;2025;T1
01/03/2025;933,00;Toledo;Castilla la Mancha;2025;T1
01/03/2025;939,00;Ávila;Castilla y Leon;2025;T1
01/03/2025;942,00;Teruel;Aragon;2025;T1
01/03/2025;951,00;Badajoz;Extremadura;2025;T1
01/03/2025;978,00;Zamora;Castilla y Leon;2025;T1
01/03/2025;990,00;Cáceres;Extremadura;2025;T1
01/03/2025;1014,00;León;Castilla y León;2025;T1
01/03/2025;1065,00;Lugo;Galicia;2025;T1
01/03/2025;1074,00;Ourense;Galicia;2025;T1
01/03/2025;1135,00;Soria;Castilla y Leon;2025;T1
01/03/2025;1178,00;Albacete;Castilla la Mancha;2025;T1
01/03/2025;1214,00;Córdoba;Andalucia;2025;T1
01/03/2025;1215,00;Burgos;Castilla y Leon;2025;T1
01/03/2025;1301,00;Almeria;Andalucia;2025;T1
01/03/2025;1309,00;Guadalajara;Castilla la Mancha;2025;T1
01/03/2025;1343,00;Castellón;Comunitat Valenciana;2025;T1
01/03/2025;1378,00;Segovia;Castilla y Leon;2025;T1
01/03/2025;1396,00;Murcia;Murcia;2025;T1
01/03/2025;1412,00;Lleida;Cataluña;2025;T1
01/03/2025;1417,00;A Coruña;Galicia;2025;T1
01/03/2025;1428,00;Salamanca;Castilla y Leon;2025;T1
01/03/2025;1471,00;Zaragoza;Aragon;2025;T1
01/03/2025;1492,00;Gijón;Asturias;2025;T1
01/03/2025;1524,00;Granada;Andalucia;2025;T1
01/03/2025;1524,00;Huelva;Andalucia;2025;T1
01/03/2025;1585,00;Huesca;Aragon;2025;T1
01/03/2025;1615,00;Tarragona;Cataluña;2025;T1
01/03/2025;1636,00;Valencia;Comunitat Valenciana;2025;T1
01/03/2025;1641,00;Sevilla;Andalucia;2025;T1
01/03/2025;1694,00;Pontevedra;Galicia;2025;T1
01/03/2025;1729,00;Pamplona;Navarra;2025;T1
01/03/2025;1762,00;Cantabria;Cantabria;2025;T1
01/03/2025;2005,00;Cádiz;Andalucia;2025;T1
01/03/2025;2315,00;Vitoria-Gasteiz;Euskadi;2025;T1
01/03/2025;2393,00;Ceuta;Ceuta;2025;T1
01/03/2025;2424,00;Alicante;Comunitat Valenciana;2025;T1
01/03/2025;2439,00;Gerona;Cataluña;2025;T1
01/03/2025;2703,00;Las Palmas;Canarias;2025;T1
01/03/2025;2832,00;Barcelona;Cataluña;2025;T1
01/03/2025;2985,00;Bilbao;Euskadi;2025;T1
01/03/2025;3146,00;Santa Cruz de Tenerife;Canarias;2025;T1
01/03/2025;3615,00;Malaga;Andalucia;2025;T1
01/03/2025;3807,00;Guipuzcoa;Euskadi;2025;T1
01/03/2025;4797,00;Palma de Mallorca;Baleares;2025;T1
01/03/2025;5341,00;Madrid;Madrid;2025;T1
01/02/2025;1110,00;Soria;Castilla y Leon;2025;T1
01/02/2025;1130,00;Palencia;Castilla y Leon;2025;T1
01/02/2025;1200,00;Burgos;Castilla y Leon;2025;T1
01/02/2025;1490,00;Huelva;Andalucia;2025;T1
01/02/2025;1580,00;Huesca;Aragon;2025;T1
01/02/2025;2410,00;Gerona;Cataluña;2025;T1
01/02/2025;5310,00;Madrid;Madrid;2025;T1
01/02/2025;738,00;Ciudad Real;Castilla la Mancha;2025;T1
01/02/2025;829,00;Jaén;Andalucia;2025;T1
01/02/2025;841,00;Cuenca;Castilla la Mancha;2025;T1
01/02/2025;920,00;Toledo;Castilla la Mancha;2025;T1
01/02/2025;926,00;Teruel;Aragon;2025;T1
01/02/2025;933,00;Ávila;Castilla y Leon;2025;T1
01/02/2025;939,00;Badajoz;Extremadura;2025;T1
01/02/2025;970,00;Zamora;Castilla y Leon;2025;T1
01/02/2025;984,00;Cáceres;Extremadura;2025;T1
01/02/2025;993,00;León;Castilla y León;2025;T1
01/02/2025;1052,00;Lugo;Galicia;2025;T1
01/02/2025;1081,00;Ourense;Galicia;2025;T1
01/02/2025;1168,00;Albacete;Castilla la Mancha;2025;T1
01/02/2025;1205,00;Córdoba;Andalucia;2025;T1
01/02/2025;1278,00;Almeria;Andalucia;2025;T1
01/02/2025;1296,00;Guadalajara;Castilla la Mancha;2025;T1
01/02/2025;1326,00;Castellón;Comunitat Valenciana;2025;T1
01/02/2025;1362,00;Segovia;Castilla y Leon;2025;T1
01/02/2025;1364,00;Murcia;Murcia;2025;T1
01/02/2025;1396,00;Valladolid;Castilla y Leon;2025;T1
01/02/2025;1399,00;A Coruña;Galicia;2025;T1
01/02/2025;1414,00;Salamanca;Castilla y Leon;2025;T1
01/02/2025;1416,00;Lleida;Cataluña;2025;T1
01/02/2025;1445,00;Zaragoza;Aragon;2025;T1
01/02/2025;1459,00;Gijón;Asturias;2025;T1
01/02/2025;1512,00;Granada;Andalucia;2025;T1
01/02/2025;1588,00;Tarragona;Cataluña;2025;T1
01/02/2025;1598,00;Valencia;Comunitat Valenciana;2025;T1
01/02/2025;1609,00;Sevilla;Andalucia;2025;T1
01/02/2025;1684,00;Pontevedra;Galicia;2025;T1
01/02/2025;1693,00;Pamplona;Navarra;2025;T1
01/02/2025;1748,00;Cantabria;Cantabria;2025;T1
01/02/2025;1973,00;Cádiz;Andalucia;2025;T1
01/02/2025;1996,00;Melilla;Melilla;2025;T1
01/02/2025;2294,00;Ceuta;Ceuta;2025;T1
01/02/2025;2323,00;Vitoria-Gasteiz;Euskadi;2025;T1
01/02/2025;2389,00;Alicante;Comunitat Valenciana;2025;T1
01/02/2025;2678,00;Las Palmas;Canarias;2025;T1
01/02/2025;2779,00;Barcelona;Cataluña;2025;T1
01/02/2025;2961,00;Bilbao;Euskadi;2025;T1
01/02/2025;3103,00;Santa Cruz de Tenerife;Canarias;2025;T1
01/02/2025;3566,00;Malaga;Andalucia;2025;T1
01/02/2025;3768,00;Guipuzcoa;Euskadi;2025;T1
01/02/2025;4789,00;Palma de Mallorca;Baleares;2025;T1
01/01/2025;1160,00;Albacete;Castilla la Mancha;2025;T1
01/01/2025;733,00;Ciudad Real;Castilla la Mancha;2025;T1
01/01/2025;829,00;Cuenca;Castilla la Mancha;2025;T1
01/01/2025;831,00;Jaén;Andalucia;2025;T1
01/01/2025;909,00;Toledo;Castilla la Mancha;2025;T1
01/01/2025;911,00;Ávila;Castilla y Leon;2025;T1
01/01/2025;919,00;Teruel;Aragon;2025;T1
01/01/2025;943,00;Badajoz;Extremadura;2025;T1
01/01/2025;975,00;Zamora;Castilla y Leon;2025;T1
01/01/2025;980,00;Cáceres;Extremadura;2025;T1
01/01/2025;990,00;León;Castilla y León;2025;T1
01/01/2025;1036,00;Lugo;Galicia;2025;T1
01/01/2025;1081,00;Ourense;Galicia;2025;T1
01/01/2025;1104,00;Soria;Castilla y Leon;2025;T1
01/01/2025;1132,00;Palencia;Castilla y Leon;2025;T1
01/01/2025;1188,00;Córdoba;Andalucia;2025;T1
01/01/2025;1189,00;Burgos;Castilla y Leon;2025;T1
01/01/2025;1260,00;Almeria;Andalucia;2025;T1
01/01/2025;1283,00;Guadalajara;Castilla la Mancha;2025;T1
01/01/2025;1317,00;Castellón;Comunitat Valenciana;2025;T1
01/01/2025;1348,00;Murcia;Murcia;2025;T1
01/01/2025;1355,00;Segovia;Castilla y Leon;2025;T1
01/01/2025;1383,00;Valladolid;Castilla y Leon;2025;T1
01/01/2025;1389,00;A Coruña;Galicia;2025;T1
01/01/2025;1401,00;Salamanca;Castilla y Leon;2025;T1
01/01/2025;1404,00;Lleida;Cataluña;2025;T1
01/01/2025;1435,00;Zaragoza;Aragon;2025;T1
01/01/2025;1438,00;Gijón;Asturias;2025;T1
01/01/2025;1487,00;Huelva;Andalucia;2025;T1
01/01/2025;1495,00;Granada;Andalucia;2025;T1
01/01/2025;1543,00;Huesca;Aragon;2025;T1
01/01/2025;1572,00;Sevilla;Andalucia;2025;T1
01/01/2025;1576,00;Valencia;Comunitat Valenciana;2025;T1
01/01/2025;1588,00;Tarragona;Cataluña;2025;T1
01/01/2025;1672,00;Pontevedra;Galicia;2025;T1
01/01/2025;1704,00;Pamplona;Navarra;2025;T1
01/01/2025;1727,00;Cantabria;Cantabria;2025;T1
01/01/2025;1947,00;Cádiz;Andalucia;2025;T1
01/01/2025;1997,00;Melilla;Melilla;2025;T1
01/01/2025;2326,00;Vitoria-Gasteiz;Euskadi;2025;T1
01/01/2025;2348,00;Ceuta;Ceuta;2025;T1
01/01/2025;2363,00;Alicante;Comunitat Valenciana;2025;T1
01/01/2025;2405,00;Gerona;Cataluña;2025;T1
01/01/2025;2639,00;Las Palmas;Canarias;2025;T1
01/01/2025;2742,00;Barcelona;Cataluña;2025;T1
01/01/2025;2909,00;Bilbao;Euskadi;2025;T1
01/01/2025;3033,00;Santa Cruz de Tenerife;Canarias;2025;T1
01/01/2025;3522,00;Malaga;Andalucia;2025;T1
01/01/2025;3761,00;Guipuzcoa;Euskadi;2025;T1
01/01/2025;4729,00;Palma de Mallorca;Baleares;2025;T1
01/01/2025;5247,00;Madrid;Madrid;2025;T1
01/12/2024;2350,00;Ceuta;Ceuta;2024;T4
01/12/2024;3000,00;Santa Cruz de Tenerife;Canarias;2024;T4
01/12/2024;751,00;Ciudad Real;Castilla la Mancha;2024;T4
01/12/2024;844,00;Jaén;Andalucia;2024;T4
01/12/2024;846,00;Cuenca;Castilla la Mancha;2024;T4
01/12/2024;917,00;Ávila;Castilla y Leon;2024;T4
01/12/2024;932,00;Toledo;Castilla la Mancha;2024;T4
01/12/2024;958,00;Teruel;Aragon;2024;T4
01/12/2024;970,00;Zamora;Castilla y Leon;2024;T4
01/12/2024;972,00;Badajoz;Extremadura;2024;T4
01/12/2024;1001,00;Cáceres;Extremadura;2024;T4
01/12/2024;1007,00;León;Castilla y León;2024;T4
01/12/2024;1056,00;Lugo;Galicia;2024;T4
01/12/2024;1092,00;Ourense;Galicia;2024;T4
01/12/2024;1117,00;Palencia;Castilla y Leon;2024;T4
01/12/2024;1159,00;Soria;Castilla y Leon;2024;T4
01/12/2024;1165,00;Albacete;Castilla la Mancha;2024;T4
01/12/2024;1221,00;Córdoba;Andalucia;2024;T4
01/12/2024;1244,00;Burgos;Castilla y Leon;2024;T4
01/12/2024;1306,00;Almeria;Andalucia;2024;T4
01/12/2024;1324,00;Guadalajara;Castilla la Mancha;2024;T4
01/12/2024;1326,00;Castellón;Comunitat Valenciana;2024;T4
01/12/2024;1345,00;Segovia;Castilla y Leon;2024;T4
01/12/2024;1379,00;Murcia;Murcia;2024;T4
01/12/2024;1405,00;Salamanca;Castilla y Leon;2024;T4
01/12/2024;1423,00;Lleida;Cataluña;2024;T4
01/12/2024;1435,00;A Coruña;Galicia;2024;T4
01/12/2024;1467,00;Valladolid;Castilla y Leon;2024;T4
01/12/2024;1471,00;Gijón;Asturias;2024;T4
01/12/2024;1503,00;Granada;Andalucia;2024;T4
01/12/2024;1509,00;Huelva;Andalucia;2024;T4
01/12/2024;1538,00;Zaragoza;Aragon;2024;T4
01/12/2024;1583,00;Huesca;Aragon;2024;T4
01/12/2024;1602,00;Valencia;Comunitat Valenciana;2024;T4
01/12/2024;1623,00;Tarragona;Cataluña;2024;T4
01/12/2024;1625,00;Sevilla;Andalucia;2024;T4
01/12/2024;1715,00;Pontevedra;Galicia;2024;T4
01/12/2024;1746,00;Cantabria;Cantabria;2024;T4
01/12/2024;1795,00;Pamplona;Navarra;2024;T4
01/12/2024;1975,00;Cádiz;Andalucia;2024;T4
01/12/2024;1994,00;Melilla;Melilla;2024;T4
01/12/2024;2364,00;Alicante;Comunitat Valenciana;2024;T4
01/12/2024;2403,00;Vitoria-Gasteiz;Euskadi;2024;T4
01/12/2024;2432,00;Gerona;Cataluña;2024;T4
01/12/2024;2649,00;Las Palmas;Canarias;2024;T4
01/12/2024;2814,00;Barcelona;Cataluña;2024;T4
01/12/2024;2934,00;Bilbao;Euskadi;2024;T4
01/12/2024;3507,00;Malaga;Andalucia;2024;T4
01/12/2024;3746,00;Guipuzcoa;Euskadi;2024;T4
01/12/2024;4707,00;Palma de Mallorca;Baleares;2024;T4
01/12/2024;5154,00;Madrid;Madrid;2024;T4
01/11/2024;1160,00;Soria;Castilla y Leon;2024;T4
01/11/2024;1240,00;Burgos;Castilla y Leon;2024;T4
01/11/2024;1420,00;A Coruña;Galicia;2024;T4
01/11/2024;1720,00;Pontevedra;Galicia;2024;T4
01/11/2024;743,00;Ciudad Real;Castilla la Mancha;2024;T4
01/11/2024;846,00;Jaén;Andalucia;2024;T4
01/11/2024;851,00;Cuenca;Castilla la Mancha;2024;T4
01/11/2024;916,00;Ávila;Castilla y Leon;2024;T4
01/11/2024;925,00;Toledo;Castilla la Mancha;2024;T4
01/11/2024;949,00;Teruel;Aragon;2024;T4
01/11/2024;963,00;Zamora;Castilla y Leon;2024;T4
01/11/2024;980,00;Badajoz;Extremadura;2024;T4
01/11/2024;1006,00;León;Castilla y León;2024;T4
01/11/2024;1009,00;Cáceres;Extremadura;2024;T4
01/11/2024;1043,00;Lugo;Galicia;2024;T4
01/11/2024;1095,00;Ourense;Galicia;2024;T4
01/11/2024;1108,00;Palencia;Castilla y Leon;2024;T4
01/11/2024;1159,00;Albacete;Castilla la Mancha;2024;T4
01/11/2024;1219,00;Córdoba;Andalucia;2024;T4
01/11/2024;1297,00;Almeria;Andalucia;2024;T4
01/11/2024;1301,00;Guadalajara;Castilla la Mancha;2024;T4
01/11/2024;1321,00;Castellón;Comunitat Valenciana;2024;T4
01/11/2024;1333,00;Segovia;Castilla y Leon;2024;T4
01/11/2024;1359,00;Murcia;Murcia;2024;T4
01/11/2024;1399,00;Salamanca;Castilla y Leon;2024;T4
01/11/2024;1425,00;Lleida;Cataluña;2024;T4
01/11/2024;1453,00;Valladolid;Castilla y Leon;2024;T4
01/11/2024;1454,00;Gijón;Asturias;2024;T4
01/11/2024;1485,00;Granada;Andalucia;2024;T4
01/11/2024;1496,00;Huelva;Andalucia;2024;T4
01/11/2024;1516,00;Zaragoza;Aragon;2024;T4
01/11/2024;1574,00;Valencia;Comunitat Valenciana;2024;T4
01/11/2024;1592,00;Huesca;Aragon;2024;T4
01/11/2024;1614,00;Sevilla;Andalucia;2024;T4
01/11/2024;1618,00;Tarragona;Cataluña;2024;T4
01/11/2024;1738,00;Cantabria;Cantabria;2024;T4
01/11/2024;1774,00;Pamplona;Navarra;2024;T4
01/11/2024;1947,00;Cádiz;Andalucia;2024;T4
01/11/2024;1985,00;Melilla;Melilla;2024;T4
01/11/2024;2299,00;Ceuta;Ceuta;2024;T4
01/11/2024;2335,00;Alicante;Comunitat Valenciana;2024;T4
01/11/2024;2393,00;Vitoria-Gasteiz;Euskadi;2024;T4
01/11/2024;2428,00;Gerona;Cataluña;2024;T4
01/11/2024;2605,00;Las Palmas;Canarias;2024;T4
01/11/2024;2783,00;Barcelona;Cataluña;2024;T4
01/11/2024;2901,00;Bilbao;Euskadi;2024;T4
01/11/2024;2934,00;Santa Cruz de Tenerife;Canarias;2024;T4
01/11/2024;3468,00;Malaga;Andalucia;2024;T4
01/11/2024;3696,00;Guipuzcoa;Euskadi;2024;T4
01/11/2024;4686,00;Palma de Mallorca;Baleares;2024;T4
01/11/2024;5062,00;Madrid;Madrid;2024;T4
01/10/2024;1410,00;Lleida;Cataluña;2024;T4
01/10/2024;1770,00;Pamplona;Navarra;2024;T4
01/10/2024;1950,00;Melilla;Melilla;2024;T4
01/10/2024;746,00;Ciudad Real;Castilla la Mancha;2024;T4
01/10/2024;839,00;Cuenca;Castilla la Mancha;2024;T4
01/10/2024;841,00;Jaén;Andalucia;2024;T4
01/10/2024;915,00;Toledo;Castilla la Mancha;2024;T4
01/10/2024;917,00;Ávila;Castilla y Leon;2024;T4
01/10/2024;948,00;Teruel;Aragon;2024;T4
01/10/2024;960,00;Zamora;Castilla y Leon;2024;T4
01/10/2024;966,00;Badajoz;Extremadura;2024;T4
01/10/2024;989,00;Cáceres;Extremadura;2024;T4
01/10/2024;995,00;León;Castilla y León;2024;T4
01/10/2024;1029,00;Lugo;Galicia;2024;T4
01/10/2024;1098,00;Ourense;Galicia;2024;T4
01/10/2024;1112,00;Palencia;Castilla y Leon;2024;T4
01/10/2024;1139,00;Albacete;Castilla la Mancha;2024;T4
01/10/2024;1186,00;Soria;Castilla y Leon;2024;T4
01/10/2024;1206,00;Córdoba;Andalucia;2024;T4
01/10/2024;1222,00;Burgos;Castilla y Leon;2024;T4
01/10/2024;1287,00;Guadalajara;Castilla la Mancha;2024;T4
01/10/2024;1296,00;Almeria;Andalucia;2024;T4
01/10/2024;1315,00;Castellón;Comunitat Valenciana;2024;T4
01/10/2024;1331,00;Segovia;Castilla y Leon;2024;T4
01/10/2024;1342,00;Murcia;Murcia;2024;T4
01/10/2024;1378,00;Salamanca;Castilla y Leon;2024;T4
01/10/2024;1406,00;A Coruña;Galicia;2024;T4
01/10/2024;1434,00;Valladolid;Castilla y Leon;2024;T4
01/10/2024;1455,00;Gijón;Asturias;2024;T4
01/10/2024;1471,00;Granada;Andalucia;2024;T4
01/10/2024;1482,00;Huelva;Andalucia;2024;T4
01/10/2024;1502,00;Zaragoza;Aragon;2024;T4
01/10/2024;1542,00;Valencia;Comunitat Valenciana;2024;T4
01/10/2024;1589,00;Huesca;Aragon;2024;T4
01/10/2024;1591,00;Sevilla;Andalucia;2024;T4
01/10/2024;1625,00;Tarragona;Cataluña;2024;T4
01/10/2024;1703,00;Pontevedra;Galicia;2024;T4
01/10/2024;1717,00;Cantabria;Cantabria;2024;T4
01/10/2024;1936,00;Cádiz;Andalucia;2024;T4
01/10/2024;2274,00;Ceuta;Ceuta;2024;T4
01/10/2024;2324,00;Alicante;Comunitat Valenciana;2024;T4
01/10/2024;2357,00;Vitoria-Gasteiz;Euskadi;2024;T4
01/10/2024;2432,00;Gerona;Cataluña;2024;T4
01/10/2024;2591,00;Las Palmas;Canarias;2024;T4
01/10/2024;2749,00;Barcelona;Cataluña;2024;T4
01/10/2024;2881,00;Bilbao;Euskadi;2024;T4
01/10/2024;2908,00;Santa Cruz de Tenerife;Canarias;2024;T4
01/10/2024;3436,00;Malaga;Andalucia;2024;T4
01/10/2024;3664,00;Guipuzcoa;Euskadi;2024;T4
01/10/2024;4663,00;Palma de Mallorca;Baleares;2024;T4
01/10/2024;5079,00;Madrid;Madrid;2024;T4
01/09/2024;1610,00;Tarragona;Cataluña;2024;T3
01/09/2024;745,00;Ciudad Real;Castilla la Mancha;2024;T3
01/09/2024;838,00;Jaén;Andalucia;2024;T3
01/09/2024;845,00;Cuenca;Castilla la Mancha;2024;T3
01/09/2024;908,00;Toledo;Castilla la Mancha;2024;T3
01/09/2024;917,00;Ávila;Castilla y Leon;2024;T3
01/09/2024;941,00;Teruel;Aragon;2024;T3
01/09/2024;966,00;Badajoz;Extremadura;2024;T3
01/09/2024;968,00;Zamora;Castilla y Leon;2024;T3
01/09/2024;982,00;Cáceres;Extremadura;2024;T3
01/09/2024;986,00;León;Castilla y León;2024;T3
01/09/2024;1038,00;Lugo;Galicia;2024;T3
01/09/2024;1102,00;Ourense;Galicia;2024;T3
01/09/2024;1109,00;Palencia;Castilla y Leon;2024;T3
01/09/2024;1145,00;Albacete;Castilla la Mancha;2024;T3
01/09/2024;1169,00;Soria;Castilla y Leon;2024;T3
01/09/2024;1203,00;Córdoba;Andalucia;2024;T3
01/09/2024;1219,00;Burgos;Castilla y Leon;2024;T3
01/09/2024;1271,00;Guadalajara;Castilla la Mancha;2024;T3
01/09/2024;1279,00;Almeria;Andalucia;2024;T3
01/09/2024;1297,00;Castellón;Comunitat Valenciana;2024;T3
01/09/2024;1311,00;Murcia;Murcia;2024;T3
01/09/2024;1334,00;Segovia;Castilla y Leon;2024;T3
01/09/2024;1375,00;Salamanca;Castilla y Leon;2024;T3
01/09/2024;1382,00;Lleida;Cataluña;2024;T3
01/09/2024;1396,00;A Coruña;Galicia;2024;T3
01/09/2024;1416,00;Valladolid;Castilla y Leon;2024;T3
01/09/2024;1439,00;Gijón;Asturias;2024;T3
01/09/2024;1457,00;Granada;Andalucia;2024;T3
01/09/2024;1464,00;Huelva;Andalucia;2024;T3
01/09/2024;1476,00;Zaragoza;Aragon;2024;T3
01/09/2024;1514,00;Valencia;Comunitat Valenciana;2024;T3
01/09/2024;1581,00;Sevilla;Andalucia;2024;T3
01/09/2024;1588,00;Huesca;Aragon;2024;T3
01/09/2024;1691,00;Pontevedra;Galicia;2024;T3
01/09/2024;1695,00;Cantabria;Cantabria;2024;T3
01/09/2024;1728,00;Pamplona;Navarra;2024;T3
01/09/2024;1916,00;Cádiz;Andalucia;2024;T3
01/09/2024;1944,00;Melilla;Melilla;2024;T3
01/09/2024;2248,00;Ceuta;Ceuta;2024;T3
01/09/2024;2298,00;Alicante;Comunitat Valenciana;2024;T3
01/09/2024;2309,00;Vitoria-Gasteiz;Euskadi;2024;T3
01/09/2024;2414,00;Gerona;Cataluña;2024;T3
01/09/2024;2542,00;Las Palmas;Canarias;2024;T3
01/09/2024;2741,00;Barcelona;Cataluña;2024;T3
01/09/2024;2859,00;Bilbao;Euskadi;2024;T3
01/09/2024;2865,00;Santa Cruz de Tenerife;Canarias;2024;T3
01/09/2024;3397,00;Malaga;Andalucia;2024;T3
01/09/2024;3652,00;Guipuzcoa;Euskadi;2024;T3
01/09/2024;4561,00;Palma de Mallorca;Baleares;2024;T3
01/09/2024;4999,00;Madrid;Madrid;2024;T3
01/08/2024;1280,00;Castellón;Comunitat Valenciana;2024;T3
01/08/2024;1340,00;Lleida;Cataluña;2024;T3
01/08/2024;1460,00;Granada;Andalucia;2024;T3
01/08/2024;2260,00;Alicante;Comunitat Valenciana;2024;T3
01/08/2024;2390,00;Gerona;Cataluña;2024;T3
01/08/2024;747,00;Ciudad Real;Castilla la Mancha;2024;T3
01/08/2024;840,00;Jaén;Andalucia;2024;T3
01/08/2024;849,00;Cuenca;Castilla la Mancha;2024;T3
01/08/2024;904,00;Toledo;Castilla la Mancha;2024;T3
01/08/2024;922,00;Ávila;Castilla y Leon;2024;T3
01/08/2024;932,00;Teruel;Aragon;2024;T3
01/08/2024;967,00;Zamora;Castilla y Leon;2024;T3
01/08/2024;967,00;Badajoz;Extremadura;2024;T3
01/08/2024;985,00;León;Castilla y León;2024;T3
01/08/2024;999,00;Cáceres;Extremadura;2024;T3
01/08/2024;1038,00;Lugo;Galicia;2024;T3
01/08/2024;1109,00;Palencia;Castilla y Leon;2024;T3
01/08/2024;1112,00;Ourense;Galicia;2024;T3
01/08/2024;1157,00;Albacete;Castilla la Mancha;2024;T3
01/08/2024;1187,00;Soria;Castilla y Leon;2024;T3
01/08/2024;1208,00;Córdoba;Andalucia;2024;T3
01/08/2024;1224,00;Burgos;Castilla y Leon;2024;T3
01/08/2024;1272,00;Guadalajara;Castilla la Mancha;2024;T3
01/08/2024;1273,00;Almeria;Andalucia;2024;T3
01/08/2024;1288,00;Murcia;Murcia;2024;T3
01/08/2024;1333,00;Segovia;Castilla y Leon;2024;T3
01/08/2024;1369,00;Salamanca;Castilla y Leon;2024;T3
01/08/2024;1397,00;A Coruña;Galicia;2024;T3
01/08/2024;1413,00;Gijón;Asturias;2024;T3
01/08/2024;1421,00;Valladolid;Castilla y Leon;2024;T3
01/08/2024;1436,00;Huelva;Andalucia;2024;T3
01/08/2024;1487,00;Zaragoza;Aragon;2024;T3
01/08/2024;1508,00;Valencia;Comunitat Valenciana;2024;T3
01/08/2024;1554,00;Huesca;Aragon;2024;T3
01/08/2024;1592,00;Tarragona;Cataluña;2024;T3
01/08/2024;1595,00;Sevilla;Andalucia;2024;T3
01/08/2024;1666,00;Cantabria;Cantabria;2024;T3
01/08/2024;1675,00;Pontevedra;Galicia;2024;T3
01/08/2024;1735,00;Pamplona;Navarra;2024;T3
01/08/2024;1899,00;Cádiz;Andalucia;2024;T3
01/08/2024;1935,00;Melilla;Melilla;2024;T3
01/08/2024;2205,00;Ceuta;Ceuta;2024;T3
01/08/2024;2301,00;Vitoria-Gasteiz;Euskadi;2024;T3
01/08/2024;2504,00;Las Palmas;Canarias;2024;T3
01/08/2024;2735,00;Barcelona;Cataluña;2024;T3
01/08/2024;2827,00;Santa Cruz de Tenerife;Canarias;2024;T3
01/08/2024;2846,00;Bilbao;Euskadi;2024;T3
01/08/2024;3377,00;Malaga;Andalucia;2024;T3
01/08/2024;3601,00;Guipuzcoa;Euskadi;2024;T3
01/08/2024;4512,00;Palma de Mallorca;Baleares;2024;T3
01/08/2024;4998,00;Madrid;Madrid;2024;T3
01/07/2024;1040,00;Lugo;Galicia;2024;T3
01/07/2024;1130,00;Ourense;Galicia;2024;T3
01/07/2024;1160,00;Soria;Castilla y Leon;2024;T3
01/07/2024;1490,00;Zaragoza;Aragon;2024;T3
01/07/2024;2830,00;Bilbao;Euskadi;2024;T3
01/07/2024;750,00;Ciudad Real;Castilla la Mancha;2024;T3
01/07/2024;845,00;Cuenca;Castilla la Mancha;2024;T3
01/07/2024;846,00;Jaén;Andalucia;2024;T3
01/07/2024;894,00;Toledo;Castilla la Mancha;2024;T3
01/07/2024;912,00;Ávila;Castilla y Leon;2024;T3
01/07/2024;940,00;Teruel;Aragon;2024;T3
01/07/2024;956,00;Zamora;Castilla y Leon;2024;T3
01/07/2024;963,00;Badajoz;Extremadura;2024;T3
01/07/2024;980,00;León;Castilla y León;2024;T3
01/07/2024;992,00;Cáceres;Extremadura;2024;T3
01/07/2024;1115,00;Palencia;Castilla y Leon;2024;T3
01/07/2024;1153,00;Albacete;Castilla la Mancha;2024;T3
01/07/2024;1204,00;Córdoba;Andalucia;2024;T3
01/07/2024;1227,00;Burgos;Castilla y Leon;2024;T3
01/07/2024;1261,00;Murcia;Murcia;2024;T3
01/07/2024;1262,00;Almeria;Andalucia;2024;T3
01/07/2024;1265,00;Castellón;Comunitat Valenciana;2024;T3
01/07/2024;1273,00;Guadalajara;Castilla la Mancha;2024;T3
01/07/2024;1324,00;Segovia;Castilla y Leon;2024;T3
01/07/2024;1348,00;Lleida;Cataluña;2024;T3
01/07/2024;1367,00;Salamanca;Castilla y Leon;2024;T3
01/07/2024;1387,00;A Coruña;Galicia;2024;T3
01/07/2024;1397,00;Gijón;Asturias;2024;T3
01/07/2024;1434,00;Valladolid;Castilla y Leon;2024;T3
01/07/2024;1436,00;Huelva;Andalucia;2024;T3
01/07/2024;1445,00;Granada;Andalucia;2024;T3
01/07/2024;1491,00;Valencia;Comunitat Valenciana;2024;T3
01/07/2024;1531,00;Huesca;Aragon;2024;T3
01/07/2024;1579,00;Tarragona;Cataluña;2024;T3
01/07/2024;1601,00;Sevilla;Andalucia;2024;T3
01/07/2024;1648,00;Cantabria;Cantabria;2024;T3
01/07/2024;1659,00;Pontevedra;Galicia;2024;T3
01/07/2024;1739,00;Pamplona;Navarra;2024;T3
01/07/2024;1874,00;Cádiz;Andalucia;2024;T3
01/07/2024;1913,00;Melilla;Melilla;2024;T3
01/07/2024;2227,00;Alicante;Comunitat Valenciana;2024;T3
01/07/2024;2252,00;Ceuta;Ceuta;2024;T3
01/07/2024;2309,00;Vitoria-Gasteiz;Euskadi;2024;T3
01/07/2024;2354,00;Gerona;Cataluña;2024;T3
01/07/2024;2468,00;Las Palmas;Canarias;2024;T3
01/07/2024;2692,00;Barcelona;Cataluña;2024;T3
01/07/2024;2777,00;Santa Cruz de Tenerife;Canarias;2024;T3
01/07/2024;3325,00;Malaga;Andalucia;2024;T3
01/07/2024;3575,00;Guipuzcoa;Euskadi;2024;T3
01/07/2024;4445,00;Palma de Mallorca;Baleares;2024;T3
01/07/2024;4957,00;Madrid;Madrid;2024;T3
01/06/2024;1140,00;Ourense;Galicia;2024;T2
01/06/2024;1270,00;Guadalajara;Castilla la Mancha;2024;T2
01/06/2024;1650,00;Pontevedra;Galicia;2024;T2
01/06/2024;4850,00;Madrid;Madrid;2024;T2
01/06/2024;754,00;Ciudad Real;Castilla la Mancha;2024;T2
01/06/2024;841,00;Jaén;Andalucia;2024;T2
01/06/2024;853,00;Cuenca;Castilla la Mancha;2024;T2
01/06/2024;896,00;Toledo;Castilla la Mancha;2024;T2
01/06/2024;903,00;Ávila;Castilla y Leon;2024;T2
01/06/2024;941,00;Teruel;Aragon;2024;T2
01/06/2024;962,00;Zamora;Castilla y Leon;2024;T2
01/06/2024;981,00;León;Castilla y León;2024;T2
01/06/2024;989,00;Cáceres;Extremadura;2024;T2
01/06/2024;993,00;Badajoz;Extremadura;2024;T2
01/06/2024;1037,00;Lugo;Galicia;2024;T2
01/06/2024;1112,00;Palencia;Castilla y Leon;2024;T2
01/06/2024;1152,00;Albacete;Castilla la Mancha;2024;T2
01/06/2024;1154,00;Soria;Castilla y Leon;2024;T2
01/06/2024;1215,00;Córdoba;Andalucia;2024;T2
01/06/2024;1215,00;Burgos;Castilla y Leon;2024;T2
01/06/2024;1245,00;Murcia;Murcia;2024;T2
01/06/2024;1253,00;Castellón;Comunitat Valenciana;2024;T2
01/06/2024;1254,00;Almeria;Andalucia;2024;T2
01/06/2024;1311,00;Segovia;Castilla y Leon;2024;T2
01/06/2024;1337,00;Lleida;Cataluña;2024;T2
01/06/2024;1362,00;Salamanca;Castilla y Leon;2024;T2
01/06/2024;1382,00;A Coruña;Galicia;2024;T2
01/06/2024;1396,00;Gijón;Asturias;2024;T2
01/06/2024;1427,00;Valladolid;Castilla y Leon;2024;T2
01/06/2024;1439,00;Huelva;Andalucia;2024;T2
01/06/2024;1446,00;Granada;Andalucia;2024;T2
01/06/2024;1473,00;Zaragoza;Aragon;2024;T2
01/06/2024;1477,00;Valencia;Comunitat Valenciana;2024;T2
01/06/2024;1508,00;Huesca;Aragon;2024;T2
01/06/2024;1576,00;Tarragona;Cataluña;2024;T2
01/06/2024;1598,00;Sevilla;Andalucia;2024;T2
01/06/2024;1645,00;Cantabria;Cantabria;2024;T2
01/06/2024;1744,00;Pamplona;Navarra;2024;T2
01/06/2024;1852,00;Cádiz;Andalucia;2024;T2
01/06/2024;1927,00;Melilla;Melilla;2024;T2
01/06/2024;2202,00;Alicante;Comunitat Valenciana;2024;T2
01/06/2024;2278,00;Ceuta;Ceuta;2024;T2
01/06/2024;2292,00;Vitoria-Gasteiz;Euskadi;2024;T2
01/06/2024;2344,00;Gerona;Cataluña;2024;T2
01/06/2024;2436,00;Las Palmas;Canarias;2024;T2
01/06/2024;2696,00;Barcelona;Cataluña;2024;T2
01/06/2024;2721,00;Santa Cruz de Tenerife;Canarias;2024;T2
01/06/2024;2805,00;Bilbao;Euskadi;2024;T2
01/06/2024;3282,00;Malaga;Andalucia;2024;T2
01/06/2024;3549,00;Guipuzcoa;Euskadi;2024;T2
01/06/2024;4379,00;Palma de Mallorca;Baleares;2024;T2
01/05/2024;1000,00;Badajoz;Extremadura;2024;T2
01/05/2024;1420,00;Valladolid;Castilla y Leon;2024;T2
01/05/2024;752,00;Ciudad Real;Castilla la Mancha;2024;T2
01/05/2024;837,00;Jaén;Andalucia;2024;T2
01/05/2024;853,00;Cuenca;Castilla la Mancha;2024;T2
01/05/2024;882,00;Toledo;Castilla la Mancha;2024;T2
01/05/2024;895,00;Ávila;Castilla y Leon;2024;T2
01/05/2024;932,00;Teruel;Aragon;2024;T2
01/05/2024;961,00;Zamora;Castilla y Leon;2024;T2
01/05/2024;990,00;León;Castilla y León;2024;T2
01/05/2024;990,00;Cáceres;Extremadura;2024;T2
01/05/2024;1035,00;Lugo;Galicia;2024;T2
01/05/2024;1114,00;Palencia;Castilla y Leon;2024;T2
01/05/2024;1137,00;Ourense;Galicia;2024;T2
01/05/2024;1149,00;Albacete;Castilla la Mancha;2024;T2
01/05/2024;1163,00;Soria;Castilla y Leon;2024;T2
01/05/2024;1214,00;Burgos;Castilla y Leon;2024;T2
01/05/2024;1234,00;Murcia;Murcia;2024;T2
01/05/2024;1238,00;Córdoba;Andalucia;2024;T2
01/05/2024;1246,00;Almeria;Andalucia;2024;T2
01/05/2024;1248,00;Castellón;Comunitat Valenciana;2024;T2
01/05/2024;1269,00;Guadalajara;Castilla la Mancha;2024;T2
01/05/2024;1301,00;Segovia;Castilla y Leon;2024;T2
01/05/2024;1331,00;Lleida;Cataluña;2024;T2
01/05/2024;1346,00;Salamanca;Castilla y Leon;2024;T2
01/05/2024;1374,00;A Coruña;Galicia;2024;T2
01/05/2024;1387,00;Gijón;Asturias;2024;T2
01/05/2024;1423,00;Huelva;Andalucia;2024;T2
01/05/2024;1435,00;Granada;Andalucia;2024;T2
01/05/2024;1456,00;Zaragoza;Aragon;2024;T2
01/05/2024;1459,00;Valencia;Comunitat Valenciana;2024;T2
01/05/2024;1529,00;Huesca;Aragon;2024;T2
01/05/2024;1566,00;Tarragona;Cataluña;2024;T2
01/05/2024;1585,00;Sevilla;Andalucia;2024;T2
01/05/2024;1626,00;Cantabria;Cantabria;2024;T2
01/05/2024;1644,00;Pontevedra;Galicia;2024;T2
01/05/2024;1717,00;Pamplona;Navarra;2024;T2
01/05/2024;1836,00;Cádiz;Andalucia;2024;T2
01/05/2024;1941,00;Melilla;Melilla;2024;T2
01/05/2024;2176,00;Alicante;Comunitat Valenciana;2024;T2
01/05/2024;2288,00;Vitoria-Gasteiz;Euskadi;2024;T2
01/05/2024;2299,00;Ceuta;Ceuta;2024;T2
01/05/2024;2339,00;Gerona;Cataluña;2024;T2
01/05/2024;2414,00;Las Palmas;Canarias;2024;T2
01/05/2024;2699,00;Santa Cruz de Tenerife;Canarias;2024;T2
01/05/2024;2714,00;Barcelona;Cataluña;2024;T2
01/05/2024;2801,00;Bilbao;Euskadi;2024;T2
01/05/2024;3226,00;Malaga;Andalucia;2024;T2
01/05/2024;3605,00;Guipuzcoa;Euskadi;2024;T2
01/05/2024;4322,00;Palma de Mallorca;Baleares;2024;T2
01/05/2024;4755,00;Madrid;Madrid;2024;T2
01/04/2024;1000,00;León;Castilla y León;2024;T2
01/04/2024;1020,00;Lugo;Galicia;2024;T2
01/04/2024;1120,00;Soria;Castilla y Leon;2024;T2
01/04/2024;2680,00;Santa Cruz de Tenerife;Canarias;2024;T2
01/04/2024;2800,00;Bilbao;Euskadi;2024;T2
01/04/2024;4630,00;Madrid;Madrid;2024;T2
01/04/2024;749,00;Ciudad Real;Castilla la Mancha;2024;T2
01/04/2024;844,00;Jaén;Andalucia;2024;T2
01/04/2024;849,00;Cuenca;Castilla la Mancha;2024;T2
01/04/2024;880,00;Toledo;Castilla la Mancha;2024;T2
01/04/2024;893,00;Ávila;Castilla y Leon;2024;T2
01/04/2024;927,00;Teruel;Aragon;2024;T2
01/04/2024;955,00;Zamora;Castilla y Leon;2024;T2
01/04/2024;975,00;Cáceres;Extremadura;2024;T2
01/04/2024;993,00;Badajoz;Extremadura;2024;T2
01/04/2024;1116,00;Palencia;Castilla y Leon;2024;T2
01/04/2024;1131,00;Ourense;Galicia;2024;T2
01/04/2024;1149,00;Albacete;Castilla la Mancha;2024;T2
01/04/2024;1221,00;Burgos;Castilla y Leon;2024;T2
01/04/2024;1232,00;Murcia;Murcia;2024;T2
01/04/2024;1234,00;Almeria;Andalucia;2024;T2
01/04/2024;1234,00;Castellón;Comunitat Valenciana;2024;T2
01/04/2024;1242,00;Córdoba;Andalucia;2024;T2
01/04/2024;1256,00;Guadalajara;Castilla la Mancha;2024;T2
01/04/2024;1292,00;Segovia;Castilla y Leon;2024;T2
01/04/2024;1328,00;Lleida;Cataluña;2024;T2
01/04/2024;1338,00;Salamanca;Castilla y Leon;2024;T2
01/04/2024;1366,00;A Coruña;Galicia;2024;T2
01/04/2024;1382,00;Gijón;Asturias;2024;T2
01/04/2024;1404,00;Valladolid;Castilla y Leon;2024;T2
01/04/2024;1419,00;Huelva;Andalucia;2024;T2
01/04/2024;1423,00;Granada;Andalucia;2024;T2
01/04/2024;1443,00;Zaragoza;Aragon;2024;T2
01/04/2024;1452,00;Valencia;Comunitat Valenciana;2024;T2
01/04/2024;1551,00;Tarragona;Cataluña;2024;T2
01/04/2024;1556,00;Huesca;Aragon;2024;T2
01/04/2024;1583,00;Sevilla;Andalucia;2024;T2
01/04/2024;1617,00;Cantabria;Cantabria;2024;T2
01/04/2024;1621,00;Pontevedra;Galicia;2024;T2
01/04/2024;1692,00;Pamplona;Navarra;2024;T2
01/04/2024;1835,00;Cádiz;Andalucia;2024;T2
01/04/2024;1927,00;Melilla;Melilla;2024;T2
01/04/2024;2146,00;Alicante;Comunitat Valenciana;2024;T2
01/04/2024;2285,00;Vitoria-Gasteiz;Euskadi;2024;T2
01/04/2024;2294,00;Ceuta;Ceuta;2024;T2
01/04/2024;2315,00;Gerona;Cataluña;2024;T2
01/04/2024;2397,00;Las Palmas;Canarias;2024;T2
01/04/2024;2684,00;Barcelona;Cataluña;2024;T2
01/04/2024;3179,00;Malaga;Andalucia;2024;T2
01/04/2024;3605,00;Guipuzcoa;Euskadi;2024;T2
01/04/2024;4253,00;Palma de Mallorca;Baleares;2024;T2
01/03/2024;1140,00;Albacete;Castilla la Mancha;2024;T1
01/03/2024;1370,00;A Coruña;Galicia;2024;T1
01/03/2024;1610,00;Cantabria;Cantabria;2024;T1
01/03/2024;1820,00;Cádiz;Andalucia;2024;T1
01/03/2024;2280,00;Gerona;Cataluña;2024;T1
01/03/2024;2280,00;Vitoria-Gasteiz;Euskadi;2024;T1
01/03/2024;2390,00;Las Palmas;Canarias;2024;T1
01/03/2024;751,00;Ciudad Real;Castilla la Mancha;2024;T1
01/03/2024;838,00;Cuenca;Castilla la Mancha;2024;T1
01/03/2024;839,00;Jaén;Andalucia;2024;T1
01/03/2024;876,00;Toledo;Castilla la Mancha;2024;T1
01/03/2024;894,00;Ávila;Castilla y Leon;2024;T1
01/03/2024;924,00;Teruel;Aragon;2024;T1
01/03/2024;945,00;Zamora;Castilla y Leon;2024;T1
01/03/2024;964,00;Cáceres;Extremadura;2024;T1
01/03/2024;1003,00;León;Castilla y León;2024;T1
01/03/2024;1006,00;Badajoz;Extremadura;2024;T1
01/03/2024;1014,00;Lugo;Galicia;2024;T1
01/03/2024;1104,00;Soria;Castilla y Leon;2024;T1
01/03/2024;1129,00;Ourense;Galicia;2024;T1
01/03/2024;1132,00;Palencia;Castilla y Leon;2024;T1
01/03/2024;1204,00;Almeria;Andalucia;2024;T1
01/03/2024;1218,00;Murcia;Murcia;2024;T1
01/03/2024;1222,00;Castellón;Comunitat Valenciana;2024;T1
01/03/2024;1234,00;Burgos;Castilla y Leon;2024;T1
01/03/2024;1244,00;Córdoba;Andalucia;2024;T1
01/03/2024;1259,00;Guadalajara;Castilla la Mancha;2024;T1
01/03/2024;1279,00;Segovia;Castilla y Leon;2024;T1
01/03/2024;1332,00;Salamanca;Castilla y Leon;2024;T1
01/03/2024;1352,00;Lleida;Cataluña;2024;T1
01/03/2024;1375,00;Gijón;Asturias;2024;T1
01/03/2024;1392,00;Valladolid;Castilla y Leon;2024;T1
01/03/2024;1406,00;Huelva;Andalucia;2024;T1
01/03/2024;1416,00;Granada;Andalucia;2024;T1
01/03/2024;1431,00;Valencia;Comunitat Valenciana;2024;T1
01/03/2024;1449,00;Zaragoza;Aragon;2024;T1
01/03/2024;1536,00;Tarragona;Cataluña;2024;T1
01/03/2024;1554,00;Huesca;Aragon;2024;T1
01/03/2024;1571,00;Sevilla;Andalucia;2024;T1
01/03/2024;1618,00;Pontevedra;Galicia;2024;T1
01/03/2024;1678,00;Pamplona;Navarra;2024;T1
01/03/2024;1932,00;Melilla;Melilla;2024;T1
01/03/2024;2113,00;Alicante;Comunitat Valenciana;2024;T1
01/03/2024;2291,00;Ceuta;Ceuta;2024;T1
01/03/2024;2654,00;Barcelona;Cataluña;2024;T1
01/03/2024;2657,00;Santa Cruz de Tenerife;Canarias;2024;T1
01/03/2024;2795,00;Bilbao;Euskadi;2024;T1
01/03/2024;3143,00;Malaga;Andalucia;2024;T1
01/03/2024;3553,00;Guipuzcoa;Euskadi;2024;T1
01/03/2024;4211,00;Palma de Mallorca;Baleares;2024;T1
01/03/2024;4595,00;Madrid;Madrid;2024;T1
01/02/2024;1530,00;Tarragona;Cataluña;2024;T1
01/02/2024;2090,00;Alicante;Comunitat Valenciana;2024;T1
01/02/2024;4570,00;Madrid;Madrid;2024;T1
01/02/2024;747,00;Ciudad Real;Castilla la Mancha;2024;T1
01/02/2024;835,00;Jaén;Andalucia;2024;T1
01/02/2024;837,00;Cuenca;Castilla la Mancha;2024;T1
01/02/2024;866,00;Toledo;Castilla la Mancha;2024;T1
01/02/2024;889,00;Ávila;Castilla y Leon;2024;T1
01/02/2024;914,00;Teruel;Aragon;2024;T1
01/02/2024;932,00;Zamora;Castilla y Leon;2024;T1
01/02/2024;958,00;Cáceres;Extremadura;2024;T1
01/02/2024;993,00;Badajoz;Extremadura;2024;T1
01/02/2024;997,00;León;Castilla y León;2024;T1
01/02/2024;1007,00;Lugo;Galicia;2024;T1
01/02/2024;1087,00;Soria;Castilla y Leon;2024;T1
01/02/2024;1118,00;Palencia;Castilla y Leon;2024;T1
01/02/2024;1129,00;Albacete;Castilla la Mancha;2024;T1
01/02/2024;1135,00;Ourense;Galicia;2024;T1
01/02/2024;1204,00;Almeria;Andalucia;2024;T1
01/02/2024;1205,00;Murcia;Murcia;2024;T1
01/02/2024;1219,00;Castellón;Comunitat Valenciana;2024;T1
01/02/2024;1234,00;Burgos;Castilla y Leon;2024;T1
01/02/2024;1239,00;Córdoba;Andalucia;2024;T1
01/02/2024;1253,00;Guadalajara;Castilla la Mancha;2024;T1
01/02/2024;1275,00;Segovia;Castilla y Leon;2024;T1
01/02/2024;1325,00;Salamanca;Castilla y Leon;2024;T1
01/02/2024;1347,00;Lleida;Cataluña;2024;T1
01/02/2024;1365,00;A Coruña;Galicia;2024;T1
01/02/2024;1369,00;Gijón;Asturias;2024;T1
01/02/2024;1373,00;Valladolid;Castilla y Leon;2024;T1
01/02/2024;1401,00;Huelva;Andalucia;2024;T1
01/02/2024;1408,00;Granada;Andalucia;2024;T1
01/02/2024;1418,00;Valencia;Comunitat Valenciana;2024;T1
01/02/2024;1456,00;Zaragoza;Aragon;2024;T1
01/02/2024;1535,00;Huesca;Aragon;2024;T1
01/02/2024;1555,00;Sevilla;Andalucia;2024;T1
01/02/2024;1593,00;Cantabria;Cantabria;2024;T1
01/02/2024;1623,00;Pontevedra;Galicia;2024;T1
01/02/2024;1688,00;Pamplona;Navarra;2024;T1
01/02/2024;1816,00;Cádiz;Andalucia;2024;T1
01/02/2024;1949,00;Melilla;Melilla;2024;T1
01/02/2024;2233,00;Ceuta;Ceuta;2024;T1
01/02/2024;2274,00;Gerona;Cataluña;2024;T1
01/02/2024;2286,00;Vitoria-Gasteiz;Euskadi;2024;T1
01/02/2024;2359,00;Las Palmas;Canarias;2024;T1
01/02/2024;2614,00;Santa Cruz de Tenerife;Canarias;2024;T1
01/02/2024;2644,00;Barcelona;Cataluña;2024;T1
01/02/2024;2768,00;Bilbao;Euskadi;2024;T1
01/02/2024;3113,00;Malaga;Andalucia;2024;T1
01/02/2024;3523,00;Guipuzcoa;Euskadi;2024;T1
01/02/2024;4191,00;Palma de Mallorca;Baleares;2024;T1
01/01/2024;1370,00;Gijón;Asturias;2024;T1
01/01/2024;1620,00;Pontevedra;Galicia;2024;T1
01/01/2024;2650,00;Barcelona;Cataluña;2024;T1
01/01/2024;746,00;Ciudad Real;Castilla la Mancha;2024;T1
01/01/2024;831,00;Jaén;Andalucia;2024;T1
01/01/2024;840,00;Cuenca;Castilla la Mancha;2024;T1
01/01/2024;858,00;Toledo;Castilla la Mancha;2024;T1
01/01/2024;893,00;Ávila;Castilla y Leon;2024;T1
01/01/2024;917,00;Teruel;Aragon;2024;T1
01/01/2024;921,00;Zamora;Castilla y Leon;2024;T1
01/01/2024;940,00;Cáceres;Extremadura;2024;T1
01/01/2024;990,00;Badajoz;Extremadura;2024;T1
01/01/2024;992,00;León;Castilla y León;2024;T1
01/01/2024;1014,00;Lugo;Galicia;2024;T1
01/01/2024;1117,00;Palencia;Castilla y Leon;2024;T1
01/01/2024;1117,00;Soria;Castilla y Leon;2024;T1
01/01/2024;1124,00;Albacete;Castilla la Mancha;2024;T1
01/01/2024;1141,00;Ourense;Galicia;2024;T1
01/01/2024;1192,00;Murcia;Murcia;2024;T1
01/01/2024;1203,00;Almeria;Andalucia;2024;T1
01/01/2024;1221,00;Castellón;Comunitat Valenciana;2024;T1
01/01/2024;1226,00;Burgos;Castilla y Leon;2024;T1
01/01/2024;1238,00;Guadalajara;Castilla la Mancha;2024;T1
01/01/2024;1245,00;Córdoba;Andalucia;2024;T1
01/01/2024;1259,00;Segovia;Castilla y Leon;2024;T1
01/01/2024;1305,00;Lleida;Cataluña;2024;T1
01/01/2024;1335,00;Salamanca;Castilla y Leon;2024;T1
01/01/2024;1356,00;A Coruña;Galicia;2024;T1
01/01/2024;1373,00;Valladolid;Castilla y Leon;2024;T1
01/01/2024;1399,00;Huelva;Andalucia;2024;T1
01/01/2024;1411,00;Granada;Andalucia;2024;T1
01/01/2024;1411,00;Valencia;Comunitat Valenciana;2024;T1
01/01/2024;1451,00;Zaragoza;Aragon;2024;T1
01/01/2024;1485,00;Huesca;Aragon;2024;T1
01/01/2024;1527,00;Tarragona;Cataluña;2024;T1
01/01/2024;1556,00;Sevilla;Andalucia;2024;T1
01/01/2024;1583,00;Cantabria;Cantabria;2024;T1
01/01/2024;1697,00;Pamplona;Navarra;2024;T1
01/01/2024;1806,00;Cádiz;Andalucia;2024;T1
01/01/2024;1939,00;Melilla;Melilla;2024;T1
01/01/2024;2077,00;Alicante;Comunitat Valenciana;2024;T1
01/01/2024;2228,00;Ceuta;Ceuta;2024;T1
01/01/2024;2276,00;Vitoria-Gasteiz;Euskadi;2024;T1
01/01/2024;2278,00;Gerona;Cataluña;2024;T1
01/01/2024;2321,00;Las Palmas;Canarias;2024;T1
01/01/2024;2576,00;Santa Cruz de Tenerife;Canarias;2024;T1
01/01/2024;2756,00;Bilbao;Euskadi;2024;T1
01/01/2024;3099,00;Malaga;Andalucia;2024;T1
01/01/2024;3502,00;Guipuzcoa;Euskadi;2024;T1
01/01/2024;4148,00;Palma de Mallorca;Baleares;2024;T1
01/01/2024;4541,00;Madrid;Madrid;2024;T1
01/12/2023;1280,00;Lleida;Cataluña;2023;T4
01/12/2023;745,00;Ciudad Real;Castilla la Mancha;2023;T4
01/12/2023;830,00;Jaén;Andalucia;2023;T4
01/12/2023;852,00;Cuenca;Castilla la Mancha;2023;T4
01/12/2023;856,00;Toledo;Castilla la Mancha;2023;T4
01/12/2023;887,00;Ávila;Castilla y Leon;2023;T4
01/12/2023;912,00;Teruel;Aragon;2023;T4
01/12/2023;933,00;Zamora;Castilla y Leon;2023;T4
01/12/2023;934,00;Cáceres;Extremadura;2023;T4
01/12/2023;978,00;Badajoz;Extremadura;2023;T4
01/12/2023;993,00;León;Castilla y León;2023;T4
01/12/2023;1014,00;Lugo;Galicia;2023;T4
01/12/2023;1112,00;Palencia;Castilla y Leon;2023;T4
01/12/2023;1124,00;Albacete;Castilla la Mancha;2023;T4
01/12/2023;1143,00;Soria;Castilla y Leon;2023;T4
01/12/2023;1145,00;Ourense;Galicia;2023;T4
01/12/2023;1186,00;Murcia;Murcia;2023;T4
01/12/2023;1196,00;Almeria;Andalucia;2023;T4
01/12/2023;1213,00;Burgos;Castilla y Leon;2023;T4
01/12/2023;1221,00;Castellón;Comunitat Valenciana;2023;T4
01/12/2023;1231,00;Guadalajara;Castilla la Mancha;2023;T4
01/12/2023;1242,00;Córdoba;Andalucia;2023;T4
01/12/2023;1252,00;Segovia;Castilla y Leon;2023;T4
01/12/2023;1334,00;Salamanca;Castilla y Leon;2023;T4
01/12/2023;1346,00;A Coruña;Galicia;2023;T4
01/12/2023;1371,00;Gijón;Asturias;2023;T4
01/12/2023;1373,00;Valladolid;Castilla y Leon;2023;T4
01/12/2023;1394,00;Huelva;Andalucia;2023;T4
01/12/2023;1397,00;Granada;Andalucia;2023;T4
01/12/2023;1398,00;Valencia;Comunitat Valenciana;2023;T4
01/12/2023;1452,00;Zaragoza;Aragon;2023;T4
01/12/2023;1492,00;Huesca;Aragon;2023;T4
01/12/2023;1522,00;Tarragona;Cataluña;2023;T4
01/12/2023;1557,00;Sevilla;Andalucia;2023;T4
01/12/2023;1572,00;Cantabria;Cantabria;2023;T4
01/12/2023;1608,00;Pontevedra;Galicia;2023;T4
01/12/2023;1687,00;Pamplona;Navarra;2023;T4
01/12/2023;1802,00;Cádiz;Andalucia;2023;T4
01/12/2023;1934,00;Melilla;Melilla;2023;T4
01/12/2023;2055,00;Alicante;Comunitat Valenciana;2023;T4
01/12/2023;2187,00;Ceuta;Ceuta;2023;T4
01/12/2023;2259,00;Gerona;Cataluña;2023;T4
01/12/2023;2267,00;Vitoria-Gasteiz;Euskadi;2023;T4
01/12/2023;2279,00;Las Palmas;Canarias;2023;T4
01/12/2023;2555,00;Santa Cruz de Tenerife;Canarias;2023;T4
01/12/2023;2638,00;Barcelona;Cataluña;2023;T4
01/12/2023;2758,00;Bilbao;Euskadi;2023;T4
01/12/2023;3079,00;Malaga;Andalucia;2023;T4
01/12/2023;3505,00;Guipuzcoa;Euskadi;2023;T4
01/12/2023;4083,00;Palma de Mallorca;Baleares;2023;T4
01/12/2023;4524,00;Madrid;Madrid;2023;T4
01/11/2023;1800,00;Cádiz;Andalucia;2023;T4
01/11/2023;746,00;Ciudad Real;Castilla la Mancha;2023;T4
01/11/2023;823,00;Cuenca;Castilla la Mancha;2023;T4
01/11/2023;826,00;Jaén;Andalucia;2023;T4
01/11/2023;855,00;Toledo;Castilla la Mancha;2023;T4
01/11/2023;883,00;Ávila;Castilla y Leon;2023;T4
01/11/2023;912,00;Teruel;Aragon;2023;T4
01/11/2023;932,00;Cáceres;Extremadura;2023;T4
01/11/2023;935,00;Zamora;Castilla y Leon;2023;T4
01/11/2023;977,00;Badajoz;Extremadura;2023;T4
01/11/2023;990,00;León;Castilla y León;2023;T4
01/11/2023;1009,00;Lugo;Galicia;2023;T4
01/11/2023;1106,00;Palencia;Castilla y Leon;2023;T4
01/11/2023;1112,00;Albacete;Castilla la Mancha;2023;T4
01/11/2023;1113,00;Soria;Castilla y Leon;2023;T4
01/11/2023;1144,00;Ourense;Galicia;2023;T4
01/11/2023;1176,00;Murcia;Murcia;2023;T4
01/11/2023;1191,00;Almeria;Andalucia;2023;T4
01/11/2023;1213,00;Castellón;Comunitat Valenciana;2023;T4
01/11/2023;1219,00;Guadalajara;Castilla la Mancha;2023;T4
01/11/2023;1219,00;Burgos;Castilla y Leon;2023;T4
01/11/2023;1243,00;Córdoba;Andalucia;2023;T4
01/11/2023;1249,00;Segovia;Castilla y Leon;2023;T4
01/11/2023;1297,00;Lleida;Cataluña;2023;T4
01/11/2023;1322,00;Salamanca;Castilla y Leon;2023;T4
01/11/2023;1337,00;A Coruña;Galicia;2023;T4
01/11/2023;1363,00;Valladolid;Castilla y Leon;2023;T4
01/11/2023;1374,00;Gijón;Asturias;2023;T4
01/11/2023;1375,00;Granada;Andalucia;2023;T4
01/11/2023;1383,00;Huelva;Andalucia;2023;T4
01/11/2023;1392,00;Valencia;Comunitat Valenciana;2023;T4
01/11/2023;1437,00;Zaragoza;Aragon;2023;T4
01/11/2023;1469,00;Huesca;Aragon;2023;T4
01/11/2023;1518,00;Tarragona;Cataluña;2023;T4
01/11/2023;1566,00;Sevilla;Andalucia;2023;T4
01/11/2023;1571,00;Cantabria;Cantabria;2023;T4
01/11/2023;1616,00;Pontevedra;Galicia;2023;T4
01/11/2023;1656,00;Pamplona;Navarra;2023;T4
01/11/2023;1959,00;Melilla;Melilla;2023;T4
01/11/2023;2043,00;Alicante;Comunitat Valenciana;2023;T4
01/11/2023;2156,00;Ceuta;Ceuta;2023;T4
01/11/2023;2252,00;Gerona;Cataluña;2023;T4
01/11/2023;2256,00;Las Palmas;Canarias;2023;T4
01/11/2023;2267,00;Vitoria-Gasteiz;Euskadi;2023;T4
01/11/2023;2549,00;Santa Cruz de Tenerife;Canarias;2023;T4
01/11/2023;2634,00;Barcelona;Cataluña;2023;T4
01/11/2023;2746,00;Bilbao;Euskadi;2023;T4
01/11/2023;3051,00;Malaga;Andalucia;2023;T4
01/11/2023;3517,00;Guipuzcoa;Euskadi;2023;T4
01/11/2023;4049,00;Palma de Mallorca;Baleares;2023;T4
01/11/2023;4501,00;Madrid;Madrid;2023;T4
01/10/2023;1440,00;Zaragoza;Aragon;2023;T4
01/10/2023;1450,00;Huesca;Aragon;2023;T4
01/10/2023;2040,00;Alicante;Comunitat Valenciana;2023;T4
01/10/2023;4510,00;Madrid;Madrid;2023;T4
01/10/2023;751,00;Ciudad Real;Castilla la Mancha;2023;T4
01/10/2023;801,00;Cuenca;Castilla la Mancha;2023;T4
01/10/2023;821,00;Jaén;Andalucia;2023;T4
01/10/2023;851,00;Toledo;Castilla la Mancha;2023;T4
01/10/2023;884,00;Ávila;Castilla y Leon;2023;T4
01/10/2023;901,00;Teruel;Aragon;2023;T4
01/10/2023;922,00;Cáceres;Extremadura;2023;T4
01/10/2023;947,00;Zamora;Castilla y Leon;2023;T4
01/10/2023;977,00;Badajoz;Extremadura;2023;T4
01/10/2023;984,00;León;Castilla y León;2023;T4
01/10/2023;1006,00;Lugo;Galicia;2023;T4
01/10/2023;1103,00;Palencia;Castilla y Leon;2023;T4
01/10/2023;1105,00;Albacete;Castilla la Mancha;2023;T4
01/10/2023;1111,00;Soria;Castilla y Leon;2023;T4
01/10/2023;1134,00;Ourense;Galicia;2023;T4
01/10/2023;1168,00;Murcia;Murcia;2023;T4
01/10/2023;1202,00;Burgos;Castilla y Leon;2023;T4
01/10/2023;1203,00;Almeria;Andalucia;2023;T4
01/10/2023;1216,00;Castellón;Comunitat Valenciana;2023;T4
01/10/2023;1217,00;Guadalajara;Castilla la Mancha;2023;T4
01/10/2023;1237,00;Córdoba;Andalucia;2023;T4
01/10/2023;1238,00;Segovia;Castilla y Leon;2023;T4
01/10/2023;1297,00;Salamanca;Castilla y Leon;2023;T4
01/10/2023;1306,00;Lleida;Cataluña;2023;T4
01/10/2023;1331,00;A Coruña;Galicia;2023;T4
01/10/2023;1366,00;Granada;Andalucia;2023;T4
01/10/2023;1366,00;Valladolid;Castilla y Leon;2023;T4
01/10/2023;1368,00;Gijón;Asturias;2023;T4
01/10/2023;1383,00;Valencia;Comunitat Valenciana;2023;T4
01/10/2023;1384,00;Huelva;Andalucia;2023;T4
01/10/2023;1518,00;Tarragona;Cataluña;2023;T4
01/10/2023;1554,00;Sevilla;Andalucia;2023;T4
01/10/2023;1576,00;Cantabria;Cantabria;2023;T4
01/10/2023;1607,00;Pontevedra;Galicia;2023;T4
01/10/2023;1676,00;Pamplona;Navarra;2023;T4
01/10/2023;1798,00;Cádiz;Andalucia;2023;T4
01/10/2023;1947,00;Melilla;Melilla;2023;T4
01/10/2023;2171,00;Ceuta;Ceuta;2023;T4
01/10/2023;2233,00;Las Palmas;Canarias;2023;T4
01/10/2023;2235,00;Vitoria-Gasteiz;Euskadi;2023;T4
01/10/2023;2256,00;Gerona;Cataluña;2023;T4
01/10/2023;2499,00;Santa Cruz de Tenerife;Canarias;2023;T4
01/10/2023;2647,00;Barcelona;Cataluña;2023;T4
01/10/2023;2726,00;Bilbao;Euskadi;2023;T4
01/10/2023;3049,00;Malaga;Andalucia;2023;T4
01/10/2023;3498,00;Guipuzcoa;Euskadi;2023;T4
01/10/2023;4063,00;Palma de Mallorca;Baleares;2023;T4
01/09/2023;1210,00;Guadalajara;Castilla la Mancha;2023;T3
01/09/2023;1380,00;Huelva;Andalucia;2023;T3
01/09/2023;1450,00;Huesca;Aragon;2023;T3
01/09/2023;1500,00;Tarragona;Cataluña;2023;T3
01/09/2023;752,00;Ciudad Real;Castilla la Mancha;2023;T3
01/09/2023;797,00;Cuenca;Castilla la Mancha;2023;T3
01/09/2023;824,00;Jaén;Andalucia;2023;T3
01/09/2023;851,00;Toledo;Castilla la Mancha;2023;T3
01/09/2023;886,00;Ávila;Castilla y Leon;2023;T3
01/09/2023;909,00;Teruel;Aragon;2023;T3
01/09/2023;920,00;Cáceres;Extremadura;2023;T3
01/09/2023;942,00;Zamora;Castilla y Leon;2023;T3
01/09/2023;968,00;Badajoz;Extremadura;2023;T3
01/09/2023;977,00;León;Castilla y León;2023;T3
01/09/2023;1011,00;Lugo;Galicia;2023;T3
01/09/2023;1089,00;Palencia;Castilla y Leon;2023;T3
01/09/2023;1089,00;Soria;Castilla y Leon;2023;T3
01/09/2023;1095,00;Albacete;Castilla la Mancha;2023;T3
01/09/2023;1126,00;Ourense;Galicia;2023;T3
01/09/2023;1164,00;Murcia;Murcia;2023;T3
01/09/2023;1195,00;Burgos;Castilla y Leon;2023;T3
01/09/2023;1204,00;Castellón;Comunitat Valenciana;2023;T3
01/09/2023;1205,00;Almeria;Andalucia;2023;T3
01/09/2023;1223,00;Córdoba;Andalucia;2023;T3
01/09/2023;1227,00;Segovia;Castilla y Leon;2023;T3
01/09/2023;1301,00;Salamanca;Castilla y Leon;2023;T3
01/09/2023;1305,00;Lleida;Cataluña;2023;T3
01/09/2023;1314,00;A Coruña;Galicia;2023;T3
01/09/2023;1344,00;Valladolid;Castilla y Leon;2023;T3
01/09/2023;1357,00;Granada;Andalucia;2023;T3
01/09/2023;1363,00;Gijón;Asturias;2023;T3
01/09/2023;1372,00;Valencia;Comunitat Valenciana;2023;T3
01/09/2023;1437,00;Zaragoza;Aragon;2023;T3
01/09/2023;1525,00;Sevilla;Andalucia;2023;T3
01/09/2023;1563,00;Cantabria;Cantabria;2023;T3
01/09/2023;1604,00;Pontevedra;Galicia;2023;T3
01/09/2023;1649,00;Pamplona;Navarra;2023;T3
01/09/2023;1786,00;Cádiz;Andalucia;2023;T3
01/09/2023;1926,00;Melilla;Melilla;2023;T3
01/09/2023;2042,00;Alicante;Comunitat Valenciana;2023;T3
01/09/2023;2159,00;Ceuta;Ceuta;2023;T3
01/09/2023;2216,00;Las Palmas;Canarias;2023;T3
01/09/2023;2248,00;Vitoria-Gasteiz;Euskadi;2023;T3
01/09/2023;2257,00;Gerona;Cataluña;2023;T3
01/09/2023;2437,00;Santa Cruz de Tenerife;Canarias;2023;T3
01/09/2023;2665,00;Barcelona;Cataluña;2023;T3
01/09/2023;2737,00;Bilbao;Euskadi;2023;T3
01/09/2023;3037,00;Malaga;Andalucia;2023;T3
01/09/2023;3486,00;Guipuzcoa;Euskadi;2023;T3
01/09/2023;4034,00;Palma de Mallorca;Baleares;2023;T3
01/09/2023;4485,00;Madrid;Madrid;2023;T3
01/08/2023;1200,00;Guadalajara;Castilla la Mancha;2023;T3
01/08/2023;1320,00;A Coruña;Galicia;2023;T3
01/08/2023;3490,00;Guipuzcoa;Euskadi;2023;T3
01/08/2023;752,00;Ciudad Real;Castilla la Mancha;2023;T3
01/08/2023;790,00;Cuenca;Castilla la Mancha;2023;T3
01/08/2023;820,00;Jaén;Andalucia;2023;T3
01/08/2023;852,00;Toledo;Castilla la Mancha;2023;T3
01/08/2023;878,00;Ávila;Castilla y Leon;2023;T3
01/08/2023;911,00;Teruel;Aragon;2023;T3
01/08/2023;920,00;Cáceres;Extremadura;2023;T3
01/08/2023;948,00;Zamora;Castilla y Leon;2023;T3
01/08/2023;962,00;Badajoz;Extremadura;2023;T3
01/08/2023;979,00;León;Castilla y León;2023;T3
01/08/2023;1012,00;Lugo;Galicia;2023;T3
01/08/2023;1085,00;Soria;Castilla y Leon;2023;T3
01/08/2023;1098,00;Albacete;Castilla la Mancha;2023;T3
01/08/2023;1098,00;Palencia;Castilla y Leon;2023;T3
01/08/2023;1144,00;Ourense;Galicia;2023;T3
01/08/2023;1157,00;Murcia;Murcia;2023;T3
01/08/2023;1187,00;Castellón;Comunitat Valenciana;2023;T3
01/08/2023;1197,00;Almeria;Andalucia;2023;T3
01/08/2023;1199,00;Burgos;Castilla y Leon;2023;T3
01/08/2023;1205,00;Segovia;Castilla y Leon;2023;T3
01/08/2023;1213,00;Córdoba;Andalucia;2023;T3
01/08/2023;1285,00;Lleida;Cataluña;2023;T3
01/08/2023;1318,00;Salamanca;Castilla y Leon;2023;T3
01/08/2023;1341,00;Valladolid;Castilla y Leon;2023;T3
01/08/2023;1344,00;Granada;Andalucia;2023;T3
01/08/2023;1366,00;Valencia;Comunitat Valenciana;2023;T3
01/08/2023;1374,00;Gijón;Asturias;2023;T3
01/08/2023;1375,00;Huelva;Andalucia;2023;T3
01/08/2023;1435,00;Huesca;Aragon;2023;T3
01/08/2023;1443,00;Zaragoza;Aragon;2023;T3
01/08/2023;1489,00;Tarragona;Cataluña;2023;T3
01/08/2023;1531,00;Sevilla;Andalucia;2023;T3
01/08/2023;1548,00;Cantabria;Cantabria;2023;T3
01/08/2023;1599,00;Pontevedra;Galicia;2023;T3
01/08/2023;1663,00;Pamplona;Navarra;2023;T3
01/08/2023;1765,00;Cádiz;Andalucia;2023;T3
01/08/2023;1925,00;Melilla;Melilla;2023;T3
01/08/2023;2015,00;Alicante;Comunitat Valenciana;2023;T3
01/08/2023;2151,00;Ceuta;Ceuta;2023;T3
01/08/2023;2192,00;Las Palmas;Canarias;2023;T3
01/08/2023;2252,00;Gerona;Cataluña;2023;T3
01/08/2023;2266,00;Vitoria-Gasteiz;Euskadi;2023;T3
01/08/2023;2385,00;Santa Cruz de Tenerife;Canarias;2023;T3
01/08/2023;2671,00;Barcelona;Cataluña;2023;T3
01/08/2023;2738,00;Bilbao;Euskadi;2023;T3
01/08/2023;3002,00;Malaga;Andalucia;2023;T3
01/08/2023;3987,00;Palma de Mallorca;Baleares;2023;T3
01/08/2023;4488,00;Madrid;Madrid;2023;T3
01/07/2023;1010,00;Lugo;Galicia;2023;T3
01/07/2023;1200,00;Guadalajara;Castilla la Mancha;2023;T3
01/07/2023;2000,00;Alicante;Comunitat Valenciana;2023;T3
01/07/2023;2340,00;Santa Cruz de Tenerife;Canarias;2023;T3
01/07/2023;4450,00;Madrid;Madrid;2023;T3
01/07/2023;752,00;Ciudad Real;Castilla la Mancha;2023;T3
01/07/2023;788,00;Cuenca;Castilla la Mancha;2023;T3
01/07/2023;816,00;Jaén;Andalucia;2023;T3
01/07/2023;848,00;Toledo;Castilla la Mancha;2023;T3
01/07/2023;882,00;Ávila;Castilla y Leon;2023;T3
01/07/2023;901,00;Teruel;Aragon;2023;T3
01/07/2023;918,00;Cáceres;Extremadura;2023;T3
01/07/2023;947,00;Zamora;Castilla y Leon;2023;T3
01/07/2023;973,00;Badajoz;Extremadura;2023;T3
01/07/2023;981,00;León;Castilla y León;2023;T3
01/07/2023;1079,00;Albacete;Castilla la Mancha;2023;T3
01/07/2023;1081,00;Soria;Castilla y Leon;2023;T3
01/07/2023;1088,00;Palencia;Castilla y Leon;2023;T3
01/07/2023;1146,00;Ourense;Galicia;2023;T3
01/07/2023;1159,00;Murcia;Murcia;2023;T3
01/07/2023;1177,00;Castellón;Comunitat Valenciana;2023;T3
01/07/2023;1182,00;Almeria;Andalucia;2023;T3
01/07/2023;1203,00;Burgos;Castilla y Leon;2023;T3
01/07/2023;1211,00;Segovia;Castilla y Leon;2023;T3
01/07/2023;1212,00;Córdoba;Andalucia;2023;T3
01/07/2023;1283,00;Lleida;Cataluña;2023;T3
01/07/2023;1318,00;A Coruña;Galicia;2023;T3
01/07/2023;1323,00;Salamanca;Castilla y Leon;2023;T3
01/07/2023;1341,00;Granada;Andalucia;2023;T3
01/07/2023;1344,00;Valladolid;Castilla y Leon;2023;T3
01/07/2023;1359,00;Huelva;Andalucia;2023;T3
01/07/2023;1361,00;Gijón;Asturias;2023;T3
01/07/2023;1362,00;Valencia;Comunitat Valenciana;2023;T3
01/07/2023;1408,00;Huesca;Aragon;2023;T3
01/07/2023;1443,00;Zaragoza;Aragon;2023;T3
01/07/2023;1484,00;Tarragona;Cataluña;2023;T3
01/07/2023;1523,00;Sevilla;Andalucia;2023;T3
01/07/2023;1533,00;Cantabria;Cantabria;2023;T3
01/07/2023;1596,00;Pontevedra;Galicia;2023;T3
01/07/2023;1659,00;Pamplona;Navarra;2023;T3
01/07/2023;1749,00;Cádiz;Andalucia;2023;T3
01/07/2023;1908,00;Melilla;Melilla;2023;T3
01/07/2023;2162,00;Ceuta;Ceuta;2023;T3
01/07/2023;2175,00;Las Palmas;Canarias;2023;T3
01/07/2023;2238,00;Gerona;Cataluña;2023;T3
01/07/2023;2267,00;Vitoria-Gasteiz;Euskadi;2023;T3
01/07/2023;2687,00;Barcelona;Cataluña;2023;T3
01/07/2023;2732,00;Bilbao;Euskadi;2023;T3
01/07/2023;2964,00;Malaga;Andalucia;2023;T3
01/07/2023;3422,00;Guipuzcoa;Euskadi;2023;T3
01/07/2023;3973,00;Palma de Mallorca;Baleares;2023;T3
01/06/2023;1430,00;Zaragoza;Aragon;2023;T2
01/06/2023;2250,00;Gerona;Cataluña;2023;T2
01/06/2023;750,00;Ciudad Real;Castilla la Mancha;2023;T2
01/06/2023;786,00;Cuenca;Castilla la Mancha;2023;T2
01/06/2023;825,00;Jaén;Andalucia;2023;T2
01/06/2023;849,00;Toledo;Castilla la Mancha;2023;T2
01/06/2023;870,00;Ávila;Castilla y Leon;2023;T2
01/06/2023;912,00;Teruel;Aragon;2023;T2
01/06/2023;918,00;Cáceres;Extremadura;2023;T2
01/06/2023;958,00;Zamora;Castilla y Leon;2023;T2
01/06/2023;979,00;León;Castilla y León;2023;T2
01/06/2023;982,00;Badajoz;Extremadura;2023;T2
01/06/2023;1009,00;Lugo;Galicia;2023;T2
01/06/2023;1076,00;Albacete;Castilla la Mancha;2023;T2
01/06/2023;1076,00;Soria;Castilla y Leon;2023;T2
01/06/2023;1094,00;Palencia;Castilla y Leon;2023;T2
01/06/2023;1148,00;Ourense;Galicia;2023;T2
01/06/2023;1161,00;Murcia;Murcia;2023;T2
01/06/2023;1172,00;Almeria;Andalucia;2023;T2
01/06/2023;1179,00;Castellón;Comunitat Valenciana;2023;T2
01/06/2023;1197,00;Guadalajara;Castilla la Mancha;2023;T2
01/06/2023;1204,00;Burgos;Castilla y Leon;2023;T2
01/06/2023;1212,00;Córdoba;Andalucia;2023;T2
01/06/2023;1215,00;Segovia;Castilla y Leon;2023;T2
01/06/2023;1307,00;Lleida;Cataluña;2023;T2
01/06/2023;1319,00;A Coruña;Galicia;2023;T2
01/06/2023;1321,00;Salamanca;Castilla y Leon;2023;T2
01/06/2023;1338,00;Granada;Andalucia;2023;T2
01/06/2023;1342,00;Valladolid;Castilla y Leon;2023;T2
01/06/2023;1352,00;Gijón;Asturias;2023;T2
01/06/2023;1357,00;Valencia;Comunitat Valenciana;2023;T2
01/06/2023;1367,00;Huelva;Andalucia;2023;T2
01/06/2023;1415,00;Huesca;Aragon;2023;T2
01/06/2023;1501,00;Tarragona;Cataluña;2023;T2
01/06/2023;1503,00;Sevilla;Andalucia;2023;T2
01/06/2023;1538,00;Cantabria;Cantabria;2023;T2
01/06/2023;1599,00;Pontevedra;Galicia;2023;T2
01/06/2023;1667,00;Pamplona;Navarra;2023;T2
01/06/2023;1745,00;Cádiz;Andalucia;2023;T2
01/06/2023;1891,00;Melilla;Melilla;2023;T2
01/06/2023;1993,00;Alicante;Comunitat Valenciana;2023;T2
01/06/2023;2152,00;Ceuta;Ceuta;2023;T2
01/06/2023;2173,00;Las Palmas;Canarias;2023;T2
01/06/2023;2284,00;Vitoria-Gasteiz;Euskadi;2023;T2
01/06/2023;2307,00;Santa Cruz de Tenerife;Canarias;2023;T2
01/06/2023;2695,00;Barcelona;Cataluña;2023;T2
01/06/2023;2728,00;Bilbao;Euskadi;2023;T2
01/06/2023;2949,00;Malaga;Andalucia;2023;T2
01/06/2023;3394,00;Guipuzcoa;Euskadi;2023;T2
01/06/2023;3954,00;Palma de Mallorca;Baleares;2023;T2
01/06/2023;4392,00;Madrid;Madrid;2023;T2
01/05/2023;1340,00;Valladolid;Castilla y Leon;2023;T2
01/05/2023;1360,00;Huelva;Andalucia;2023;T2
01/05/2023;1410,00;Huesca;Aragon;2023;T2
01/05/2023;1880,00;Melilla;Melilla;2023;T2
01/05/2023;749,00;Ciudad Real;Castilla la Mancha;2023;T2
01/05/2023;781,00;Cuenca;Castilla la Mancha;2023;T2
01/05/2023;825,00;Jaén;Andalucia;2023;T2
01/05/2023;850,00;Toledo;Castilla la Mancha;2023;T2
01/05/2023;872,00;Ávila;Castilla y Leon;2023;T2
01/05/2023;904,00;Teruel;Aragon;2023;T2
01/05/2023;920,00;Cáceres;Extremadura;2023;T2
01/05/2023;961,00;Zamora;Castilla y Leon;2023;T2
01/05/2023;976,00;Badajoz;Extremadura;2023;T2
01/05/2023;981,00;León;Castilla y León;2023;T2
01/05/2023;1001,00;Lugo;Galicia;2023;T2
01/05/2023;1075,00;Soria;Castilla y Leon;2023;T2
01/05/2023;1076,00;Albacete;Castilla la Mancha;2023;T2
01/05/2023;1097,00;Palencia;Castilla y Leon;2023;T2
01/05/2023;1153,00;Murcia;Murcia;2023;T2
01/05/2023;1164,00;Ourense;Galicia;2023;T2
01/05/2023;1170,00;Almeria;Andalucia;2023;T2
01/05/2023;1185,00;Castellón;Comunitat Valenciana;2023;T2
01/05/2023;1191,00;Guadalajara;Castilla la Mancha;2023;T2
01/05/2023;1195,00;Burgos;Castilla y Leon;2023;T2
01/05/2023;1214,00;Córdoba;Andalucia;2023;T2
01/05/2023;1223,00;Segovia;Castilla y Leon;2023;T2
01/05/2023;1283,00;Lleida;Cataluña;2023;T2
01/05/2023;1321,00;A Coruña;Galicia;2023;T2
01/05/2023;1328,00;Salamanca;Castilla y Leon;2023;T2
01/05/2023;1338,00;Granada;Andalucia;2023;T2
01/05/2023;1345,00;Valencia;Comunitat Valenciana;2023;T2
01/05/2023;1347,00;Gijón;Asturias;2023;T2
01/05/2023;1428,00;Zaragoza;Aragon;2023;T2
01/05/2023;1491,00;Sevilla;Andalucia;2023;T2
01/05/2023;1493,00;Tarragona;Cataluña;2023;T2
01/05/2023;1535,00;Cantabria;Cantabria;2023;T2
01/05/2023;1605,00;Pontevedra;Galicia;2023;T2
01/05/2023;1635,00;Pamplona;Navarra;2023;T2
01/05/2023;1737,00;Cádiz;Andalucia;2023;T2
01/05/2023;1968,00;Alicante;Comunitat Valenciana;2023;T2
01/05/2023;2141,00;Ceuta;Ceuta;2023;T2
01/05/2023;2156,00;Las Palmas;Canarias;2023;T2
01/05/2023;2236,00;Gerona;Cataluña;2023;T2
01/05/2023;2274,00;Santa Cruz de Tenerife;Canarias;2023;T2
01/05/2023;2288,00;Vitoria-Gasteiz;Euskadi;2023;T2
01/05/2023;2692,00;Barcelona;Cataluña;2023;T2
01/05/2023;2745,00;Bilbao;Euskadi;2023;T2
01/05/2023;2918,00;Malaga;Andalucia;2023;T2
01/05/2023;3379,00;Guipuzcoa;Euskadi;2023;T2
01/05/2023;3877,00;Palma de Mallorca;Baleares;2023;T2
01/05/2023;4396,00;Madrid;Madrid;2023;T2
01/04/2023;1300,00;A Coruña;Galicia;2023;T2
01/04/2023;1490,00;Sevilla;Andalucia;2023;T2
01/04/2023;3810,00;Palma de Mallorca;Baleares;2023;T2
01/04/2023;752,00;Ciudad Real;Castilla la Mancha;2023;T2
01/04/2023;775,00;Cuenca;Castilla la Mancha;2023;T2
01/04/2023;821,00;Jaén;Andalucia;2023;T2
01/04/2023;847,00;Toledo;Castilla la Mancha;2023;T2
01/04/2023;865,00;Ávila;Castilla y Leon;2023;T2
01/04/2023;885,00;Teruel;Aragon;2023;T2
01/04/2023;936,00;Cáceres;Extremadura;2023;T2
01/04/2023;970,00;Zamora;Castilla y Leon;2023;T2
01/04/2023;972,00;Badajoz;Extremadura;2023;T2
01/04/2023;985,00;León;Castilla y León;2023;T2
01/04/2023;1004,00;Lugo;Galicia;2023;T2
01/04/2023;1069,00;Soria;Castilla y Leon;2023;T2
01/04/2023;1075,00;Albacete;Castilla la Mancha;2023;T2
01/04/2023;1102,00;Palencia;Castilla y Leon;2023;T2
01/04/2023;1139,00;Murcia;Murcia;2023;T2
01/04/2023;1161,00;Almeria;Andalucia;2023;T2
01/04/2023;1163,00;Ourense;Galicia;2023;T2
01/04/2023;1177,00;Castellón;Comunitat Valenciana;2023;T2
01/04/2023;1183,00;Guadalajara;Castilla la Mancha;2023;T2
01/04/2023;1184,00;Burgos;Castilla y Leon;2023;T2
01/04/2023;1209,00;Córdoba;Andalucia;2023;T2
01/04/2023;1235,00;Segovia;Castilla y Leon;2023;T2
01/04/2023;1268,00;Lleida;Cataluña;2023;T2
01/04/2023;1334,00;Valladolid;Castilla y Leon;2023;T2
01/04/2023;1334,00;Valencia;Comunitat Valenciana;2023;T2
01/04/2023;1336,00;Salamanca;Castilla y Leon;2023;T2
01/04/2023;1337,00;Granada;Andalucia;2023;T2
01/04/2023;1343,00;Gijón;Asturias;2023;T2
01/04/2023;1355,00;Huelva;Andalucia;2023;T2
01/04/2023;1403,00;Huesca;Aragon;2023;T2
01/04/2023;1406,00;Zaragoza;Aragon;2023;T2
01/04/2023;1472,00;Tarragona;Cataluña;2023;T2
01/04/2023;1518,00;Cantabria;Cantabria;2023;T2
01/04/2023;1602,00;Pontevedra;Galicia;2023;T2
01/04/2023;1612,00;Pamplona;Navarra;2023;T2
01/04/2023;1719,00;Cádiz;Andalucia;2023;T2
01/04/2023;1861,00;Melilla;Melilla;2023;T2
01/04/2023;1935,00;Alicante;Comunitat Valenciana;2023;T2
01/04/2023;2134,00;Las Palmas;Canarias;2023;T2
01/04/2023;2183,00;Ceuta;Ceuta;2023;T2
01/04/2023;2218,00;Gerona;Cataluña;2023;T2
01/04/2023;2258,00;Santa Cruz de Tenerife;Canarias;2023;T2
01/04/2023;2279,00;Vitoria-Gasteiz;Euskadi;2023;T2
01/04/2023;2687,00;Barcelona;Cataluña;2023;T2
01/04/2023;2728,00;Bilbao;Euskadi;2023;T2
01/04/2023;2889,00;Malaga;Andalucia;2023;T2
01/04/2023;3404,00;Guipuzcoa;Euskadi;2023;T2
01/04/2023;4376,00;Madrid;Madrid;2023;T2
01/03/2023;1130,00;Murcia;Murcia;2023;T1
01/03/2023;758,00;Ciudad Real;Castilla la Mancha;2023;T1
01/03/2023;776,00;Cuenca;Castilla la Mancha;2023;T1
01/03/2023;822,00;Jaén;Andalucia;2023;T1
01/03/2023;840,00;Toledo;Castilla la Mancha;2023;T1
01/03/2023;857,00;Ávila;Castilla y Leon;2023;T1
01/03/2023;882,00;Teruel;Aragon;2023;T1
01/03/2023;932,00;Cáceres;Extremadura;2023;T1
01/03/2023;967,00;Badajoz;Extremadura;2023;T1
01/03/2023;968,00;Zamora;Castilla y Leon;2023;T1
01/03/2023;987,00;León;Castilla y León;2023;T1
01/03/2023;993,00;Lugo;Galicia;2023;T1
01/03/2023;1052,00;Soria;Castilla y Leon;2023;T1
01/03/2023;1077,00;Albacete;Castilla la Mancha;2023;T1
01/03/2023;1098,00;Palencia;Castilla y Leon;2023;T1
01/03/2023;1154,00;Almeria;Andalucia;2023;T1
01/03/2023;1164,00;Castellón;Comunitat Valenciana;2023;T1
01/03/2023;1168,00;Ourense;Galicia;2023;T1
01/03/2023;1171,00;Burgos;Castilla y Leon;2023;T1
01/03/2023;1181,00;Guadalajara;Castilla la Mancha;2023;T1
01/03/2023;1208,00;Córdoba;Andalucia;2023;T1
01/03/2023;1229,00;Segovia;Castilla y Leon;2023;T1
01/03/2023;1259,00;Lleida;Cataluña;2023;T1
01/03/2023;1289,00;A Coruña;Galicia;2023;T1
01/03/2023;1323,00;Valencia;Comunitat Valenciana;2023;T1
01/03/2023;1331,00;Huelva;Andalucia;2023;T1
01/03/2023;1333,00;Valladolid;Castilla y Leon;2023;T1
01/03/2023;1341,00;Salamanca;Castilla y Leon;2023;T1
01/03/2023;1344,00;Granada;Andalucia;2023;T1
01/03/2023;1349,00;Gijón;Asturias;2023;T1
01/03/2023;1396,00;Zaragoza;Aragon;2023;T1
01/03/2023;1421,00;Huesca;Aragon;2023;T1
01/03/2023;1459,00;Tarragona;Cataluña;2023;T1
01/03/2023;1495,00;Sevilla;Andalucia;2023;T1
01/03/2023;1515,00;Cantabria;Cantabria;2023;T1
01/03/2023;1592,00;Pamplona;Navarra;2023;T1
01/03/2023;1612,00;Pontevedra;Galicia;2023;T1
01/03/2023;1706,00;Cádiz;Andalucia;2023;T1
01/03/2023;1856,00;Melilla;Melilla;2023;T1
01/03/2023;1908,00;Alicante;Comunitat Valenciana;2023;T1
01/03/2023;2127,00;Las Palmas;Canarias;2023;T1
01/03/2023;2194,00;Gerona;Cataluña;2023;T1
01/03/2023;2201,00;Santa Cruz de Tenerife;Canarias;2023;T1
01/03/2023;2204,00;Ceuta;Ceuta;2023;T1
01/03/2023;2262,00;Vitoria-Gasteiz;Euskadi;2023;T1
01/03/2023;2679,00;Barcelona;Cataluña;2023;T1
01/03/2023;2721,00;Bilbao;Euskadi;2023;T1
01/03/2023;2849,00;Malaga;Andalucia;2023;T1
01/03/2023;3392,00;Guipuzcoa;Euskadi;2023;T1
01/03/2023;3746,00;Palma de Mallorca;Baleares;2023;T1
01/03/2023;4358,00;Madrid;Madrid;2023;T1
01/02/2023;1160,00;Guadalajara;Castilla la Mancha;2023;T1
01/02/2023;1210,00;Segovia;Castilla y Leon;2023;T1
01/02/2023;1410,00;Huesca;Aragon;2023;T1
01/02/2023;1900,00;Alicante;Comunitat Valenciana;2023;T1
01/02/2023;755,00;Ciudad Real;Castilla la Mancha;2023;T1
01/02/2023;794,00;Cuenca;Castilla la Mancha;2023;T1
01/02/2023;812,00;Jaén;Andalucia;2023;T1
01/02/2023;838,00;Toledo;Castilla la Mancha;2023;T1
01/02/2023;847,00;Ávila;Castilla y Leon;2023;T1
01/02/2023;869,00;Teruel;Aragon;2023;T1
01/02/2023;919,00;Cáceres;Extremadura;2023;T1
01/02/2023;963,00;Badajoz;Extremadura;2023;T1
01/02/2023;968,00;Zamora;Castilla y Leon;2023;T1
01/02/2023;981,00;León;Castilla y León;2023;T1
01/02/2023;997,00;Lugo;Galicia;2023;T1
01/02/2023;1038,00;Soria;Castilla y Leon;2023;T1
01/02/2023;1077,00;Albacete;Castilla la Mancha;2023;T1
01/02/2023;1093,00;Palencia;Castilla y Leon;2023;T1
01/02/2023;1124,00;Murcia;Murcia;2023;T1
01/02/2023;1146,00;Almeria;Andalucia;2023;T1
01/02/2023;1146,00;Castellón;Comunitat Valenciana;2023;T1
01/02/2023;1158,00;Ourense;Galicia;2023;T1
01/02/2023;1161,00;Burgos;Castilla y Leon;2023;T1
01/02/2023;1194,00;Córdoba;Andalucia;2023;T1
01/02/2023;1237,00;Lleida;Cataluña;2023;T1
01/02/2023;1283,00;A Coruña;Galicia;2023;T1
01/02/2023;1303,00;Valencia;Comunitat Valenciana;2023;T1
01/02/2023;1326,00;Salamanca;Castilla y Leon;2023;T1
01/02/2023;1327,00;Huelva;Andalucia;2023;T1
01/02/2023;1343,00;Granada;Andalucia;2023;T1
01/02/2023;1345,00;Valladolid;Castilla y Leon;2023;T1
01/02/2023;1349,00;Gijón;Asturias;2023;T1
01/02/2023;1383,00;Zaragoza;Aragon;2023;T1
01/02/2023;1438,00;Tarragona;Cataluña;2023;T1
01/02/2023;1483,00;Sevilla;Andalucia;2023;T1
01/02/2023;1501,00;Cantabria;Cantabria;2023;T1
01/02/2023;1591,00;Pamplona;Navarra;2023;T1
01/02/2023;1598,00;Pontevedra;Galicia;2023;T1
01/02/2023;1689,00;Cádiz;Andalucia;2023;T1
01/02/2023;1847,00;Melilla;Melilla;2023;T1
01/02/2023;2102,00;Las Palmas;Canarias;2023;T1
01/02/2023;2165,00;Santa Cruz de Tenerife;Canarias;2023;T1
01/02/2023;2171,00;Gerona;Cataluña;2023;T1
01/02/2023;2187,00;Ceuta;Ceuta;2023;T1
01/02/2023;2256,00;Vitoria-Gasteiz;Euskadi;2023;T1
01/02/2023;2668,00;Barcelona;Cataluña;2023;T1
01/02/2023;2717,00;Bilbao;Euskadi;2023;T1
01/02/2023;2829,00;Malaga;Andalucia;2023;T1
01/02/2023;3409,00;Guipuzcoa;Euskadi;2023;T1
01/02/2023;3685,00;Palma de Mallorca;Baleares;2023;T1
01/02/2023;4354,00;Madrid;Madrid;2023;T1
01/01/2023;1090,00;Palencia;Castilla y Leon;2023;T1
01/01/2023;1210,00;Lleida;Cataluña;2023;T1
01/01/2023;1330,00;Granada;Andalucia;2023;T1
01/01/2023;1340,00;Gijón;Asturias;2023;T1
01/01/2023;2080,00;Las Palmas;Canarias;2023;T1
01/01/2023;2140,00;Santa Cruz de Tenerife;Canarias;2023;T1
01/01/2023;2710,00;Bilbao;Euskadi;2023;T1
01/01/2023;749,00;Ciudad Real;Castilla la Mancha;2023;T1
01/01/2023;796,00;Cuenca;Castilla la Mancha;2023;T1
01/01/2023;803,00;Jaén;Andalucia;2023;T1
01/01/2023;832,00;Toledo;Castilla la Mancha;2023;T1
01/01/2023;837,00;Ávila;Castilla y Leon;2023;T1
01/01/2023;868,00;Teruel;Aragon;2023;T1
01/01/2023;915,00;Cáceres;Extremadura;2023;T1
01/01/2023;960,00;Zamora;Castilla y Leon;2023;T1
01/01/2023;962,00;Badajoz;Extremadura;2023;T1
01/01/2023;969,00;León;Castilla y León;2023;T1
01/01/2023;985,00;Lugo;Galicia;2023;T1
01/01/2023;1005,00;Soria;Castilla y Leon;2023;T1
01/01/2023;1066,00;Albacete;Castilla la Mancha;2023;T1
01/01/2023;1094,00;Murcia;Murcia;2023;T1
01/01/2023;1120,00;Almeria;Andalucia;2023;T1
01/01/2023;1124,00;Castellón;Comunitat Valenciana;2023;T1
01/01/2023;1154,00;Burgos;Castilla y Leon;2023;T1
01/01/2023;1157,00;Guadalajara;Castilla la Mancha;2023;T1
01/01/2023;1159,00;Ourense;Galicia;2023;T1
01/01/2023;1191,00;Córdoba;Andalucia;2023;T1
01/01/2023;1205,00;Segovia;Castilla y Leon;2023;T1
01/01/2023;1275,00;Valencia;Comunitat Valenciana;2023;T1
01/01/2023;1279,00;A Coruña;Galicia;2023;T1
01/01/2023;1301,00;Huelva;Andalucia;2023;T1
01/01/2023;1315,00;Salamanca;Castilla y Leon;2023;T1
01/01/2023;1333,00;Valladolid;Castilla y Leon;2023;T1
01/01/2023;1378,00;Huesca;Aragon;2023;T1
01/01/2023;1378,00;Zaragoza;Aragon;2023;T1
01/01/2023;1417,00;Tarragona;Cataluña;2023;T1
01/01/2023;1466,00;Sevilla;Andalucia;2023;T1
01/01/2023;1493,00;Cantabria;Cantabria;2023;T1
01/01/2023;1565,00;Pamplona;Navarra;2023;T1
01/01/2023;1594,00;Pontevedra;Galicia;2023;T1
01/01/2023;1661,00;Cádiz;Andalucia;2023;T1
01/01/2023;1871,00;Alicante;Comunitat Valenciana;2023;T1
01/01/2023;1882,00;Melilla;Melilla;2023;T1
01/01/2023;2074,00;Ceuta;Ceuta;2023;T1
01/01/2023;2153,00;Gerona;Cataluña;2023;T1
01/01/2023;2225,00;Vitoria-Gasteiz;Euskadi;2023;T1
01/01/2023;2661,00;Barcelona;Cataluña;2023;T1
01/01/2023;2798,00;Malaga;Andalucia;2023;T1
01/01/2023;3364,00;Guipuzcoa;Euskadi;2023;T1
01/01/2023;3643,00;Palma de Mallorca;Baleares;2023;T1
01/01/2023;4333,00;Madrid;Madrid;2023;T1
01/12/2022;1080,00;Murcia;Murcia;2022;T4
01/12/2022;1160,00;Ourense;Galicia;2022;T4
01/12/2022;1360,00;Huesca;Aragon;2022;T4
01/12/2022;1380,00;Zaragoza;Aragon;2022;T4
01/12/2022;1500,00;Cantabria;Cantabria;2022;T4
01/12/2022;1650,00;Cádiz;Andalucia;2022;T4
01/12/2022;3370,00;Guipuzcoa;Euskadi;2022;T4
01/12/2022;750,00;Ciudad Real;Castilla la Mancha;2022;T4
01/12/2022;793,00;Cuenca;Castilla la Mancha;2022;T4
01/12/2022;803,00;Jaén;Andalucia;2022;T4
01/12/2022;837,00;Ávila;Castilla y Leon;2022;T4
01/12/2022;839,00;Toledo;Castilla la Mancha;2022;T4
01/12/2022;876,00;Teruel;Aragon;2022;T4
01/12/2022;912,00;Cáceres;Extremadura;2022;T4
01/12/2022;961,00;Zamora;Castilla y Leon;2022;T4
01/12/2022;967,00;Badajoz;Extremadura;2022;T4
01/12/2022;971,00;León;Castilla y León;2022;T4
01/12/2022;981,00;Lugo;Galicia;2022;T4
01/12/2022;1019,00;Soria;Castilla y Leon;2022;T4
01/12/2022;1068,00;Albacete;Castilla la Mancha;2022;T4
01/12/2022;1087,00;Palencia;Castilla y Leon;2022;T4
01/12/2022;1119,00;Castellón;Comunitat Valenciana;2022;T4
01/12/2022;1125,00;Almeria;Andalucia;2022;T4
01/12/2022;1153,00;Burgos;Castilla y Leon;2022;T4
01/12/2022;1158,00;Guadalajara;Castilla la Mancha;2022;T4
01/12/2022;1179,00;Córdoba;Andalucia;2022;T4
01/12/2022;1195,00;Segovia;Castilla y Leon;2022;T4
01/12/2022;1202,00;Lleida;Cataluña;2022;T4
01/12/2022;1267,00;Valencia;Comunitat Valenciana;2022;T4
01/12/2022;1282,00;A Coruña;Galicia;2022;T4
01/12/2022;1298,00;Huelva;Andalucia;2022;T4
01/12/2022;1311,00;Salamanca;Castilla y Leon;2022;T4
01/12/2022;1328,00;Granada;Andalucia;2022;T4
01/12/2022;1334,00;Valladolid;Castilla y Leon;2022;T4
01/12/2022;1343,00;Gijón;Asturias;2022;T4
01/12/2022;1415,00;Tarragona;Cataluña;2022;T4
01/12/2022;1463,00;Sevilla;Andalucia;2022;T4
01/12/2022;1568,00;Pamplona;Navarra;2022;T4
01/12/2022;1589,00;Pontevedra;Galicia;2022;T4
01/12/2022;1851,00;Alicante;Comunitat Valenciana;2022;T4
01/12/2022;1885,00;Melilla;Melilla;2022;T4
01/12/2022;2066,00;Las Palmas;Canarias;2022;T4
01/12/2022;2124,00;Ceuta;Ceuta;2022;T4
01/12/2022;2125,00;Santa Cruz de Tenerife;Canarias;2022;T4
01/12/2022;2144,00;Gerona;Cataluña;2022;T4
01/12/2022;2212,00;Vitoria-Gasteiz;Euskadi;2022;T4
01/12/2022;2673,00;Barcelona;Cataluña;2022;T4
01/12/2022;2702,00;Bilbao;Euskadi;2022;T4
01/12/2022;2766,00;Malaga;Andalucia;2022;T4
01/12/2022;3625,00;Palma de Mallorca;Baleares;2022;T4
01/12/2022;4331,00;Madrid;Madrid;2022;T4
01/11/2022;1090,00;Palencia;Castilla y Leon;2022;T4
01/11/2022;1180,00;Córdoba;Andalucia;2022;T4
01/11/2022;1280,00;Valencia;Comunitat Valenciana;2022;T4
01/11/2022;754,00;Ciudad Real;Castilla la Mancha;2022;T4
01/11/2022;797,00;Cuenca;Castilla la Mancha;2022;T4
01/11/2022;818,00;Jaén;Andalucia;2022;T4
01/11/2022;848,00;Toledo;Castilla la Mancha;2022;T4
01/11/2022;848,00;Ávila;Castilla y Leon;2022;T4
01/11/2022;892,00;Teruel;Aragon;2022;T4
01/11/2022;905,00;Cáceres;Extremadura;2022;T4
01/11/2022;950,00;Zamora;Castilla y Leon;2022;T4
01/11/2022;965,00;Badajoz;Extremadura;2022;T4
01/11/2022;985,00;Lugo;Galicia;2022;T4
01/11/2022;992,00;León;Castilla y León;2022;T4
01/11/2022;1018,00;Soria;Castilla y Leon;2022;T4
01/11/2022;1073,00;Albacete;Castilla la Mancha;2022;T4
01/11/2022;1087,00;Murcia;Murcia;2022;T4
01/11/2022;1136,00;Almeria;Andalucia;2022;T4
01/11/2022;1139,00;Castellón;Comunitat Valenciana;2022;T4
01/11/2022;1142,00;Guadalajara;Castilla la Mancha;2022;T4
01/11/2022;1154,00;Ourense;Galicia;2022;T4
01/11/2022;1157,00;Burgos;Castilla y Leon;2022;T4
01/11/2022;1177,00;Segovia;Castilla y Leon;2022;T4
01/11/2022;1215,00;Lleida;Cataluña;2022;T4
01/11/2022;1283,00;A Coruña;Galicia;2022;T4
01/11/2022;1306,00;Salamanca;Castilla y Leon;2022;T4
01/11/2022;1307,00;Huelva;Andalucia;2022;T4
01/11/2022;1336,00;Valladolid;Castilla y Leon;2022;T4
01/11/2022;1346,00;Granada;Andalucia;2022;T4
01/11/2022;1346,00;Gijón;Asturias;2022;T4
01/11/2022;1368,00;Huesca;Aragon;2022;T4
01/11/2022;1376,00;Zaragoza;Aragon;2022;T4
01/11/2022;1429,00;Tarragona;Cataluña;2022;T4
01/11/2022;1462,00;Sevilla;Andalucia;2022;T4
01/11/2022;1493,00;Cantabria;Cantabria;2022;T4
01/11/2022;1584,00;Pamplona;Navarra;2022;T4
01/11/2022;1588,00;Pontevedra;Galicia;2022;T4
01/11/2022;1646,00;Cádiz;Andalucia;2022;T4
01/11/2022;1842,00;Alicante;Comunitat Valenciana;2022;T4
01/11/2022;1898,00;Melilla;Melilla;2022;T4
01/11/2022;2041,00;Las Palmas;Canarias;2022;T4
01/11/2022;2115,00;Ceuta;Ceuta;2022;T4
01/11/2022;2119,00;Santa Cruz de Tenerife;Canarias;2022;T4
01/11/2022;2158,00;Gerona;Cataluña;2022;T4
01/11/2022;2246,00;Vitoria-Gasteiz;Euskadi;2022;T4
01/11/2022;2668,00;Barcelona;Cataluña;2022;T4
01/11/2022;2697,00;Bilbao;Euskadi;2022;T4
01/11/2022;2756,00;Malaga;Andalucia;2022;T4
01/11/2022;3322,00;Guipuzcoa;Euskadi;2022;T4
01/11/2022;3596,00;Palma de Mallorca;Baleares;2022;T4
01/11/2022;4331,00;Madrid;Madrid;2022;T4
01/10/2022;1170,00;Segovia;Castilla y Leon;2022;T4
01/10/2022;1340,00;Valladolid;Castilla y Leon;2022;T4
01/10/2022;2680,00;Bilbao;Euskadi;2022;T4
01/10/2022;759,00;Ciudad Real;Castilla la Mancha;2022;T4
01/10/2022;794,00;Cuenca;Castilla la Mancha;2022;T4
01/10/2022;817,00;Jaén;Andalucia;2022;T4
01/10/2022;850,00;Ávila;Castilla y Leon;2022;T4
01/10/2022;852,00;Toledo;Castilla la Mancha;2022;T4
01/10/2022;900,00;Teruel;Aragon;2022;T4
01/10/2022;908,00;Cáceres;Extremadura;2022;T4
01/10/2022;938,00;Zamora;Castilla y Leon;2022;T4
01/10/2022;955,00;Badajoz;Extremadura;2022;T4
01/10/2022;988,00;León;Castilla y León;2022;T4
01/10/2022;992,00;Lugo;Galicia;2022;T4
01/10/2022;1038,00;Soria;Castilla y Leon;2022;T4
01/10/2022;1072,00;Albacete;Castilla la Mancha;2022;T4
01/10/2022;1097,00;Palencia;Castilla y Leon;2022;T4
01/10/2022;1099,00;Murcia;Murcia;2022;T4
01/10/2022;1143,00;Almeria;Andalucia;2022;T4
01/10/2022;1146,00;Guadalajara;Castilla la Mancha;2022;T4
01/10/2022;1147,00;Castellón;Comunitat Valenciana;2022;T4
01/10/2022;1154,00;Ourense;Galicia;2022;T4
01/10/2022;1166,00;Burgos;Castilla y Leon;2022;T4
01/10/2022;1185,00;Córdoba;Andalucia;2022;T4
01/10/2022;1236,00;Lleida;Cataluña;2022;T4
01/10/2022;1271,00;Valencia;Comunitat Valenciana;2022;T4
01/10/2022;1282,00;A Coruña;Galicia;2022;T4
01/10/2022;1304,00;Salamanca;Castilla y Leon;2022;T4
01/10/2022;1313,00;Huelva;Andalucia;2022;T4
01/10/2022;1341,00;Granada;Andalucia;2022;T4
01/10/2022;1351,00;Gijón;Asturias;2022;T4
01/10/2022;1383,00;Zaragoza;Aragon;2022;T4
01/10/2022;1413,00;Huesca;Aragon;2022;T4
01/10/2022;1442,00;Tarragona;Cataluña;2022;T4
01/10/2022;1446,00;Sevilla;Andalucia;2022;T4
01/10/2022;1497,00;Cantabria;Cantabria;2022;T4
01/10/2022;1577,00;Pamplona;Navarra;2022;T4
01/10/2022;1583,00;Pontevedra;Galicia;2022;T4
01/10/2022;1644,00;Cádiz;Andalucia;2022;T4
01/10/2022;1834,00;Alicante;Comunitat Valenciana;2022;T4
01/10/2022;1885,00;Melilla;Melilla;2022;T4
01/10/2022;2038,00;Las Palmas;Canarias;2022;T4
01/10/2022;2098,00;Santa Cruz de Tenerife;Canarias;2022;T4
01/10/2022;2119,00;Ceuta;Ceuta;2022;T4
01/10/2022;2174,00;Gerona;Cataluña;2022;T4
01/10/2022;2229,00;Vitoria-Gasteiz;Euskadi;2022;T4
01/10/2022;2665,00;Barcelona;Cataluña;2022;T4
01/10/2022;2747,00;Malaga;Andalucia;2022;T4
01/10/2022;3347,00;Guipuzcoa;Euskadi;2022;T4
01/10/2022;3579,00;Palma de Mallorca;Baleares;2022;T4
01/10/2022;4308,00;Madrid;Madrid;2022;T4
01/09/2022;1080,00;Albacete;Castilla la Mancha;2022;T3
01/09/2022;1430,00;Sevilla;Andalucia;2022;T3
01/09/2022;1580,00;Pontevedra;Galicia;2022;T3
01/09/2022;1630,00;Cádiz;Andalucia;2022;T3
01/09/2022;2670,00;Bilbao;Euskadi;2022;T3
01/09/2022;3350,00;Guipuzcoa;Euskadi;2022;T3
01/09/2022;750,00;Ciudad Real;Castilla la Mancha;2022;T3
01/09/2022;800,00;Cuenca;Castilla la Mancha;2022;T3
01/09/2022;818,00;Jaén;Andalucia;2022;T3
01/09/2022;843,00;Toledo;Castilla la Mancha;2022;T3
01/09/2022;845,00;Ávila;Castilla y Leon;2022;T3
01/09/2022;888,00;Teruel;Aragon;2022;T3
01/09/2022;905,00;Cáceres;Extremadura;2022;T3
01/09/2022;940,00;Zamora;Castilla y Leon;2022;T3
01/09/2022;947,00;Badajoz;Extremadura;2022;T3
01/09/2022;982,00;Lugo;Galicia;2022;T3
01/09/2022;985,00;León;Castilla y León;2022;T3
01/09/2022;1036,00;Soria;Castilla y Leon;2022;T3
01/09/2022;1091,00;Murcia;Murcia;2022;T3
01/09/2022;1094,00;Palencia;Castilla y Leon;2022;T3
01/09/2022;1142,00;Almeria;Andalucia;2022;T3
01/09/2022;1143,00;Ourense;Galicia;2022;T3
01/09/2022;1144,00;Guadalajara;Castilla la Mancha;2022;T3
01/09/2022;1146,00;Castellón;Comunitat Valenciana;2022;T3
01/09/2022;1164,00;Burgos;Castilla y Leon;2022;T3
01/09/2022;1171,00;Segovia;Castilla y Leon;2022;T3
01/09/2022;1187,00;Córdoba;Andalucia;2022;T3
01/09/2022;1225,00;Lleida;Cataluña;2022;T3
01/09/2022;1268,00;A Coruña;Galicia;2022;T3
01/09/2022;1274,00;Valencia;Comunitat Valenciana;2022;T3
01/09/2022;1294,00;Salamanca;Castilla y Leon;2022;T3
01/09/2022;1296,00;Huelva;Andalucia;2022;T3
01/09/2022;1319,00;Valladolid;Castilla y Leon;2022;T3
01/09/2022;1325,00;Granada;Andalucia;2022;T3
01/09/2022;1342,00;Gijón;Asturias;2022;T3
01/09/2022;1351,00;Zaragoza;Aragon;2022;T3
01/09/2022;1409,00;Huesca;Aragon;2022;T3
01/09/2022;1424,00;Tarragona;Cataluña;2022;T3
01/09/2022;1485,00;Cantabria;Cantabria;2022;T3
01/09/2022;1531,00;Pamplona;Navarra;2022;T3
01/09/2022;1828,00;Alicante;Comunitat Valenciana;2022;T3
01/09/2022;1869,00;Melilla;Melilla;2022;T3
01/09/2022;2023,00;Las Palmas;Canarias;2022;T3
01/09/2022;2066,00;Santa Cruz de Tenerife;Canarias;2022;T3
01/09/2022;2097,00;Ceuta;Ceuta;2022;T3
01/09/2022;2161,00;Gerona;Cataluña;2022;T3
01/09/2022;2195,00;Vitoria-Gasteiz;Euskadi;2022;T3
01/09/2022;2681,00;Barcelona;Cataluña;2022;T3
01/09/2022;2722,00;Malaga;Andalucia;2022;T3
01/09/2022;3557,00;Palma de Mallorca;Baleares;2022;T3
01/09/2022;4265,00;Madrid;Madrid;2022;T3
01/08/2022;1160,00;Segovia;Castilla y Leon;2022;T3
01/08/2022;1220,00;Lleida;Cataluña;2022;T3
01/08/2022;1330,00;Valladolid;Castilla y Leon;2022;T3
01/08/2022;1370,00;Huesca;Aragon;2022;T3
01/08/2022;1610,00;Cádiz;Andalucia;2022;T3
01/08/2022;754,00;Ciudad Real;Castilla la Mancha;2022;T3
01/08/2022;801,00;Cuenca;Castilla la Mancha;2022;T3
01/08/2022;821,00;Jaén;Andalucia;2022;T3
01/08/2022;837,00;Ávila;Castilla y Leon;2022;T3
01/08/2022;845,00;Toledo;Castilla la Mancha;2022;T3
01/08/2022;875,00;Teruel;Aragon;2022;T3
01/08/2022;908,00;Cáceres;Extremadura;2022;T3
01/08/2022;949,00;Zamora;Castilla y Leon;2022;T3
01/08/2022;950,00;Badajoz;Extremadura;2022;T3
01/08/2022;973,00;Lugo;Galicia;2022;T3
01/08/2022;980,00;León;Castilla y León;2022;T3
01/08/2022;1026,00;Soria;Castilla y Leon;2022;T3
01/08/2022;1072,00;Albacete;Castilla la Mancha;2022;T3
01/08/2022;1083,00;Murcia;Murcia;2022;T3
01/08/2022;1095,00;Palencia;Castilla y Leon;2022;T3
01/08/2022;1138,00;Almeria;Andalucia;2022;T3
01/08/2022;1139,00;Ourense;Galicia;2022;T3
01/08/2022;1141,00;Castellón;Comunitat Valenciana;2022;T3
01/08/2022;1144,00;Guadalajara;Castilla la Mancha;2022;T3
01/08/2022;1164,00;Burgos;Castilla y Leon;2022;T3
01/08/2022;1189,00;Córdoba;Andalucia;2022;T3
01/08/2022;1272,00;A Coruña;Galicia;2022;T3
01/08/2022;1274,00;Huelva;Andalucia;2022;T3
01/08/2022;1274,00;Valencia;Comunitat Valenciana;2022;T3
01/08/2022;1297,00;Salamanca;Castilla y Leon;2022;T3
01/08/2022;1315,00;Granada;Andalucia;2022;T3
01/08/2022;1335,00;Gijón;Asturias;2022;T3
01/08/2022;1364,00;Zaragoza;Aragon;2022;T3
01/08/2022;1418,00;Tarragona;Cataluña;2022;T3
01/08/2022;1439,00;Sevilla;Andalucia;2022;T3
01/08/2022;1474,00;Cantabria;Cantabria;2022;T3
01/08/2022;1536,00;Pamplona;Navarra;2022;T3
01/08/2022;1577,00;Pontevedra;Galicia;2022;T3
01/08/2022;1809,00;Alicante;Comunitat Valenciana;2022;T3
01/08/2022;1883,00;Melilla;Melilla;2022;T3
01/08/2022;1997,00;Las Palmas;Canarias;2022;T3
01/08/2022;2057,00;Santa Cruz de Tenerife;Canarias;2022;T3
01/08/2022;2058,00;Ceuta;Ceuta;2022;T3
01/08/2022;2142,00;Gerona;Cataluña;2022;T3
01/08/2022;2204,00;Vitoria-Gasteiz;Euskadi;2022;T3
01/08/2022;2672,00;Bilbao;Euskadi;2022;T3
01/08/2022;2687,00;Malaga;Andalucia;2022;T3
01/08/2022;2693,00;Barcelona;Cataluña;2022;T3
01/08/2022;3313,00;Guipuzcoa;Euskadi;2022;T3
01/08/2022;3548,00;Palma de Mallorca;Baleares;2022;T3
01/08/2022;4303,00;Madrid;Madrid;2022;T3
01/07/2022;1160,00;Burgos;Castilla y Leon;2022;T3
01/07/2022;1290,00;Salamanca;Castilla y Leon;2022;T3
01/07/2022;1530,00;Pamplona;Navarra;2022;T3
01/07/2022;2140,00;Gerona;Cataluña;2022;T3
01/07/2022;759,00;Ciudad Real;Castilla la Mancha;2022;T3
01/07/2022;787,00;Cuenca;Castilla la Mancha;2022;T3
01/07/2022;829,00;Jaén;Andalucia;2022;T3
01/07/2022;836,00;Ávila;Castilla y Leon;2022;T3
01/07/2022;850,00;Toledo;Castilla la Mancha;2022;T3
01/07/2022;883,00;Teruel;Aragon;2022;T3
01/07/2022;906,00;Cáceres;Extremadura;2022;T3
01/07/2022;955,00;Zamora;Castilla y Leon;2022;T3
01/07/2022;960,00;Badajoz;Extremadura;2022;T3
01/07/2022;974,00;Lugo;Galicia;2022;T3
01/07/2022;983,00;León;Castilla y León;2022;T3
01/07/2022;1025,00;Soria;Castilla y Leon;2022;T3
01/07/2022;1074,00;Albacete;Castilla la Mancha;2022;T3
01/07/2022;1085,00;Murcia;Murcia;2022;T3
01/07/2022;1094,00;Palencia;Castilla y Leon;2022;T3
01/07/2022;1124,00;Almeria;Andalucia;2022;T3
01/07/2022;1134,00;Castellón;Comunitat Valenciana;2022;T3
01/07/2022;1141,00;Guadalajara;Castilla la Mancha;2022;T3
01/07/2022;1143,00;Ourense;Galicia;2022;T3
01/07/2022;1161,00;Segovia;Castilla y Leon;2022;T3
01/07/2022;1192,00;Córdoba;Andalucia;2022;T3
01/07/2022;1254,00;Lleida;Cataluña;2022;T3
01/07/2022;1261,00;Valencia;Comunitat Valenciana;2022;T3
01/07/2022;1272,00;A Coruña;Galicia;2022;T3
01/07/2022;1275,00;Huelva;Andalucia;2022;T3
01/07/2022;1306,00;Granada;Andalucia;2022;T3
01/07/2022;1332,00;Valladolid;Castilla y Leon;2022;T3
01/07/2022;1335,00;Gijón;Asturias;2022;T3
01/07/2022;1353,00;Huesca;Aragon;2022;T3
01/07/2022;1361,00;Zaragoza;Aragon;2022;T3
01/07/2022;1428,00;Tarragona;Cataluña;2022;T3
01/07/2022;1439,00;Sevilla;Andalucia;2022;T3
01/07/2022;1475,00;Cantabria;Cantabria;2022;T3
01/07/2022;1572,00;Pontevedra;Galicia;2022;T3
01/07/2022;1594,00;Cádiz;Andalucia;2022;T3
01/07/2022;1792,00;Alicante;Comunitat Valenciana;2022;T3
01/07/2022;1851,00;Ceuta;Ceuta;2022;T3
01/07/2022;1901,00;Melilla;Melilla;2022;T3
01/07/2022;1999,00;Las Palmas;Canarias;2022;T3
01/07/2022;2052,00;Santa Cruz de Tenerife;Canarias;2022;T3
01/07/2022;2216,00;Vitoria-Gasteiz;Euskadi;2022;T3
01/07/2022;2651,00;Malaga;Andalucia;2022;T3
01/07/2022;2656,00;Bilbao;Euskadi;2022;T3
01/07/2022;2688,00;Barcelona;Cataluña;2022;T3
01/07/2022;3286,00;Guipuzcoa;Euskadi;2022;T3
01/07/2022;3488,00;Palma de Mallorca;Baleares;2022;T3
01/07/2022;4311,00;Madrid;Madrid;2022;T3
01/06/2022;1010,00;Soria;Castilla y Leon;2022;T2
01/06/2022;1130,00;Guadalajara;Castilla la Mancha;2022;T2
01/06/2022;1150,00;Ourense;Galicia;2022;T2
01/06/2022;1350,00;Zaragoza;Aragon;2022;T2
01/06/2022;1660,00;Ceuta;Ceuta;2022;T2
01/06/2022;758,00;Ciudad Real;Castilla la Mancha;2022;T2
01/06/2022;780,00;Cuenca;Castilla la Mancha;2022;T2
01/06/2022;825,00;Jaén;Andalucia;2022;T2
01/06/2022;842,00;Ávila;Castilla y Leon;2022;T2
01/06/2022;852,00;Toledo;Castilla la Mancha;2022;T2
01/06/2022;896,00;Teruel;Aragon;2022;T2
01/06/2022;911,00;Cáceres;Extremadura;2022;T2
01/06/2022;951,00;Badajoz;Extremadura;2022;T2
01/06/2022;954,00;Zamora;Castilla y Leon;2022;T2
01/06/2022;982,00;Lugo;Galicia;2022;T2
01/06/2022;983,00;León;Castilla y León;2022;T2
01/06/2022;1073,00;Albacete;Castilla la Mancha;2022;T2
01/06/2022;1081,00;Murcia;Murcia;2022;T2
01/06/2022;1089,00;Palencia;Castilla y Leon;2022;T2
01/06/2022;1115,00;Almeria;Andalucia;2022;T2
01/06/2022;1134,00;Castellón;Comunitat Valenciana;2022;T2
01/06/2022;1167,00;Segovia;Castilla y Leon;2022;T2
01/06/2022;1173,00;Burgos;Castilla y Leon;2022;T2
01/06/2022;1183,00;Córdoba;Andalucia;2022;T2
01/06/2022;1251,00;Lleida;Cataluña;2022;T2
01/06/2022;1252,00;Valencia;Comunitat Valenciana;2022;T2
01/06/2022;1265,00;A Coruña;Galicia;2022;T2
01/06/2022;1271,00;Huelva;Andalucia;2022;T2
01/06/2022;1287,00;Salamanca;Castilla y Leon;2022;T2
01/06/2022;1298,00;Granada;Andalucia;2022;T2
01/06/2022;1318,00;Valladolid;Castilla y Leon;2022;T2
01/06/2022;1333,00;Gijón;Asturias;2022;T2
01/06/2022;1367,00;Huesca;Aragon;2022;T2
01/06/2022;1413,00;Sevilla;Andalucia;2022;T2
01/06/2022;1422,00;Tarragona;Cataluña;2022;T2
01/06/2022;1479,00;Cantabria;Cantabria;2022;T2
01/06/2022;1533,00;Pamplona;Navarra;2022;T2
01/06/2022;1566,00;Pontevedra;Galicia;2022;T2
01/06/2022;1587,00;Cádiz;Andalucia;2022;T2
01/06/2022;1774,00;Alicante;Comunitat Valenciana;2022;T2
01/06/2022;1909,00;Melilla;Melilla;2022;T2
01/06/2022;1987,00;Las Palmas;Canarias;2022;T2
01/06/2022;2036,00;Santa Cruz de Tenerife;Canarias;2022;T2
01/06/2022;2115,00;Gerona;Cataluña;2022;T2
01/06/2022;2198,00;Vitoria-Gasteiz;Euskadi;2022;T2
01/06/2022;2618,00;Malaga;Andalucia;2022;T2
01/06/2022;2641,00;Bilbao;Euskadi;2022;T2
01/06/2022;2665,00;Barcelona;Cataluña;2022;T2
01/06/2022;3254,00;Guipuzcoa;Euskadi;2022;T2
01/06/2022;3443,00;Palma de Mallorca;Baleares;2022;T2
01/06/2022;4272,00;Madrid;Madrid;2022;T2
01/05/2022;1080,00;Murcia;Murcia;2022;T2
01/05/2022;1270,00;A Coruña;Galicia;2022;T2
01/05/2022;1340,00;Gijón;Asturias;2022;T2
01/05/2022;2110,00;Gerona;Cataluña;2022;T2
01/05/2022;2640,00;Bilbao;Euskadi;2022;T2
01/05/2022;2670,00;Barcelona;Cataluña;2022;T2
01/05/2022;762,00;Ciudad Real;Castilla la Mancha;2022;T2
01/05/2022;794,00;Cuenca;Castilla la Mancha;2022;T2
01/05/2022;831,00;Jaén;Andalucia;2022;T2
01/05/2022;841,00;Ávila;Castilla y Leon;2022;T2
01/05/2022;853,00;Toledo;Castilla la Mancha;2022;T2
01/05/2022;897,00;Teruel;Aragon;2022;T2
01/05/2022;922,00;Cáceres;Extremadura;2022;T2
01/05/2022;957,00;Zamora;Castilla y Leon;2022;T2
01/05/2022;958,00;Badajoz;Extremadura;2022;T2
01/05/2022;977,00;Lugo;Galicia;2022;T2
01/05/2022;984,00;León;Castilla y León;2022;T2
01/05/2022;1021,00;Soria;Castilla y Leon;2022;T2
01/05/2022;1074,00;Albacete;Castilla la Mancha;2022;T2
01/05/2022;1097,00;Palencia;Castilla y Leon;2022;T2
01/05/2022;1112,00;Almeria;Andalucia;2022;T2
01/05/2022;1122,00;Guadalajara;Castilla la Mancha;2022;T2
01/05/2022;1127,00;Castellón;Comunitat Valenciana;2022;T2
01/05/2022;1148,00;Ourense;Galicia;2022;T2
01/05/2022;1153,00;Segovia;Castilla y Leon;2022;T2
01/05/2022;1187,00;Córdoba;Andalucia;2022;T2
01/05/2022;1188,00;Burgos;Castilla y Leon;2022;T2
01/05/2022;1245,00;Valencia;Comunitat Valenciana;2022;T2
01/05/2022;1253,00;Lleida;Cataluña;2022;T2
01/05/2022;1265,00;Huelva;Andalucia;2022;T2
01/05/2022;1286,00;Granada;Andalucia;2022;T2
01/05/2022;1295,00;Salamanca;Castilla y Leon;2022;T2
01/05/2022;1306,00;Valladolid;Castilla y Leon;2022;T2
01/05/2022;1359,00;Zaragoza;Aragon;2022;T2
01/05/2022;1377,00;Huesca;Aragon;2022;T2
01/05/2022;1417,00;Sevilla;Andalucia;2022;T2
01/05/2022;1418,00;Tarragona;Cataluña;2022;T2
01/05/2022;1473,00;Cantabria;Cantabria;2022;T2
01/05/2022;1513,00;Pamplona;Navarra;2022;T2
01/05/2022;1565,00;Pontevedra;Galicia;2022;T2
01/05/2022;1578,00;Cádiz;Andalucia;2022;T2
01/05/2022;1719,00;Ceuta;Ceuta;2022;T2
01/05/2022;1764,00;Alicante;Comunitat Valenciana;2022;T2
01/05/2022;1912,00;Melilla;Melilla;2022;T2
01/05/2022;1971,00;Las Palmas;Canarias;2022;T2
01/05/2022;2036,00;Santa Cruz de Tenerife;Canarias;2022;T2
01/05/2022;2187,00;Vitoria-Gasteiz;Euskadi;2022;T2
01/05/2022;2589,00;Malaga;Andalucia;2022;T2
01/05/2022;3244,00;Guipuzcoa;Euskadi;2022;T2
01/05/2022;3404,00;Palma de Mallorca;Baleares;2022;T2
01/05/2022;4195,00;Madrid;Madrid;2022;T2
01/04/2022;766,00;Ciudad Real;Castilla la Mancha;2022;T2
01/04/2022;798,00;Cuenca;Castilla la Mancha;2022;T2
01/04/2022;829,00;Jaén;Andalucia;2022;T2
01/04/2022;848,00;Ávila;Castilla y Leon;2022;T2
01/04/2022;849,00;Toledo;Castilla la Mancha;2022;T2
01/04/2022;890,00;Teruel;Aragon;2022;T2
01/04/2022;934,00;Cáceres;Extremadura;2022;T2
01/04/2022;952,00;Badajoz;Extremadura;2022;T2
01/04/2022;964,00;Zamora;Castilla y Leon;2022;T2
01/04/2022;977,00;Lugo;Galicia;2022;T2
01/04/2022;994,00;León;Castilla y León;2022;T2
01/04/2022;1024,00;Soria;Castilla y Leon;2022;T2
01/04/2022;1071,00;Albacete;Castilla la Mancha;2022;T2
01/04/2022;1075,00;Murcia;Murcia;2022;T2
01/04/2022;1091,00;Palencia;Castilla y Leon;2022;T2
01/04/2022;1100,00;Almeria;Andalucia;2022;T2
01/04/2022;1111,00;Guadalajara;Castilla la Mancha;2022;T2
01/04/2022;1118,00;Castellón;Comunitat Valenciana;2022;T2
01/04/2022;1156,00;Ourense;Galicia;2022;T2
01/04/2022;1162,00;Segovia;Castilla y Leon;2022;T2
01/04/2022;1179,00;Córdoba;Andalucia;2022;T2
01/04/2022;1199,00;Burgos;Castilla y Leon;2022;T2
01/04/2022;1234,00;Valencia;Comunitat Valenciana;2022;T2
01/04/2022;1251,00;Huelva;Andalucia;2022;T2
01/04/2022;1256,00;Lleida;Cataluña;2022;T2
01/04/2022;1265,00;A Coruña;Galicia;2022;T2
01/04/2022;1278,00;Granada;Andalucia;2022;T2
01/04/2022;1295,00;Salamanca;Castilla y Leon;2022;T2
01/04/2022;1321,00;Valladolid;Castilla y Leon;2022;T2
01/04/2022;1343,00;Gijón;Asturias;2022;T2
01/04/2022;1364,00;Zaragoza;Aragon;2022;T2
01/04/2022;1385,00;Huesca;Aragon;2022;T2
01/04/2022;1406,00;Tarragona;Cataluña;2022;T2
01/04/2022;1422,00;Sevilla;Andalucia;2022;T2
01/04/2022;1464,00;Cantabria;Cantabria;2022;T2
01/04/2022;1508,00;Pamplona;Navarra;2022;T2
01/04/2022;1556,00;Cádiz;Andalucia;2022;T2
01/04/2022;1566,00;Pontevedra;Galicia;2022;T2
01/04/2022;1739,00;Alicante;Comunitat Valenciana;2022;T2
01/04/2022;1823,00;Ceuta;Ceuta;2022;T2
01/04/2022;1899,00;Melilla;Melilla;2022;T2
01/04/2022;1962,00;Las Palmas;Canarias;2022;T2
01/04/2022;2016,00;Santa Cruz de Tenerife;Canarias;2022;T2
01/04/2022;2096,00;Gerona;Cataluña;2022;T2
01/04/2022;2186,00;Vitoria-Gasteiz;Euskadi;2022;T2
01/04/2022;2543,00;Malaga;Andalucia;2022;T2
01/04/2022;2638,00;Bilbao;Euskadi;2022;T2
01/04/2022;2665,00;Barcelona;Cataluña;2022;T2
01/04/2022;3232,00;Guipuzcoa;Euskadi;2022;T2
01/04/2022;3347,00;Palma de Mallorca;Baleares;2022;T2
01/04/2022;4192,00;Madrid;Madrid;2022;T2
01/03/2022;1110,00;Castellón;Comunitat Valenciana;2022;T1
01/03/2022;1220,00;Valencia;Comunitat Valenciana;2022;T1
01/03/2022;1410,00;Sevilla;Andalucia;2022;T1
01/03/2022;1540,00;Cádiz;Andalucia;2022;T1
01/03/2022;3350,00;Palma de Mallorca;Baleares;2022;T1
01/03/2022;763,00;Ciudad Real;Castilla la Mancha;2022;T1
01/03/2022;785,00;Cuenca;Castilla la Mancha;2022;T1
01/03/2022;827,00;Toledo;Castilla la Mancha;2022;T1
01/03/2022;830,00;Jaén;Andalucia;2022;T1
01/03/2022;842,00;Ávila;Castilla y Leon;2022;T1
01/03/2022;873,00;Teruel;Aragon;2022;T1
01/03/2022;939,00;Cáceres;Extremadura;2022;T1
01/03/2022;942,00;Badajoz;Extremadura;2022;T1
01/03/2022;953,00;Zamora;Castilla y Leon;2022;T1
01/03/2022;983,00;Lugo;Galicia;2022;T1
01/03/2022;1002,00;León;Castilla y León;2022;T1
01/03/2022;1011,00;Soria;Castilla y Leon;2022;T1
01/03/2022;1057,00;Albacete;Castilla la Mancha;2022;T1
01/03/2022;1067,00;Murcia;Murcia;2022;T1
01/03/2022;1090,00;Almeria;Andalucia;2022;T1
01/03/2022;1093,00;Guadalajara;Castilla la Mancha;2022;T1
01/03/2022;1109,00;Palencia;Castilla y Leon;2022;T1
01/03/2022;1145,00;Segovia;Castilla y Leon;2022;T1
01/03/2022;1155,00;Ourense;Galicia;2022;T1
01/03/2022;1159,00;Córdoba;Andalucia;2022;T1
01/03/2022;1186,00;Burgos;Castilla y Leon;2022;T1
01/03/2022;1251,00;Lleida;Cataluña;2022;T1
01/03/2022;1253,00;Huelva;Andalucia;2022;T1
01/03/2022;1256,00;A Coruña;Galicia;2022;T1
01/03/2022;1267,00;Granada;Andalucia;2022;T1
01/03/2022;1296,00;Salamanca;Castilla y Leon;2022;T1
01/03/2022;1315,00;Valladolid;Castilla y Leon;2022;T1
01/03/2022;1345,00;Gijón;Asturias;2022;T1
01/03/2022;1354,00;Zaragoza;Aragon;2022;T1
01/03/2022;1377,00;Huesca;Aragon;2022;T1
01/03/2022;1385,00;Tarragona;Cataluña;2022;T1
01/03/2022;1456,00;Cantabria;Cantabria;2022;T1
01/03/2022;1473,00;Pamplona;Navarra;2022;T1
01/03/2022;1547,00;Ceuta;Ceuta;2022;T1
01/03/2022;1562,00;Pontevedra;Galicia;2022;T1
01/03/2022;1719,00;Alicante;Comunitat Valenciana;2022;T1
01/03/2022;1883,00;Melilla;Melilla;2022;T1
01/03/2022;1967,00;Las Palmas;Canarias;2022;T1
01/03/2022;1999,00;Santa Cruz de Tenerife;Canarias;2022;T1
01/03/2022;2098,00;Gerona;Cataluña;2022;T1
01/03/2022;2173,00;Vitoria-Gasteiz;Euskadi;2022;T1
01/03/2022;2503,00;Malaga;Andalucia;2022;T1
01/03/2022;2643,00;Bilbao;Euskadi;2022;T1
01/03/2022;2654,00;Barcelona;Cataluña;2022;T1
01/03/2022;3146,00;Guipuzcoa;Euskadi;2022;T1
01/03/2022;4136,00;Madrid;Madrid;2022;T1
01/02/2022;1000,00;León;Castilla y León;2022;T1
01/02/2022;1260,00;Lleida;Cataluña;2022;T1
01/02/2022;1270,00;Granada;Andalucia;2022;T1
01/02/2022;1980,00;Santa Cruz de Tenerife;Canarias;2022;T1
01/02/2022;761,00;Ciudad Real;Castilla la Mancha;2022;T1
01/02/2022;781,00;Cuenca;Castilla la Mancha;2022;T1
01/02/2022;823,00;Toledo;Castilla la Mancha;2022;T1
01/02/2022;832,00;Jaén;Andalucia;2022;T1
01/02/2022;838,00;Ávila;Castilla y Leon;2022;T1
01/02/2022;873,00;Teruel;Aragon;2022;T1
01/02/2022;922,00;Cáceres;Extremadura;2022;T1
01/02/2022;937,00;Badajoz;Extremadura;2022;T1
01/02/2022;958,00;Zamora;Castilla y Leon;2022;T1
01/02/2022;973,00;Lugo;Galicia;2022;T1
01/02/2022;988,00;Soria;Castilla y Leon;2022;T1
01/02/2022;1021,00;Albacete;Castilla la Mancha;2022;T1
01/02/2022;1063,00;Murcia;Murcia;2022;T1
01/02/2022;1082,00;Guadalajara;Castilla la Mancha;2022;T1
01/02/2022;1086,00;Almeria;Andalucia;2022;T1
01/02/2022;1101,00;Castellón;Comunitat Valenciana;2022;T1
01/02/2022;1121,00;Palencia;Castilla y Leon;2022;T1
01/02/2022;1143,00;Segovia;Castilla y Leon;2022;T1
01/02/2022;1148,00;Ourense;Galicia;2022;T1
01/02/2022;1153,00;Córdoba;Andalucia;2022;T1
01/02/2022;1181,00;Burgos;Castilla y Leon;2022;T1
01/02/2022;1215,00;Valencia;Comunitat Valenciana;2022;T1
01/02/2022;1252,00;Huelva;Andalucia;2022;T1
01/02/2022;1255,00;A Coruña;Galicia;2022;T1
01/02/2022;1302,00;Salamanca;Castilla y Leon;2022;T1
01/02/2022;1306,00;Valladolid;Castilla y Leon;2022;T1
01/02/2022;1334,00;Zaragoza;Aragon;2022;T1
01/02/2022;1335,00;Gijón;Asturias;2022;T1
01/02/2022;1376,00;Tarragona;Cataluña;2022;T1
01/02/2022;1391,00;Sevilla;Andalucia;2022;T1
01/02/2022;1403,00;Huesca;Aragon;2022;T1
01/02/2022;1448,00;Pamplona;Navarra;2022;T1
01/02/2022;1461,00;Cantabria;Cantabria;2022;T1
01/02/2022;1539,00;Ceuta;Ceuta;2022;T1
01/02/2022;1549,00;Cádiz;Andalucia;2022;T1
01/02/2022;1556,00;Pontevedra;Galicia;2022;T1
01/02/2022;1702,00;Alicante;Comunitat Valenciana;2022;T1
01/02/2022;1886,00;Melilla;Melilla;2022;T1
01/02/2022;1968,00;Las Palmas;Canarias;2022;T1
01/02/2022;2105,00;Gerona;Cataluña;2022;T1
01/02/2022;2165,00;Vitoria-Gasteiz;Euskadi;2022;T1
01/02/2022;2481,00;Malaga;Andalucia;2022;T1
01/02/2022;2642,00;Bilbao;Euskadi;2022;T1
01/02/2022;2654,00;Barcelona;Cataluña;2022;T1
01/02/2022;3157,00;Guipuzcoa;Euskadi;2022;T1
01/02/2022;3329,00;Palma de Mallorca;Baleares;2022;T1
01/02/2022;4144,00;Madrid;Madrid;2022;T1
01/01/2022;1000,00;León;Castilla y León;2022;T1
01/01/2022;1120,00;Palencia;Castilla y Leon;2022;T1
01/01/2022;1210,00;Valencia;Comunitat Valenciana;2022;T1
01/01/2022;1310,00;Valladolid;Castilla y Leon;2022;T1
01/01/2022;1380,00;Tarragona;Cataluña;2022;T1
01/01/2022;2640,00;Bilbao;Euskadi;2022;T1
01/01/2022;765,00;Ciudad Real;Castilla la Mancha;2022;T1
01/01/2022;793,00;Cuenca;Castilla la Mancha;2022;T1
01/01/2022;821,00;Toledo;Castilla la Mancha;2022;T1
01/01/2022;830,00;Jaén;Andalucia;2022;T1
01/01/2022;843,00;Ávila;Castilla y Leon;2022;T1
01/01/2022;872,00;Teruel;Aragon;2022;T1
01/01/2022;922,00;Cáceres;Extremadura;2022;T1
01/01/2022;951,00;Badajoz;Extremadura;2022;T1
01/01/2022;964,00;Zamora;Castilla y Leon;2022;T1
01/01/2022;969,00;Lugo;Galicia;2022;T1
01/01/2022;984,00;Soria;Castilla y Leon;2022;T1
01/01/2022;1032,00;Albacete;Castilla la Mancha;2022;T1
01/01/2022;1066,00;Murcia;Murcia;2022;T1
01/01/2022;1077,00;Guadalajara;Castilla la Mancha;2022;T1
01/01/2022;1088,00;Almeria;Andalucia;2022;T1
01/01/2022;1103,00;Castellón;Comunitat Valenciana;2022;T1
01/01/2022;1135,00;Segovia;Castilla y Leon;2022;T1
01/01/2022;1143,00;Ourense;Galicia;2022;T1
01/01/2022;1157,00;Córdoba;Andalucia;2022;T1
01/01/2022;1181,00;Burgos;Castilla y Leon;2022;T1
01/01/2022;1257,00;Huelva;Andalucia;2022;T1
01/01/2022;1263,00;A Coruña;Galicia;2022;T1
01/01/2022;1265,00;Lleida;Cataluña;2022;T1
01/01/2022;1292,00;Granada;Andalucia;2022;T1
01/01/2022;1316,00;Salamanca;Castilla y Leon;2022;T1
01/01/2022;1333,00;Gijón;Asturias;2022;T1
01/01/2022;1353,00;Zaragoza;Aragon;2022;T1
01/01/2022;1389,00;Sevilla;Andalucia;2022;T1
01/01/2022;1409,00;Huesca;Aragon;2022;T1
01/01/2022;1459,00;Pamplona;Navarra;2022;T1
01/01/2022;1466,00;Cantabria;Cantabria;2022;T1
01/01/2022;1542,00;Cádiz;Andalucia;2022;T1
01/01/2022;1562,00;Pontevedra;Galicia;2022;T1
01/01/2022;1692,00;Alicante;Comunitat Valenciana;2022;T1
01/01/2022;1846,00;Melilla;Melilla;2022;T1
01/01/2022;1975,00;Las Palmas;Canarias;2022;T1
01/01/2022;1976,00;Santa Cruz de Tenerife;Canarias;2022;T1
01/01/2022;2096,00;Gerona;Cataluña;2022;T1
01/01/2022;2106,00;Ceuta;Ceuta;2022;T1
01/01/2022;2168,00;Vitoria-Gasteiz;Euskadi;2022;T1
01/01/2022;2463,00;Malaga;Andalucia;2022;T1
01/01/2022;2659,00;Barcelona;Cataluña;2022;T1
01/01/2022;3187,00;Guipuzcoa;Euskadi;2022;T1
01/01/2022;3319,00;Palma de Mallorca;Baleares;2022;T1
01/01/2022;4077,00;Madrid;Madrid;2022;T1
01/12/2021;1130,00;Palencia;Castilla y Leon;2021;T4
01/12/2021;1160,00;Córdoba;Andalucia;2021;T4
01/12/2021;1260,00;Huelva;Andalucia;2021;T4
01/12/2021;1270,00;A Coruña;Galicia;2021;T4
01/12/2021;1970,00;Santa Cruz de Tenerife;Canarias;2021;T4
01/12/2021;770,00;Ciudad Real;Castilla la Mancha;2021;T4
01/12/2021;802,00;Cuenca;Castilla la Mancha;2021;T4
01/12/2021;826,00;Jaén;Andalucia;2021;T4
01/12/2021;827,00;Toledo;Castilla la Mancha;2021;T4
01/12/2021;845,00;Ávila;Castilla y Leon;2021;T4
01/12/2021;884,00;Teruel;Aragon;2021;T4
01/12/2021;924,00;Cáceres;Extremadura;2021;T4
01/12/2021;953,00;Badajoz;Extremadura;2021;T4
01/12/2021;964,00;Zamora;Castilla y Leon;2021;T4
01/12/2021;974,00;Lugo;Galicia;2021;T4
01/12/2021;989,00;Soria;Castilla y Leon;2021;T4
01/12/2021;1002,00;León;Castilla y León;2021;T4
01/12/2021;1047,00;Albacete;Castilla la Mancha;2021;T4
01/12/2021;1063,00;Murcia;Murcia;2021;T4
01/12/2021;1083,00;Guadalajara;Castilla la Mancha;2021;T4
01/12/2021;1089,00;Almeria;Andalucia;2021;T4
01/12/2021;1111,00;Castellón;Comunitat Valenciana;2021;T4
01/12/2021;1121,00;Segovia;Castilla y Leon;2021;T4
01/12/2021;1151,00;Ourense;Galicia;2021;T4
01/12/2021;1181,00;Burgos;Castilla y Leon;2021;T4
01/12/2021;1215,00;Valencia;Comunitat Valenciana;2021;T4
01/12/2021;1253,00;Lleida;Cataluña;2021;T4
01/12/2021;1285,00;Granada;Andalucia;2021;T4
01/12/2021;1309,00;Valladolid;Castilla y Leon;2021;T4
01/12/2021;1318,00;Salamanca;Castilla y Leon;2021;T4
01/12/2021;1336,00;Gijón;Asturias;2021;T4
01/12/2021;1345,00;Zaragoza;Aragon;2021;T4
01/12/2021;1376,00;Tarragona;Cataluña;2021;T4
01/12/2021;1394,00;Sevilla;Andalucia;2021;T4
01/12/2021;1395,00;Huesca;Aragon;2021;T4
01/12/2021;1465,00;Cantabria;Cantabria;2021;T4
01/12/2021;1484,00;Pamplona;Navarra;2021;T4
01/12/2021;1537,00;Cádiz;Andalucia;2021;T4
01/12/2021;1566,00;Pontevedra;Galicia;2021;T4
01/12/2021;1681,00;Alicante;Comunitat Valenciana;2021;T4
01/12/2021;1842,00;Melilla;Melilla;2021;T4
01/12/2021;1961,00;Las Palmas;Canarias;2021;T4
01/12/2021;2084,00;Ceuta;Ceuta;2021;T4
01/12/2021;2095,00;Gerona;Cataluña;2021;T4
01/12/2021;2184,00;Vitoria-Gasteiz;Euskadi;2021;T4
01/12/2021;2446,00;Malaga;Andalucia;2021;T4
01/12/2021;2632,00;Bilbao;Euskadi;2021;T4
01/12/2021;2655,00;Barcelona;Cataluña;2021;T4
01/12/2021;3199,00;Guipuzcoa;Euskadi;2021;T4
01/12/2021;3291,00;Palma de Mallorca;Baleares;2021;T4
01/12/2021;4083,00;Madrid;Madrid;2021;T4
01/11/2021;760,00;Ciudad Real;Castilla la Mancha;2021;T4
01/11/2021;803,00;Cuenca;Castilla la Mancha;2021;T4
01/11/2021;825,00;Toledo;Castilla la Mancha;2021;T4
01/11/2021;827,00;Jaén;Andalucia;2021;T4
01/11/2021;846,00;Ávila;Castilla y Leon;2021;T4
01/11/2021;890,00;Teruel;Aragon;2021;T4
01/11/2021;931,00;Cáceres;Extremadura;2021;T4
01/11/2021;949,00;Badajoz;Extremadura;2021;T4
01/11/2021;973,00;Zamora;Castilla y Leon;2021;T4
01/11/2021;977,00;Lugo;Galicia;2021;T4
01/11/2021;986,00;Soria;Castilla y Leon;2021;T4
01/11/2021;996,00;León;Castilla y León;2021;T4
01/11/2021;1047,00;Albacete;Castilla la Mancha;2021;T4
01/11/2021;1067,00;Murcia;Murcia;2021;T4
01/11/2021;1088,00;Guadalajara;Castilla la Mancha;2021;T4
01/11/2021;1096,00;Almeria;Andalucia;2021;T4
01/11/2021;1112,00;Castellón;Comunitat Valenciana;2021;T4
01/11/2021;1116,00;Segovia;Castilla y Leon;2021;T4
01/11/2021;1131,00;Palencia;Castilla y Leon;2021;T4
01/11/2021;1149,00;Ourense;Galicia;2021;T4
01/11/2021;1167,00;Córdoba;Andalucia;2021;T4
01/11/2021;1181,00;Burgos;Castilla y Leon;2021;T4
01/11/2021;1226,00;Valencia;Comunitat Valenciana;2021;T4
01/11/2021;1257,00;Lleida;Cataluña;2021;T4
01/11/2021;1264,00;Huelva;Andalucia;2021;T4
01/11/2021;1266,00;A Coruña;Galicia;2021;T4
01/11/2021;1284,00;Granada;Andalucia;2021;T4
01/11/2021;1312,00;Valladolid;Castilla y Leon;2021;T4
01/11/2021;1313,00;Salamanca;Castilla y Leon;2021;T4
01/11/2021;1338,00;Gijón;Asturias;2021;T4
01/11/2021;1348,00;Zaragoza;Aragon;2021;T4
01/11/2021;1377,00;Tarragona;Cataluña;2021;T4
01/11/2021;1397,00;Sevilla;Andalucia;2021;T4
01/11/2021;1399,00;Huesca;Aragon;2021;T4
01/11/2021;1469,00;Pamplona;Navarra;2021;T4
01/11/2021;1475,00;Cantabria;Cantabria;2021;T4
01/11/2021;1548,00;Cádiz;Andalucia;2021;T4
01/11/2021;1563,00;Pontevedra;Galicia;2021;T4
01/11/2021;1677,00;Alicante;Comunitat Valenciana;2021;T4
01/11/2021;1835,00;Melilla;Melilla;2021;T4
01/11/2021;1949,00;Las Palmas;Canarias;2021;T4
01/11/2021;1963,00;Ceuta;Ceuta;2021;T4
01/11/2021;1964,00;Santa Cruz de Tenerife;Canarias;2021;T4
01/11/2021;2097,00;Gerona;Cataluña;2021;T4
01/11/2021;2169,00;Vitoria-Gasteiz;Euskadi;2021;T4
01/11/2021;2438,00;Malaga;Andalucia;2021;T4
01/11/2021;2619,00;Bilbao;Euskadi;2021;T4
01/11/2021;2648,00;Barcelona;Cataluña;2021;T4
01/11/2021;3173,00;Guipuzcoa;Euskadi;2021;T4
01/11/2021;3256,00;Palma de Mallorca;Baleares;2021;T4
01/11/2021;4081,00;Madrid;Madrid;2021;T4
01/10/2021;2600,00;Bilbao;Euskadi;2021;T4
01/10/2021;763,00;Ciudad Real;Castilla la Mancha;2021;T4
01/10/2021;785,00;Cuenca;Castilla la Mancha;2021;T4
01/10/2021;817,00;Toledo;Castilla la Mancha;2021;T4
01/10/2021;819,00;Jaén;Andalucia;2021;T4
01/10/2021;852,00;Ávila;Castilla y Leon;2021;T4
01/10/2021;899,00;Teruel;Aragon;2021;T4
01/10/2021;926,00;Cáceres;Extremadura;2021;T4
01/10/2021;962,00;Zamora;Castilla y Leon;2021;T4
01/10/2021;968,00;Badajoz;Extremadura;2021;T4
01/10/2021;978,00;Soria;Castilla y Leon;2021;T4
01/10/2021;979,00;Lugo;Galicia;2021;T4
01/10/2021;989,00;León;Castilla y León;2021;T4
01/10/2021;1046,00;Albacete;Castilla la Mancha;2021;T4
01/10/2021;1064,00;Murcia;Murcia;2021;T4
01/10/2021;1082,00;Guadalajara;Castilla la Mancha;2021;T4
01/10/2021;1088,00;Almeria;Andalucia;2021;T4
01/10/2021;1103,00;Castellón;Comunitat Valenciana;2021;T4
01/10/2021;1111,00;Segovia;Castilla y Leon;2021;T4
01/10/2021;1133,00;Palencia;Castilla y Leon;2021;T4
01/10/2021;1142,00;Ourense;Galicia;2021;T4
01/10/2021;1176,00;Burgos;Castilla y Leon;2021;T4
01/10/2021;1191,00;Córdoba;Andalucia;2021;T4
01/10/2021;1229,00;Valladolid;Castilla y Leon;2021;T4
01/10/2021;1236,00;Valencia;Comunitat Valenciana;2021;T4
01/10/2021;1255,00;Lleida;Cataluña;2021;T4
01/10/2021;1264,00;A Coruña;Galicia;2021;T4
01/10/2021;1265,00;Huelva;Andalucia;2021;T4
01/10/2021;1273,00;Granada;Andalucia;2021;T4
01/10/2021;1311,00;Salamanca;Castilla y Leon;2021;T4
01/10/2021;1317,00;Zaragoza;Aragon;2021;T4
01/10/2021;1335,00;Gijón;Asturias;2021;T4
01/10/2021;1377,00;Tarragona;Cataluña;2021;T4
01/10/2021;1382,00;Huesca;Aragon;2021;T4
01/10/2021;1383,00;Sevilla;Andalucia;2021;T4
01/10/2021;1454,00;Pamplona;Navarra;2021;T4
01/10/2021;1468,00;Cantabria;Cantabria;2021;T4
01/10/2021;1553,00;Cádiz;Andalucia;2021;T4
01/10/2021;1558,00;Pontevedra;Galicia;2021;T4
01/10/2021;1676,00;Alicante;Comunitat Valenciana;2021;T4
01/10/2021;1824,00;Melilla;Melilla;2021;T4
01/10/2021;1938,00;Santa Cruz de Tenerife;Canarias;2021;T4
01/10/2021;1941,00;Las Palmas;Canarias;2021;T4
01/10/2021;1967,00;Ceuta;Ceuta;2021;T4
01/10/2021;2108,00;Gerona;Cataluña;2021;T4
01/10/2021;2151,00;Vitoria-Gasteiz;Euskadi;2021;T4
01/10/2021;2442,00;Malaga;Andalucia;2021;T4
01/10/2021;2636,00;Barcelona;Cataluña;2021;T4
01/10/2021;3179,00;Guipuzcoa;Euskadi;2021;T4
01/10/2021;3242,00;Palma de Mallorca;Baleares;2021;T4
01/10/2021;4119,00;Madrid;Madrid;2021;T4
01/09/2021;1060,00;Albacete;Castilla la Mancha;2021;T3
01/09/2021;1130,00;Palencia;Castilla y Leon;2021;T3
01/09/2021;1170,00;Burgos;Castilla y Leon;2021;T3
01/09/2021;1190,00;Córdoba;Andalucia;2021;T3
01/09/2021;1260,00;Lleida;Cataluña;2021;T3
01/09/2021;1970,00;Ceuta;Ceuta;2021;T3
01/09/2021;3230,00;Palma de Mallorca;Baleares;2021;T3
01/09/2021;758,00;Ciudad Real;Castilla la Mancha;2021;T3
01/09/2021;784,00;Cuenca;Castilla la Mancha;2021;T3
01/09/2021;811,00;Toledo;Castilla la Mancha;2021;T3
01/09/2021;824,00;Jaén;Andalucia;2021;T3
01/09/2021;853,00;Ávila;Castilla y Leon;2021;T3
01/09/2021;893,00;Teruel;Aragon;2021;T3
01/09/2021;917,00;Cáceres;Extremadura;2021;T3
01/09/2021;962,00;Badajoz;Extremadura;2021;T3
01/09/2021;963,00;Zamora;Castilla y Leon;2021;T3
01/09/2021;982,00;Lugo;Galicia;2021;T3
01/09/2021;985,00;Soria;Castilla y Leon;2021;T3
01/09/2021;986,00;León;Castilla y León;2021;T3
01/09/2021;1064,00;Murcia;Murcia;2021;T3
01/09/2021;1065,00;Guadalajara;Castilla la Mancha;2021;T3
01/09/2021;1085,00;Almeria;Andalucia;2021;T3
01/09/2021;1097,00;Segovia;Castilla y Leon;2021;T3
01/09/2021;1105,00;Castellón;Comunitat Valenciana;2021;T3
01/09/2021;1137,00;Ourense;Galicia;2021;T3
01/09/2021;1202,00;Valladolid;Castilla y Leon;2021;T3
01/09/2021;1235,00;Valencia;Comunitat Valenciana;2021;T3
01/09/2021;1255,00;Huelva;Andalucia;2021;T3
01/09/2021;1262,00;Granada;Andalucia;2021;T3
01/09/2021;1268,00;A Coruña;Galicia;2021;T3
01/09/2021;1308,00;Salamanca;Castilla y Leon;2021;T3
01/09/2021;1316,00;Zaragoza;Aragon;2021;T3
01/09/2021;1326,00;Gijón;Asturias;2021;T3
01/09/2021;1377,00;Huesca;Aragon;2021;T3
01/09/2021;1379,00;Sevilla;Andalucia;2021;T3
01/09/2021;1385,00;Tarragona;Cataluña;2021;T3
01/09/2021;1435,00;Pamplona;Navarra;2021;T3
01/09/2021;1467,00;Cantabria;Cantabria;2021;T3
01/09/2021;1551,00;Pontevedra;Galicia;2021;T3
01/09/2021;1556,00;Cádiz;Andalucia;2021;T3
01/09/2021;1674,00;Alicante;Comunitat Valenciana;2021;T3
01/09/2021;1817,00;Melilla;Melilla;2021;T3
01/09/2021;1914,00;Santa Cruz de Tenerife;Canarias;2021;T3
01/09/2021;1942,00;Las Palmas;Canarias;2021;T3
01/09/2021;2104,00;Gerona;Cataluña;2021;T3
01/09/2021;2137,00;Vitoria-Gasteiz;Euskadi;2021;T3
01/09/2021;2418,00;Malaga;Andalucia;2021;T3
01/09/2021;2593,00;Bilbao;Euskadi;2021;T3
01/09/2021;2646,00;Barcelona;Cataluña;2021;T3
01/09/2021;3217,00;Guipuzcoa;Euskadi;2021;T3
01/09/2021;4092,00;Madrid;Madrid;2021;T3
01/08/2021;1200,00;Córdoba;Andalucia;2021;T3
01/08/2021;1270,00;A Coruña;Galicia;2021;T3
01/08/2021;1900,00;Santa Cruz de Tenerife;Canarias;2021;T3
01/08/2021;751,00;Ciudad Real;Castilla la Mancha;2021;T3
01/08/2021;781,00;Cuenca;Castilla la Mancha;2021;T3
01/08/2021;807,00;Toledo;Castilla la Mancha;2021;T3
01/08/2021;828,00;Jaén;Andalucia;2021;T3
01/08/2021;852,00;Ávila;Castilla y Leon;2021;T3
01/08/2021;899,00;Teruel;Aragon;2021;T3
01/08/2021;920,00;Cáceres;Extremadura;2021;T3
01/08/2021;932,00;Badajoz;Extremadura;2021;T3
01/08/2021;971,00;Zamora;Castilla y Leon;2021;T3
01/08/2021;985,00;Soria;Castilla y Leon;2021;T3
01/08/2021;985,00;Lugo;Galicia;2021;T3
01/08/2021;988,00;León;Castilla y León;2021;T3
01/08/2021;1055,00;Murcia;Murcia;2021;T3
01/08/2021;1062,00;Albacete;Castilla la Mancha;2021;T3
01/08/2021;1068,00;Guadalajara;Castilla la Mancha;2021;T3
01/08/2021;1081,00;Almeria;Andalucia;2021;T3
01/08/2021;1093,00;Segovia;Castilla y Leon;2021;T3
01/08/2021;1109,00;Castellón;Comunitat Valenciana;2021;T3
01/08/2021;1133,00;Palencia;Castilla y Leon;2021;T3
01/08/2021;1135,00;Ourense;Galicia;2021;T3
01/08/2021;1175,00;Burgos;Castilla y Leon;2021;T3
01/08/2021;1203,00;Valladolid;Castilla y Leon;2021;T3
01/08/2021;1242,00;Valencia;Comunitat Valenciana;2021;T3
01/08/2021;1244,00;Lleida;Cataluña;2021;T3
01/08/2021;1248,00;Huelva;Andalucia;2021;T3
01/08/2021;1256,00;Granada;Andalucia;2021;T3
01/08/2021;1308,00;Salamanca;Castilla y Leon;2021;T3
01/08/2021;1335,00;Zaragoza;Aragon;2021;T3
01/08/2021;1335,00;Gijón;Asturias;2021;T3
01/08/2021;1375,00;Huesca;Aragon;2021;T3
01/08/2021;1381,00;Tarragona;Cataluña;2021;T3
01/08/2021;1399,00;Sevilla;Andalucia;2021;T3
01/08/2021;1437,00;Pamplona;Navarra;2021;T3
01/08/2021;1452,00;Cantabria;Cantabria;2021;T3
01/08/2021;1549,00;Pontevedra;Galicia;2021;T3
01/08/2021;1561,00;Cádiz;Andalucia;2021;T3
01/08/2021;1677,00;Alicante;Comunitat Valenciana;2021;T3
01/08/2021;1817,00;Melilla;Melilla;2021;T3
01/08/2021;1931,00;Las Palmas;Canarias;2021;T3
01/08/2021;2027,00;Ceuta;Ceuta;2021;T3
01/08/2021;2095,00;Gerona;Cataluña;2021;T3
01/08/2021;2148,00;Vitoria-Gasteiz;Euskadi;2021;T3
01/08/2021;2402,00;Malaga;Andalucia;2021;T3
01/08/2021;2596,00;Bilbao;Euskadi;2021;T3
01/08/2021;2658,00;Barcelona;Cataluña;2021;T3
01/08/2021;3199,00;Guipuzcoa;Euskadi;2021;T3
01/08/2021;3215,00;Palma de Mallorca;Baleares;2021;T3
01/08/2021;4009,00;Madrid;Madrid;2021;T3
01/07/2021;1560,00;Cádiz;Andalucia;2021;T3
01/07/2021;763,00;Ciudad Real;Castilla la Mancha;2021;T3
01/07/2021;794,00;Cuenca;Castilla la Mancha;2021;T3
01/07/2021;800,00;Toledo;Castilla la Mancha;2021;T3
01/07/2021;833,00;Jaén;Andalucia;2021;T3
01/07/2021;856,00;Ávila;Castilla y Leon;2021;T3
01/07/2021;895,00;Teruel;Aragon;2021;T3
01/07/2021;916,00;Cáceres;Extremadura;2021;T3
01/07/2021;931,00;Badajoz;Extremadura;2021;T3
01/07/2021;969,00;Zamora;Castilla y Leon;2021;T3
01/07/2021;990,00;Soria;Castilla y Leon;2021;T3
01/07/2021;994,00;León;Castilla y León;2021;T3
01/07/2021;995,00;Lugo;Galicia;2021;T3
01/07/2021;1052,00;Murcia;Murcia;2021;T3
01/07/2021;1054,00;Guadalajara;Castilla la Mancha;2021;T3
01/07/2021;1073,00;Almeria;Andalucia;2021;T3
01/07/2021;1088,00;Albacete;Castilla la Mancha;2021;T3
01/07/2021;1089,00;Segovia;Castilla y Leon;2021;T3
01/07/2021;1115,00;Castellón;Comunitat Valenciana;2021;T3
01/07/2021;1123,00;Ourense;Galicia;2021;T3
01/07/2021;1132,00;Palencia;Castilla y Leon;2021;T3
01/07/2021;1179,00;Burgos;Castilla y Leon;2021;T3
01/07/2021;1206,00;Córdoba;Andalucia;2021;T3
01/07/2021;1245,00;Lleida;Cataluña;2021;T3
01/07/2021;1254,00;Huelva;Andalucia;2021;T3
01/07/2021;1255,00;Granada;Andalucia;2021;T3
01/07/2021;1256,00;Valencia;Comunitat Valenciana;2021;T3
01/07/2021;1283,00;Valladolid;Castilla y Leon;2021;T3
01/07/2021;1286,00;A Coruña;Galicia;2021;T3
01/07/2021;1307,00;Salamanca;Castilla y Leon;2021;T3
01/07/2021;1343,00;Gijón;Asturias;2021;T3
01/07/2021;1346,00;Zaragoza;Aragon;2021;T3
01/07/2021;1369,00;Tarragona;Cataluña;2021;T3
01/07/2021;1393,00;Huesca;Aragon;2021;T3
01/07/2021;1402,00;Sevilla;Andalucia;2021;T3
01/07/2021;1445,00;Cantabria;Cantabria;2021;T3
01/07/2021;1447,00;Pamplona;Navarra;2021;T3
01/07/2021;1542,00;Pontevedra;Galicia;2021;T3
01/07/2021;1677,00;Alicante;Comunitat Valenciana;2021;T3
01/07/2021;1824,00;Melilla;Melilla;2021;T3
01/07/2021;1883,00;Santa Cruz de Tenerife;Canarias;2021;T3
01/07/2021;1936,00;Las Palmas;Canarias;2021;T3
01/07/2021;2082,00;Gerona;Cataluña;2021;T3
01/07/2021;2108,00;Ceuta;Ceuta;2021;T3
01/07/2021;2157,00;Vitoria-Gasteiz;Euskadi;2021;T3
01/07/2021;2385,00;Malaga;Andalucia;2021;T3
01/07/2021;2607,00;Bilbao;Euskadi;2021;T3
01/07/2021;2666,00;Barcelona;Cataluña;2021;T3
01/07/2021;3164,00;Guipuzcoa;Euskadi;2021;T3
01/07/2021;3192,00;Palma de Mallorca;Baleares;2021;T3
01/07/2021;4045,00;Madrid;Madrid;2021;T3
01/06/2021;1180,00;Burgos;Castilla y Leon;2021;T2
01/06/2021;1310,00;Salamanca;Castilla y Leon;2021;T2
01/06/2021;1550,00;Cádiz;Andalucia;2021;T2
01/06/2021;1670,00;Alicante;Comunitat Valenciana;2021;T2
01/06/2021;4070,00;Madrid;Madrid;2021;T2
01/06/2021;770,00;Ciudad Real;Castilla la Mancha;2021;T2
01/06/2021;796,00;Toledo;Castilla la Mancha;2021;T2
01/06/2021;803,00;Cuenca;Castilla la Mancha;2021;T2
01/06/2021;842,00;Jaén;Andalucia;2021;T2
01/06/2021;857,00;Ávila;Castilla y Leon;2021;T2
01/06/2021;896,00;Teruel;Aragon;2021;T2
01/06/2021;929,00;Badajoz;Extremadura;2021;T2
01/06/2021;929,00;Cáceres;Extremadura;2021;T2
01/06/2021;972,00;Zamora;Castilla y Leon;2021;T2
01/06/2021;989,00;León;Castilla y León;2021;T2
01/06/2021;1001,00;Lugo;Galicia;2021;T2
01/06/2021;1002,00;Soria;Castilla y Leon;2021;T2
01/06/2021;1048,00;Guadalajara;Castilla la Mancha;2021;T2
01/06/2021;1055,00;Murcia;Murcia;2021;T2
01/06/2021;1076,00;Almeria;Andalucia;2021;T2
01/06/2021;1082,00;Segovia;Castilla y Leon;2021;T2
01/06/2021;1095,00;Albacete;Castilla la Mancha;2021;T2
01/06/2021;1104,00;Castellón;Comunitat Valenciana;2021;T2
01/06/2021;1132,00;Palencia;Castilla y Leon;2021;T2
01/06/2021;1147,00;Ourense;Galicia;2021;T2
01/06/2021;1201,00;Córdoba;Andalucia;2021;T2
01/06/2021;1251,00;Valencia;Comunitat Valenciana;2021;T2
01/06/2021;1252,00;Lleida;Cataluña;2021;T2
01/06/2021;1253,00;Huelva;Andalucia;2021;T2
01/06/2021;1255,00;Granada;Andalucia;2021;T2
01/06/2021;1282,00;Valladolid;Castilla y Leon;2021;T2
01/06/2021;1298,00;A Coruña;Galicia;2021;T2
01/06/2021;1341,00;Zaragoza;Aragon;2021;T2
01/06/2021;1347,00;Gijón;Asturias;2021;T2
01/06/2021;1364,00;Tarragona;Cataluña;2021;T2
01/06/2021;1385,00;Huesca;Aragon;2021;T2
01/06/2021;1393,00;Sevilla;Andalucia;2021;T2
01/06/2021;1443,00;Cantabria;Cantabria;2021;T2
01/06/2021;1453,00;Pamplona;Navarra;2021;T2
01/06/2021;1541,00;Pontevedra;Galicia;2021;T2
01/06/2021;1819,00;Melilla;Melilla;2021;T2
01/06/2021;1871,00;Santa Cruz de Tenerife;Canarias;2021;T2
01/06/2021;1935,00;Las Palmas;Canarias;2021;T2
01/06/2021;2031,00;Ceuta;Ceuta;2021;T2
01/06/2021;2073,00;Gerona;Cataluña;2021;T2
01/06/2021;2144,00;Vitoria-Gasteiz;Euskadi;2021;T2
01/06/2021;2367,00;Malaga;Andalucia;2021;T2
01/06/2021;2591,00;Bilbao;Euskadi;2021;T2
01/06/2021;2653,00;Barcelona;Cataluña;2021;T2
01/06/2021;3169,00;Guipuzcoa;Euskadi;2021;T2
01/06/2021;3177,00;Palma de Mallorca;Baleares;2021;T2
01/05/2021;1300,00;A Coruña;Galicia;2021;T2
01/05/2021;1940,00;Las Palmas;Canarias;2021;T2
01/05/2021;768,00;Ciudad Real;Castilla la Mancha;2021;T2
01/05/2021;785,00;Toledo;Castilla la Mancha;2021;T2
01/05/2021;816,00;Cuenca;Castilla la Mancha;2021;T2
01/05/2021;853,00;Jaén;Andalucia;2021;T2
01/05/2021;853,00;Ávila;Castilla y Leon;2021;T2
01/05/2021;888,00;Teruel;Aragon;2021;T2
01/05/2021;921,00;Cáceres;Extremadura;2021;T2
01/05/2021;928,00;Badajoz;Extremadura;2021;T2
01/05/2021;982,00;León;Castilla y León;2021;T2
01/05/2021;988,00;Zamora;Castilla y Leon;2021;T2
01/05/2021;992,00;Lugo;Galicia;2021;T2
01/05/2021;1019,00;Soria;Castilla y Leon;2021;T2
01/05/2021;1048,00;Guadalajara;Castilla la Mancha;2021;T2
01/05/2021;1057,00;Murcia;Murcia;2021;T2
01/05/2021;1083,00;Almeria;Andalucia;2021;T2
01/05/2021;1085,00;Albacete;Castilla la Mancha;2021;T2
01/05/2021;1086,00;Segovia;Castilla y Leon;2021;T2
01/05/2021;1096,00;Castellón;Comunitat Valenciana;2021;T2
01/05/2021;1137,00;Palencia;Castilla y Leon;2021;T2
01/05/2021;1148,00;Ourense;Galicia;2021;T2
01/05/2021;1171,00;Burgos;Castilla y Leon;2021;T2
01/05/2021;1207,00;Córdoba;Andalucia;2021;T2
01/05/2021;1237,00;Lleida;Cataluña;2021;T2
01/05/2021;1239,00;Valencia;Comunitat Valenciana;2021;T2
01/05/2021;1243,00;Huelva;Andalucia;2021;T2
01/05/2021;1253,00;Granada;Andalucia;2021;T2
01/05/2021;1283,00;Valladolid;Castilla y Leon;2021;T2
01/05/2021;1308,00;Salamanca;Castilla y Leon;2021;T2
01/05/2021;1339,00;Gijón;Asturias;2021;T2
01/05/2021;1341,00;Zaragoza;Aragon;2021;T2
01/05/2021;1362,00;Tarragona;Cataluña;2021;T2
01/05/2021;1383,00;Huesca;Aragon;2021;T2
01/05/2021;1392,00;Sevilla;Andalucia;2021;T2
01/05/2021;1442,00;Cantabria;Cantabria;2021;T2
01/05/2021;1465,00;Pamplona;Navarra;2021;T2
01/05/2021;1533,00;Pontevedra;Galicia;2021;T2
01/05/2021;1538,00;Cádiz;Andalucia;2021;T2
01/05/2021;1653,00;Alicante;Comunitat Valenciana;2021;T2
01/05/2021;1811,00;Melilla;Melilla;2021;T2
01/05/2021;1852,00;Santa Cruz de Tenerife;Canarias;2021;T2
01/05/2021;2059,00;Gerona;Cataluña;2021;T2
01/05/2021;2067,00;Ceuta;Ceuta;2021;T2
01/05/2021;2138,00;Vitoria-Gasteiz;Euskadi;2021;T2
01/05/2021;2324,00;Malaga;Andalucia;2021;T2
01/05/2021;2588,00;Bilbao;Euskadi;2021;T2
01/05/2021;2644,00;Barcelona;Cataluña;2021;T2
01/05/2021;3163,00;Palma de Mallorca;Baleares;2021;T2
01/05/2021;3168,00;Guipuzcoa;Euskadi;2021;T2
01/05/2021;4025,00;Madrid;Madrid;2021;T2
01/04/2021;1130,00;Palencia;Castilla y Leon;2021;T2
01/04/2021;1340,00;Zaragoza;Aragon;2021;T2
01/04/2021;1530,00;Cádiz;Andalucia;2021;T2
01/04/2021;2080,00;Ceuta;Ceuta;2021;T2
01/04/2021;2120,00;Vitoria-Gasteiz;Euskadi;2021;T2
01/04/2021;760,00;Ciudad Real;Castilla la Mancha;2021;T2
01/04/2021;779,00;Toledo;Castilla la Mancha;2021;T2
01/04/2021;823,00;Cuenca;Castilla la Mancha;2021;T2
01/04/2021;854,00;Jaén;Andalucia;2021;T2
01/04/2021;855,00;Ávila;Castilla y Leon;2021;T2
01/04/2021;897,00;Teruel;Aragon;2021;T2
01/04/2021;920,00;Cáceres;Extremadura;2021;T2
01/04/2021;929,00;Badajoz;Extremadura;2021;T2
01/04/2021;980,00;León;Castilla y León;2021;T2
01/04/2021;983,00;Zamora;Castilla y Leon;2021;T2
01/04/2021;999,00;Lugo;Galicia;2021;T2
01/04/2021;1005,00;Soria;Castilla y Leon;2021;T2
01/04/2021;1047,00;Guadalajara;Castilla la Mancha;2021;T2
01/04/2021;1052,00;Murcia;Murcia;2021;T2
01/04/2021;1076,00;Albacete;Castilla la Mancha;2021;T2
01/04/2021;1079,00;Almeria;Andalucia;2021;T2
01/04/2021;1081,00;Segovia;Castilla y Leon;2021;T2
01/04/2021;1086,00;Castellón;Comunitat Valenciana;2021;T2
01/04/2021;1136,00;Ourense;Galicia;2021;T2
01/04/2021;1172,00;Burgos;Castilla y Leon;2021;T2
01/04/2021;1203,00;Córdoba;Andalucia;2021;T2
01/04/2021;1214,00;Lleida;Cataluña;2021;T2
01/04/2021;1235,00;Valencia;Comunitat Valenciana;2021;T2
01/04/2021;1243,00;Granada;Andalucia;2021;T2
01/04/2021;1243,00;Huelva;Andalucia;2021;T2
01/04/2021;1279,00;Valladolid;Castilla y Leon;2021;T2
01/04/2021;1297,00;A Coruña;Galicia;2021;T2
01/04/2021;1308,00;Salamanca;Castilla y Leon;2021;T2
01/04/2021;1341,00;Gijón;Asturias;2021;T2
01/04/2021;1344,00;Tarragona;Cataluña;2021;T2
01/04/2021;1377,00;Huesca;Aragon;2021;T2
01/04/2021;1392,00;Sevilla;Andalucia;2021;T2
01/04/2021;1437,00;Cantabria;Cantabria;2021;T2
01/04/2021;1449,00;Pamplona;Navarra;2021;T2
01/04/2021;1535,00;Pontevedra;Galicia;2021;T2
01/04/2021;1631,00;Alicante;Comunitat Valenciana;2021;T2
01/04/2021;1821,00;Melilla;Melilla;2021;T2
01/04/2021;1842,00;Santa Cruz de Tenerife;Canarias;2021;T2
01/04/2021;1934,00;Las Palmas;Canarias;2021;T2
01/04/2021;2039,00;Gerona;Cataluña;2021;T2
01/04/2021;2308,00;Malaga;Andalucia;2021;T2
01/04/2021;2595,00;Bilbao;Euskadi;2021;T2
01/04/2021;2632,00;Barcelona;Cataluña;2021;T2
01/04/2021;3128,00;Palma de Mallorca;Baleares;2021;T2
01/04/2021;3169,00;Guipuzcoa;Euskadi;2021;T2
01/04/2021;3962,00;Madrid;Madrid;2021;T2
01/03/2021;1190,00;Córdoba;Andalucia;2021;T1
01/03/2021;1230,00;Valencia;Comunitat Valenciana;2021;T1
01/03/2021;1400,00;Sevilla;Andalucia;2021;T1
01/03/2021;1530,00;Pontevedra;Galicia;2021;T1
01/03/2021;2600,00;Bilbao;Euskadi;2021;T1
01/03/2021;760,00;Ciudad Real;Castilla la Mancha;2021;T1
01/03/2021;778,00;Toledo;Castilla la Mancha;2021;T1
01/03/2021;803,00;Cuenca;Castilla la Mancha;2021;T1
01/03/2021;846,00;Jaén;Andalucia;2021;T1
01/03/2021;860,00;Ávila;Castilla y Leon;2021;T1
01/03/2021;891,00;Teruel;Aragon;2021;T1
01/03/2021;920,00;Badajoz;Extremadura;2021;T1
01/03/2021;927,00;Cáceres;Extremadura;2021;T1
01/03/2021;974,00;León;Castilla y León;2021;T1
01/03/2021;984,00;Zamora;Castilla y Leon;2021;T1
01/03/2021;1003,00;Soria;Castilla y Leon;2021;T1
01/03/2021;1015,00;Lugo;Galicia;2021;T1
01/03/2021;1051,00;Guadalajara;Castilla la Mancha;2021;T1
01/03/2021;1052,00;Murcia;Murcia;2021;T1
01/03/2021;1076,00;Almeria;Andalucia;2021;T1
01/03/2021;1077,00;Albacete;Castilla la Mancha;2021;T1
01/03/2021;1078,00;Castellón;Comunitat Valenciana;2021;T1
01/03/2021;1086,00;Segovia;Castilla y Leon;2021;T1
01/03/2021;1132,00;Palencia;Castilla y Leon;2021;T1
01/03/2021;1147,00;Ourense;Galicia;2021;T1
01/03/2021;1174,00;Burgos;Castilla y Leon;2021;T1
01/03/2021;1224,00;Granada;Andalucia;2021;T1
01/03/2021;1225,00;Lleida;Cataluña;2021;T1
01/03/2021;1243,00;Huelva;Andalucia;2021;T1
01/03/2021;1282,00;Valladolid;Castilla y Leon;2021;T1
01/03/2021;1301,00;Salamanca;Castilla y Leon;2021;T1
01/03/2021;1302,00;A Coruña;Galicia;2021;T1
01/03/2021;1338,00;Tarragona;Cataluña;2021;T1
01/03/2021;1343,00;Zaragoza;Aragon;2021;T1
01/03/2021;1343,00;Gijón;Asturias;2021;T1
01/03/2021;1361,00;Huesca;Aragon;2021;T1
01/03/2021;1431,00;Pamplona;Navarra;2021;T1
01/03/2021;1441,00;Cantabria;Cantabria;2021;T1
01/03/2021;1529,00;Cádiz;Andalucia;2021;T1
01/03/2021;1615,00;Alicante;Comunitat Valenciana;2021;T1
01/03/2021;1812,00;Melilla;Melilla;2021;T1
01/03/2021;1827,00;Santa Cruz de Tenerife;Canarias;2021;T1
01/03/2021;1939,00;Las Palmas;Canarias;2021;T1
01/03/2021;2045,00;Gerona;Cataluña;2021;T1
01/03/2021;2111,00;Vitoria-Gasteiz;Euskadi;2021;T1
01/03/2021;2229,00;Ceuta;Ceuta;2021;T1
01/03/2021;2298,00;Malaga;Andalucia;2021;T1
01/03/2021;2634,00;Barcelona;Cataluña;2021;T1
01/03/2021;3123,00;Palma de Mallorca;Baleares;2021;T1
01/03/2021;3161,00;Guipuzcoa;Euskadi;2021;T1
01/03/2021;3978,00;Madrid;Madrid;2021;T1
01/02/2021;1180,00;Burgos;Castilla y Leon;2021;T1
01/02/2021;1330,00;Tarragona;Cataluña;2021;T1
01/02/2021;1520,00;Pontevedra;Galicia;2021;T1
01/02/2021;2080,00;Vitoria-Gasteiz;Euskadi;2021;T1
01/02/2021;764,00;Ciudad Real;Castilla la Mancha;2021;T1
01/02/2021;769,00;Toledo;Castilla la Mancha;2021;T1
01/02/2021;779,00;Cuenca;Castilla la Mancha;2021;T1
01/02/2021;852,00;Jaén;Andalucia;2021;T1
01/02/2021;857,00;Ávila;Castilla y Leon;2021;T1
01/02/2021;890,00;Teruel;Aragon;2021;T1
01/02/2021;904,00;Badajoz;Extremadura;2021;T1
01/02/2021;931,00;Cáceres;Extremadura;2021;T1
01/02/2021;973,00;León;Castilla y León;2021;T1
01/02/2021;979,00;Zamora;Castilla y Leon;2021;T1
01/02/2021;1006,00;Soria;Castilla y Leon;2021;T1
01/02/2021;1014,00;Lugo;Galicia;2021;T1
01/02/2021;1043,00;Murcia;Murcia;2021;T1
01/02/2021;1053,00;Guadalajara;Castilla la Mancha;2021;T1
01/02/2021;1072,00;Albacete;Castilla la Mancha;2021;T1
01/02/2021;1072,00;Castellón;Comunitat Valenciana;2021;T1
01/02/2021;1075,00;Almeria;Andalucia;2021;T1
01/02/2021;1081,00;Segovia;Castilla y Leon;2021;T1
01/02/2021;1127,00;Palencia;Castilla y Leon;2021;T1
01/02/2021;1147,00;Ourense;Galicia;2021;T1
01/02/2021;1173,00;Córdoba;Andalucia;2021;T1
01/02/2021;1208,00;Granada;Andalucia;2021;T1
01/02/2021;1215,00;Valencia;Comunitat Valenciana;2021;T1
01/02/2021;1229,00;Lleida;Cataluña;2021;T1
01/02/2021;1244,00;Huelva;Andalucia;2021;T1
01/02/2021;1278,00;Valladolid;Castilla y Leon;2021;T1
01/02/2021;1299,00;A Coruña;Galicia;2021;T1
01/02/2021;1308,00;Salamanca;Castilla y Leon;2021;T1
01/02/2021;1335,00;Zaragoza;Aragon;2021;T1
01/02/2021;1342,00;Gijón;Asturias;2021;T1
01/02/2021;1364,00;Huesca;Aragon;2021;T1
01/02/2021;1403,00;Sevilla;Andalucia;2021;T1
01/02/2021;1428,00;Pamplona;Navarra;2021;T1
01/02/2021;1448,00;Cantabria;Cantabria;2021;T1
01/02/2021;1523,00;Cádiz;Andalucia;2021;T1
01/02/2021;1597,00;Alicante;Comunitat Valenciana;2021;T1
01/02/2021;1776,00;Melilla;Melilla;2021;T1
01/02/2021;1813,00;Santa Cruz de Tenerife;Canarias;2021;T1
01/02/2021;1931,00;Las Palmas;Canarias;2021;T1
01/02/2021;2053,00;Gerona;Cataluña;2021;T1
01/02/2021;2234,00;Ceuta;Ceuta;2021;T1
01/02/2021;2274,00;Malaga;Andalucia;2021;T1
01/02/2021;2591,00;Bilbao;Euskadi;2021;T1
01/02/2021;2661,00;Barcelona;Cataluña;2021;T1
01/02/2021;3136,00;Palma de Mallorca;Baleares;2021;T1
01/02/2021;3147,00;Guipuzcoa;Euskadi;2021;T1
01/02/2021;3977,00;Madrid;Madrid;2021;T1
01/01/2021;2280,00;Malaga;Andalucia;2021;T1
01/01/2021;771,00;Ciudad Real;Castilla la Mancha;2021;T1
01/01/2021;777,00;Toledo;Castilla la Mancha;2021;T1
01/01/2021;787,00;Cuenca;Castilla la Mancha;2021;T1
01/01/2021;844,00;Ávila;Castilla y Leon;2021;T1
01/01/2021;856,00;Jaén;Andalucia;2021;T1
01/01/2021;895,00;Teruel;Aragon;2021;T1
01/01/2021;914,00;Badajoz;Extremadura;2021;T1
01/01/2021;930,00;Cáceres;Extremadura;2021;T1
01/01/2021;976,00;León;Castilla y León;2021;T1
01/01/2021;978,00;Zamora;Castilla y Leon;2021;T1
01/01/2021;1002,00;Soria;Castilla y Leon;2021;T1
01/01/2021;1016,00;Lugo;Galicia;2021;T1
01/01/2021;1052,00;Guadalajara;Castilla la Mancha;2021;T1
01/01/2021;1053,00;Murcia;Murcia;2021;T1
01/01/2021;1078,00;Albacete;Castilla la Mancha;2021;T1
01/01/2021;1083,00;Segovia;Castilla y Leon;2021;T1
01/01/2021;1085,00;Castellón;Comunitat Valenciana;2021;T1
01/01/2021;1088,00;Almeria;Andalucia;2021;T1
01/01/2021;1126,00;Palencia;Castilla y Leon;2021;T1
01/01/2021;1156,00;Ourense;Galicia;2021;T1
01/01/2021;1172,00;Córdoba;Andalucia;2021;T1
01/01/2021;1178,00;Burgos;Castilla y Leon;2021;T1
01/01/2021;1213,00;Granada;Andalucia;2021;T1
01/01/2021;1219,00;Lleida;Cataluña;2021;T1
01/01/2021;1225,00;Valencia;Comunitat Valenciana;2021;T1
01/01/2021;1246,00;Huelva;Andalucia;2021;T1
01/01/2021;1287,00;Valladolid;Castilla y Leon;2021;T1
01/01/2021;1298,00;A Coruña;Galicia;2021;T1
01/01/2021;1303,00;Salamanca;Castilla y Leon;2021;T1
01/01/2021;1334,00;Zaragoza;Aragon;2021;T1
01/01/2021;1338,00;Tarragona;Cataluña;2021;T1
01/01/2021;1348,00;Gijón;Asturias;2021;T1
01/01/2021;1372,00;Huesca;Aragon;2021;T1
01/01/2021;1408,00;Sevilla;Andalucia;2021;T1
01/01/2021;1432,00;Pamplona;Navarra;2021;T1
01/01/2021;1448,00;Cantabria;Cantabria;2021;T1
01/01/2021;1515,00;Pontevedra;Galicia;2021;T1
01/01/2021;1532,00;Cádiz;Andalucia;2021;T1
01/01/2021;1606,00;Alicante;Comunitat Valenciana;2021;T1
01/01/2021;1787,00;Melilla;Melilla;2021;T1
01/01/2021;1809,00;Santa Cruz de Tenerife;Canarias;2021;T1
01/01/2021;1934,00;Las Palmas;Canarias;2021;T1
01/01/2021;2055,00;Vitoria-Gasteiz;Euskadi;2021;T1
01/01/2021;2059,00;Gerona;Cataluña;2021;T1
01/01/2021;2248,00;Ceuta;Ceuta;2021;T1
01/01/2021;2592,00;Bilbao;Euskadi;2021;T1
01/01/2021;2654,00;Barcelona;Cataluña;2021;T1
01/01/2021;3112,00;Palma de Mallorca;Baleares;2021;T1
01/01/2021;3147,00;Guipuzcoa;Euskadi;2021;T1
01/01/2021;3979,00;Madrid;Madrid;2021;T1
01/12/2020;1090,00;Castellón;Comunitat Valenciana;2020;T4
01/12/2020;1940,00;Las Palmas;Canarias;2020;T4
01/12/2020;771,00;Ciudad Real;Castilla la Mancha;2020;T4
01/12/2020;772,00;Toledo;Castilla la Mancha;2020;T4
01/12/2020;780,00;Cuenca;Castilla la Mancha;2020;T4
01/12/2020;846,00;Ávila;Castilla y Leon;2020;T4
01/12/2020;850,00;Jaén;Andalucia;2020;T4
01/12/2020;901,00;Teruel;Aragon;2020;T4
01/12/2020;919,00;Badajoz;Extremadura;2020;T4
01/12/2020;925,00;Cáceres;Extremadura;2020;T4
01/12/2020;980,00;Zamora;Castilla y Leon;2020;T4
01/12/2020;985,00;León;Castilla y León;2020;T4
01/12/2020;1002,00;Soria;Castilla y Leon;2020;T4
01/12/2020;1012,00;Lugo;Galicia;2020;T4
01/12/2020;1048,00;Murcia;Murcia;2020;T4
01/12/2020;1058,00;Guadalajara;Castilla la Mancha;2020;T4
01/12/2020;1069,00;Albacete;Castilla la Mancha;2020;T4
01/12/2020;1083,00;Almeria;Andalucia;2020;T4
01/12/2020;1089,00;Segovia;Castilla y Leon;2020;T4
01/12/2020;1137,00;Palencia;Castilla y Leon;2020;T4
01/12/2020;1164,00;Ourense;Galicia;2020;T4
01/12/2020;1175,00;Córdoba;Andalucia;2020;T4
01/12/2020;1183,00;Burgos;Castilla y Leon;2020;T4
01/12/2020;1199,00;Lleida;Cataluña;2020;T4
01/12/2020;1201,00;Granada;Andalucia;2020;T4
01/12/2020;1224,00;Valencia;Comunitat Valenciana;2020;T4
01/12/2020;1255,00;Huelva;Andalucia;2020;T4
01/12/2020;1277,00;Valladolid;Castilla y Leon;2020;T4
01/12/2020;1302,00;Salamanca;Castilla y Leon;2020;T4
01/12/2020;1304,00;A Coruña;Galicia;2020;T4
01/12/2020;1327,00;Tarragona;Cataluña;2020;T4
01/12/2020;1336,00;Zaragoza;Aragon;2020;T4
01/12/2020;1346,00;Gijón;Asturias;2020;T4
01/12/2020;1396,00;Huesca;Aragon;2020;T4
01/12/2020;1406,00;Sevilla;Andalucia;2020;T4
01/12/2020;1448,00;Cantabria;Cantabria;2020;T4
01/12/2020;1451,00;Pamplona;Navarra;2020;T4
01/12/2020;1504,00;Pontevedra;Galicia;2020;T4
01/12/2020;1523,00;Cádiz;Andalucia;2020;T4
01/12/2020;1607,00;Alicante;Comunitat Valenciana;2020;T4
01/12/2020;1777,00;Melilla;Melilla;2020;T4
01/12/2020;1806,00;Santa Cruz de Tenerife;Canarias;2020;T4
01/12/2020;2045,00;Gerona;Cataluña;2020;T4
01/12/2020;2045,00;Vitoria-Gasteiz;Euskadi;2020;T4
01/12/2020;2246,00;Ceuta;Ceuta;2020;T4
01/12/2020;2268,00;Malaga;Andalucia;2020;T4
01/12/2020;2589,00;Bilbao;Euskadi;2020;T4
01/12/2020;2647,00;Barcelona;Cataluña;2020;T4
01/12/2020;3091,00;Palma de Mallorca;Baleares;2020;T4
01/12/2020;3149,00;Guipuzcoa;Euskadi;2020;T4
01/12/2020;3949,00;Madrid;Madrid;2020;T4
01/11/2020;1040,00;Guadalajara;Castilla la Mancha;2020;T4
01/11/2020;1090,00;Segovia;Castilla y Leon;2020;T4
01/11/2020;1130,00;Palencia;Castilla y Leon;2020;T4
01/11/2020;1220,00;Valencia;Comunitat Valenciana;2020;T4
01/11/2020;1520,00;Cádiz;Andalucia;2020;T4
01/11/2020;759,00;Cuenca;Castilla la Mancha;2020;T4
01/11/2020;770,00;Ciudad Real;Castilla la Mancha;2020;T4
01/11/2020;775,00;Toledo;Castilla la Mancha;2020;T4
01/11/2020;850,00;Jaén;Andalucia;2020;T4
01/11/2020;851,00;Ávila;Castilla y Leon;2020;T4
01/11/2020;910,00;Teruel;Aragon;2020;T4
01/11/2020;915,00;Badajoz;Extremadura;2020;T4
01/11/2020;920,00;Cáceres;Extremadura;2020;T4
01/11/2020;984,00;Zamora;Castilla y Leon;2020;T4
01/11/2020;990,00;León;Castilla y León;2020;T4
01/11/2020;1003,00;Soria;Castilla y Leon;2020;T4
01/11/2020;1008,00;Lugo;Galicia;2020;T4
01/11/2020;1048,00;Murcia;Murcia;2020;T4
01/11/2020;1062,00;Albacete;Castilla la Mancha;2020;T4
01/11/2020;1077,00;Almeria;Andalucia;2020;T4
01/11/2020;1085,00;Castellón;Comunitat Valenciana;2020;T4
01/11/2020;1154,00;Ourense;Galicia;2020;T4
01/11/2020;1175,00;Burgos;Castilla y Leon;2020;T4
01/11/2020;1179,00;Córdoba;Andalucia;2020;T4
01/11/2020;1196,00;Granada;Andalucia;2020;T4
01/11/2020;1207,00;Lleida;Cataluña;2020;T4
01/11/2020;1255,00;Huelva;Andalucia;2020;T4
01/11/2020;1268,00;Valladolid;Castilla y Leon;2020;T4
01/11/2020;1296,00;Salamanca;Castilla y Leon;2020;T4
01/11/2020;1306,00;A Coruña;Galicia;2020;T4
01/11/2020;1322,00;Tarragona;Cataluña;2020;T4
01/11/2020;1337,00;Zaragoza;Aragon;2020;T4
01/11/2020;1347,00;Gijón;Asturias;2020;T4
01/11/2020;1401,00;Sevilla;Andalucia;2020;T4
01/11/2020;1415,00;Huesca;Aragon;2020;T4
01/11/2020;1451,00;Pamplona;Navarra;2020;T4
01/11/2020;1453,00;Cantabria;Cantabria;2020;T4
01/11/2020;1498,00;Pontevedra;Galicia;2020;T4
01/11/2020;1601,00;Alicante;Comunitat Valenciana;2020;T4
01/11/2020;1778,00;Melilla;Melilla;2020;T4
01/11/2020;1792,00;Santa Cruz de Tenerife;Canarias;2020;T4
01/11/2020;1936,00;Las Palmas;Canarias;2020;T4
01/11/2020;2044,00;Vitoria-Gasteiz;Euskadi;2020;T4
01/11/2020;2046,00;Gerona;Cataluña;2020;T4
01/11/2020;2238,00;Ceuta;Ceuta;2020;T4
01/11/2020;2259,00;Malaga;Andalucia;2020;T4
01/11/2020;2588,00;Bilbao;Euskadi;2020;T4
01/11/2020;2641,00;Barcelona;Cataluña;2020;T4
01/11/2020;3103,00;Palma de Mallorca;Baleares;2020;T4
01/11/2020;3128,00;Guipuzcoa;Euskadi;2020;T4
01/11/2020;3948,00;Madrid;Madrid;2020;T4
01/10/2020;1010,00;Lugo;Galicia;2020;T4
01/10/2020;1130,00;Ourense;Galicia;2020;T4
01/10/2020;1300,00;A Coruña;Galicia;2020;T4
01/10/2020;1400,00;Sevilla;Andalucia;2020;T4
01/10/2020;1610,00;Alicante;Comunitat Valenciana;2020;T4
01/10/2020;2050,00;Gerona;Cataluña;2020;T4
01/10/2020;2630,00;Barcelona;Cataluña;2020;T4
01/10/2020;747,00;Cuenca;Castilla la Mancha;2020;T4
01/10/2020;773,00;Toledo;Castilla la Mancha;2020;T4
01/10/2020;775,00;Ciudad Real;Castilla la Mancha;2020;T4
01/10/2020;850,00;Ávila;Castilla y Leon;2020;T4
01/10/2020;854,00;Jaén;Andalucia;2020;T4
01/10/2020;890,00;Teruel;Aragon;2020;T4
01/10/2020;907,00;Cáceres;Extremadura;2020;T4
01/10/2020;913,00;Badajoz;Extremadura;2020;T4
01/10/2020;974,00;Zamora;Castilla y Leon;2020;T4
01/10/2020;987,00;León;Castilla y León;2020;T4
01/10/2020;1007,00;Soria;Castilla y Leon;2020;T4
01/10/2020;1031,00;Guadalajara;Castilla la Mancha;2020;T4
01/10/2020;1051,00;Murcia;Murcia;2020;T4
01/10/2020;1074,00;Albacete;Castilla la Mancha;2020;T4
01/10/2020;1076,00;Almeria;Andalucia;2020;T4
01/10/2020;1083,00;Segovia;Castilla y Leon;2020;T4
01/10/2020;1084,00;Castellón;Comunitat Valenciana;2020;T4
01/10/2020;1128,00;Palencia;Castilla y Leon;2020;T4
01/10/2020;1163,00;Burgos;Castilla y Leon;2020;T4
01/10/2020;1175,00;Córdoba;Andalucia;2020;T4
01/10/2020;1193,00;Granada;Andalucia;2020;T4
01/10/2020;1204,00;Lleida;Cataluña;2020;T4
01/10/2020;1216,00;Valencia;Comunitat Valenciana;2020;T4
01/10/2020;1251,00;Valladolid;Castilla y Leon;2020;T4
01/10/2020;1271,00;Huelva;Andalucia;2020;T4
01/10/2020;1291,00;Salamanca;Castilla y Leon;2020;T4
01/10/2020;1316,00;Zaragoza;Aragon;2020;T4
01/10/2020;1324,00;Tarragona;Cataluña;2020;T4
01/10/2020;1346,00;Gijón;Asturias;2020;T4
01/10/2020;1414,00;Huesca;Aragon;2020;T4
01/10/2020;1448,00;Cantabria;Cantabria;2020;T4
01/10/2020;1452,00;Pamplona;Navarra;2020;T4
01/10/2020;1495,00;Pontevedra;Galicia;2020;T4
01/10/2020;1524,00;Cádiz;Andalucia;2020;T4
01/10/2020;1769,00;Melilla;Melilla;2020;T4
01/10/2020;1782,00;Santa Cruz de Tenerife;Canarias;2020;T4
01/10/2020;1921,00;Las Palmas;Canarias;2020;T4
01/10/2020;2032,00;Vitoria-Gasteiz;Euskadi;2020;T4
01/10/2020;2221,00;Ceuta;Ceuta;2020;T4
01/10/2020;2253,00;Malaga;Andalucia;2020;T4
01/10/2020;2586,00;Bilbao;Euskadi;2020;T4
01/10/2020;3083,00;Palma de Mallorca;Baleares;2020;T4
01/10/2020;3136,00;Guipuzcoa;Euskadi;2020;T4
01/10/2020;3961,00;Madrid;Madrid;2020;T4
01/09/2020;1080,00;Castellón;Comunitat Valenciana;2020;T3
01/09/2020;1290,00;Salamanca;Castilla y Leon;2020;T3
01/09/2020;1300,00;A Coruña;Galicia;2020;T3
01/09/2020;1430,00;Pamplona;Navarra;2020;T3
01/09/2020;1770,00;Santa Cruz de Tenerife;Canarias;2020;T3
01/09/2020;751,00;Cuenca;Castilla la Mancha;2020;T3
01/09/2020;768,00;Toledo;Castilla la Mancha;2020;T3
01/09/2020;779,00;Ciudad Real;Castilla la Mancha;2020;T3
01/09/2020;849,00;Jaén;Andalucia;2020;T3
01/09/2020;853,00;Ávila;Castilla y Leon;2020;T3
01/09/2020;892,00;Cáceres;Extremadura;2020;T3
01/09/2020;897,00;Teruel;Aragon;2020;T3
01/09/2020;900,00;Badajoz;Extremadura;2020;T3
01/09/2020;970,00;Zamora;Castilla y Leon;2020;T3
01/09/2020;992,00;León;Castilla y León;2020;T3
01/09/2020;996,00;Soria;Castilla y Leon;2020;T3
01/09/2020;1009,00;Lugo;Galicia;2020;T3
01/09/2020;1031,00;Guadalajara;Castilla la Mancha;2020;T3
01/09/2020;1044,00;Murcia;Murcia;2020;T3
01/09/2020;1070,00;Almeria;Andalucia;2020;T3
01/09/2020;1072,00;Albacete;Castilla la Mancha;2020;T3
01/09/2020;1089,00;Segovia;Castilla y Leon;2020;T3
01/09/2020;1127,00;Palencia;Castilla y Leon;2020;T3
01/09/2020;1127,00;Ourense;Galicia;2020;T3
01/09/2020;1167,00;Burgos;Castilla y Leon;2020;T3
01/09/2020;1183,00;Granada;Andalucia;2020;T3
01/09/2020;1192,00;Lleida;Cataluña;2020;T3
01/09/2020;1199,00;Córdoba;Andalucia;2020;T3
01/09/2020;1205,00;Valencia;Comunitat Valenciana;2020;T3
01/09/2020;1245,00;Huelva;Andalucia;2020;T3
01/09/2020;1249,00;Valladolid;Castilla y Leon;2020;T3
01/09/2020;1314,00;Zaragoza;Aragon;2020;T3
01/09/2020;1321,00;Tarragona;Cataluña;2020;T3
01/09/2020;1351,00;Gijón;Asturias;2020;T3
01/09/2020;1398,00;Huesca;Aragon;2020;T3
01/09/2020;1399,00;Sevilla;Andalucia;2020;T3
01/09/2020;1442,00;Cantabria;Cantabria;2020;T3
01/09/2020;1486,00;Pontevedra;Galicia;2020;T3
01/09/2020;1513,00;Cádiz;Andalucia;2020;T3
01/09/2020;1602,00;Alicante;Comunitat Valenciana;2020;T3
01/09/2020;1769,00;Melilla;Melilla;2020;T3
01/09/2020;1915,00;Las Palmas;Canarias;2020;T3
01/09/2020;2032,00;Vitoria-Gasteiz;Euskadi;2020;T3
01/09/2020;2047,00;Gerona;Cataluña;2020;T3
01/09/2020;2222,00;Ceuta;Ceuta;2020;T3
01/09/2020;2238,00;Malaga;Andalucia;2020;T3
01/09/2020;2568,00;Bilbao;Euskadi;2020;T3
01/09/2020;2622,00;Barcelona;Cataluña;2020;T3
01/09/2020;3057,00;Palma de Mallorca;Baleares;2020;T3
01/09/2020;3123,00;Guipuzcoa;Euskadi;2020;T3
01/09/2020;3977,00;Madrid;Madrid;2020;T3
01/08/2020;1180,00;Granada;Andalucia;2020;T3
01/08/2020;1590,00;Alicante;Comunitat Valenciana;2020;T3
01/08/2020;2150,00;Ceuta;Ceuta;2020;T3
01/08/2020;770,00;Cuenca;Castilla la Mancha;2020;T3
01/08/2020;770,00;Toledo;Castilla la Mancha;2020;T3
01/08/2020;777,00;Ciudad Real;Castilla la Mancha;2020;T3
01/08/2020;852,00;Jaén;Andalucia;2020;T3
01/08/2020;865,00;Ávila;Castilla y Leon;2020;T3
01/08/2020;889,00;Cáceres;Extremadura;2020;T3
01/08/2020;894,00;Teruel;Aragon;2020;T3
01/08/2020;894,00;Badajoz;Extremadura;2020;T3
01/08/2020;967,00;Zamora;Castilla y Leon;2020;T3
01/08/2020;988,00;León;Castilla y León;2020;T3
01/08/2020;1007,00;Lugo;Galicia;2020;T3
01/08/2020;1023,00;Soria;Castilla y Leon;2020;T3
01/08/2020;1026,00;Guadalajara;Castilla la Mancha;2020;T3
01/08/2020;1047,00;Murcia;Murcia;2020;T3
01/08/2020;1064,00;Almeria;Andalucia;2020;T3
01/08/2020;1067,00;Albacete;Castilla la Mancha;2020;T3
01/08/2020;1068,00;Castellón;Comunitat Valenciana;2020;T3
01/08/2020;1083,00;Segovia;Castilla y Leon;2020;T3
01/08/2020;1135,00;Palencia;Castilla y Leon;2020;T3
01/08/2020;1136,00;Ourense;Galicia;2020;T3
01/08/2020;1167,00;Burgos;Castilla y Leon;2020;T3
01/08/2020;1174,00;Lleida;Cataluña;2020;T3
01/08/2020;1199,00;Córdoba;Andalucia;2020;T3
01/08/2020;1204,00;Valencia;Comunitat Valenciana;2020;T3
01/08/2020;1235,00;Huelva;Andalucia;2020;T3
01/08/2020;1242,00;Valladolid;Castilla y Leon;2020;T3
01/08/2020;1286,00;Salamanca;Castilla y Leon;2020;T3
01/08/2020;1308,00;A Coruña;Galicia;2020;T3
01/08/2020;1317,00;Tarragona;Cataluña;2020;T3
01/08/2020;1325,00;Zaragoza;Aragon;2020;T3
01/08/2020;1345,00;Gijón;Asturias;2020;T3
01/08/2020;1395,00;Huesca;Aragon;2020;T3
01/08/2020;1406,00;Sevilla;Andalucia;2020;T3
01/08/2020;1428,00;Pamplona;Navarra;2020;T3
01/08/2020;1435,00;Cantabria;Cantabria;2020;T3
01/08/2020;1479,00;Pontevedra;Galicia;2020;T3
01/08/2020;1507,00;Cádiz;Andalucia;2020;T3
01/08/2020;1755,00;Melilla;Melilla;2020;T3
01/08/2020;1761,00;Santa Cruz de Tenerife;Canarias;2020;T3
01/08/2020;1904,00;Las Palmas;Canarias;2020;T3
01/08/2020;2036,00;Gerona;Cataluña;2020;T3
01/08/2020;2045,00;Vitoria-Gasteiz;Euskadi;2020;T3
01/08/2020;2233,00;Malaga;Andalucia;2020;T3
01/08/2020;2562,00;Bilbao;Euskadi;2020;T3
01/08/2020;2608,00;Barcelona;Cataluña;2020;T3
01/08/2020;3049,00;Palma de Mallorca;Baleares;2020;T3
01/08/2020;3107,00;Guipuzcoa;Euskadi;2020;T3
01/08/2020;3979,00;Madrid;Madrid;2020;T3
01/07/2020;1080,00;Segovia;Castilla y Leon;2020;T3
01/07/2020;1130,00;Ourense;Galicia;2020;T3
01/07/2020;1250,00;Huelva;Andalucia;2020;T3
01/07/2020;1440,00;Cantabria;Cantabria;2020;T3
01/07/2020;1910,00;Las Palmas;Canarias;2020;T3
01/07/2020;2020,00;Vitoria-Gasteiz;Euskadi;2020;T3
01/07/2020;2030,00;Gerona;Cataluña;2020;T3
01/07/2020;754,00;Cuenca;Castilla la Mancha;2020;T3
01/07/2020;776,00;Toledo;Castilla la Mancha;2020;T3
01/07/2020;790,00;Ciudad Real;Castilla la Mancha;2020;T3
01/07/2020;856,00;Jaén;Andalucia;2020;T3
01/07/2020;874,00;Ávila;Castilla y Leon;2020;T3
01/07/2020;894,00;Teruel;Aragon;2020;T3
01/07/2020;895,00;Cáceres;Extremadura;2020;T3
01/07/2020;897,00;Badajoz;Extremadura;2020;T3
01/07/2020;967,00;Zamora;Castilla y Leon;2020;T3
01/07/2020;989,00;León;Castilla y León;2020;T3
01/07/2020;1023,00;Lugo;Galicia;2020;T3
01/07/2020;1036,00;Guadalajara;Castilla la Mancha;2020;T3
01/07/2020;1045,00;Murcia;Murcia;2020;T3
01/07/2020;1067,00;Soria;Castilla y Leon;2020;T3
01/07/2020;1069,00;Albacete;Castilla la Mancha;2020;T3
01/07/2020;1075,00;Almeria;Andalucia;2020;T3
01/07/2020;1076,00;Castellón;Comunitat Valenciana;2020;T3
01/07/2020;1147,00;Palencia;Castilla y Leon;2020;T3
01/07/2020;1169,00;Lleida;Cataluña;2020;T3
01/07/2020;1172,00;Burgos;Castilla y Leon;2020;T3
01/07/2020;1174,00;Granada;Andalucia;2020;T3
01/07/2020;1193,00;Córdoba;Andalucia;2020;T3
01/07/2020;1204,00;Valencia;Comunitat Valenciana;2020;T3
01/07/2020;1249,00;Valladolid;Castilla y Leon;2020;T3
01/07/2020;1285,00;Salamanca;Castilla y Leon;2020;T3
01/07/2020;1305,00;A Coruña;Galicia;2020;T3
01/07/2020;1307,00;Tarragona;Cataluña;2020;T3
01/07/2020;1333,00;Zaragoza;Aragon;2020;T3
01/07/2020;1338,00;Gijón;Asturias;2020;T3
01/07/2020;1402,00;Huesca;Aragon;2020;T3
01/07/2020;1419,00;Sevilla;Andalucia;2020;T3
01/07/2020;1428,00;Pamplona;Navarra;2020;T3
01/07/2020;1473,00;Pontevedra;Galicia;2020;T3
01/07/2020;1524,00;Cádiz;Andalucia;2020;T3
01/07/2020;1587,00;Alicante;Comunitat Valenciana;2020;T3
01/07/2020;1753,00;Melilla;Melilla;2020;T3
01/07/2020;1765,00;Santa Cruz de Tenerife;Canarias;2020;T3
01/07/2020;2135,00;Ceuta;Ceuta;2020;T3
01/07/2020;2218,00;Malaga;Andalucia;2020;T3
01/07/2020;2556,00;Bilbao;Euskadi;2020;T3
01/07/2020;2588,00;Barcelona;Cataluña;2020;T3
01/07/2020;3051,00;Guipuzcoa;Euskadi;2020;T3
01/07/2020;3057,00;Palma de Mallorca;Baleares;2020;T3
01/07/2020;3981,00;Madrid;Madrid;2020;T3
01/06/2020;1020,00;Guadalajara;Castilla la Mancha;2020;T2
01/06/2020;1230,00;Huelva;Andalucia;2020;T2
01/06/2020;2020,00;Gerona;Cataluña;2020;T2
01/06/2020;750,00;Toledo;Castilla la Mancha;2020;T2
01/06/2020;759,00;Cuenca;Castilla la Mancha;2020;T2
01/06/2020;781,00;Ciudad Real;Castilla la Mancha;2020;T2
01/06/2020;841,00;Jaén;Andalucia;2020;T2
01/06/2020;866,00;Ávila;Castilla y Leon;2020;T2
01/06/2020;872,00;Cáceres;Extremadura;2020;T2
01/06/2020;895,00;Teruel;Aragon;2020;T2
01/06/2020;903,00;Badajoz;Extremadura;2020;T2
01/06/2020;967,00;Zamora;Castilla y Leon;2020;T2
01/06/2020;984,00;León;Castilla y León;2020;T2
01/06/2020;1009,00;Lugo;Galicia;2020;T2
01/06/2020;1032,00;Murcia;Murcia;2020;T2
01/06/2020;1041,00;Soria;Castilla y Leon;2020;T2
01/06/2020;1054,00;Albacete;Castilla la Mancha;2020;T2
01/06/2020;1057,00;Castellón;Comunitat Valenciana;2020;T2
01/06/2020;1063,00;Segovia;Castilla y Leon;2020;T2
01/06/2020;1068,00;Almeria;Andalucia;2020;T2
01/06/2020;1137,00;Ourense;Galicia;2020;T2
01/06/2020;1139,00;Palencia;Castilla y Leon;2020;T2
01/06/2020;1149,00;Burgos;Castilla y Leon;2020;T2
01/06/2020;1152,00;Lleida;Cataluña;2020;T2
01/06/2020;1162,00;Granada;Andalucia;2020;T2
01/06/2020;1184,00;Valencia;Comunitat Valenciana;2020;T2
01/06/2020;1192,00;Córdoba;Andalucia;2020;T2
01/06/2020;1232,00;Valladolid;Castilla y Leon;2020;T2
01/06/2020;1288,00;A Coruña;Galicia;2020;T2
01/06/2020;1292,00;Salamanca;Castilla y Leon;2020;T2
01/06/2020;1312,00;Zaragoza;Aragon;2020;T2
01/06/2020;1312,00;Tarragona;Cataluña;2020;T2
01/06/2020;1324,00;Gijón;Asturias;2020;T2
01/06/2020;1378,00;Pamplona;Navarra;2020;T2
01/06/2020;1401,00;Sevilla;Andalucia;2020;T2
01/06/2020;1417,00;Huesca;Aragon;2020;T2
01/06/2020;1434,00;Cantabria;Cantabria;2020;T2
01/06/2020;1459,00;Pontevedra;Galicia;2020;T2
01/06/2020;1503,00;Cádiz;Andalucia;2020;T2
01/06/2020;1584,00;Alicante;Comunitat Valenciana;2020;T2
01/06/2020;1743,00;Melilla;Melilla;2020;T2
01/06/2020;1804,00;Santa Cruz de Tenerife;Canarias;2020;T2
01/06/2020;1899,00;Las Palmas;Canarias;2020;T2
01/06/2020;2032,00;Vitoria-Gasteiz;Euskadi;2020;T2
01/06/2020;2138,00;Ceuta;Ceuta;2020;T2
01/06/2020;2234,00;Malaga;Andalucia;2020;T2
01/06/2020;2553,00;Bilbao;Euskadi;2020;T2
01/06/2020;2563,00;Barcelona;Cataluña;2020;T2
01/06/2020;3013,00;Guipuzcoa;Euskadi;2020;T2
01/06/2020;3089,00;Palma de Mallorca;Baleares;2020;T2
01/06/2020;4015,00;Madrid;Madrid;2020;T2
01/05/2020;1520,00;Cádiz;Andalucia;2020;T2
01/05/2020;1600,00;Alicante;Comunitat Valenciana;2020;T2
01/05/2020;2050,00;Gerona;Cataluña;2020;T2
01/05/2020;4010,00;Madrid;Madrid;2020;T2
01/05/2020;763,00;Cuenca;Castilla la Mancha;2020;T2
01/05/2020;778,00;Toledo;Castilla la Mancha;2020;T2
01/05/2020;799,00;Ciudad Real;Castilla la Mancha;2020;T2
01/05/2020;846,00;Jaén;Andalucia;2020;T2
01/05/2020;863,00;Ávila;Castilla y Leon;2020;T2
01/05/2020;879,00;Cáceres;Extremadura;2020;T2
01/05/2020;905,00;Teruel;Aragon;2020;T2
01/05/2020;915,00;Badajoz;Extremadura;2020;T2
01/05/2020;982,00;Zamora;Castilla y Leon;2020;T2
01/05/2020;996,00;Lugo;Galicia;2020;T2
01/05/2020;998,00;León;Castilla y León;2020;T2
01/05/2020;1027,00;Soria;Castilla y Leon;2020;T2
01/05/2020;1033,00;Guadalajara;Castilla la Mancha;2020;T2
01/05/2020;1055,00;Murcia;Murcia;2020;T2
01/05/2020;1083,00;Albacete;Castilla la Mancha;2020;T2
01/05/2020;1087,00;Segovia;Castilla y Leon;2020;T2
01/05/2020;1097,00;Almeria;Andalucia;2020;T2
01/05/2020;1103,00;Castellón;Comunitat Valenciana;2020;T2
01/05/2020;1138,00;Ourense;Galicia;2020;T2
01/05/2020;1144,00;Palencia;Castilla y Leon;2020;T2
01/05/2020;1167,00;Burgos;Castilla y Leon;2020;T2
01/05/2020;1187,00;Granada;Andalucia;2020;T2
01/05/2020;1205,00;Valencia;Comunitat Valenciana;2020;T2
01/05/2020;1216,00;Córdoba;Andalucia;2020;T2
01/05/2020;1228,00;Lleida;Cataluña;2020;T2
01/05/2020;1229,00;Huelva;Andalucia;2020;T2
01/05/2020;1242,00;Valladolid;Castilla y Leon;2020;T2
01/05/2020;1292,00;A Coruña;Galicia;2020;T2
01/05/2020;1309,00;Salamanca;Castilla y Leon;2020;T2
01/05/2020;1332,00;Zaragoza;Aragon;2020;T2
01/05/2020;1332,00;Gijón;Asturias;2020;T2
01/05/2020;1354,00;Tarragona;Cataluña;2020;T2
01/05/2020;1404,00;Pamplona;Navarra;2020;T2
01/05/2020;1409,00;Sevilla;Andalucia;2020;T2
01/05/2020;1436,00;Cantabria;Cantabria;2020;T2
01/05/2020;1448,00;Huesca;Aragon;2020;T2
01/05/2020;1478,00;Pontevedra;Galicia;2020;T2
01/05/2020;1735,00;Melilla;Melilla;2020;T2
01/05/2020;1832,00;Santa Cruz de Tenerife;Canarias;2020;T2
01/05/2020;1916,00;Las Palmas;Canarias;2020;T2
01/05/2020;2032,00;Vitoria-Gasteiz;Euskadi;2020;T2
01/05/2020;2138,00;Ceuta;Ceuta;2020;T2
01/05/2020;2245,00;Malaga;Andalucia;2020;T2
01/05/2020;2549,00;Bilbao;Euskadi;2020;T2
01/05/2020;2602,00;Barcelona;Cataluña;2020;T2
01/05/2020;2965,00;Guipuzcoa;Euskadi;2020;T2
01/05/2020;3091,00;Palma de Mallorca;Baleares;2020;T2
01/04/2020;1340,00;Zaragoza;Aragon;2020;T2
01/04/2020;1420,00;Sevilla;Andalucia;2020;T2
01/04/2020;1420,00;Pamplona;Navarra;2020;T2
01/04/2020;767,00;Cuenca;Castilla la Mancha;2020;T2
01/04/2020;787,00;Toledo;Castilla la Mancha;2020;T2
01/04/2020;797,00;Ciudad Real;Castilla la Mancha;2020;T2
01/04/2020;856,00;Jaén;Andalucia;2020;T2
01/04/2020;856,00;Ávila;Castilla y Leon;2020;T2
01/04/2020;883,00;Cáceres;Extremadura;2020;T2
01/04/2020;896,00;Teruel;Aragon;2020;T2
01/04/2020;917,00;Badajoz;Extremadura;2020;T2
01/04/2020;982,00;Zamora;Castilla y Leon;2020;T2
01/04/2020;999,00;Lugo;Galicia;2020;T2
01/04/2020;1001,00;León;Castilla y León;2020;T2
01/04/2020;1006,00;Soria;Castilla y Leon;2020;T2
01/04/2020;1047,00;Guadalajara;Castilla la Mancha;2020;T2
01/04/2020;1058,00;Murcia;Murcia;2020;T2
01/04/2020;1087,00;Segovia;Castilla y Leon;2020;T2
01/04/2020;1099,00;Albacete;Castilla la Mancha;2020;T2
01/04/2020;1103,00;Almeria;Andalucia;2020;T2
01/04/2020;1112,00;Castellón;Comunitat Valenciana;2020;T2
01/04/2020;1147,00;Ourense;Galicia;2020;T2
01/04/2020;1155,00;Palencia;Castilla y Leon;2020;T2
01/04/2020;1175,00;Burgos;Castilla y Leon;2020;T2
01/04/2020;1213,00;Granada;Andalucia;2020;T2
01/04/2020;1213,00;Valencia;Comunitat Valenciana;2020;T2
01/04/2020;1225,00;Córdoba;Andalucia;2020;T2
01/04/2020;1231,00;Lleida;Cataluña;2020;T2
01/04/2020;1233,00;Huelva;Andalucia;2020;T2
01/04/2020;1253,00;Valladolid;Castilla y Leon;2020;T2
01/04/2020;1312,00;A Coruña;Galicia;2020;T2
01/04/2020;1313,00;Salamanca;Castilla y Leon;2020;T2
01/04/2020;1339,00;Gijón;Asturias;2020;T2
01/04/2020;1364,00;Tarragona;Cataluña;2020;T2
01/04/2020;1437,00;Huesca;Aragon;2020;T2
01/04/2020;1448,00;Cantabria;Cantabria;2020;T2
01/04/2020;1489,00;Pontevedra;Galicia;2020;T2
01/04/2020;1516,00;Cádiz;Andalucia;2020;T2
01/04/2020;1583,00;Alicante;Comunitat Valenciana;2020;T2
01/04/2020;1751,00;Melilla;Melilla;2020;T2
01/04/2020;1856,00;Santa Cruz de Tenerife;Canarias;2020;T2
01/04/2020;1932,00;Las Palmas;Canarias;2020;T2
01/04/2020;2028,00;Vitoria-Gasteiz;Euskadi;2020;T2
01/04/2020;2041,00;Gerona;Cataluña;2020;T2
01/04/2020;2125,00;Ceuta;Ceuta;2020;T2
01/04/2020;2222,00;Malaga;Andalucia;2020;T2
01/04/2020;2559,00;Bilbao;Euskadi;2020;T2
01/04/2020;2615,00;Barcelona;Cataluña;2020;T2
01/04/2020;2969,00;Guipuzcoa;Euskadi;2020;T2
01/04/2020;3071,00;Palma de Mallorca;Baleares;2020;T2
01/04/2020;4011,00;Madrid;Madrid;2020;T2
01/03/2020;1090,00;Segovia;Castilla y Leon;2020;T1
01/03/2020;1100,00;Albacete;Castilla la Mancha;2020;T1
01/03/2020;1210,00;Granada;Andalucia;2020;T1
01/03/2020;1350,00;Zaragoza;Aragon;2020;T1
01/03/2020;1420,00;Pamplona;Navarra;2020;T1
01/03/2020;1760,00;Melilla;Melilla;2020;T1
01/03/2020;772,00;Cuenca;Castilla la Mancha;2020;T1
01/03/2020;787,00;Toledo;Castilla la Mancha;2020;T1
01/03/2020;800,00;Ciudad Real;Castilla la Mancha;2020;T1
01/03/2020;854,00;Ávila;Castilla y Leon;2020;T1
01/03/2020;861,00;Jaén;Andalucia;2020;T1
01/03/2020;882,00;Teruel;Aragon;2020;T1
01/03/2020;888,00;Cáceres;Extremadura;2020;T1
01/03/2020;923,00;Badajoz;Extremadura;2020;T1
01/03/2020;978,00;Soria;Castilla y Leon;2020;T1
01/03/2020;985,00;Zamora;Castilla y Leon;2020;T1
01/03/2020;1001,00;León;Castilla y León;2020;T1
01/03/2020;1006,00;Lugo;Galicia;2020;T1
01/03/2020;1041,00;Guadalajara;Castilla la Mancha;2020;T1
01/03/2020;1055,00;Murcia;Murcia;2020;T1
01/03/2020;1098,00;Almeria;Andalucia;2020;T1
01/03/2020;1111,00;Castellón;Comunitat Valenciana;2020;T1
01/03/2020;1148,00;Ourense;Galicia;2020;T1
01/03/2020;1165,00;Palencia;Castilla y Leon;2020;T1
01/03/2020;1175,00;Burgos;Castilla y Leon;2020;T1
01/03/2020;1219,00;Valencia;Comunitat Valenciana;2020;T1
01/03/2020;1227,00;Lleida;Cataluña;2020;T1
01/03/2020;1231,00;Córdoba;Andalucia;2020;T1
01/03/2020;1231,00;Huelva;Andalucia;2020;T1
01/03/2020;1252,00;Valladolid;Castilla y Leon;2020;T1
01/03/2020;1316,00;Salamanca;Castilla y Leon;2020;T1
01/03/2020;1316,00;A Coruña;Galicia;2020;T1
01/03/2020;1344,00;Gijón;Asturias;2020;T1
01/03/2020;1365,00;Tarragona;Cataluña;2020;T1
01/03/2020;1411,00;Huesca;Aragon;2020;T1
01/03/2020;1415,00;Sevilla;Andalucia;2020;T1
01/03/2020;1447,00;Cantabria;Cantabria;2020;T1
01/03/2020;1491,00;Pontevedra;Galicia;2020;T1
01/03/2020;1514,00;Cádiz;Andalucia;2020;T1
01/03/2020;1571,00;Alicante;Comunitat Valenciana;2020;T1
01/03/2020;1848,00;Santa Cruz de Tenerife;Canarias;2020;T1
01/03/2020;1939,00;Las Palmas;Canarias;2020;T1
01/03/2020;2027,00;Vitoria-Gasteiz;Euskadi;2020;T1
01/03/2020;2029,00;Gerona;Cataluña;2020;T1
01/03/2020;2114,00;Ceuta;Ceuta;2020;T1
01/03/2020;2215,00;Malaga;Andalucia;2020;T1
01/03/2020;2559,00;Bilbao;Euskadi;2020;T1
01/03/2020;2611,00;Barcelona;Cataluña;2020;T1
01/03/2020;2969,00;Guipuzcoa;Euskadi;2020;T1
01/03/2020;3061,00;Palma de Mallorca;Baleares;2020;T1
01/03/2020;4021,00;Madrid;Madrid;2020;T1
01/02/2020;1010,00;Lugo;Galicia;2020;T1
01/02/2020;1090,00;Segovia;Castilla y Leon;2020;T1
01/02/2020;1140,00;Ourense;Galicia;2020;T1
01/02/2020;1170,00;Palencia;Castilla y Leon;2020;T1
01/02/2020;1310,00;A Coruña;Galicia;2020;T1
01/02/2020;1770,00;Melilla;Melilla;2020;T1
01/02/2020;2030,00;Vitoria-Gasteiz;Euskadi;2020;T1
01/02/2020;3990,00;Madrid;Madrid;2020;T1
01/02/2020;772,00;Cuenca;Castilla la Mancha;2020;T1
01/02/2020;781,00;Toledo;Castilla la Mancha;2020;T1
01/02/2020;808,00;Ciudad Real;Castilla la Mancha;2020;T1
01/02/2020;851,00;Ávila;Castilla y Leon;2020;T1
01/02/2020;860,00;Jaén;Andalucia;2020;T1
01/02/2020;877,00;Teruel;Aragon;2020;T1
01/02/2020;878,00;Cáceres;Extremadura;2020;T1
01/02/2020;916,00;Badajoz;Extremadura;2020;T1
01/02/2020;975,00;Soria;Castilla y Leon;2020;T1
01/02/2020;986,00;Zamora;Castilla y Leon;2020;T1
01/02/2020;1001,00;León;Castilla y León;2020;T1
01/02/2020;1039,00;Guadalajara;Castilla la Mancha;2020;T1
01/02/2020;1056,00;Murcia;Murcia;2020;T1
01/02/2020;1087,00;Almeria;Andalucia;2020;T1
01/02/2020;1087,00;Albacete;Castilla la Mancha;2020;T1
01/02/2020;1115,00;Castellón;Comunitat Valenciana;2020;T1
01/02/2020;1181,00;Burgos;Castilla y Leon;2020;T1
01/02/2020;1213,00;Granada;Andalucia;2020;T1
01/02/2020;1216,00;Lleida;Cataluña;2020;T1
01/02/2020;1217,00;Valencia;Comunitat Valenciana;2020;T1
01/02/2020;1233,00;Córdoba;Andalucia;2020;T1
01/02/2020;1237,00;Huelva;Andalucia;2020;T1
01/02/2020;1248,00;Valladolid;Castilla y Leon;2020;T1
01/02/2020;1328,00;Salamanca;Castilla y Leon;2020;T1
01/02/2020;1334,00;Gijón;Asturias;2020;T1
01/02/2020;1349,00;Zaragoza;Aragon;2020;T1
01/02/2020;1366,00;Tarragona;Cataluña;2020;T1
01/02/2020;1411,00;Huesca;Aragon;2020;T1
01/02/2020;1411,00;Pamplona;Navarra;2020;T1
01/02/2020;1413,00;Sevilla;Andalucia;2020;T1
01/02/2020;1437,00;Cantabria;Cantabria;2020;T1
01/02/2020;1496,00;Pontevedra;Galicia;2020;T1
01/02/2020;1517,00;Cádiz;Andalucia;2020;T1
01/02/2020;1575,00;Alicante;Comunitat Valenciana;2020;T1
01/02/2020;1844,00;Santa Cruz de Tenerife;Canarias;2020;T1
01/02/2020;1928,00;Las Palmas;Canarias;2020;T1
01/02/2020;2025,00;Gerona;Cataluña;2020;T1
01/02/2020;2084,00;Ceuta;Ceuta;2020;T1
01/02/2020;2207,00;Malaga;Andalucia;2020;T1
01/02/2020;2537,00;Bilbao;Euskadi;2020;T1
01/02/2020;2599,00;Barcelona;Cataluña;2020;T1
01/02/2020;2948,00;Guipuzcoa;Euskadi;2020;T1
01/02/2020;3043,00;Palma de Mallorca;Baleares;2020;T1
01/01/2020;1090,00;Albacete;Castilla la Mancha;2020;T1
01/01/2020;1220,00;Lleida;Cataluña;2020;T1
01/01/2020;1420,00;Pamplona;Navarra;2020;T1
01/01/2020;2610,00;Barcelona;Cataluña;2020;T1
01/01/2020;765,00;Cuenca;Castilla la Mancha;2020;T1
01/01/2020;780,00;Toledo;Castilla la Mancha;2020;T1
01/01/2020;807,00;Ciudad Real;Castilla la Mancha;2020;T1
01/01/2020;856,00;Ávila;Castilla y Leon;2020;T1
01/01/2020;864,00;Jaén;Andalucia;2020;T1
01/01/2020;877,00;Teruel;Aragon;2020;T1
01/01/2020;879,00;Cáceres;Extremadura;2020;T1
01/01/2020;893,00;Badajoz;Extremadura;2020;T1
01/01/2020;971,00;Soria;Castilla y Leon;2020;T1
01/01/2020;983,00;Zamora;Castilla y Leon;2020;T1
01/01/2020;1004,00;León;Castilla y León;2020;T1
01/01/2020;1022,00;Lugo;Galicia;2020;T1
01/01/2020;1038,00;Guadalajara;Castilla la Mancha;2020;T1
01/01/2020;1057,00;Murcia;Murcia;2020;T1
01/01/2020;1086,00;Segovia;Castilla y Leon;2020;T1
01/01/2020;1094,00;Almeria;Andalucia;2020;T1
01/01/2020;1112,00;Castellón;Comunitat Valenciana;2020;T1
01/01/2020;1135,00;Ourense;Galicia;2020;T1
01/01/2020;1173,00;Palencia;Castilla y Leon;2020;T1
01/01/2020;1179,00;Burgos;Castilla y Leon;2020;T1
01/01/2020;1212,00;Granada;Andalucia;2020;T1
01/01/2020;1221,00;Valencia;Comunitat Valenciana;2020;T1
01/01/2020;1232,00;Huelva;Andalucia;2020;T1
01/01/2020;1249,00;Córdoba;Andalucia;2020;T1
01/01/2020;1249,00;Valladolid;Castilla y Leon;2020;T1
01/01/2020;1315,00;A Coruña;Galicia;2020;T1
01/01/2020;1336,00;Gijón;Asturias;2020;T1
01/01/2020;1342,00;Salamanca;Castilla y Leon;2020;T1
01/01/2020;1348,00;Zaragoza;Aragon;2020;T1
01/01/2020;1367,00;Tarragona;Cataluña;2020;T1
01/01/2020;1408,00;Huesca;Aragon;2020;T1
01/01/2020;1409,00;Sevilla;Andalucia;2020;T1
01/01/2020;1443,00;Cantabria;Cantabria;2020;T1
01/01/2020;1499,00;Pontevedra;Galicia;2020;T1
01/01/2020;1508,00;Cádiz;Andalucia;2020;T1
01/01/2020;1575,00;Alicante;Comunitat Valenciana;2020;T1
01/01/2020;1771,00;Melilla;Melilla;2020;T1
01/01/2020;1824,00;Santa Cruz de Tenerife;Canarias;2020;T1
01/01/2020;1927,00;Las Palmas;Canarias;2020;T1
01/01/2020;2011,00;Vitoria-Gasteiz;Euskadi;2020;T1
01/01/2020;2023,00;Gerona;Cataluña;2020;T1
01/01/2020;2075,00;Ceuta;Ceuta;2020;T1
01/01/2020;2208,00;Malaga;Andalucia;2020;T1
01/01/2020;2534,00;Bilbao;Euskadi;2020;T1
01/01/2020;2932,00;Guipuzcoa;Euskadi;2020;T1
01/01/2020;3038,00;Palma de Mallorca;Baleares;2020;T1
01/01/2020;4001,00;Madrid;Madrid;2020;T1
01/12/2019;1000,00;León;Castilla y León;2019;T4
01/12/2019;1190,00;Lleida;Cataluña;2019;T4
01/12/2019;1360,00;Tarragona;Cataluña;2019;T4
01/12/2019;773,00;Cuenca;Castilla la Mancha;2019;T4
01/12/2019;780,00;Toledo;Castilla la Mancha;2019;T4
01/12/2019;807,00;Ciudad Real;Castilla la Mancha;2019;T4
01/12/2019;853,00;Ávila;Castilla y Leon;2019;T4
01/12/2019;858,00;Jaén;Andalucia;2019;T4
01/12/2019;880,00;Cáceres;Extremadura;2019;T4
01/12/2019;896,00;Teruel;Aragon;2019;T4
01/12/2019;899,00;Badajoz;Extremadura;2019;T4
01/12/2019;968,00;Soria;Castilla y Leon;2019;T4
01/12/2019;993,00;Zamora;Castilla y Leon;2019;T4
01/12/2019;1028,00;Lugo;Galicia;2019;T4
01/12/2019;1044,00;Guadalajara;Castilla la Mancha;2019;T4
01/12/2019;1058,00;Murcia;Murcia;2019;T4
01/12/2019;1085,00;Segovia;Castilla y Leon;2019;T4
01/12/2019;1087,00;Albacete;Castilla la Mancha;2019;T4
01/12/2019;1095,00;Almeria;Andalucia;2019;T4
01/12/2019;1113,00;Castellón;Comunitat Valenciana;2019;T4
01/12/2019;1135,00;Ourense;Galicia;2019;T4
01/12/2019;1181,00;Palencia;Castilla y Leon;2019;T4
01/12/2019;1185,00;Burgos;Castilla y Leon;2019;T4
01/12/2019;1209,00;Granada;Andalucia;2019;T4
01/12/2019;1224,00;Valencia;Comunitat Valenciana;2019;T4
01/12/2019;1234,00;Huelva;Andalucia;2019;T4
01/12/2019;1243,00;Córdoba;Andalucia;2019;T4
01/12/2019;1249,00;Valladolid;Castilla y Leon;2019;T4
01/12/2019;1317,00;A Coruña;Galicia;2019;T4
01/12/2019;1337,00;Gijón;Asturias;2019;T4
01/12/2019;1339,00;Zaragoza;Aragon;2019;T4
01/12/2019;1341,00;Salamanca;Castilla y Leon;2019;T4
01/12/2019;1399,00;Huesca;Aragon;2019;T4
01/12/2019;1411,00;Sevilla;Andalucia;2019;T4
01/12/2019;1427,00;Pamplona;Navarra;2019;T4
01/12/2019;1447,00;Cantabria;Cantabria;2019;T4
01/12/2019;1491,00;Pontevedra;Galicia;2019;T4
01/12/2019;1511,00;Cádiz;Andalucia;2019;T4
01/12/2019;1561,00;Alicante;Comunitat Valenciana;2019;T4
01/12/2019;1765,00;Melilla;Melilla;2019;T4
01/12/2019;1797,00;Santa Cruz de Tenerife;Canarias;2019;T4
01/12/2019;1909,00;Las Palmas;Canarias;2019;T4
01/12/2019;1997,00;Vitoria-Gasteiz;Euskadi;2019;T4
01/12/2019;2015,00;Gerona;Cataluña;2019;T4
01/12/2019;2084,00;Ceuta;Ceuta;2019;T4
01/12/2019;2191,00;Malaga;Andalucia;2019;T4
01/12/2019;2547,00;Bilbao;Euskadi;2019;T4
01/12/2019;2609,00;Barcelona;Cataluña;2019;T4
01/12/2019;2953,00;Guipuzcoa;Euskadi;2019;T4
01/12/2019;3042,00;Palma de Mallorca;Baleares;2019;T4
01/12/2019;4036,00;Madrid;Madrid;2019;T4
01/11/2019;1090,00;Segovia;Castilla y Leon;2019;T4
01/11/2019;1240,00;Córdoba;Andalucia;2019;T4
01/11/2019;1250,00;Valladolid;Castilla y Leon;2019;T4
01/11/2019;1360,00;Tarragona;Cataluña;2019;T4
01/11/2019;780,00;Cuenca;Castilla la Mancha;2019;T4
01/11/2019;780,00;Toledo;Castilla la Mancha;2019;T4
01/11/2019;804,00;Ciudad Real;Castilla la Mancha;2019;T4
01/11/2019;854,00;Ávila;Castilla y Leon;2019;T4
01/11/2019;858,00;Jaén;Andalucia;2019;T4
01/11/2019;880,00;Cáceres;Extremadura;2019;T4
01/11/2019;904,00;Badajoz;Extremadura;2019;T4
01/11/2019;908,00;Teruel;Aragon;2019;T4
01/11/2019;964,00;Soria;Castilla y Leon;2019;T4
01/11/2019;993,00;Zamora;Castilla y Leon;2019;T4
01/11/2019;999,00;León;Castilla y León;2019;T4
01/11/2019;1032,00;Lugo;Galicia;2019;T4
01/11/2019;1052,00;Guadalajara;Castilla la Mancha;2019;T4
01/11/2019;1056,00;Murcia;Murcia;2019;T4
01/11/2019;1082,00;Albacete;Castilla la Mancha;2019;T4
01/11/2019;1095,00;Almeria;Andalucia;2019;T4
01/11/2019;1113,00;Castellón;Comunitat Valenciana;2019;T4
01/11/2019;1134,00;Ourense;Galicia;2019;T4
01/11/2019;1161,00;Palencia;Castilla y Leon;2019;T4
01/11/2019;1183,00;Lleida;Cataluña;2019;T4
01/11/2019;1186,00;Burgos;Castilla y Leon;2019;T4
01/11/2019;1213,00;Granada;Andalucia;2019;T4
01/11/2019;1225,00;Valencia;Comunitat Valenciana;2019;T4
01/11/2019;1236,00;Huelva;Andalucia;2019;T4
01/11/2019;1321,00;A Coruña;Galicia;2019;T4
01/11/2019;1338,00;Zaragoza;Aragon;2019;T4
01/11/2019;1343,00;Gijón;Asturias;2019;T4
01/11/2019;1344,00;Salamanca;Castilla y Leon;2019;T4
01/11/2019;1403,00;Huesca;Aragon;2019;T4
01/11/2019;1412,00;Sevilla;Andalucia;2019;T4
01/11/2019;1418,00;Pamplona;Navarra;2019;T4
01/11/2019;1453,00;Cantabria;Cantabria;2019;T4
01/11/2019;1487,00;Pontevedra;Galicia;2019;T4
01/11/2019;1504,00;Cádiz;Andalucia;2019;T4
01/11/2019;1559,00;Alicante;Comunitat Valenciana;2019;T4
01/11/2019;1763,00;Melilla;Melilla;2019;T4
01/11/2019;1784,00;Santa Cruz de Tenerife;Canarias;2019;T4
01/11/2019;1896,00;Las Palmas;Canarias;2019;T4
01/11/2019;1976,00;Vitoria-Gasteiz;Euskadi;2019;T4
01/11/2019;2011,00;Gerona;Cataluña;2019;T4
01/11/2019;2081,00;Ceuta;Ceuta;2019;T4
01/11/2019;2184,00;Malaga;Andalucia;2019;T4
01/11/2019;2547,00;Bilbao;Euskadi;2019;T4
01/11/2019;2606,00;Barcelona;Cataluña;2019;T4
01/11/2019;2933,00;Guipuzcoa;Euskadi;2019;T4
01/11/2019;3056,00;Palma de Mallorca;Baleares;2019;T4
01/11/2019;4073,00;Madrid;Madrid;2019;T4
01/10/2019;1240,00;Córdoba;Andalucia;2019;T4
01/10/2019;1770,00;Melilla;Melilla;2019;T4
01/10/2019;2110,00;Ceuta;Ceuta;2019;T4
01/10/2019;2600,00;Barcelona;Cataluña;2019;T4
01/10/2019;783,00;Cuenca;Castilla la Mancha;2019;T4
01/10/2019;787,00;Toledo;Castilla la Mancha;2019;T4
01/10/2019;814,00;Ciudad Real;Castilla la Mancha;2019;T4
01/10/2019;856,00;Ávila;Castilla y Leon;2019;T4
01/10/2019;864,00;Jaén;Andalucia;2019;T4
01/10/2019;889,00;Cáceres;Extremadura;2019;T4
01/10/2019;902,00;Badajoz;Extremadura;2019;T4
01/10/2019;907,00;Teruel;Aragon;2019;T4
01/10/2019;973,00;Soria;Castilla y Leon;2019;T4
01/10/2019;995,00;León;Castilla y León;2019;T4
01/10/2019;999,00;Zamora;Castilla y Leon;2019;T4
01/10/2019;1037,00;Lugo;Galicia;2019;T4
01/10/2019;1053,00;Guadalajara;Castilla la Mancha;2019;T4
01/10/2019;1055,00;Murcia;Murcia;2019;T4
01/10/2019;1074,00;Albacete;Castilla la Mancha;2019;T4
01/10/2019;1098,00;Segovia;Castilla y Leon;2019;T4
01/10/2019;1101,00;Almeria;Andalucia;2019;T4
01/10/2019;1125,00;Castellón;Comunitat Valenciana;2019;T4
01/10/2019;1141,00;Ourense;Galicia;2019;T4
01/10/2019;1157,00;Palencia;Castilla y Leon;2019;T4
01/10/2019;1178,00;Burgos;Castilla y Leon;2019;T4
01/10/2019;1192,00;Lleida;Cataluña;2019;T4
01/10/2019;1212,00;Granada;Andalucia;2019;T4
01/10/2019;1227,00;Valencia;Comunitat Valenciana;2019;T4
01/10/2019;1236,00;Huelva;Andalucia;2019;T4
01/10/2019;1254,00;Valladolid;Castilla y Leon;2019;T4
01/10/2019;1318,00;A Coruña;Galicia;2019;T4
01/10/2019;1338,00;Zaragoza;Aragon;2019;T4
01/10/2019;1341,00;Salamanca;Castilla y Leon;2019;T4
01/10/2019;1348,00;Gijón;Asturias;2019;T4
01/10/2019;1369,00;Tarragona;Cataluña;2019;T4
01/10/2019;1404,00;Sevilla;Andalucia;2019;T4
01/10/2019;1408,00;Pamplona;Navarra;2019;T4
01/10/2019;1413,00;Huesca;Aragon;2019;T4
01/10/2019;1446,00;Cantabria;Cantabria;2019;T4
01/10/2019;1488,00;Pontevedra;Galicia;2019;T4
01/10/2019;1506,00;Cádiz;Andalucia;2019;T4
01/10/2019;1561,00;Alicante;Comunitat Valenciana;2019;T4
01/10/2019;1771,00;Santa Cruz de Tenerife;Canarias;2019;T4
01/10/2019;1876,00;Las Palmas;Canarias;2019;T4
01/10/2019;1945,00;Vitoria-Gasteiz;Euskadi;2019;T4
01/10/2019;2014,00;Gerona;Cataluña;2019;T4
01/10/2019;2166,00;Malaga;Andalucia;2019;T4
01/10/2019;2543,00;Bilbao;Euskadi;2019;T4
01/10/2019;2884,00;Guipuzcoa;Euskadi;2019;T4
01/10/2019;3042,00;Palma de Mallorca;Baleares;2019;T4
01/10/2019;4075,00;Madrid;Madrid;2019;T4
01/09/2019;1320,00;A Coruña;Galicia;2019;T3
01/09/2019;2110,00;Ceuta;Ceuta;2019;T3
01/09/2019;2150,00;Malaga;Andalucia;2019;T3
01/09/2019;787,00;Cuenca;Castilla la Mancha;2019;T3
01/09/2019;794,00;Toledo;Castilla la Mancha;2019;T3
01/09/2019;810,00;Ciudad Real;Castilla la Mancha;2019;T3
01/09/2019;850,00;Ávila;Castilla y Leon;2019;T3
01/09/2019;865,00;Jaén;Andalucia;2019;T3
01/09/2019;901,00;Cáceres;Extremadura;2019;T3
01/09/2019;902,00;Teruel;Aragon;2019;T3
01/09/2019;906,00;Badajoz;Extremadura;2019;T3
01/09/2019;983,00;Soria;Castilla y Leon;2019;T3
01/09/2019;998,00;León;Castilla y León;2019;T3
01/09/2019;1004,00;Zamora;Castilla y Leon;2019;T3
01/09/2019;1042,00;Lugo;Galicia;2019;T3
01/09/2019;1048,00;Guadalajara;Castilla la Mancha;2019;T3
01/09/2019;1053,00;Murcia;Murcia;2019;T3
01/09/2019;1075,00;Albacete;Castilla la Mancha;2019;T3
01/09/2019;1102,00;Segovia;Castilla y Leon;2019;T3
01/09/2019;1107,00;Almeria;Andalucia;2019;T3
01/09/2019;1115,00;Castellón;Comunitat Valenciana;2019;T3
01/09/2019;1131,00;Ourense;Galicia;2019;T3
01/09/2019;1158,00;Palencia;Castilla y Leon;2019;T3
01/09/2019;1196,00;Granada;Andalucia;2019;T3
01/09/2019;1197,00;Lleida;Cataluña;2019;T3
01/09/2019;1219,00;Valencia;Comunitat Valenciana;2019;T3
01/09/2019;1231,00;Huelva;Andalucia;2019;T3
01/09/2019;1235,00;Córdoba;Andalucia;2019;T3
01/09/2019;1258,00;Valladolid;Castilla y Leon;2019;T3
01/09/2019;1332,00;Zaragoza;Aragon;2019;T3
01/09/2019;1342,00;Salamanca;Castilla y Leon;2019;T3
01/09/2019;1348,00;Gijón;Asturias;2019;T3
01/09/2019;1373,00;Tarragona;Cataluña;2019;T3
01/09/2019;1402,00;Sevilla;Andalucia;2019;T3
01/09/2019;1402,00;Pamplona;Navarra;2019;T3
01/09/2019;1413,00;Huesca;Aragon;2019;T3
01/09/2019;1449,00;Cantabria;Cantabria;2019;T3
01/09/2019;1487,00;Pontevedra;Galicia;2019;T3
01/09/2019;1506,00;Cádiz;Andalucia;2019;T3
01/09/2019;1561,00;Alicante;Comunitat Valenciana;2019;T3
01/09/2019;1755,00;Santa Cruz de Tenerife;Canarias;2019;T3
01/09/2019;1772,00;Melilla;Melilla;2019;T3
01/09/2019;1873,00;Las Palmas;Canarias;2019;T3
01/09/2019;1946,00;Vitoria-Gasteiz;Euskadi;2019;T3
01/09/2019;2012,00;Gerona;Cataluña;2019;T3
01/09/2019;2525,00;Bilbao;Euskadi;2019;T3
01/09/2019;2603,00;Barcelona;Cataluña;2019;T3
01/09/2019;2882,00;Guipuzcoa;Euskadi;2019;T3
01/09/2019;3055,00;Palma de Mallorca;Baleares;2019;T3
01/08/2019;1190,00;Lleida;Cataluña;2019;T3
01/08/2019;1350,00;Gijón;Asturias;2019;T3
01/08/2019;1390,00;Pamplona;Navarra;2019;T3
01/08/2019;781,00;Toledo;Castilla la Mancha;2019;T3
01/08/2019;785,00;Cuenca;Castilla la Mancha;2019;T3
01/08/2019;811,00;Ciudad Real;Castilla la Mancha;2019;T3
01/08/2019;842,00;Ávila;Castilla y Leon;2019;T3
01/08/2019;866,00;Jaén;Andalucia;2019;T3
01/08/2019;891,00;Teruel;Aragon;2019;T3
01/08/2019;894,00;Cáceres;Extremadura;2019;T3
01/08/2019;912,00;Badajoz;Extremadura;2019;T3
01/08/2019;985,00;Soria;Castilla y Leon;2019;T3
01/08/2019;1003,00;León;Castilla y León;2019;T3
01/08/2019;1006,00;Zamora;Castilla y Leon;2019;T3
01/08/2019;1043,00;Murcia;Murcia;2019;T3
01/08/2019;1044,00;Lugo;Galicia;2019;T3
01/08/2019;1047,00;Guadalajara;Castilla la Mancha;2019;T3
01/08/2019;1071,00;Albacete;Castilla la Mancha;2019;T3
01/08/2019;1101,00;Almeria;Andalucia;2019;T3
01/08/2019;1106,00;Castellón;Comunitat Valenciana;2019;T3
01/08/2019;1109,00;Segovia;Castilla y Leon;2019;T3
01/08/2019;1145,00;Ourense;Galicia;2019;T3
01/08/2019;1171,00;Palencia;Castilla y Leon;2019;T3
01/08/2019;1197,00;Granada;Andalucia;2019;T3
01/08/2019;1219,00;Valencia;Comunitat Valenciana;2019;T3
01/08/2019;1221,00;Huelva;Andalucia;2019;T3
01/08/2019;1248,00;Córdoba;Andalucia;2019;T3
01/08/2019;1257,00;Valladolid;Castilla y Leon;2019;T3
01/08/2019;1327,00;A Coruña;Galicia;2019;T3
01/08/2019;1338,00;Zaragoza;Aragon;2019;T3
01/08/2019;1341,00;Salamanca;Castilla y Leon;2019;T3
01/08/2019;1365,00;Tarragona;Cataluña;2019;T3
01/08/2019;1401,00;Sevilla;Andalucia;2019;T3
01/08/2019;1405,00;Huesca;Aragon;2019;T3
01/08/2019;1456,00;Cantabria;Cantabria;2019;T3
01/08/2019;1493,00;Pontevedra;Galicia;2019;T3
01/08/2019;1496,00;Cádiz;Andalucia;2019;T3
01/08/2019;1561,00;Alicante;Comunitat Valenciana;2019;T3
01/08/2019;1752,00;Melilla;Melilla;2019;T3
01/08/2019;1776,00;Santa Cruz de Tenerife;Canarias;2019;T3
01/08/2019;1869,00;Las Palmas;Canarias;2019;T3
01/08/2019;1946,00;Vitoria-Gasteiz;Euskadi;2019;T3
01/08/2019;2004,00;Gerona;Cataluña;2019;T3
01/08/2019;2139,00;Malaga;Andalucia;2019;T3
01/08/2019;2175,00;Ceuta;Ceuta;2019;T3
01/08/2019;2532,00;Bilbao;Euskadi;2019;T3
01/08/2019;2612,00;Barcelona;Cataluña;2019;T3
01/08/2019;2884,00;Guipuzcoa;Euskadi;2019;T3
01/08/2019;3009,00;Palma de Mallorca;Baleares;2019;T3
01/07/2019;1330,00;A Coruña;Galicia;2019;T3
01/07/2019;1410,00;Pamplona;Navarra;2019;T3
01/07/2019;1940,00;Vitoria-Gasteiz;Euskadi;2019;T3
01/07/2019;786,00;Toledo;Castilla la Mancha;2019;T3
01/07/2019;790,00;Cuenca;Castilla la Mancha;2019;T3
01/07/2019;813,00;Ciudad Real;Castilla la Mancha;2019;T3
01/07/2019;832,00;Ávila;Castilla y Leon;2019;T3
01/07/2019;865,00;Jaén;Andalucia;2019;T3
01/07/2019;892,00;Cáceres;Extremadura;2019;T3
01/07/2019;900,00;Teruel;Aragon;2019;T3
01/07/2019;915,00;Badajoz;Extremadura;2019;T3
01/07/2019;986,00;Soria;Castilla y Leon;2019;T3
01/07/2019;997,00;Zamora;Castilla y Leon;2019;T3
01/07/2019;1007,00;León;Castilla y León;2019;T3
01/07/2019;1036,00;Murcia;Murcia;2019;T3
01/07/2019;1046,00;Lugo;Galicia;2019;T3
01/07/2019;1054,00;Guadalajara;Castilla la Mancha;2019;T3
01/07/2019;1078,00;Albacete;Castilla la Mancha;2019;T3
01/07/2019;1091,00;Almeria;Andalucia;2019;T3
01/07/2019;1096,00;Castellón;Comunitat Valenciana;2019;T3
01/07/2019;1115,00;Segovia;Castilla y Leon;2019;T3
01/07/2019;1163,00;Ourense;Galicia;2019;T3
01/07/2019;1187,00;Lleida;Cataluña;2019;T3
01/07/2019;1188,00;Granada;Andalucia;2019;T3
01/07/2019;1193,00;Palencia;Castilla y Leon;2019;T3
01/07/2019;1208,00;Valencia;Comunitat Valenciana;2019;T3
01/07/2019;1221,00;Huelva;Andalucia;2019;T3
01/07/2019;1229,00;Valladolid;Castilla y Leon;2019;T3
01/07/2019;1262,00;Córdoba;Andalucia;2019;T3
01/07/2019;1332,00;Zaragoza;Aragon;2019;T3
01/07/2019;1337,00;Salamanca;Castilla y Leon;2019;T3
01/07/2019;1347,00;Gijón;Asturias;2019;T3
01/07/2019;1363,00;Tarragona;Cataluña;2019;T3
01/07/2019;1372,00;Huesca;Aragon;2019;T3
01/07/2019;1405,00;Sevilla;Andalucia;2019;T3
01/07/2019;1466,00;Cantabria;Cantabria;2019;T3
01/07/2019;1495,00;Cádiz;Andalucia;2019;T3
01/07/2019;1497,00;Pontevedra;Galicia;2019;T3
01/07/2019;1564,00;Alicante;Comunitat Valenciana;2019;T3
01/07/2019;1772,00;Melilla;Melilla;2019;T3
01/07/2019;1791,00;Santa Cruz de Tenerife;Canarias;2019;T3
01/07/2019;1863,00;Las Palmas;Canarias;2019;T3
01/07/2019;2013,00;Gerona;Cataluña;2019;T3
01/07/2019;2092,00;Ceuta;Ceuta;2019;T3
01/07/2019;2133,00;Malaga;Andalucia;2019;T3
01/07/2019;2536,00;Bilbao;Euskadi;2019;T3
01/07/2019;2609,00;Barcelona;Cataluña;2019;T3
01/07/2019;2897,00;Guipuzcoa;Euskadi;2019;T3
01/07/2019;3014,00;Palma de Mallorca;Baleares;2019;T3
01/06/2019;1000,00;Soria;Castilla y Leon;2019;T2
01/06/2019;1050,00;Lugo;Galicia;2019;T2
01/06/2019;1180,00;Lleida;Cataluña;2019;T2
01/06/2019;1200,00;Palencia;Castilla y Leon;2019;T2
01/06/2019;1350,00;Gijón;Asturias;2019;T2
01/06/2019;1360,00;Tarragona;Cataluña;2019;T2
01/06/2019;1560,00;Alicante;Comunitat Valenciana;2019;T2
01/06/2019;1780,00;Santa Cruz de Tenerife;Canarias;2019;T2
01/06/2019;783,00;Toledo;Castilla la Mancha;2019;T2
01/06/2019;797,00;Cuenca;Castilla la Mancha;2019;T2
01/06/2019;814,00;Ciudad Real;Castilla la Mancha;2019;T2
01/06/2019;831,00;Ávila;Castilla y Leon;2019;T2
01/06/2019;875,00;Jaén;Andalucia;2019;T2
01/06/2019;894,00;Teruel;Aragon;2019;T2
01/06/2019;898,00;Cáceres;Extremadura;2019;T2
01/06/2019;913,00;Badajoz;Extremadura;2019;T2
01/06/2019;1001,00;Zamora;Castilla y Leon;2019;T2
01/06/2019;1015,00;León;Castilla y León;2019;T2
01/06/2019;1043,00;Murcia;Murcia;2019;T2
01/06/2019;1055,00;Guadalajara;Castilla la Mancha;2019;T2
01/06/2019;1095,00;Albacete;Castilla la Mancha;2019;T2
01/06/2019;1100,00;Almeria;Andalucia;2019;T2
01/06/2019;1108,00;Castellón;Comunitat Valenciana;2019;T2
01/06/2019;1122,00;Segovia;Castilla y Leon;2019;T2
01/06/2019;1172,00;Ourense;Galicia;2019;T2
01/06/2019;1188,00;Granada;Andalucia;2019;T2
01/06/2019;1209,00;Valencia;Comunitat Valenciana;2019;T2
01/06/2019;1225,00;Huelva;Andalucia;2019;T2
01/06/2019;1231,00;Valladolid;Castilla y Leon;2019;T2
01/06/2019;1269,00;Córdoba;Andalucia;2019;T2
01/06/2019;1325,00;Zaragoza;Aragon;2019;T2
01/06/2019;1325,00;A Coruña;Galicia;2019;T2
01/06/2019;1337,00;Salamanca;Castilla y Leon;2019;T2
01/06/2019;1368,00;Huesca;Aragon;2019;T2
01/06/2019;1411,00;Sevilla;Andalucia;2019;T2
01/06/2019;1419,00;Pamplona;Navarra;2019;T2
01/06/2019;1469,00;Cantabria;Cantabria;2019;T2
01/06/2019;1487,00;Cádiz;Andalucia;2019;T2
01/06/2019;1499,00;Pontevedra;Galicia;2019;T2
01/06/2019;1766,00;Melilla;Melilla;2019;T2
01/06/2019;1871,00;Las Palmas;Canarias;2019;T2
01/06/2019;1941,00;Vitoria-Gasteiz;Euskadi;2019;T2
01/06/2019;2009,00;Gerona;Cataluña;2019;T2
01/06/2019;2075,00;Ceuta;Ceuta;2019;T2
01/06/2019;2116,00;Malaga;Andalucia;2019;T2
01/06/2019;2535,00;Bilbao;Euskadi;2019;T2
01/06/2019;2605,00;Barcelona;Cataluña;2019;T2
01/06/2019;2892,00;Guipuzcoa;Euskadi;2019;T2
01/06/2019;3002,00;Palma de Mallorca;Baleares;2019;T2
01/05/2019;1030,00;Murcia;Murcia;2019;T2
01/05/2019;1200,00;Valencia;Comunitat Valenciana;2019;T2
01/05/2019;1340,00;Tarragona;Cataluña;2019;T2
01/05/2019;2580,00;Barcelona;Cataluña;2019;T2
01/05/2019;772,00;Toledo;Castilla la Mancha;2019;T2
01/05/2019;789,00;Cuenca;Castilla la Mancha;2019;T2
01/05/2019;815,00;Ciudad Real;Castilla la Mancha;2019;T2
01/05/2019;828,00;Ávila;Castilla y Leon;2019;T2
01/05/2019;869,00;Teruel;Aragon;2019;T2
01/05/2019;876,00;Jaén;Andalucia;2019;T2
01/05/2019;891,00;Cáceres;Extremadura;2019;T2
01/05/2019;908,00;Badajoz;Extremadura;2019;T2
01/05/2019;996,00;Soria;Castilla y Leon;2019;T2
01/05/2019;1002,00;Zamora;Castilla y Leon;2019;T2
01/05/2019;1014,00;León;Castilla y León;2019;T2
01/05/2019;1048,00;Lugo;Galicia;2019;T2
01/05/2019;1056,00;Guadalajara;Castilla la Mancha;2019;T2
01/05/2019;1082,00;Albacete;Castilla la Mancha;2019;T2
01/05/2019;1090,00;Almeria;Andalucia;2019;T2
01/05/2019;1095,00;Castellón;Comunitat Valenciana;2019;T2
01/05/2019;1121,00;Segovia;Castilla y Leon;2019;T2
01/05/2019;1155,00;Lleida;Cataluña;2019;T2
01/05/2019;1178,00;Granada;Andalucia;2019;T2
01/05/2019;1178,00;Ourense;Galicia;2019;T2
01/05/2019;1182,00;Palencia;Castilla y Leon;2019;T2
01/05/2019;1223,00;Valladolid;Castilla y Leon;2019;T2
01/05/2019;1225,00;Huelva;Andalucia;2019;T2
01/05/2019;1254,00;Córdoba;Andalucia;2019;T2
01/05/2019;1308,00;Zaragoza;Aragon;2019;T2
01/05/2019;1326,00;A Coruña;Galicia;2019;T2
01/05/2019;1343,00;Gijón;Asturias;2019;T2
01/05/2019;1345,00;Salamanca;Castilla y Leon;2019;T2
01/05/2019;1368,00;Huesca;Aragon;2019;T2
01/05/2019;1415,00;Sevilla;Andalucia;2019;T2
01/05/2019;1431,00;Pamplona;Navarra;2019;T2
01/05/2019;1464,00;Cantabria;Cantabria;2019;T2
01/05/2019;1471,00;Cádiz;Andalucia;2019;T2
01/05/2019;1497,00;Pontevedra;Galicia;2019;T2
01/05/2019;1546,00;Alicante;Comunitat Valenciana;2019;T2
01/05/2019;1764,00;Melilla;Melilla;2019;T2
01/05/2019;1779,00;Santa Cruz de Tenerife;Canarias;2019;T2
01/05/2019;1862,00;Las Palmas;Canarias;2019;T2
01/05/2019;1907,00;Vitoria-Gasteiz;Euskadi;2019;T2
01/05/2019;1997,00;Gerona;Cataluña;2019;T2
01/05/2019;2085,00;Ceuta;Ceuta;2019;T2
01/05/2019;2092,00;Malaga;Andalucia;2019;T2
01/05/2019;2535,00;Bilbao;Euskadi;2019;T2
01/05/2019;2904,00;Guipuzcoa;Euskadi;2019;T2
01/05/2019;2967,00;Palma de Mallorca;Baleares;2019;T2
01/04/2019;1000,00;Soria;Castilla y Leon;2019;T2
01/04/2019;1130,00;Segovia;Castilla y Leon;2019;T2
01/04/2019;1140,00;Lleida;Cataluña;2019;T2
01/04/2019;1420,00;Sevilla;Andalucia;2019;T2
01/04/2019;771,00;Toledo;Castilla la Mancha;2019;T2
01/04/2019;792,00;Cuenca;Castilla la Mancha;2019;T2
01/04/2019;817,00;Ciudad Real;Castilla la Mancha;2019;T2
01/04/2019;831,00;Ávila;Castilla y Leon;2019;T2
01/04/2019;862,00;Teruel;Aragon;2019;T2
01/04/2019;873,00;Jaén;Andalucia;2019;T2
01/04/2019;887,00;Cáceres;Extremadura;2019;T2
01/04/2019;913,00;Badajoz;Extremadura;2019;T2
01/04/2019;1007,00;Zamora;Castilla y Leon;2019;T2
01/04/2019;1022,00;León;Castilla y León;2019;T2
01/04/2019;1023,00;Murcia;Murcia;2019;T2
01/04/2019;1055,00;Lugo;Galicia;2019;T2
01/04/2019;1067,00;Guadalajara;Castilla la Mancha;2019;T2
01/04/2019;1082,00;Almeria;Andalucia;2019;T2
01/04/2019;1087,00;Albacete;Castilla la Mancha;2019;T2
01/04/2019;1093,00;Castellón;Comunitat Valenciana;2019;T2
01/04/2019;1177,00;Granada;Andalucia;2019;T2
01/04/2019;1181,00;Ourense;Galicia;2019;T2
01/04/2019;1185,00;Palencia;Castilla y Leon;2019;T2
01/04/2019;1201,00;Valencia;Comunitat Valenciana;2019;T2
01/04/2019;1224,00;Huelva;Andalucia;2019;T2
01/04/2019;1237,00;Valladolid;Castilla y Leon;2019;T2
01/04/2019;1251,00;Córdoba;Andalucia;2019;T2
01/04/2019;1303,00;Zaragoza;Aragon;2019;T2
01/04/2019;1324,00;A Coruña;Galicia;2019;T2
01/04/2019;1329,00;Tarragona;Cataluña;2019;T2
01/04/2019;1349,00;Gijón;Asturias;2019;T2
01/04/2019;1359,00;Salamanca;Castilla y Leon;2019;T2
01/04/2019;1368,00;Huesca;Aragon;2019;T2
01/04/2019;1439,00;Pamplona;Navarra;2019;T2
01/04/2019;1452,00;Cantabria;Cantabria;2019;T2
01/04/2019;1469,00;Cádiz;Andalucia;2019;T2
01/04/2019;1495,00;Pontevedra;Galicia;2019;T2
01/04/2019;1532,00;Alicante;Comunitat Valenciana;2019;T2
01/04/2019;1743,00;Melilla;Melilla;2019;T2
01/04/2019;1775,00;Santa Cruz de Tenerife;Canarias;2019;T2
01/04/2019;1872,00;Las Palmas;Canarias;2019;T2
01/04/2019;1922,00;Vitoria-Gasteiz;Euskadi;2019;T2
01/04/2019;1985,00;Gerona;Cataluña;2019;T2
01/04/2019;2076,00;Malaga;Andalucia;2019;T2
01/04/2019;2097,00;Ceuta;Ceuta;2019;T2
01/04/2019;2524,00;Bilbao;Euskadi;2019;T2
01/04/2019;2569,00;Barcelona;Cataluña;2019;T2
01/04/2019;2921,00;Guipuzcoa;Euskadi;2019;T2
01/04/2019;2947,00;Palma de Mallorca;Baleares;2019;T2
01/03/2019;1100,00;Castellón;Comunitat Valenciana;2019;T1
01/03/2019;1130,00;Segovia;Castilla y Leon;2019;T1
01/03/2019;1190,00;Ourense;Galicia;2019;T1
01/03/2019;774,00;Toledo;Castilla la Mancha;2019;T1
01/03/2019;804,00;Cuenca;Castilla la Mancha;2019;T1
01/03/2019;815,00;Ciudad Real;Castilla la Mancha;2019;T1
01/03/2019;830,00;Ávila;Castilla y Leon;2019;T1
01/03/2019;850,00;Teruel;Aragon;2019;T1
01/03/2019;874,00;Jaén;Andalucia;2019;T1
01/03/2019;889,00;Cáceres;Extremadura;2019;T1
01/03/2019;920,00;Badajoz;Extremadura;2019;T1
01/03/2019;995,00;Soria;Castilla y Leon;2019;T1
01/03/2019;998,00;Zamora;Castilla y Leon;2019;T1
01/03/2019;1019,00;León;Castilla y León;2019;T1
01/03/2019;1019,00;Murcia;Murcia;2019;T1
01/03/2019;1056,00;Lugo;Galicia;2019;T1
01/03/2019;1063,00;Guadalajara;Castilla la Mancha;2019;T1
01/03/2019;1084,00;Albacete;Castilla la Mancha;2019;T1
01/03/2019;1088,00;Almeria;Andalucia;2019;T1
01/03/2019;1132,00;Lleida;Cataluña;2019;T1
01/03/2019;1172,00;Granada;Andalucia;2019;T1
01/03/2019;1185,00;Palencia;Castilla y Leon;2019;T1
01/03/2019;1205,00;Valencia;Comunitat Valenciana;2019;T1
01/03/2019;1227,00;Huelva;Andalucia;2019;T1
01/03/2019;1233,00;Valladolid;Castilla y Leon;2019;T1
01/03/2019;1248,00;Córdoba;Andalucia;2019;T1
01/03/2019;1294,00;Zaragoza;Aragon;2019;T1
01/03/2019;1322,00;A Coruña;Galicia;2019;T1
01/03/2019;1336,00;Tarragona;Cataluña;2019;T1
01/03/2019;1356,00;Salamanca;Castilla y Leon;2019;T1
01/03/2019;1357,00;Gijón;Asturias;2019;T1
01/03/2019;1367,00;Huesca;Aragon;2019;T1
01/03/2019;1422,00;Sevilla;Andalucia;2019;T1
01/03/2019;1428,00;Pamplona;Navarra;2019;T1
01/03/2019;1456,00;Cantabria;Cantabria;2019;T1
01/03/2019;1468,00;Cádiz;Andalucia;2019;T1
01/03/2019;1496,00;Pontevedra;Galicia;2019;T1
01/03/2019;1535,00;Alicante;Comunitat Valenciana;2019;T1
01/03/2019;1728,00;Melilla;Melilla;2019;T1
01/03/2019;1775,00;Santa Cruz de Tenerife;Canarias;2019;T1
01/03/2019;1877,00;Las Palmas;Canarias;2019;T1
01/03/2019;1928,00;Vitoria-Gasteiz;Euskadi;2019;T1
01/03/2019;1978,00;Gerona;Cataluña;2019;T1
01/03/2019;2065,00;Malaga;Andalucia;2019;T1
01/03/2019;2086,00;Ceuta;Ceuta;2019;T1
01/03/2019;2524,00;Bilbao;Euskadi;2019;T1
01/03/2019;2558,00;Barcelona;Cataluña;2019;T1
01/03/2019;2903,00;Guipuzcoa;Euskadi;2019;T1
01/03/2019;2937,00;Palma de Mallorca;Baleares;2019;T1
01/02/2019;1060,00;Lugo;Galicia;2019;T1
01/02/2019;1130,00;Segovia;Castilla y Leon;2019;T1
01/02/2019;1180,00;Granada;Andalucia;2019;T1
01/02/2019;1240,00;Valladolid;Castilla y Leon;2019;T1
01/02/2019;1360,00;Salamanca;Castilla y Leon;2019;T1
01/02/2019;1380,00;Huesca;Aragon;2019;T1
01/02/2019;1420,00;Sevilla;Andalucia;2019;T1
01/02/2019;1980,00;Gerona;Cataluña;2019;T1
01/02/2019;784,00;Toledo;Castilla la Mancha;2019;T1
01/02/2019;810,00;Cuenca;Castilla la Mancha;2019;T1
01/02/2019;823,00;Ciudad Real;Castilla la Mancha;2019;T1
01/02/2019;830,00;Ávila;Castilla y Leon;2019;T1
01/02/2019;848,00;Teruel;Aragon;2019;T1
01/02/2019;872,00;Jaén;Andalucia;2019;T1
01/02/2019;891,00;Cáceres;Extremadura;2019;T1
01/02/2019;917,00;Badajoz;Extremadura;2019;T1
01/02/2019;987,00;Soria;Castilla y Leon;2019;T1
01/02/2019;997,00;Zamora;Castilla y Leon;2019;T1
01/02/2019;1012,00;Murcia;Murcia;2019;T1
01/02/2019;1017,00;León;Castilla y León;2019;T1
01/02/2019;1048,00;Guadalajara;Castilla la Mancha;2019;T1
01/02/2019;1084,00;Albacete;Castilla la Mancha;2019;T1
01/02/2019;1090,00;Almeria;Andalucia;2019;T1
01/02/2019;1109,00;Castellón;Comunitat Valenciana;2019;T1
01/02/2019;1142,00;Lleida;Cataluña;2019;T1
01/02/2019;1174,00;Palencia;Castilla y Leon;2019;T1
01/02/2019;1181,00;Ourense;Galicia;2019;T1
01/02/2019;1202,00;Valencia;Comunitat Valenciana;2019;T1
01/02/2019;1222,00;Córdoba;Andalucia;2019;T1
01/02/2019;1228,00;Huelva;Andalucia;2019;T1
01/02/2019;1308,00;Zaragoza;Aragon;2019;T1
01/02/2019;1322,00;A Coruña;Galicia;2019;T1
01/02/2019;1341,00;Tarragona;Cataluña;2019;T1
01/02/2019;1355,00;Gijón;Asturias;2019;T1
01/02/2019;1429,00;Pamplona;Navarra;2019;T1
01/02/2019;1457,00;Cantabria;Cantabria;2019;T1
01/02/2019;1475,00;Cádiz;Andalucia;2019;T1
01/02/2019;1498,00;Pontevedra;Galicia;2019;T1
01/02/2019;1525,00;Alicante;Comunitat Valenciana;2019;T1
01/02/2019;1745,00;Melilla;Melilla;2019;T1
01/02/2019;1749,00;Santa Cruz de Tenerife;Canarias;2019;T1
01/02/2019;1863,00;Las Palmas;Canarias;2019;T1
01/02/2019;1932,00;Vitoria-Gasteiz;Euskadi;2019;T1
01/02/2019;2052,00;Malaga;Andalucia;2019;T1
01/02/2019;2075,00;Ceuta;Ceuta;2019;T1
01/02/2019;2525,00;Bilbao;Euskadi;2019;T1
01/02/2019;2554,00;Barcelona;Cataluña;2019;T1
01/02/2019;2886,00;Guipuzcoa;Euskadi;2019;T1
01/02/2019;2911,00;Palma de Mallorca;Baleares;2019;T1
01/01/2019;1010,00;Soria;Castilla y Leon;2019;T1
01/01/2019;1180,00;Granada;Andalucia;2019;T1
01/01/2019;1460,00;Cantabria;Cantabria;2019;T1
01/01/2019;1520,00;Alicante;Comunitat Valenciana;2019;T1
01/01/2019;2890,00;Guipuzcoa;Euskadi;2019;T1
01/01/2019;782,00;Toledo;Castilla la Mancha;2019;T1
01/01/2019;802,00;Cuenca;Castilla la Mancha;2019;T1
01/01/2019;822,00;Ávila;Castilla y Leon;2019;T1
01/01/2019;827,00;Ciudad Real;Castilla la Mancha;2019;T1
01/01/2019;863,00;Teruel;Aragon;2019;T1
01/01/2019;884,00;Jaén;Andalucia;2019;T1
01/01/2019;903,00;Cáceres;Extremadura;2019;T1
01/01/2019;916,00;Badajoz;Extremadura;2019;T1
01/01/2019;1006,00;Zamora;Castilla y Leon;2019;T1
01/01/2019;1006,00;Murcia;Murcia;2019;T1
01/01/2019;1009,00;León;Castilla y León;2019;T1
01/01/2019;1043,00;Guadalajara;Castilla la Mancha;2019;T1
01/01/2019;1057,00;Lugo;Galicia;2019;T1
01/01/2019;1091,00;Almeria;Andalucia;2019;T1
01/01/2019;1092,00;Albacete;Castilla la Mancha;2019;T1
01/01/2019;1103,00;Castellón;Comunitat Valenciana;2019;T1
01/01/2019;1113,00;Lleida;Cataluña;2019;T1
01/01/2019;1139,00;Segovia;Castilla y Leon;2019;T1
01/01/2019;1174,00;Ourense;Galicia;2019;T1
01/01/2019;1175,00;Palencia;Castilla y Leon;2019;T1
01/01/2019;1193,00;Valencia;Comunitat Valenciana;2019;T1
01/01/2019;1212,00;Córdoba;Andalucia;2019;T1
01/01/2019;1222,00;Huelva;Andalucia;2019;T1
01/01/2019;1269,00;Valladolid;Castilla y Leon;2019;T1
01/01/2019;1311,00;Zaragoza;Castilla y Leon;2019;T2
01/01/2019;1322,00;A Coruña;Galicia;2019;T1
01/01/2019;1337,00;Tarragona;Cataluña;2019;T2
01/01/2019;1349,00;Gijón;Asturias;2019;T1
01/01/2019;1361,00;Salamanca;Castilla y Leon;2019;T1
01/01/2019;1385,00;Huesca;Aragon;2019;T1
01/01/2019;1415,00;Sevilla;Andalucia;2019;T1
01/01/2019;1431,00;Pamplona;Navarra;2019;T1
01/01/2019;1486,00;Cádiz;Andalucia;2019;T1
01/01/2019;1499,00;Pontevedra;Galicia;2019;T2
01/01/2019;1723,00;Santa Cruz de Tenerife;Canarias;2019;T2
01/01/2019;1746,00;Melilla;Melilla;2019;T1
01/01/2019;1849,00;Las Palmas;Canarias;2019;T1
01/01/2019;1921,00;Vitoria-Gasteiz;Euskadi;2019;T1
01/01/2019;1977,00;Gerona;Cataluña;2019;T1
01/01/2019;2029,00;Malaga;Andalucia;2019;T1
01/01/2019;2077,00;Ceuta;Ceuta;2019;T1
01/01/2019;2515,00;Bilbao;Euskadi;2019;T1
01/01/2019;2542,00;Barcelona;Cataluña;2019;T1
01/01/2019;2887,00;Palma de Mallorca;Baleares;2019;T1
01/12/2018;1003,00;León;Castilla y León;2018;T4
01/11/2018;1007,00;León;Castilla y León;2018;T4
01/10/2018;1009,00;León;Castilla y León;2018;T4
01/09/2018;1009,00;León;Castilla y León;2018;T3
01/08/2018;999,00;León;Castilla y León;2018;T3
01/07/2018;1001,00;León;Castilla y León;2018;T3
01/06/2018;998,00;León;Castilla y León;2018;T2
01/05/2018;990,00;León;Castilla y León;2018;T2
01/04/2018;994,00;León;Castilla y León;2018;T2
01/03/2018;1001,00;León;Castilla y León;2018;T1
01/02/2018;990,00;León;Castilla y León;2018;T1
