Comunidades y Ciudades Autónomas;Grupos ECOICOP;Tipo de dato;Periodo;Total
Nacional;01 Alimentos y bebidas no alcohólicas;Índice;2024M12;129,998
Nacional;01 Alimentos y bebidas no alcohólicas;Índice;2024M11;129,937
Nacional;01 Alimentos y bebidas no alcohólicas;Índice;2024M10;130,058
Nacional;01 Alimentos y bebidas no alcohólicas;Índice;2024M09;128,263
Nacional;01 Alimentos y bebidas no alcohólicas;Índice;2024M08;128,595
Nacional;01 Alimentos y bebidas no alcohólicas;Índice;2024M07;129,058
Nacional;01 Alimentos y bebidas no alcohólicas;Índice;2024M06;129,474
Nacional;01 Alimentos y bebidas no alcohólicas;Índice;2024M05;129,369
Nacional;01 Alimentos y bebidas no alcohólicas;Índice;2024M04;129,317
Nacional;01 Alimentos y bebidas no alcohólicas;Índice;2024M03;128,439
Nacional;01 Alimentos y bebidas no alcohólicas;Índice;2024M02;128,357
Nacional;01 Alimentos y bebidas no alcohólicas;Índice;2024M01;128,395
Nacional;01 Alimentos y bebidas no alcohólicas;Variación mensual;2024M12;0,0
Nacional;01 Alimentos y bebidas no alcohólicas;Variación mensual;2024M11;-0,1
Nacional;01 Alimentos y bebidas no alcohólicas;Variación mensual;2024M10;1,4
Nacional;01 Alimentos y bebidas no alcohólicas;Variación mensual;2024M09;-0,3
Nacional;01 Alimentos y bebidas no alcohólicas;Variación mensual;2024M08;-0,4
Nacional;01 Alimentos y bebidas no alcohólicas;Variación mensual;2024M07;-0,3
Nacional;01 Alimentos y bebidas no alcohólicas;Variación mensual;2024M06;0,1
Nacional;01 Alimentos y bebidas no alcohólicas;Variación mensual;2024M05;0,0
Nacional;01 Alimentos y bebidas no alcohólicas;Variación mensual;2024M04;0,7
Nacional;01 Alimentos y bebidas no alcohólicas;Variación mensual;2024M03;0,1
Nacional;01 Alimentos y bebidas no alcohólicas;Variación mensual;2024M02;0,0
Nacional;01 Alimentos y bebidas no alcohólicas;Variación mensual;2024M01;0,5
Nacional;01 Alimentos y bebidas no alcohólicas;Variación anual;2024M12;1,8
Nacional;01 Alimentos y bebidas no alcohólicas;Variación anual;2024M11;1,7
Nacional;01 Alimentos y bebidas no alcohólicas;Variación anual;2024M10;1,9
Nacional;01 Alimentos y bebidas no alcohólicas;Variación anual;2024M09;1,8
Nacional;01 Alimentos y bebidas no alcohólicas;Variación anual;2024M08;2,5
Nacional;01 Alimentos y bebidas no alcohólicas;Variación anual;2024M07;3,1
Nacional;01 Alimentos y bebidas no alcohólicas;Variación anual;2024M06;4,2
Nacional;01 Alimentos y bebidas no alcohólicas;Variación anual;2024M05;4,4
Nacional;01 Alimentos y bebidas no alcohólicas;Variación anual;2024M04;4,7
Nacional;01 Alimentos y bebidas no alcohólicas;Variación anual;2024M03;4,3
Nacional;01 Alimentos y bebidas no alcohólicas;Variación anual;2024M02;5,3
Nacional;01 Alimentos y bebidas no alcohólicas;Variación anual;2024M01;7,4
Nacional;01 Alimentos y bebidas no alcohólicas;Variación en lo que va de año;2024M12;1,8
Nacional;01 Alimentos y bebidas no alcohólicas;Variación en lo que va de año;2024M11;1,7
Nacional;01 Alimentos y bebidas no alcohólicas;Variación en lo que va de año;2024M10;1,8
Nacional;01 Alimentos y bebidas no alcohólicas;Variación en lo que va de año;2024M09;0,4
Nacional;01 Alimentos y bebidas no alcohólicas;Variación en lo que va de año;2024M08;0,7
Nacional;01 Alimentos y bebidas no alcohólicas;Variación en lo que va de año;2024M07;1,0
Nacional;01 Alimentos y bebidas no alcohólicas;Variación en lo que va de año;2024M06;1,4
Nacional;01 Alimentos y bebidas no alcohólicas;Variación en lo que va de año;2024M05;1,3
Nacional;01 Alimentos y bebidas no alcohólicas;Variación en lo que va de año;2024M04;1,2
Nacional;01 Alimentos y bebidas no alcohólicas;Variación en lo que va de año;2024M03;0,6
Nacional;01 Alimentos y bebidas no alcohólicas;Variación en lo que va de año;2024M02;0,5
Nacional;01 Alimentos y bebidas no alcohólicas;Variación en lo que va de año;2024M01;0,5
Nacional;02 Bebidas alcohólicas y tabaco;Índice;2024M12;117,298
Nacional;02 Bebidas alcohólicas y tabaco;Índice;2024M11;116,547
Nacional;02 Bebidas alcohólicas y tabaco;Índice;2024M10;116,555
Nacional;02 Bebidas alcohólicas y tabaco;Índice;2024M09;116,382
Nacional;02 Bebidas alcohólicas y tabaco;Índice;2024M08;116,164
Nacional;02 Bebidas alcohólicas y tabaco;Índice;2024M07;116,243
Nacional;02 Bebidas alcohólicas y tabaco;Índice;2024M06;116,175
Nacional;02 Bebidas alcohólicas y tabaco;Índice;2024M05;116,475
Nacional;02 Bebidas alcohólicas y tabaco;Índice;2024M04;116,374
Nacional;02 Bebidas alcohólicas y tabaco;Índice;2024M03;116,088
Nacional;02 Bebidas alcohólicas y tabaco;Índice;2024M02;116,028
Nacional;02 Bebidas alcohólicas y tabaco;Índice;2024M01;114,299
Nacional;02 Bebidas alcohólicas y tabaco;Variación mensual;2024M12;0,6
Nacional;02 Bebidas alcohólicas y tabaco;Variación mensual;2024M11;0,0
Nacional;02 Bebidas alcohólicas y tabaco;Variación mensual;2024M10;0,1
Nacional;02 Bebidas alcohólicas y tabaco;Variación mensual;2024M09;0,2
Nacional;02 Bebidas alcohólicas y tabaco;Variación mensual;2024M08;-0,1
Nacional;02 Bebidas alcohólicas y tabaco;Variación mensual;2024M07;0,1
Nacional;02 Bebidas alcohólicas y tabaco;Variación mensual;2024M06;-0,3
Nacional;02 Bebidas alcohólicas y tabaco;Variación mensual;2024M05;0,1
Nacional;02 Bebidas alcohólicas y tabaco;Variación mensual;2024M04;0,2
Nacional;02 Bebidas alcohólicas y tabaco;Variación mensual;2024M03;0,1
Nacional;02 Bebidas alcohólicas y tabaco;Variación mensual;2024M02;1,5
Nacional;02 Bebidas alcohólicas y tabaco;Variación mensual;2024M01;2,3
Nacional;02 Bebidas alcohólicas y tabaco;Variación anual;2024M12;5,0
Nacional;02 Bebidas alcohólicas y tabaco;Variación anual;2024M11;3,6
Nacional;02 Bebidas alcohólicas y tabaco;Variación anual;2024M10;3,6
Nacional;02 Bebidas alcohólicas y tabaco;Variación anual;2024M09;3,5
Nacional;02 Bebidas alcohólicas y tabaco;Variación anual;2024M08;3,6
Nacional;02 Bebidas alcohólicas y tabaco;Variación anual;2024M07;3,7
Nacional;02 Bebidas alcohólicas y tabaco;Variación anual;2024M06;3,8
Nacional;02 Bebidas alcohólicas y tabaco;Variación anual;2024M05;4,1
Nacional;02 Bebidas alcohólicas y tabaco;Variación anual;2024M04;4,1
Nacional;02 Bebidas alcohólicas y tabaco;Variación anual;2024M03;4,0
Nacional;02 Bebidas alcohólicas y tabaco;Variación anual;2024M02;4,7
Nacional;02 Bebidas alcohólicas y tabaco;Variación anual;2024M01;4,2
Nacional;02 Bebidas alcohólicas y tabaco;Variación en lo que va de año;2024M12;5,0
Nacional;02 Bebidas alcohólicas y tabaco;Variación en lo que va de año;2024M11;4,4
Nacional;02 Bebidas alcohólicas y tabaco;Variación en lo que va de año;2024M10;4,4
Nacional;02 Bebidas alcohólicas y tabaco;Variación en lo que va de año;2024M09;4,2
Nacional;02 Bebidas alcohólicas y tabaco;Variación en lo que va de año;2024M08;4,0
Nacional;02 Bebidas alcohólicas y tabaco;Variación en lo que va de año;2024M07;4,1
Nacional;02 Bebidas alcohólicas y tabaco;Variación en lo que va de año;2024M06;4,0
Nacional;02 Bebidas alcohólicas y tabaco;Variación en lo que va de año;2024M05;4,3
Nacional;02 Bebidas alcohólicas y tabaco;Variación en lo que va de año;2024M04;4,2
Nacional;02 Bebidas alcohólicas y tabaco;Variación en lo que va de año;2024M03;3,9
Nacional;02 Bebidas alcohólicas y tabaco;Variación en lo que va de año;2024M02;3,9
Nacional;02 Bebidas alcohólicas y tabaco;Variación en lo que va de año;2024M01;2,3
Nacional;03 Vestido y calzado;Índice;2024M12;113,662
Nacional;03 Vestido y calzado;Índice;2024M11;114,520
Nacional;03 Vestido y calzado;Índice;2024M10;109,916
Nacional;03 Vestido y calzado;Índice;2024M09;101,322
Nacional;03 Vestido y calzado;Índice;2024M08;98,972
Nacional;03 Vestido y calzado;Índice;2024M07;99,829
Nacional;03 Vestido y calzado;Índice;2024M06;110,405
Nacional;03 Vestido y calzado;Índice;2024M05;111,309
Nacional;03 Vestido y calzado;Índice;2024M04;108,812
Nacional;03 Vestido y calzado;Índice;2024M03;101,600
Nacional;03 Vestido y calzado;Índice;2024M02;99,217
Nacional;03 Vestido y calzado;Índice;2024M01;101,067
Nacional;03 Vestido y calzado;Variación mensual;2024M12;-0,7
Nacional;03 Vestido y calzado;Variación mensual;2024M11;4,2
Nacional;03 Vestido y calzado;Variación mensual;2024M10;8,5
Nacional;03 Vestido y calzado;Variación mensual;2024M09;2,4
Nacional;03 Vestido y calzado;Variación mensual;2024M08;-0,9
Nacional;03 Vestido y calzado;Variación mensual;2024M07;-9,6
Nacional;03 Vestido y calzado;Variación mensual;2024M06;-0,8
Nacional;03 Vestido y calzado;Variación mensual;2024M05;2,3
Nacional;03 Vestido y calzado;Variación mensual;2024M04;7,1
Nacional;03 Vestido y calzado;Variación mensual;2024M03;2,4
Nacional;03 Vestido y calzado;Variación mensual;2024M02;-1,8
Nacional;03 Vestido y calzado;Variación mensual;2024M01;-10,7
Nacional;03 Vestido y calzado;Variación anual;2024M12;0,5
Nacional;03 Vestido y calzado;Variación anual;2024M11;0,2
Nacional;03 Vestido y calzado;Variación anual;2024M10;0,3
Nacional;03 Vestido y calzado;Variación anual;2024M09;0,4
Nacional;03 Vestido y calzado;Variación anual;2024M08;0,7
Nacional;03 Vestido y calzado;Variación anual;2024M07;0,9
Nacional;03 Vestido y calzado;Variación anual;2024M06;0,7
Nacional;03 Vestido y calzado;Variación anual;2024M05;0,8
Nacional;03 Vestido y calzado;Variación anual;2024M04;0,8
Nacional;03 Vestido y calzado;Variación anual;2024M03;1,2
Nacional;03 Vestido y calzado;Variación anual;2024M02;1,9
Nacional;03 Vestido y calzado;Variación anual;2024M01;2,5
Nacional;03 Vestido y calzado;Variación en lo que va de año;2024M12;0,5
Nacional;03 Vestido y calzado;Variación en lo que va de año;2024M11;1,2
Nacional;03 Vestido y calzado;Variación en lo que va de año;2024M10;-2,9
Nacional;03 Vestido y calzado;Variación en lo que va de año;2024M09;-10,5
Nacional;03 Vestido y calzado;Variación en lo que va de año;2024M08;-12,5
Nacional;03 Vestido y calzado;Variación en lo que va de año;2024M07;-11,8
Nacional;03 Vestido y calzado;Variación en lo que va de año;2024M06;-2,4
Nacional;03 Vestido y calzado;Variación en lo que va de año;2024M05;-1,6
Nacional;03 Vestido y calzado;Variación en lo que va de año;2024M04;-3,8
Nacional;03 Vestido y calzado;Variación en lo que va de año;2024M03;-10,2
Nacional;03 Vestido y calzado;Variación en lo que va de año;2024M02;-12,3
Nacional;03 Vestido y calzado;Variación en lo que va de año;2024M01;-10,7
Nacional;04 Vivienda, agua, electricidad, gas y otros combustibles;Índice;2024M12;108,920
Nacional;04 Vivienda, agua, electricidad, gas y otros combustibles;Índice;2024M11;108,304
Nacional;04 Vivienda, agua, electricidad, gas y otros combustibles;Índice;2024M10;106,616
Nacional;04 Vivienda, agua, electricidad, gas y otros combustibles;Índice;2024M09;106,042
Nacional;04 Vivienda, agua, electricidad, gas y otros combustibles;Índice;2024M08;106,758
Nacional;04 Vivienda, agua, electricidad, gas y otros combustibles;Índice;2024M07;106,054
Nacional;04 Vivienda, agua, electricidad, gas y otros combustibles;Índice;2024M06;108,012
Nacional;04 Vivienda, agua, electricidad, gas y otros combustibles;Índice;2024M05;107,178
Nacional;04 Vivienda, agua, electricidad, gas y otros combustibles;Índice;2024M04;106,295
Nacional;04 Vivienda, agua, electricidad, gas y otros combustibles;Índice;2024M03;105,747
Nacional;04 Vivienda, agua, electricidad, gas y otros combustibles;Índice;2024M02;103,426
Nacional;04 Vivienda, agua, electricidad, gas y otros combustibles;Índice;2024M01;104,745
Nacional;04 Vivienda, agua, electricidad, gas y otros combustibles;Variación mensual;2024M12;0,6
Nacional;04 Vivienda, agua, electricidad, gas y otros combustibles;Variación mensual;2024M11;1,6
Nacional;04 Vivienda, agua, electricidad, gas y otros combustibles;Variación mensual;2024M10;0,5
Nacional;04 Vivienda, agua, electricidad, gas y otros combustibles;Variación mensual;2024M09;-0,7
Nacional;04 Vivienda, agua, electricidad, gas y otros combustibles;Variación mensual;2024M08;0,7
Nacional;04 Vivienda, agua, electricidad, gas y otros combustibles;Variación mensual;2024M07;-1,8
Nacional;04 Vivienda, agua, electricidad, gas y otros combustibles;Variación mensual;2024M06;0,8
Nacional;04 Vivienda, agua, electricidad, gas y otros combustibles;Variación mensual;2024M05;0,8
Nacional;04 Vivienda, agua, electricidad, gas y otros combustibles;Variación mensual;2024M04;0,5
Nacional;04 Vivienda, agua, electricidad, gas y otros combustibles;Variación mensual;2024M03;2,2
Nacional;04 Vivienda, agua, electricidad, gas y otros combustibles;Variación mensual;2024M02;-1,3
Nacional;04 Vivienda, agua, electricidad, gas y otros combustibles;Variación mensual;2024M01;3,3
Nacional;04 Vivienda, agua, electricidad, gas y otros combustibles;Variación anual;2024M12;7,4
Nacional;04 Vivienda, agua, electricidad, gas y otros combustibles;Variación anual;2024M11;7,4
Nacional;04 Vivienda, agua, electricidad, gas y otros combustibles;Variación anual;2024M10;4,2
Nacional;04 Vivienda, agua, electricidad, gas y otros combustibles;Variación anual;2024M09;2,9
Nacional;04 Vivienda, agua, electricidad, gas y otros combustibles;Variación anual;2024M08;4,0
Nacional;04 Vivienda, agua, electricidad, gas y otros combustibles;Variación anual;2024M07;3,2
Nacional;04 Vivienda, agua, electricidad, gas y otros combustibles;Variación anual;2024M06;5,1
Nacional;04 Vivienda, agua, electricidad, gas y otros combustibles;Variación anual;2024M05;5,2
Nacional;04 Vivienda, agua, electricidad, gas y otros combustibles;Variación anual;2024M04;4,0
Nacional;04 Vivienda, agua, electricidad, gas y otros combustibles;Variación anual;2024M03;1,5
Nacional;04 Vivienda, agua, electricidad, gas y otros combustibles;Variación anual;2024M02;-2,7
Nacional;04 Vivienda, agua, electricidad, gas y otros combustibles;Variación anual;2024M01;1,5
Nacional;04 Vivienda, agua, electricidad, gas y otros combustibles;Variación en lo que va de año;2024M12;7,4
Nacional;04 Vivienda, agua, electricidad, gas y otros combustibles;Variación en lo que va de año;2024M11;6,8
Nacional;04 Vivienda, agua, electricidad, gas y otros combustibles;Variación en lo que va de año;2024M10;5,2
Nacional;04 Vivienda, agua, electricidad, gas y otros combustibles;Variación en lo que va de año;2024M09;4,6
Nacional;04 Vivienda, agua, electricidad, gas y otros combustibles;Variación en lo que va de año;2024M08;5,3
Nacional;04 Vivienda, agua, electricidad, gas y otros combustibles;Variación en lo que va de año;2024M07;4,6
Nacional;04 Vivienda, agua, electricidad, gas y otros combustibles;Variación en lo que va de año;2024M06;6,5
Nacional;04 Vivienda, agua, electricidad, gas y otros combustibles;Variación en lo que va de año;2024M05;5,7
Nacional;04 Vivienda, agua, electricidad, gas y otros combustibles;Variación en lo que va de año;2024M04;4,9
Nacional;04 Vivienda, agua, electricidad, gas y otros combustibles;Variación en lo que va de año;2024M03;4,3
Nacional;04 Vivienda, agua, electricidad, gas y otros combustibles;Variación en lo que va de año;2024M02;2,0
Nacional;04 Vivienda, agua, electricidad, gas y otros combustibles;Variación en lo que va de año;2024M01;3,3
Nacional;05 Muebles, artículos del hogar y artículos para el mantenimiento corriente del hogar;Índice;2024M12;113,059
Nacional;05 Muebles, artículos del hogar y artículos para el mantenimiento corriente del hogar;Índice;2024M11;112,901
Nacional;05 Muebles, artículos del hogar y artículos para el mantenimiento corriente del hogar;Índice;2024M10;112,725
Nacional;05 Muebles, artículos del hogar y artículos para el mantenimiento corriente del hogar;Índice;2024M09;112,395
Nacional;05 Muebles, artículos del hogar y artículos para el mantenimiento corriente del hogar;Índice;2024M08;112,245
Nacional;05 Muebles, artículos del hogar y artículos para el mantenimiento corriente del hogar;Índice;2024M07;112,204
Nacional;05 Muebles, artículos del hogar y artículos para el mantenimiento corriente del hogar;Índice;2024M06;112,802
Nacional;05 Muebles, artículos del hogar y artículos para el mantenimiento corriente del hogar;Índice;2024M05;112,822
Nacional;05 Muebles, artículos del hogar y artículos para el mantenimiento corriente del hogar;Índice;2024M04;112,682
Nacional;05 Muebles, artículos del hogar y artículos para el mantenimiento corriente del hogar;Índice;2024M03;112,312
Nacional;05 Muebles, artículos del hogar y artículos para el mantenimiento corriente del hogar;Índice;2024M02;112,134
Nacional;05 Muebles, artículos del hogar y artículos para el mantenimiento corriente del hogar;Índice;2024M01;112,007
Nacional;05 Muebles, artículos del hogar y artículos para el mantenimiento corriente del hogar;Variación mensual;2024M12;0,1
Nacional;05 Muebles, artículos del hogar y artículos para el mantenimiento corriente del hogar;Variación mensual;2024M11;0,2
Nacional;05 Muebles, artículos del hogar y artículos para el mantenimiento corriente del hogar;Variación mensual;2024M10;0,3
Nacional;05 Muebles, artículos del hogar y artículos para el mantenimiento corriente del hogar;Variación mensual;2024M09;0,1
Nacional;05 Muebles, artículos del hogar y artículos para el mantenimiento corriente del hogar;Variación mensual;2024M08;0,0
Nacional;05 Muebles, artículos del hogar y artículos para el mantenimiento corriente del hogar;Variación mensual;2024M07;-0,5
Nacional;05 Muebles, artículos del hogar y artículos para el mantenimiento corriente del hogar;Variación mensual;2024M06;0,0
Nacional;05 Muebles, artículos del hogar y artículos para el mantenimiento corriente del hogar;Variación mensual;2024M05;0,1
Nacional;05 Muebles, artículos del hogar y artículos para el mantenimiento corriente del hogar;Variación mensual;2024M04;0,3
Nacional;05 Muebles, artículos del hogar y artículos para el mantenimiento corriente del hogar;Variación mensual;2024M03;0,2
Nacional;05 Muebles, artículos del hogar y artículos para el mantenimiento corriente del hogar;Variación mensual;2024M02;0,1
Nacional;05 Muebles, artículos del hogar y artículos para el mantenimiento corriente del hogar;Variación mensual;2024M01;-0,3
Nacional;05 Muebles, artículos del hogar y artículos para el mantenimiento corriente del hogar;Variación anual;2024M12;0,6
Nacional;05 Muebles, artículos del hogar y artículos para el mantenimiento corriente del hogar;Variación anual;2024M11;0,5
Nacional;05 Muebles, artículos del hogar y artículos para el mantenimiento corriente del hogar;Variación anual;2024M10;0,5
Nacional;05 Muebles, artículos del hogar y artículos para el mantenimiento corriente del hogar;Variación anual;2024M09;0,5
Nacional;05 Muebles, artículos del hogar y artículos para el mantenimiento corriente del hogar;Variación anual;2024M08;0,5
Nacional;05 Muebles, artículos del hogar y artículos para el mantenimiento corriente del hogar;Variación anual;2024M07;0,5
Nacional;05 Muebles, artículos del hogar y artículos para el mantenimiento corriente del hogar;Variación anual;2024M06;0,4
Nacional;05 Muebles, artículos del hogar y artículos para el mantenimiento corriente del hogar;Variación anual;2024M05;0,6
Nacional;05 Muebles, artículos del hogar y artículos para el mantenimiento corriente del hogar;Variación anual;2024M04;0,8
Nacional;05 Muebles, artículos del hogar y artículos para el mantenimiento corriente del hogar;Variación anual;2024M03;1,0
Nacional;05 Muebles, artículos del hogar y artículos para el mantenimiento corriente del hogar;Variación anual;2024M02;1,4
Nacional;05 Muebles, artículos del hogar y artículos para el mantenimiento corriente del hogar;Variación anual;2024M01;1,7
Nacional;05 Muebles, artículos del hogar y artículos para el mantenimiento corriente del hogar;Variación en lo que va de año;2024M12;0,6
Nacional;05 Muebles, artículos del hogar y artículos para el mantenimiento corriente del hogar;Variación en lo que va de año;2024M11;0,5
Nacional;05 Muebles, artículos del hogar y artículos para el mantenimiento corriente del hogar;Variación en lo que va de año;2024M10;0,4
Nacional;05 Muebles, artículos del hogar y artículos para el mantenimiento corriente del hogar;Variación en lo que va de año;2024M09;0,1
Nacional;05 Muebles, artículos del hogar y artículos para el mantenimiento corriente del hogar;Variación en lo que va de año;2024M08;-0,1
Nacional;05 Muebles, artículos del hogar y artículos para el mantenimiento corriente del hogar;Variación en lo que va de año;2024M07;-0,1
Nacional;05 Muebles, artículos del hogar y artículos para el mantenimiento corriente del hogar;Variación en lo que va de año;2024M06;0,4
Nacional;05 Muebles, artículos del hogar y artículos para el mantenimiento corriente del hogar;Variación en lo que va de año;2024M05;0,4
Nacional;05 Muebles, artículos del hogar y artículos para el mantenimiento corriente del hogar;Variación en lo que va de año;2024M04;0,3
Nacional;05 Muebles, artículos del hogar y artículos para el mantenimiento corriente del hogar;Variación en lo que va de año;2024M03;0,0
Nacional;05 Muebles, artículos del hogar y artículos para el mantenimiento corriente del hogar;Variación en lo que va de año;2024M02;-0,2
Nacional;05 Muebles, artículos del hogar y artículos para el mantenimiento corriente del hogar;Variación en lo que va de año;2024M01;-0,3
Nacional;06 Sanidad;Índice;2024M12;105,680
Nacional;06 Sanidad;Índice;2024M11;105,573
Nacional;06 Sanidad;Índice;2024M10;105,497
Nacional;06 Sanidad;Índice;2024M09;105,513
Nacional;06 Sanidad;Índice;2024M08;105,432
Nacional;06 Sanidad;Índice;2024M07;105,363
Nacional;06 Sanidad;Índice;2024M06;105,153
Nacional;06 Sanidad;Índice;2024M05;105,146
Nacional;06 Sanidad;Índice;2024M04;104,900
Nacional;06 Sanidad;Índice;2024M03;104,598
Nacional;06 Sanidad;Índice;2024M02;104,269
Nacional;06 Sanidad;Índice;2024M01;103,942
Nacional;06 Sanidad;Variación mensual;2024M12;0,1
Nacional;06 Sanidad;Variación mensual;2024M11;0,1
Nacional;06 Sanidad;Variación mensual;2024M10;0,0
Nacional;06 Sanidad;Variación mensual;2024M09;0,1
Nacional;06 Sanidad;Variación mensual;2024M08;0,1
Nacional;06 Sanidad;Variación mensual;2024M07;0,2
Nacional;06 Sanidad;Variación mensual;2024M06;0,0
Nacional;06 Sanidad;Variación mensual;2024M05;0,2
Nacional;06 Sanidad;Variación mensual;2024M04;0,3
Nacional;06 Sanidad;Variación mensual;2024M03;0,3
Nacional;06 Sanidad;Variación mensual;2024M02;0,3
Nacional;06 Sanidad;Variación mensual;2024M01;0,2
Nacional;06 Sanidad;Variación anual;2024M12;1,9
Nacional;06 Sanidad;Variación anual;2024M11;1,9
Nacional;06 Sanidad;Variación anual;2024M10;1,9
Nacional;06 Sanidad;Variación anual;2024M09;2,0
Nacional;06 Sanidad;Variación anual;2024M08;2,0
Nacional;06 Sanidad;Variación anual;2024M07;2,0
Nacional;06 Sanidad;Variación anual;2024M06;2,0
Nacional;06 Sanidad;Variación anual;2024M05;2,2
Nacional;06 Sanidad;Variación anual;2024M04;2,1
Nacional;06 Sanidad;Variación anual;2024M03;2,1
Nacional;06 Sanidad;Variación anual;2024M02;2,2
Nacional;06 Sanidad;Variación anual;2024M01;2,2
Nacional;06 Sanidad;Variación en lo que va de año;2024M12;1,9
Nacional;06 Sanidad;Variación en lo que va de año;2024M11;1,8
Nacional;06 Sanidad;Variación en lo que va de año;2024M10;1,7
Nacional;06 Sanidad;Variación en lo que va de año;2024M09;1,7
Nacional;06 Sanidad;Variación en lo que va de año;2024M08;1,6
Nacional;06 Sanidad;Variación en lo que va de año;2024M07;1,6
Nacional;06 Sanidad;Variación en lo que va de año;2024M06;1,4
Nacional;06 Sanidad;Variación en lo que va de año;2024M05;1,3
Nacional;06 Sanidad;Variación en lo que va de año;2024M04;1,1
Nacional;06 Sanidad;Variación en lo que va de año;2024M03;0,8
Nacional;06 Sanidad;Variación en lo que va de año;2024M02;0,5
Nacional;06 Sanidad;Variación en lo que va de año;2024M01;0,2
Nacional;07 Transporte;Índice;2024M12;111,858
Nacional;07 Transporte;Índice;2024M11;111,431
Nacional;07 Transporte;Índice;2024M10;110,802
Nacional;07 Transporte;Índice;2024M09;110,622
Nacional;07 Transporte;Índice;2024M08;112,565
Nacional;07 Transporte;Índice;2024M07;113,440
Nacional;07 Transporte;Índice;2024M06;113,155
Nacional;07 Transporte;Índice;2024M05;113,628
Nacional;07 Transporte;Índice;2024M04;114,355
Nacional;07 Transporte;Índice;2024M03;113,628
Nacional;07 Transporte;Índice;2024M02;113,057
Nacional;07 Transporte;Índice;2024M01;111,269
Nacional;07 Transporte;Variación mensual;2024M12;0,4
Nacional;07 Transporte;Variación mensual;2024M11;0,6
Nacional;07 Transporte;Variación mensual;2024M10;0,2
Nacional;07 Transporte;Variación mensual;2024M09;-1,7
Nacional;07 Transporte;Variación mensual;2024M08;-0,8
Nacional;07 Transporte;Variación mensual;2024M07;0,3
Nacional;07 Transporte;Variación mensual;2024M06;-0,4
Nacional;07 Transporte;Variación mensual;2024M05;-0,6
Nacional;07 Transporte;Variación mensual;2024M04;0,6
Nacional;07 Transporte;Variación mensual;2024M03;0,5
Nacional;07 Transporte;Variación mensual;2024M02;1,6
Nacional;07 Transporte;Variación mensual;2024M01;0,1
Nacional;07 Transporte;Variación anual;2024M12;0,6
Nacional;07 Transporte;Variación anual;2024M11;-1,0
Nacional;07 Transporte;Variación anual;2024M10;-3,0
Nacional;07 Transporte;Variación anual;2024M09;-3,9
Nacional;07 Transporte;Variación anual;2024M08;-1,3
Nacional;07 Transporte;Variación anual;2024M07;2,4
Nacional;07 Transporte;Variación anual;2024M06;2,7
Nacional;07 Transporte;Variación anual;2024M05;3,8
Nacional;07 Transporte;Variación anual;2024M04;2,9
Nacional;07 Transporte;Variación anual;2024M03;2,9
Nacional;07 Transporte;Variación anual;2024M02;2,4
Nacional;07 Transporte;Variación anual;2024M01;-0,1
Nacional;07 Transporte;Variación en lo que va de año;2024M12;0,6
Nacional;07 Transporte;Variación en lo que va de año;2024M11;0,3
Nacional;07 Transporte;Variación en lo que va de año;2024M10;-0,3
Nacional;07 Transporte;Variación en lo que va de año;2024M09;-0,5
Nacional;07 Transporte;Variación en lo que va de año;2024M08;1,3
Nacional;07 Transporte;Variación en lo que va de año;2024M07;2,1
Nacional;07 Transporte;Variación en lo que va de año;2024M06;1,8
Nacional;07 Transporte;Variación en lo que va de año;2024M05;2,2
Nacional;07 Transporte;Variación en lo que va de año;2024M04;2,9
Nacional;07 Transporte;Variación en lo que va de año;2024M03;2,2
Nacional;07 Transporte;Variación en lo que va de año;2024M02;1,7
Nacional;07 Transporte;Variación en lo que va de año;2024M01;0,1
Nacional;08 Comunicaciones;Índice;2024M12;100,774
Nacional;08 Comunicaciones;Índice;2024M11;100,791
Nacional;08 Comunicaciones;Índice;2024M10;100,792
Nacional;08 Comunicaciones;Índice;2024M09;101,759
Nacional;08 Comunicaciones;Índice;2024M08;101,848
Nacional;08 Comunicaciones;Índice;2024M07;101,932
Nacional;08 Comunicaciones;Índice;2024M06;102,408
Nacional;08 Comunicaciones;Índice;2024M05;102,385
Nacional;08 Comunicaciones;Índice;2024M04;102,483
Nacional;08 Comunicaciones;Índice;2024M03;102,375
Nacional;08 Comunicaciones;Índice;2024M02;102,467
Nacional;08 Comunicaciones;Índice;2024M01;102,546
Nacional;08 Comunicaciones;Variación mensual;2024M12;0,0
Nacional;08 Comunicaciones;Variación mensual;2024M11;0,0
Nacional;08 Comunicaciones;Variación mensual;2024M10;-0,9
Nacional;08 Comunicaciones;Variación mensual;2024M09;-0,1
Nacional;08 Comunicaciones;Variación mensual;2024M08;-0,1
Nacional;08 Comunicaciones;Variación mensual;2024M07;-0,5
Nacional;08 Comunicaciones;Variación mensual;2024M06;0,0
Nacional;08 Comunicaciones;Variación mensual;2024M05;-0,1
Nacional;08 Comunicaciones;Variación mensual;2024M04;0,1
Nacional;08 Comunicaciones;Variación mensual;2024M03;-0,1
Nacional;08 Comunicaciones;Variación mensual;2024M02;-0,1
Nacional;08 Comunicaciones;Variación mensual;2024M01;1,9
Nacional;08 Comunicaciones;Variación anual;2024M12;0,1
Nacional;08 Comunicaciones;Variación anual;2024M11;0,0
Nacional;08 Comunicaciones;Variación anual;2024M10;0,0
Nacional;08 Comunicaciones;Variación anual;2024M09;-0,2
Nacional;08 Comunicaciones;Variación anual;2024M08;-0,3
Nacional;08 Comunicaciones;Variación anual;2024M07;-0,2
Nacional;08 Comunicaciones;Variación anual;2024M06;0,1
Nacional;08 Comunicaciones;Variación anual;2024M05;-0,2
Nacional;08 Comunicaciones;Variación anual;2024M04;-0,1
Nacional;08 Comunicaciones;Variación anual;2024M03;0,4
Nacional;08 Comunicaciones;Variación anual;2024M02;0,4
Nacional;08 Comunicaciones;Variación anual;2024M01;0,5
Nacional;08 Comunicaciones;Variación en lo que va de año;2024M12;0,1
Nacional;08 Comunicaciones;Variación en lo que va de año;2024M11;0,2
Nacional;08 Comunicaciones;Variación en lo que va de año;2024M10;0,2
Nacional;08 Comunicaciones;Variación en lo que va de año;2024M09;1,1
Nacional;08 Comunicaciones;Variación en lo que va de año;2024M08;1,2
Nacional;08 Comunicaciones;Variación en lo que va de año;2024M07;1,3
Nacional;08 Comunicaciones;Variación en lo que va de año;2024M06;1,8
Nacional;08 Comunicaciones;Variación en lo que va de año;2024M05;1,8
Nacional;08 Comunicaciones;Variación en lo que va de año;2024M04;1,8
Nacional;08 Comunicaciones;Variación en lo que va de año;2024M03;1,7
Nacional;08 Comunicaciones;Variación en lo que va de año;2024M02;1,8
Nacional;08 Comunicaciones;Variación en lo que va de año;2024M01;1,9
Nacional;09 Ocio y cultura;Índice;2024M12;111,791
Nacional;09 Ocio y cultura;Índice;2024M11;107,998
Nacional;09 Ocio y cultura;Índice;2024M10;109,633
Nacional;09 Ocio y cultura;Índice;2024M09;110,044
Nacional;09 Ocio y cultura;Índice;2024M08;114,803
Nacional;09 Ocio y cultura;Índice;2024M07;113,220
Nacional;09 Ocio y cultura;Índice;2024M06;111,450
Nacional;09 Ocio y cultura;Índice;2024M05;108,944
Nacional;09 Ocio y cultura;Índice;2024M04;108,649
Nacional;09 Ocio y cultura;Índice;2024M03;109,133
Nacional;09 Ocio y cultura;Índice;2024M02;107,212
Nacional;09 Ocio y cultura;Índice;2024M01;106,078
Nacional;09 Ocio y cultura;Variación mensual;2024M12;3,5
Nacional;09 Ocio y cultura;Variación mensual;2024M11;-1,5
Nacional;09 Ocio y cultura;Variación mensual;2024M10;-0,4
Nacional;09 Ocio y cultura;Variación mensual;2024M09;-4,1
Nacional;09 Ocio y cultura;Variación mensual;2024M08;1,4
Nacional;09 Ocio y cultura;Variación mensual;2024M07;1,6
Nacional;09 Ocio y cultura;Variación mensual;2024M06;2,3
Nacional;09 Ocio y cultura;Variación mensual;2024M05;0,3
Nacional;09 Ocio y cultura;Variación mensual;2024M04;-0,4
Nacional;09 Ocio y cultura;Variación mensual;2024M03;1,8
Nacional;09 Ocio y cultura;Variación mensual;2024M02;1,1
Nacional;09 Ocio y cultura;Variación mensual;2024M01;-2,1
Nacional;09 Ocio y cultura;Variación anual;2024M12;3,2
Nacional;09 Ocio y cultura;Variación anual;2024M11;2,0
Nacional;09 Ocio y cultura;Variación anual;2024M10;2,0
Nacional;09 Ocio y cultura;Variación anual;2024M09;1,1
Nacional;09 Ocio y cultura;Variación anual;2024M08;2,0
Nacional;09 Ocio y cultura;Variación anual;2024M07;1,6
Nacional;09 Ocio y cultura;Variación anual;2024M06;3,0
Nacional;09 Ocio y cultura;Variación anual;2024M05;2,8
Nacional;09 Ocio y cultura;Variación anual;2024M04;2,2
Nacional;09 Ocio y cultura;Variación anual;2024M03;3,8
Nacional;09 Ocio y cultura;Variación anual;2024M02;2,8
Nacional;09 Ocio y cultura;Variación anual;2024M01;3,1
Nacional;09 Ocio y cultura;Variación en lo que va de año;2024M12;3,2
Nacional;09 Ocio y cultura;Variación en lo que va de año;2024M11;-0,3
Nacional;09 Ocio y cultura;Variación en lo que va de año;2024M10;1,2
Nacional;09 Ocio y cultura;Variación en lo que va de año;2024M09;1,5
Nacional;09 Ocio y cultura;Variación en lo que va de año;2024M08;5,9
Nacional;09 Ocio y cultura;Variación en lo que va de año;2024M07;4,5
Nacional;09 Ocio y cultura;Variación en lo que va de año;2024M06;2,8
Nacional;09 Ocio y cultura;Variación en lo que va de año;2024M05;0,5
Nacional;09 Ocio y cultura;Variación en lo que va de año;2024M04;0,3
Nacional;09 Ocio y cultura;Variación en lo que va de año;2024M03;0,7
Nacional;09 Ocio y cultura;Variación en lo que va de año;2024M02;-1,1
Nacional;09 Ocio y cultura;Variación en lo que va de año;2024M01;-2,1
Nacional;10 Enseñanza;Índice;2024M12;107,875
Nacional;10 Enseñanza;Índice;2024M11;107,853
Nacional;10 Enseñanza;Índice;2024M10;107,708
Nacional;10 Enseñanza;Índice;2024M09;106,621
Nacional;10 Enseñanza;Índice;2024M08;105,405
Nacional;10 Enseñanza;Índice;2024M07;105,384
Nacional;10 Enseñanza;Índice;2024M06;105,387
Nacional;10 Enseñanza;Índice;2024M05;105,391
Nacional;10 Enseñanza;Índice;2024M04;105,389
Nacional;10 Enseñanza;Índice;2024M03;105,380
Nacional;10 Enseñanza;Índice;2024M02;105,304
Nacional;10 Enseñanza;Índice;2024M01;105,259
Nacional;10 Enseñanza;Variación mensual;2024M12;0,0
Nacional;10 Enseñanza;Variación mensual;2024M11;0,1
Nacional;10 Enseñanza;Variación mensual;2024M10;1,0
Nacional;10 Enseñanza;Variación mensual;2024M09;1,2
Nacional;10 Enseñanza;Variación mensual;2024M08;0,0
Nacional;10 Enseñanza;Variación mensual;2024M07;0,0
Nacional;10 Enseñanza;Variación mensual;2024M06;0,0
Nacional;10 Enseñanza;Variación mensual;2024M05;0,0
Nacional;10 Enseñanza;Variación mensual;2024M04;0,0
Nacional;10 Enseñanza;Variación mensual;2024M03;0,1
Nacional;10 Enseñanza;Variación mensual;2024M02;0,0
Nacional;10 Enseñanza;Variación mensual;2024M01;0,0
Nacional;10 Enseñanza;Variación anual;2024M12;2,5
Nacional;10 Enseñanza;Variación anual;2024M11;2,5
Nacional;10 Enseñanza;Variación anual;2024M10;2,6
Nacional;10 Enseñanza;Variación anual;2024M09;2,7
Nacional;10 Enseñanza;Variación anual;2024M08;2,8
Nacional;10 Enseñanza;Variación anual;2024M07;2,8
Nacional;10 Enseñanza;Variación anual;2024M06;2,8
Nacional;10 Enseñanza;Variación anual;2024M05;2,9
Nacional;10 Enseñanza;Variación anual;2024M04;2,9
Nacional;10 Enseñanza;Variación anual;2024M03;2,9
Nacional;10 Enseñanza;Variación anual;2024M02;2,8
Nacional;10 Enseñanza;Variación anual;2024M01;2,8
Nacional;10 Enseñanza;Variación en lo que va de año;2024M12;2,5
Nacional;10 Enseñanza;Variación en lo que va de año;2024M11;2,5
Nacional;10 Enseñanza;Variación en lo que va de año;2024M10;2,4
Nacional;10 Enseñanza;Variación en lo que va de año;2024M09;1,3
Nacional;10 Enseñanza;Variación en lo que va de año;2024M08;0,2
Nacional;10 Enseñanza;Variación en lo que va de año;2024M07;0,2
Nacional;10 Enseñanza;Variación en lo que va de año;2024M06;0,2
Nacional;10 Enseñanza;Variación en lo que va de año;2024M05;0,2
Nacional;10 Enseñanza;Variación en lo que va de año;2024M04;0,2
Nacional;10 Enseñanza;Variación en lo que va de año;2024M03;0,1
Nacional;10 Enseñanza;Variación en lo que va de año;2024M02;0,1
Nacional;10 Enseñanza;Variación en lo que va de año;2024M01;0,0
Nacional;11 Restaurantes y hoteles;Índice;2024M12;120,172
Nacional;11 Restaurantes y hoteles;Índice;2024M11;120,102
Nacional;11 Restaurantes y hoteles;Índice;2024M10;120,764
Nacional;11 Restaurantes y hoteles;Índice;2024M09;121,006
Nacional;11 Restaurantes y hoteles;Índice;2024M08;120,744
Nacional;11 Restaurantes y hoteles;Índice;2024M07;120,493
Nacional;11 Restaurantes y hoteles;Índice;2024M06;120,080
Nacional;11 Restaurantes y hoteles;Índice;2024M05;119,288
Nacional;11 Restaurantes y hoteles;Índice;2024M04;118,410
Nacional;11 Restaurantes y hoteles;Índice;2024M03;117,418
Nacional;11 Restaurantes y hoteles;Índice;2024M02;116,379
Nacional;11 Restaurantes y hoteles;Índice;2024M01;115,299
Nacional;11 Restaurantes y hoteles;Variación mensual;2024M12;0,1
Nacional;11 Restaurantes y hoteles;Variación mensual;2024M11;-0,5
Nacional;11 Restaurantes y hoteles;Variación mensual;2024M10;-0,2
Nacional;11 Restaurantes y hoteles;Variación mensual;2024M09;0,2
Nacional;11 Restaurantes y hoteles;Variación mensual;2024M08;0,2
Nacional;11 Restaurantes y hoteles;Variación mensual;2024M07;0,3
Nacional;11 Restaurantes y hoteles;Variación mensual;2024M06;0,7
Nacional;11 Restaurantes y hoteles;Variación mensual;2024M05;0,7
Nacional;11 Restaurantes y hoteles;Variación mensual;2024M04;0,8
Nacional;11 Restaurantes y hoteles;Variación mensual;2024M03;0,9
Nacional;11 Restaurantes y hoteles;Variación mensual;2024M02;0,9
Nacional;11 Restaurantes y hoteles;Variación mensual;2024M01;-0,1
Nacional;11 Restaurantes y hoteles;Variación anual;2024M12;4,1
Nacional;11 Restaurantes y hoteles;Variación anual;2024M11;4,2
Nacional;11 Restaurantes y hoteles;Variación anual;2024M10;4,3
Nacional;11 Restaurantes y hoteles;Variación anual;2024M09;4,7
Nacional;11 Restaurantes y hoteles;Variación anual;2024M08;4,6
Nacional;11 Restaurantes y hoteles;Variación anual;2024M07;4,7
Nacional;11 Restaurantes y hoteles;Variación anual;2024M06;5,0
Nacional;11 Restaurantes y hoteles;Variación anual;2024M05;5,2
Nacional;11 Restaurantes y hoteles;Variación anual;2024M04;4,8
Nacional;11 Restaurantes y hoteles;Variación anual;2024M03;5,5
Nacional;11 Restaurantes y hoteles;Variación anual;2024M02;5,5
Nacional;11 Restaurantes y hoteles;Variación anual;2024M01;5,4
Nacional;11 Restaurantes y hoteles;Variación en lo que va de año;2024M12;4,1
Nacional;11 Restaurantes y hoteles;Variación en lo que va de año;2024M11;4,1
Nacional;11 Restaurantes y hoteles;Variación en lo que va de año;2024M10;4,6
Nacional;11 Restaurantes y hoteles;Variación en lo que va de año;2024M09;4,9
Nacional;11 Restaurantes y hoteles;Variación en lo que va de año;2024M08;4,6
Nacional;11 Restaurantes y hoteles;Variación en lo que va de año;2024M07;4,4
Nacional;11 Restaurantes y hoteles;Variación en lo que va de año;2024M06;4,0
Nacional;11 Restaurantes y hoteles;Variación en lo que va de año;2024M05;3,4
Nacional;11 Restaurantes y hoteles;Variación en lo que va de año;2024M04;2,6
Nacional;11 Restaurantes y hoteles;Variación en lo que va de año;2024M03;1,7
Nacional;11 Restaurantes y hoteles;Variación en lo que va de año;2024M02;0,8
Nacional;11 Restaurantes y hoteles;Variación en lo que va de año;2024M01;-0,1
Nacional;12 Otros bienes y servicios;Índice;2024M12;113,191
Nacional;12 Otros bienes y servicios;Índice;2024M11;113,091
Nacional;12 Otros bienes y servicios;Índice;2024M10;112,792
Nacional;12 Otros bienes y servicios;Índice;2024M09;112,421
Nacional;12 Otros bienes y servicios;Índice;2024M08;112,490
Nacional;12 Otros bienes y servicios;Índice;2024M07;112,282
Nacional;12 Otros bienes y servicios;Índice;2024M06;112,570
Nacional;12 Otros bienes y servicios;Índice;2024M05;111,464
Nacional;12 Otros bienes y servicios;Índice;2024M04;111,277
Nacional;12 Otros bienes y servicios;Índice;2024M03;110,818
Nacional;12 Otros bienes y servicios;Índice;2024M02;110,595
Nacional;12 Otros bienes y servicios;Índice;2024M01;109,916
Nacional;12 Otros bienes y servicios;Variación mensual;2024M12;0,1
Nacional;12 Otros bienes y servicios;Variación mensual;2024M11;0,3
Nacional;12 Otros bienes y servicios;Variación mensual;2024M10;0,3
Nacional;12 Otros bienes y servicios;Variación mensual;2024M09;-0,1
Nacional;12 Otros bienes y servicios;Variación mensual;2024M08;0,2
Nacional;12 Otros bienes y servicios;Variación mensual;2024M07;-0,3
Nacional;12 Otros bienes y servicios;Variación mensual;2024M06;1,0
Nacional;12 Otros bienes y servicios;Variación mensual;2024M05;0,2
Nacional;12 Otros bienes y servicios;Variación mensual;2024M04;0,4
Nacional;12 Otros bienes y servicios;Variación mensual;2024M03;0,2
Nacional;12 Otros bienes y servicios;Variación mensual;2024M02;0,6
Nacional;12 Otros bienes y servicios;Variación mensual;2024M01;0,4
Nacional;12 Otros bienes y servicios;Variación anual;2024M12;3,4
Nacional;12 Otros bienes y servicios;Variación anual;2024M11;3,4
Nacional;12 Otros bienes y servicios;Variación anual;2024M10;3,3
Nacional;12 Otros bienes y servicios;Variación anual;2024M09;3,1
Nacional;12 Otros bienes y servicios;Variación anual;2024M08;3,2
Nacional;12 Otros bienes y servicios;Variación anual;2024M07;3,2
Nacional;12 Otros bienes y servicios;Variación anual;2024M06;3,4
Nacional;12 Otros bienes y servicios;Variación anual;2024M05;3,1
Nacional;12 Otros bienes y servicios;Variación anual;2024M04;2,9
Nacional;12 Otros bienes y servicios;Variación anual;2024M03;3,0
Nacional;12 Otros bienes y servicios;Variación anual;2024M02;3,3
Nacional;12 Otros bienes y servicios;Variación anual;2024M01;3,4
Nacional;12 Otros bienes y servicios;Variación en lo que va de año;2024M12;3,4
Nacional;12 Otros bienes y servicios;Variación en lo que va de año;2024M11;3,4
Nacional;12 Otros bienes y servicios;Variación en lo que va de año;2024M10;3,1
Nacional;12 Otros bienes y servicios;Variación en lo que va de año;2024M09;2,7
Nacional;12 Otros bienes y servicios;Variación en lo que va de año;2024M08;2,8
Nacional;12 Otros bienes y servicios;Variación en lo que va de año;2024M07;2,6
Nacional;12 Otros bienes y servicios;Variación en lo que va de año;2024M06;2,9
Nacional;12 Otros bienes y servicios;Variación en lo que va de año;2024M05;1,9
Nacional;12 Otros bienes y servicios;Variación en lo que va de año;2024M04;1,7
Nacional;12 Otros bienes y servicios;Variación en lo que va de año;2024M03;1,3
Nacional;12 Otros bienes y servicios;Variación en lo que va de año;2024M02;1,1
Nacional;12 Otros bienes y servicios;Variación en lo que va de año;2024M01;0,4
01 Andalucía;01 Alimentos y bebidas no alcohólicas;Índice;2024M12;130,545
01 Andalucía;01 Alimentos y bebidas no alcohólicas;Índice;2024M11;130,476
01 Andalucía;01 Alimentos y bebidas no alcohólicas;Índice;2024M10;131,107
01 Andalucía;01 Alimentos y bebidas no alcohólicas;Índice;2024M09;129,030
01 Andalucía;01 Alimentos y bebidas no alcohólicas;Índice;2024M08;129,429
01 Andalucía;01 Alimentos y bebidas no alcohólicas;Índice;2024M07;130,169
01 Andalucía;01 Alimentos y bebidas no alcohólicas;Índice;2024M06;130,593
01 Andalucía;01 Alimentos y bebidas no alcohólicas;Índice;2024M05;130,356
01 Andalucía;01 Alimentos y bebidas no alcohólicas;Índice;2024M04;130,418
01 Andalucía;01 Alimentos y bebidas no alcohólicas;Índice;2024M03;129,443
01 Andalucía;01 Alimentos y bebidas no alcohólicas;Índice;2024M02;129,265
01 Andalucía;01 Alimentos y bebidas no alcohólicas;Índice;2024M01;129,411
01 Andalucía;01 Alimentos y bebidas no alcohólicas;Variación mensual;2024M12;0,1
01 Andalucía;01 Alimentos y bebidas no alcohólicas;Variación mensual;2024M11;-0,5
01 Andalucía;01 Alimentos y bebidas no alcohólicas;Variación mensual;2024M10;1,6
01 Andalucía;01 Alimentos y bebidas no alcohólicas;Variación mensual;2024M09;-0,3
01 Andalucía;01 Alimentos y bebidas no alcohólicas;Variación mensual;2024M08;-0,6
01 Andalucía;01 Alimentos y bebidas no alcohólicas;Variación mensual;2024M07;-0,3
01 Andalucía;01 Alimentos y bebidas no alcohólicas;Variación mensual;2024M06;0,2
01 Andalucía;01 Alimentos y bebidas no alcohólicas;Variación mensual;2024M05;0,0
01 Andalucía;01 Alimentos y bebidas no alcohólicas;Variación mensual;2024M04;0,8
01 Andalucía;01 Alimentos y bebidas no alcohólicas;Variación mensual;2024M03;0,1
01 Andalucía;01 Alimentos y bebidas no alcohólicas;Variación mensual;2024M02;-0,1
01 Andalucía;01 Alimentos y bebidas no alcohólicas;Variación mensual;2024M01;0,5
01 Andalucía;01 Alimentos y bebidas no alcohólicas;Variación anual;2024M12;1,4
01 Andalucía;01 Alimentos y bebidas no alcohólicas;Variación anual;2024M11;1,2
01 Andalucía;01 Alimentos y bebidas no alcohólicas;Variación anual;2024M10;1,3
01 Andalucía;01 Alimentos y bebidas no alcohólicas;Variación anual;2024M09;1,3
01 Andalucía;01 Alimentos y bebidas no alcohólicas;Variación anual;2024M08;2,1
01 Andalucía;01 Alimentos y bebidas no alcohólicas;Variación anual;2024M07;3,0
01 Andalucía;01 Alimentos y bebidas no alcohólicas;Variación anual;2024M06;4,2
01 Andalucía;01 Alimentos y bebidas no alcohólicas;Variación anual;2024M05;4,1
01 Andalucía;01 Alimentos y bebidas no alcohólicas;Variación anual;2024M04;4,5
01 Andalucía;01 Alimentos y bebidas no alcohólicas;Variación anual;2024M03;4,0
01 Andalucía;01 Alimentos y bebidas no alcohólicas;Variación anual;2024M02;5,0
01 Andalucía;01 Alimentos y bebidas no alcohólicas;Variación anual;2024M01;7,6
01 Andalucía;01 Alimentos y bebidas no alcohólicas;Variación en lo que va de año;2024M12;1,4
01 Andalucía;01 Alimentos y bebidas no alcohólicas;Variación en lo que va de año;2024M11;1,3
01 Andalucía;01 Alimentos y bebidas no alcohólicas;Variación en lo que va de año;2024M10;1,8
01 Andalucía;01 Alimentos y bebidas no alcohólicas;Variación en lo que va de año;2024M09;0,2
01 Andalucía;01 Alimentos y bebidas no alcohólicas;Variación en lo que va de año;2024M08;0,5
01 Andalucía;01 Alimentos y bebidas no alcohólicas;Variación en lo que va de año;2024M07;1,1
01 Andalucía;01 Alimentos y bebidas no alcohólicas;Variación en lo que va de año;2024M06;1,4
01 Andalucía;01 Alimentos y bebidas no alcohólicas;Variación en lo que va de año;2024M05;1,2
01 Andalucía;01 Alimentos y bebidas no alcohólicas;Variación en lo que va de año;2024M04;1,3
01 Andalucía;01 Alimentos y bebidas no alcohólicas;Variación en lo que va de año;2024M03;0,5
01 Andalucía;01 Alimentos y bebidas no alcohólicas;Variación en lo que va de año;2024M02;0,4
01 Andalucía;01 Alimentos y bebidas no alcohólicas;Variación en lo que va de año;2024M01;0,5
01 Andalucía;02 Bebidas alcohólicas y tabaco;Índice;2024M12;117,891
01 Andalucía;02 Bebidas alcohólicas y tabaco;Índice;2024M11;116,712
01 Andalucía;02 Bebidas alcohólicas y tabaco;Índice;2024M10;116,838
01 Andalucía;02 Bebidas alcohólicas y tabaco;Índice;2024M09;116,790
01 Andalucía;02 Bebidas alcohólicas y tabaco;Índice;2024M08;116,550
01 Andalucía;02 Bebidas alcohólicas y tabaco;Índice;2024M07;116,841
01 Andalucía;02 Bebidas alcohólicas y tabaco;Índice;2024M06;116,725
01 Andalucía;02 Bebidas alcohólicas y tabaco;Índice;2024M05;117,057
01 Andalucía;02 Bebidas alcohólicas y tabaco;Índice;2024M04;116,796
01 Andalucía;02 Bebidas alcohólicas y tabaco;Índice;2024M03;116,739
01 Andalucía;02 Bebidas alcohólicas y tabaco;Índice;2024M02;116,599
01 Andalucía;02 Bebidas alcohólicas y tabaco;Índice;2024M01;115,261
01 Andalucía;02 Bebidas alcohólicas y tabaco;Variación mensual;2024M12;1,0
01 Andalucía;02 Bebidas alcohólicas y tabaco;Variación mensual;2024M11;-0,1
01 Andalucía;02 Bebidas alcohólicas y tabaco;Variación mensual;2024M10;0,0
01 Andalucía;02 Bebidas alcohólicas y tabaco;Variación mensual;2024M09;0,2
01 Andalucía;02 Bebidas alcohólicas y tabaco;Variación mensual;2024M08;-0,2
01 Andalucía;02 Bebidas alcohólicas y tabaco;Variación mensual;2024M07;0,1
01 Andalucía;02 Bebidas alcohólicas y tabaco;Variación mensual;2024M06;-0,3
01 Andalucía;02 Bebidas alcohólicas y tabaco;Variación mensual;2024M05;0,2
01 Andalucía;02 Bebidas alcohólicas y tabaco;Variación mensual;2024M04;0,0
01 Andalucía;02 Bebidas alcohólicas y tabaco;Variación mensual;2024M03;0,1
01 Andalucía;02 Bebidas alcohólicas y tabaco;Variación mensual;2024M02;1,2
01 Andalucía;02 Bebidas alcohólicas y tabaco;Variación mensual;2024M01;2,2
01 Andalucía;02 Bebidas alcohólicas y tabaco;Variación anual;2024M12;4,5
01 Andalucía;02 Bebidas alcohólicas y tabaco;Variación anual;2024M11;3,3
01 Andalucía;02 Bebidas alcohólicas y tabaco;Variación anual;2024M10;3,1
01 Andalucía;02 Bebidas alcohólicas y tabaco;Variación anual;2024M09;3,4
01 Andalucía;02 Bebidas alcohólicas y tabaco;Variación anual;2024M08;3,5
01 Andalucía;02 Bebidas alcohólicas y tabaco;Variación anual;2024M07;4,0
01 Andalucía;02 Bebidas alcohólicas y tabaco;Variación anual;2024M06;3,9
01 Andalucía;02 Bebidas alcohólicas y tabaco;Variación anual;2024M05;4,3
01 Andalucía;02 Bebidas alcohólicas y tabaco;Variación anual;2024M04;4,3
01 Andalucía;02 Bebidas alcohólicas y tabaco;Variación anual;2024M03;4,1
01 Andalucía;02 Bebidas alcohólicas y tabaco;Variación anual;2024M02;4,7
01 Andalucía;02 Bebidas alcohólicas y tabaco;Variación anual;2024M01;4,1
01 Andalucía;02 Bebidas alcohólicas y tabaco;Variación en lo que va de año;2024M12;4,5
01 Andalucía;02 Bebidas alcohólicas y tabaco;Variación en lo que va de año;2024M11;3,5
01 Andalucía;02 Bebidas alcohólicas y tabaco;Variación en lo que va de año;2024M10;3,6
01 Andalucía;02 Bebidas alcohólicas y tabaco;Variación en lo que va de año;2024M09;3,6
01 Andalucía;02 Bebidas alcohólicas y tabaco;Variación en lo que va de año;2024M08;3,4
01 Andalucía;02 Bebidas alcohólicas y tabaco;Variación en lo que va de año;2024M07;3,6
01 Andalucía;02 Bebidas alcohólicas y tabaco;Variación en lo que va de año;2024M06;3,5
01 Andalucía;02 Bebidas alcohólicas y tabaco;Variación en lo que va de año;2024M05;3,8
01 Andalucía;02 Bebidas alcohólicas y tabaco;Variación en lo que va de año;2024M04;3,6
01 Andalucía;02 Bebidas alcohólicas y tabaco;Variación en lo que va de año;2024M03;3,5
01 Andalucía;02 Bebidas alcohólicas y tabaco;Variación en lo que va de año;2024M02;3,4
01 Andalucía;02 Bebidas alcohólicas y tabaco;Variación en lo que va de año;2024M01;2,2
01 Andalucía;03 Vestido y calzado;Índice;2024M12;112,079
01 Andalucía;03 Vestido y calzado;Índice;2024M11;113,042
01 Andalucía;03 Vestido y calzado;Índice;2024M10;107,812
01 Andalucía;03 Vestido y calzado;Índice;2024M09;98,603
01 Andalucía;03 Vestido y calzado;Índice;2024M08;97,102
01 Andalucía;03 Vestido y calzado;Índice;2024M07;98,022
01 Andalucía;03 Vestido y calzado;Índice;2024M06;108,934
01 Andalucía;03 Vestido y calzado;Índice;2024M05;109,847
01 Andalucía;03 Vestido y calzado;Índice;2024M04;108,311
01 Andalucía;03 Vestido y calzado;Índice;2024M03;99,795
01 Andalucía;03 Vestido y calzado;Índice;2024M02;97,725
01 Andalucía;03 Vestido y calzado;Índice;2024M01;99,416
01 Andalucía;03 Vestido y calzado;Variación mensual;2024M12;-0,9
01 Andalucía;03 Vestido y calzado;Variación mensual;2024M11;4,9
01 Andalucía;03 Vestido y calzado;Variación mensual;2024M10;9,3
01 Andalucía;03 Vestido y calzado;Variación mensual;2024M09;1,5
01 Andalucía;03 Vestido y calzado;Variación mensual;2024M08;-0,9
01 Andalucía;03 Vestido y calzado;Variación mensual;2024M07;-10,0
01 Andalucía;03 Vestido y calzado;Variación mensual;2024M06;-0,8
01 Andalucía;03 Vestido y calzado;Variación mensual;2024M05;1,4
01 Andalucía;03 Vestido y calzado;Variación mensual;2024M04;8,5
01 Andalucía;03 Vestido y calzado;Variación mensual;2024M03;2,1
01 Andalucía;03 Vestido y calzado;Variación mensual;2024M02;-1,7
01 Andalucía;03 Vestido y calzado;Variación mensual;2024M01;-11,1
01 Andalucía;03 Vestido y calzado;Variación anual;2024M12;0,2
01 Andalucía;03 Vestido y calzado;Variación anual;2024M11;0,0
01 Andalucía;03 Vestido y calzado;Variación anual;2024M10;-1,9
01 Andalucía;03 Vestido y calzado;Variación anual;2024M09;0,1
01 Andalucía;03 Vestido y calzado;Variación anual;2024M08;0,4
01 Andalucía;03 Vestido y calzado;Variación anual;2024M07;0,8
01 Andalucía;03 Vestido y calzado;Variación anual;2024M06;0,4
01 Andalucía;03 Vestido y calzado;Variación anual;2024M05;0,4
01 Andalucía;03 Vestido y calzado;Variación anual;2024M04;0,2
01 Andalucía;03 Vestido y calzado;Variación anual;2024M03;-0,2
01 Andalucía;03 Vestido y calzado;Variación anual;2024M02;1,5
01 Andalucía;03 Vestido y calzado;Variación anual;2024M01;2,3
01 Andalucía;03 Vestido y calzado;Variación en lo que va de año;2024M12;0,2
01 Andalucía;03 Vestido y calzado;Variación en lo que va de año;2024M11;1,1
01 Andalucía;03 Vestido y calzado;Variación en lo que va de año;2024M10;-3,6
01 Andalucía;03 Vestido y calzado;Variación en lo que va de año;2024M09;-11,8
01 Andalucía;03 Vestido y calzado;Variación en lo que va de año;2024M08;-13,2
01 Andalucía;03 Vestido y calzado;Variación en lo que va de año;2024M07;-12,4
01 Andalucía;03 Vestido y calzado;Variación en lo que va de año;2024M06;-2,6
01 Andalucía;03 Vestido y calzado;Variación en lo que va de año;2024M05;-1,8
01 Andalucía;03 Vestido y calzado;Variación en lo que va de año;2024M04;-3,2
01 Andalucía;03 Vestido y calzado;Variación en lo que va de año;2024M03;-10,8
01 Andalucía;03 Vestido y calzado;Variación en lo que va de año;2024M02;-12,6
01 Andalucía;03 Vestido y calzado;Variación en lo que va de año;2024M01;-11,1
01 Andalucía;04 Vivienda, agua, electricidad, gas y otros combustibles;Índice;2024M12;108,219
01 Andalucía;04 Vivienda, agua, electricidad, gas y otros combustibles;Índice;2024M11;107,286
01 Andalucía;04 Vivienda, agua, electricidad, gas y otros combustibles;Índice;2024M10;105,322
01 Andalucía;04 Vivienda, agua, electricidad, gas y otros combustibles;Índice;2024M09;104,931
01 Andalucía;04 Vivienda, agua, electricidad, gas y otros combustibles;Índice;2024M08;105,616
01 Andalucía;04 Vivienda, agua, electricidad, gas y otros combustibles;Índice;2024M07;104,844
01 Andalucía;04 Vivienda, agua, electricidad, gas y otros combustibles;Índice;2024M06;106,586
01 Andalucía;04 Vivienda, agua, electricidad, gas y otros combustibles;Índice;2024M05;105,347
01 Andalucía;04 Vivienda, agua, electricidad, gas y otros combustibles;Índice;2024M04;104,243
01 Andalucía;04 Vivienda, agua, electricidad, gas y otros combustibles;Índice;2024M03;104,003
01 Andalucía;04 Vivienda, agua, electricidad, gas y otros combustibles;Índice;2024M02;101,369
01 Andalucía;04 Vivienda, agua, electricidad, gas y otros combustibles;Índice;2024M01;102,998
01 Andalucía;04 Vivienda, agua, electricidad, gas y otros combustibles;Variación mensual;2024M12;0,9
01 Andalucía;04 Vivienda, agua, electricidad, gas y otros combustibles;Variación mensual;2024M11;1,9
01 Andalucía;04 Vivienda, agua, electricidad, gas y otros combustibles;Variación mensual;2024M10;0,4
01 Andalucía;04 Vivienda, agua, electricidad, gas y otros combustibles;Variación mensual;2024M09;-0,6
01 Andalucía;04 Vivienda, agua, electricidad, gas y otros combustibles;Variación mensual;2024M08;0,7
01 Andalucía;04 Vivienda, agua, electricidad, gas y otros combustibles;Variación mensual;2024M07;-1,6
01 Andalucía;04 Vivienda, agua, electricidad, gas y otros combustibles;Variación mensual;2024M06;1,2
01 Andalucía;04 Vivienda, agua, electricidad, gas y otros combustibles;Variación mensual;2024M05;1,1
01 Andalucía;04 Vivienda, agua, electricidad, gas y otros combustibles;Variación mensual;2024M04;0,2
01 Andalucía;04 Vivienda, agua, electricidad, gas y otros combustibles;Variación mensual;2024M03;2,6
01 Andalucía;04 Vivienda, agua, electricidad, gas y otros combustibles;Variación mensual;2024M02;-1,6
01 Andalucía;04 Vivienda, agua, electricidad, gas y otros combustibles;Variación mensual;2024M01;3,7
01 Andalucía;04 Vivienda, agua, electricidad, gas y otros combustibles;Variación anual;2024M12;9,0
01 Andalucía;04 Vivienda, agua, electricidad, gas y otros combustibles;Variación anual;2024M11;8,9
01 Andalucía;04 Vivienda, agua, electricidad, gas y otros combustibles;Variación anual;2024M10;5,3
01 Andalucía;04 Vivienda, agua, electricidad, gas y otros combustibles;Variación anual;2024M09;4,1
01 Andalucía;04 Vivienda, agua, electricidad, gas y otros combustibles;Variación anual;2024M08;5,3
01 Andalucía;04 Vivienda, agua, electricidad, gas y otros combustibles;Variación anual;2024M07;4,5
01 Andalucía;04 Vivienda, agua, electricidad, gas y otros combustibles;Variación anual;2024M06;6,2
01 Andalucía;04 Vivienda, agua, electricidad, gas y otros combustibles;Variación anual;2024M05;6,1
01 Andalucía;04 Vivienda, agua, electricidad, gas y otros combustibles;Variación anual;2024M04;4,6
01 Andalucía;04 Vivienda, agua, electricidad, gas y otros combustibles;Variación anual;2024M03;2,9
01 Andalucía;04 Vivienda, agua, electricidad, gas y otros combustibles;Variación anual;2024M02;-2,1
01 Andalucía;04 Vivienda, agua, electricidad, gas y otros combustibles;Variación anual;2024M01;3,1
01 Andalucía;04 Vivienda, agua, electricidad, gas y otros combustibles;Variación en lo que va de año;2024M12;9,0
01 Andalucía;04 Vivienda, agua, electricidad, gas y otros combustibles;Variación en lo que va de año;2024M11;8,0
01 Andalucía;04 Vivienda, agua, electricidad, gas y otros combustibles;Variación en lo que va de año;2024M10;6,1
01 Andalucía;04 Vivienda, agua, electricidad, gas y otros combustibles;Variación en lo que va de año;2024M09;5,7
01 Andalucía;04 Vivienda, agua, electricidad, gas y otros combustibles;Variación en lo que va de año;2024M08;6,4
01 Andalucía;04 Vivienda, agua, electricidad, gas y otros combustibles;Variación en lo que va de año;2024M07;5,6
01 Andalucía;04 Vivienda, agua, electricidad, gas y otros combustibles;Variación en lo que va de año;2024M06;7,3
01 Andalucía;04 Vivienda, agua, electricidad, gas y otros combustibles;Variación en lo que va de año;2024M05;6,1
01 Andalucía;04 Vivienda, agua, electricidad, gas y otros combustibles;Variación en lo que va de año;2024M04;5,0
01 Andalucía;04 Vivienda, agua, electricidad, gas y otros combustibles;Variación en lo que va de año;2024M03;4,7
01 Andalucía;04 Vivienda, agua, electricidad, gas y otros combustibles;Variación en lo que va de año;2024M02;2,1
01 Andalucía;04 Vivienda, agua, electricidad, gas y otros combustibles;Variación en lo que va de año;2024M01;3,7
01 Andalucía;05 Muebles, artículos del hogar y artículos para el mantenimiento corriente del hogar;Índice;2024M12;112,800
01 Andalucía;05 Muebles, artículos del hogar y artículos para el mantenimiento corriente del hogar;Índice;2024M11;112,736
01 Andalucía;05 Muebles, artículos del hogar y artículos para el mantenimiento corriente del hogar;Índice;2024M10;112,431
01 Andalucía;05 Muebles, artículos del hogar y artículos para el mantenimiento corriente del hogar;Índice;2024M09;112,106
01 Andalucía;05 Muebles, artículos del hogar y artículos para el mantenimiento corriente del hogar;Índice;2024M08;111,767
01 Andalucía;05 Muebles, artículos del hogar y artículos para el mantenimiento corriente del hogar;Índice;2024M07;111,602
01 Andalucía;05 Muebles, artículos del hogar y artículos para el mantenimiento corriente del hogar;Índice;2024M06;112,443
01 Andalucía;05 Muebles, artículos del hogar y artículos para el mantenimiento corriente del hogar;Índice;2024M05;112,403
01 Andalucía;05 Muebles, artículos del hogar y artículos para el mantenimiento corriente del hogar;Índice;2024M04;112,183
01 Andalucía;05 Muebles, artículos del hogar y artículos para el mantenimiento corriente del hogar;Índice;2024M03;112,127
01 Andalucía;05 Muebles, artículos del hogar y artículos para el mantenimiento corriente del hogar;Índice;2024M02;111,998
01 Andalucía;05 Muebles, artículos del hogar y artículos para el mantenimiento corriente del hogar;Índice;2024M01;112,035
01 Andalucía;05 Muebles, artículos del hogar y artículos para el mantenimiento corriente del hogar;Variación mensual;2024M12;0,1
01 Andalucía;05 Muebles, artículos del hogar y artículos para el mantenimiento corriente del hogar;Variación mensual;2024M11;0,3
01 Andalucía;05 Muebles, artículos del hogar y artículos para el mantenimiento corriente del hogar;Variación mensual;2024M10;0,3
01 Andalucía;05 Muebles, artículos del hogar y artículos para el mantenimiento corriente del hogar;Variación mensual;2024M09;0,3
01 Andalucía;05 Muebles, artículos del hogar y artículos para el mantenimiento corriente del hogar;Variación mensual;2024M08;0,1
01 Andalucía;05 Muebles, artículos del hogar y artículos para el mantenimiento corriente del hogar;Variación mensual;2024M07;-0,7
01 Andalucía;05 Muebles, artículos del hogar y artículos para el mantenimiento corriente del hogar;Variación mensual;2024M06;0,0
01 Andalucía;05 Muebles, artículos del hogar y artículos para el mantenimiento corriente del hogar;Variación mensual;2024M05;0,2
01 Andalucía;05 Muebles, artículos del hogar y artículos para el mantenimiento corriente del hogar;Variación mensual;2024M04;0,0
01 Andalucía;05 Muebles, artículos del hogar y artículos para el mantenimiento corriente del hogar;Variación mensual;2024M03;0,1
01 Andalucía;05 Muebles, artículos del hogar y artículos para el mantenimiento corriente del hogar;Variación mensual;2024M02;0,0
01 Andalucía;05 Muebles, artículos del hogar y artículos para el mantenimiento corriente del hogar;Variación mensual;2024M01;-0,3
01 Andalucía;05 Muebles, artículos del hogar y artículos para el mantenimiento corriente del hogar;Variación anual;2024M12;0,4
01 Andalucía;05 Muebles, artículos del hogar y artículos para el mantenimiento corriente del hogar;Variación anual;2024M11;0,3
01 Andalucía;05 Muebles, artículos del hogar y artículos para el mantenimiento corriente del hogar;Variación anual;2024M10;0,0
01 Andalucía;05 Muebles, artículos del hogar y artículos para el mantenimiento corriente del hogar;Variación anual;2024M09;-0,1
01 Andalucía;05 Muebles, artículos del hogar y artículos para el mantenimiento corriente del hogar;Variación anual;2024M08;-0,3
01 Andalucía;05 Muebles, artículos del hogar y artículos para el mantenimiento corriente del hogar;Variación anual;2024M07;-0,2
01 Andalucía;05 Muebles, artículos del hogar y artículos para el mantenimiento corriente del hogar;Variación anual;2024M06;-0,1
01 Andalucía;05 Muebles, artículos del hogar y artículos para el mantenimiento corriente del hogar;Variación anual;2024M05;0,0
01 Andalucía;05 Muebles, artículos del hogar y artículos para el mantenimiento corriente del hogar;Variación anual;2024M04;0,1
01 Andalucía;05 Muebles, artículos del hogar y artículos para el mantenimiento corriente del hogar;Variación anual;2024M03;0,5
01 Andalucía;05 Muebles, artículos del hogar y artículos para el mantenimiento corriente del hogar;Variación anual;2024M02;0,9
01 Andalucía;05 Muebles, artículos del hogar y artículos para el mantenimiento corriente del hogar;Variación anual;2024M01;1,3
01 Andalucía;05 Muebles, artículos del hogar y artículos para el mantenimiento corriente del hogar;Variación en lo que va de año;2024M12;0,4
01 Andalucía;05 Muebles, artículos del hogar y artículos para el mantenimiento corriente del hogar;Variación en lo que va de año;2024M11;0,3
01 Andalucía;05 Muebles, artículos del hogar y artículos para el mantenimiento corriente del hogar;Variación en lo que va de año;2024M10;0,0
01 Andalucía;05 Muebles, artículos del hogar y artículos para el mantenimiento corriente del hogar;Variación en lo que va de año;2024M09;-0,3
01 Andalucía;05 Muebles, artículos del hogar y artículos para el mantenimiento corriente del hogar;Variación en lo que va de año;2024M08;-0,6
01 Andalucía;05 Muebles, artículos del hogar y artículos para el mantenimiento corriente del hogar;Variación en lo que va de año;2024M07;-0,7
01 Andalucía;05 Muebles, artículos del hogar y artículos para el mantenimiento corriente del hogar;Variación en lo que va de año;2024M06;0,0
01 Andalucía;05 Muebles, artículos del hogar y artículos para el mantenimiento corriente del hogar;Variación en lo que va de año;2024M05;0,0
01 Andalucía;05 Muebles, artículos del hogar y artículos para el mantenimiento corriente del hogar;Variación en lo que va de año;2024M04;-0,2
01 Andalucía;05 Muebles, artículos del hogar y artículos para el mantenimiento corriente del hogar;Variación en lo que va de año;2024M03;-0,2
01 Andalucía;05 Muebles, artículos del hogar y artículos para el mantenimiento corriente del hogar;Variación en lo que va de año;2024M02;-0,4
01 Andalucía;05 Muebles, artículos del hogar y artículos para el mantenimiento corriente del hogar;Variación en lo que va de año;2024M01;-0,3
01 Andalucía;06 Sanidad;Índice;2024M12;106,098
01 Andalucía;06 Sanidad;Índice;2024M11;105,756
01 Andalucía;06 Sanidad;Índice;2024M10;105,701
01 Andalucía;06 Sanidad;Índice;2024M09;105,647
01 Andalucía;06 Sanidad;Índice;2024M08;105,565
01 Andalucía;06 Sanidad;Índice;2024M07;105,456
01 Andalucía;06 Sanidad;Índice;2024M06;105,132
01 Andalucía;06 Sanidad;Índice;2024M05;105,284
01 Andalucía;06 Sanidad;Índice;2024M04;105,220
01 Andalucía;06 Sanidad;Índice;2024M03;104,930
01 Andalucía;06 Sanidad;Índice;2024M02;104,608
01 Andalucía;06 Sanidad;Índice;2024M01;104,478
01 Andalucía;06 Sanidad;Variación mensual;2024M12;0,3
01 Andalucía;06 Sanidad;Variación mensual;2024M11;0,1
01 Andalucía;06 Sanidad;Variación mensual;2024M10;0,1
01 Andalucía;06 Sanidad;Variación mensual;2024M09;0,1
01 Andalucía;06 Sanidad;Variación mensual;2024M08;0,1
01 Andalucía;06 Sanidad;Variación mensual;2024M07;0,3
01 Andalucía;06 Sanidad;Variación mensual;2024M06;-0,1
01 Andalucía;06 Sanidad;Variación mensual;2024M05;0,1
01 Andalucía;06 Sanidad;Variación mensual;2024M04;0,3
01 Andalucía;06 Sanidad;Variación mensual;2024M03;0,3
01 Andalucía;06 Sanidad;Variación mensual;2024M02;0,1
01 Andalucía;06 Sanidad;Variación mensual;2024M01;-0,1
01 Andalucía;06 Sanidad;Variación anual;2024M12;1,5
01 Andalucía;06 Sanidad;Variación anual;2024M11;1,2
01 Andalucía;06 Sanidad;Variación anual;2024M10;1,5
01 Andalucía;06 Sanidad;Variación anual;2024M09;1,6
01 Andalucía;06 Sanidad;Variación anual;2024M08;1,7
01 Andalucía;06 Sanidad;Variación anual;2024M07;1,4
01 Andalucía;06 Sanidad;Variación anual;2024M06;1,2
01 Andalucía;06 Sanidad;Variación anual;2024M05;1,7
01 Andalucía;06 Sanidad;Variación anual;2024M04;1,8
01 Andalucía;06 Sanidad;Variación anual;2024M03;2,1
01 Andalucía;06 Sanidad;Variación anual;2024M02;2,3
01 Andalucía;06 Sanidad;Variación anual;2024M01;2,6
01 Andalucía;06 Sanidad;Variación en lo que va de año;2024M12;1,5
01 Andalucía;06 Sanidad;Variación en lo que va de año;2024M11;1,2
01 Andalucía;06 Sanidad;Variación en lo que va de año;2024M10;1,1
01 Andalucía;06 Sanidad;Variación en lo que va de año;2024M09;1,1
01 Andalucía;06 Sanidad;Variación en lo que va de año;2024M08;1,0
01 Andalucía;06 Sanidad;Variación en lo que va de año;2024M07;0,9
01 Andalucía;06 Sanidad;Variación en lo que va de año;2024M06;0,6
01 Andalucía;06 Sanidad;Variación en lo que va de año;2024M05;0,7
01 Andalucía;06 Sanidad;Variación en lo que va de año;2024M04;0,7
01 Andalucía;06 Sanidad;Variación en lo que va de año;2024M03;0,4
01 Andalucía;06 Sanidad;Variación en lo que va de año;2024M02;0,1
01 Andalucía;06 Sanidad;Variación en lo que va de año;2024M01;-0,1
01 Andalucía;07 Transporte;Índice;2024M12;113,101
01 Andalucía;07 Transporte;Índice;2024M11;112,400
01 Andalucía;07 Transporte;Índice;2024M10;111,810
01 Andalucía;07 Transporte;Índice;2024M09;111,743
01 Andalucía;07 Transporte;Índice;2024M08;113,597
01 Andalucía;07 Transporte;Índice;2024M07;114,458
01 Andalucía;07 Transporte;Índice;2024M06;114,278
01 Andalucía;07 Transporte;Índice;2024M05;114,901
01 Andalucía;07 Transporte;Índice;2024M04;115,603
01 Andalucía;07 Transporte;Índice;2024M03;114,875
01 Andalucía;07 Transporte;Índice;2024M02;114,281
01 Andalucía;07 Transporte;Índice;2024M01;112,692
01 Andalucía;07 Transporte;Variación mensual;2024M12;0,6
01 Andalucía;07 Transporte;Variación mensual;2024M11;0,5
01 Andalucía;07 Transporte;Variación mensual;2024M10;0,1
01 Andalucía;07 Transporte;Variación mensual;2024M09;-1,6
01 Andalucía;07 Transporte;Variación mensual;2024M08;-0,8
01 Andalucía;07 Transporte;Variación mensual;2024M07;0,2
01 Andalucía;07 Transporte;Variación mensual;2024M06;-0,5
01 Andalucía;07 Transporte;Variación mensual;2024M05;-0,6
01 Andalucía;07 Transporte;Variación mensual;2024M04;0,6
01 Andalucía;07 Transporte;Variación mensual;2024M03;0,5
01 Andalucía;07 Transporte;Variación mensual;2024M02;1,4
01 Andalucía;07 Transporte;Variación mensual;2024M01;0,2
01 Andalucía;07 Transporte;Variación anual;2024M12;0,5
01 Andalucía;07 Transporte;Variación anual;2024M11;-1,3
01 Andalucía;07 Transporte;Variación anual;2024M10;-3,3
01 Andalucía;07 Transporte;Variación anual;2024M09;-4,2
01 Andalucía;07 Transporte;Variación anual;2024M08;-1,5
01 Andalucía;07 Transporte;Variación anual;2024M07;2,1
01 Andalucía;07 Transporte;Variación anual;2024M06;2,6
01 Andalucía;07 Transporte;Variación anual;2024M05;3,8
01 Andalucía;07 Transporte;Variación anual;2024M04;3,0
01 Andalucía;07 Transporte;Variación anual;2024M03;3,1
01 Andalucía;07 Transporte;Variación anual;2024M02;2,5
01 Andalucía;07 Transporte;Variación anual;2024M01;0,5
01 Andalucía;07 Transporte;Variación en lo que va de año;2024M12;0,5
01 Andalucía;07 Transporte;Variación en lo que va de año;2024M11;-0,1
01 Andalucía;07 Transporte;Variación en lo que va de año;2024M10;-0,6
01 Andalucía;07 Transporte;Variación en lo que va de año;2024M09;-0,7
01 Andalucía;07 Transporte;Variación en lo que va de año;2024M08;1,0
01 Andalucía;07 Transporte;Variación en lo que va de año;2024M07;1,7
01 Andalucía;07 Transporte;Variación en lo que va de año;2024M06;1,6
01 Andalucía;07 Transporte;Variación en lo que va de año;2024M05;2,1
01 Andalucía;07 Transporte;Variación en lo que va de año;2024M04;2,7
01 Andalucía;07 Transporte;Variación en lo que va de año;2024M03;2,1
01 Andalucía;07 Transporte;Variación en lo que va de año;2024M02;1,6
01 Andalucía;07 Transporte;Variación en lo que va de año;2024M01;0,2
01 Andalucía;08 Comunicaciones;Índice;2024M12;100,839
01 Andalucía;08 Comunicaciones;Índice;2024M11;100,856
01 Andalucía;08 Comunicaciones;Índice;2024M10;100,857
01 Andalucía;08 Comunicaciones;Índice;2024M09;101,822
01 Andalucía;08 Comunicaciones;Índice;2024M08;101,909
01 Andalucía;08 Comunicaciones;Índice;2024M07;101,991
01 Andalucía;08 Comunicaciones;Índice;2024M06;102,464
01 Andalucía;08 Comunicaciones;Índice;2024M05;102,441
01 Andalucía;08 Comunicaciones;Índice;2024M04;102,537
01 Andalucía;08 Comunicaciones;Índice;2024M03;102,427
01 Andalucía;08 Comunicaciones;Índice;2024M02;102,517
01 Andalucía;08 Comunicaciones;Índice;2024M01;102,594
01 Andalucía;08 Comunicaciones;Variación mensual;2024M12;0,0
01 Andalucía;08 Comunicaciones;Variación mensual;2024M11;0,0
01 Andalucía;08 Comunicaciones;Variación mensual;2024M10;-0,9
01 Andalucía;08 Comunicaciones;Variación mensual;2024M09;-0,1
01 Andalucía;08 Comunicaciones;Variación mensual;2024M08;-0,1
01 Andalucía;08 Comunicaciones;Variación mensual;2024M07;-0,5
01 Andalucía;08 Comunicaciones;Variación mensual;2024M06;0,0
01 Andalucía;08 Comunicaciones;Variación mensual;2024M05;-0,1
01 Andalucía;08 Comunicaciones;Variación mensual;2024M04;0,1
01 Andalucía;08 Comunicaciones;Variación mensual;2024M03;-0,1
01 Andalucía;08 Comunicaciones;Variación mensual;2024M02;-0,1
01 Andalucía;08 Comunicaciones;Variación mensual;2024M01;1,9
01 Andalucía;08 Comunicaciones;Variación anual;2024M12;0,2
01 Andalucía;08 Comunicaciones;Variación anual;2024M11;0,1
01 Andalucía;08 Comunicaciones;Variación anual;2024M10;0,0
01 Andalucía;08 Comunicaciones;Variación anual;2024M09;-0,2
01 Andalucía;08 Comunicaciones;Variación anual;2024M08;-0,2
01 Andalucía;08 Comunicaciones;Variación anual;2024M07;-0,1
01 Andalucía;08 Comunicaciones;Variación anual;2024M06;0,1
01 Andalucía;08 Comunicaciones;Variación anual;2024M05;-0,1
01 Andalucía;08 Comunicaciones;Variación anual;2024M04;-0,1
01 Andalucía;08 Comunicaciones;Variación anual;2024M03;0,4
01 Andalucía;08 Comunicaciones;Variación anual;2024M02;0,4
01 Andalucía;08 Comunicaciones;Variación anual;2024M01;0,6
01 Andalucía;08 Comunicaciones;Variación en lo que va de año;2024M12;0,2
01 Andalucía;08 Comunicaciones;Variación en lo que va de año;2024M11;0,2
01 Andalucía;08 Comunicaciones;Variación en lo que va de año;2024M10;0,2
01 Andalucía;08 Comunicaciones;Variación en lo que va de año;2024M09;1,1
01 Andalucía;08 Comunicaciones;Variación en lo que va de año;2024M08;1,2
01 Andalucía;08 Comunicaciones;Variación en lo que va de año;2024M07;1,3
01 Andalucía;08 Comunicaciones;Variación en lo que va de año;2024M06;1,8
01 Andalucía;08 Comunicaciones;Variación en lo que va de año;2024M05;1,8
01 Andalucía;08 Comunicaciones;Variación en lo que va de año;2024M04;1,9
01 Andalucía;08 Comunicaciones;Variación en lo que va de año;2024M03;1,7
01 Andalucía;08 Comunicaciones;Variación en lo que va de año;2024M02;1,8
01 Andalucía;08 Comunicaciones;Variación en lo que va de año;2024M01;1,9
01 Andalucía;09 Ocio y cultura;Índice;2024M12;109,926
01 Andalucía;09 Ocio y cultura;Índice;2024M11;106,962
01 Andalucía;09 Ocio y cultura;Índice;2024M10;108,261
01 Andalucía;09 Ocio y cultura;Índice;2024M09;108,675
01 Andalucía;09 Ocio y cultura;Índice;2024M08;112,835
01 Andalucía;09 Ocio y cultura;Índice;2024M07;111,563
01 Andalucía;09 Ocio y cultura;Índice;2024M06;110,192
01 Andalucía;09 Ocio y cultura;Índice;2024M05;107,855
01 Andalucía;09 Ocio y cultura;Índice;2024M04;107,336
01 Andalucía;09 Ocio y cultura;Índice;2024M03;107,564
01 Andalucía;09 Ocio y cultura;Índice;2024M02;106,584
01 Andalucía;09 Ocio y cultura;Índice;2024M01;105,706
01 Andalucía;09 Ocio y cultura;Variación mensual;2024M12;2,8
01 Andalucía;09 Ocio y cultura;Variación mensual;2024M11;-1,2
01 Andalucía;09 Ocio y cultura;Variación mensual;2024M10;-0,4
01 Andalucía;09 Ocio y cultura;Variación mensual;2024M09;-3,7
01 Andalucía;09 Ocio y cultura;Variación mensual;2024M08;1,1
01 Andalucía;09 Ocio y cultura;Variación mensual;2024M07;1,2
01 Andalucía;09 Ocio y cultura;Variación mensual;2024M06;2,2
01 Andalucía;09 Ocio y cultura;Variación mensual;2024M05;0,5
01 Andalucía;09 Ocio y cultura;Variación mensual;2024M04;-0,2
01 Andalucía;09 Ocio y cultura;Variación mensual;2024M03;0,9
01 Andalucía;09 Ocio y cultura;Variación mensual;2024M02;0,8
01 Andalucía;09 Ocio y cultura;Variación mensual;2024M01;-1,3
01 Andalucía;09 Ocio y cultura;Variación anual;2024M12;2,6
01 Andalucía;09 Ocio y cultura;Variación anual;2024M11;1,2
01 Andalucía;09 Ocio y cultura;Variación anual;2024M10;1,5
01 Andalucía;09 Ocio y cultura;Variación anual;2024M09;0,9
01 Andalucía;09 Ocio y cultura;Variación anual;2024M08;2,2
01 Andalucía;09 Ocio y cultura;Variación anual;2024M07;1,8
01 Andalucía;09 Ocio y cultura;Variación anual;2024M06;2,9
01 Andalucía;09 Ocio y cultura;Variación anual;2024M05;2,7
01 Andalucía;09 Ocio y cultura;Variación anual;2024M04;2,0
01 Andalucía;09 Ocio y cultura;Variación anual;2024M03;2,8
01 Andalucía;09 Ocio y cultura;Variación anual;2024M02;2,6
01 Andalucía;09 Ocio y cultura;Variación anual;2024M01;3,1
01 Andalucía;09 Ocio y cultura;Variación en lo que va de año;2024M12;2,6
01 Andalucía;09 Ocio y cultura;Variación en lo que va de año;2024M11;-0,1
01 Andalucía;09 Ocio y cultura;Variación en lo que va de año;2024M10;1,1
01 Andalucía;09 Ocio y cultura;Variación en lo que va de año;2024M09;1,5
01 Andalucía;09 Ocio y cultura;Variación en lo que va de año;2024M08;5,3
01 Andalucía;09 Ocio y cultura;Variación en lo que va de año;2024M07;4,1
01 Andalucía;09 Ocio y cultura;Variación en lo que va de año;2024M06;2,9
01 Andalucía;09 Ocio y cultura;Variación en lo que va de año;2024M05;0,7
01 Andalucía;09 Ocio y cultura;Variación en lo que va de año;2024M04;0,2
01 Andalucía;09 Ocio y cultura;Variación en lo que va de año;2024M03;0,4
01 Andalucía;09 Ocio y cultura;Variación en lo que va de año;2024M02;-0,5
01 Andalucía;09 Ocio y cultura;Variación en lo que va de año;2024M01;-1,3
01 Andalucía;10 Enseñanza;Índice;2024M12;109,119
01 Andalucía;10 Enseñanza;Índice;2024M11;109,083
01 Andalucía;10 Enseñanza;Índice;2024M10;108,942
01 Andalucía;10 Enseñanza;Índice;2024M09;108,163
01 Andalucía;10 Enseñanza;Índice;2024M08;107,004
01 Andalucía;10 Enseñanza;Índice;2024M07;106,989
01 Andalucía;10 Enseñanza;Índice;2024M06;106,974
01 Andalucía;10 Enseñanza;Índice;2024M05;107,000
01 Andalucía;10 Enseñanza;Índice;2024M04;107,000
01 Andalucía;10 Enseñanza;Índice;2024M03;106,962
01 Andalucía;10 Enseñanza;Índice;2024M02;106,855
01 Andalucía;10 Enseñanza;Índice;2024M01;106,722
01 Andalucía;10 Enseñanza;Variación mensual;2024M12;0,0
01 Andalucía;10 Enseñanza;Variación mensual;2024M11;0,1
01 Andalucía;10 Enseñanza;Variación mensual;2024M10;0,7
01 Andalucía;10 Enseñanza;Variación mensual;2024M09;1,1
01 Andalucía;10 Enseñanza;Variación mensual;2024M08;0,0
01 Andalucía;10 Enseñanza;Variación mensual;2024M07;0,0
01 Andalucía;10 Enseñanza;Variación mensual;2024M06;0,0
01 Andalucía;10 Enseñanza;Variación mensual;2024M05;0,0
01 Andalucía;10 Enseñanza;Variación mensual;2024M04;0,0
01 Andalucía;10 Enseñanza;Variación mensual;2024M03;0,1
01 Andalucía;10 Enseñanza;Variación mensual;2024M02;0,1
01 Andalucía;10 Enseñanza;Variación mensual;2024M01;0,0
01 Andalucía;10 Enseñanza;Variación anual;2024M12;2,2
01 Andalucía;10 Enseñanza;Variación anual;2024M11;2,2
01 Andalucía;10 Enseñanza;Variación anual;2024M10;2,2
01 Andalucía;10 Enseñanza;Variación anual;2024M09;3,1
01 Andalucía;10 Enseñanza;Variación anual;2024M08;3,0
01 Andalucía;10 Enseñanza;Variación anual;2024M07;3,0
01 Andalucía;10 Enseñanza;Variación anual;2024M06;3,0
01 Andalucía;10 Enseñanza;Variación anual;2024M05;3,1
01 Andalucía;10 Enseñanza;Variación anual;2024M04;3,1
01 Andalucía;10 Enseñanza;Variación anual;2024M03;3,0
01 Andalucía;10 Enseñanza;Variación anual;2024M02;3,0
01 Andalucía;10 Enseñanza;Variación anual;2024M01;3,0
01 Andalucía;10 Enseñanza;Variación en lo que va de año;2024M12;2,2
01 Andalucía;10 Enseñanza;Variación en lo que va de año;2024M11;2,2
01 Andalucía;10 Enseñanza;Variación en lo que va de año;2024M10;2,1
01 Andalucía;10 Enseñanza;Variación en lo que va de año;2024M09;1,4
01 Andalucía;10 Enseñanza;Variación en lo que va de año;2024M08;0,3
01 Andalucía;10 Enseñanza;Variación en lo que va de año;2024M07;0,3
01 Andalucía;10 Enseñanza;Variación en lo que va de año;2024M06;0,2
01 Andalucía;10 Enseñanza;Variación en lo que va de año;2024M05;0,3
01 Andalucía;10 Enseñanza;Variación en lo que va de año;2024M04;0,3
01 Andalucía;10 Enseñanza;Variación en lo que va de año;2024M03;0,2
01 Andalucía;10 Enseñanza;Variación en lo que va de año;2024M02;0,1
01 Andalucía;10 Enseñanza;Variación en lo que va de año;2024M01;0,0
01 Andalucía;11 Restaurantes y hoteles;Índice;2024M12;121,847
01 Andalucía;11 Restaurantes y hoteles;Índice;2024M11;121,636
01 Andalucía;11 Restaurantes y hoteles;Índice;2024M10;122,071
01 Andalucía;11 Restaurantes y hoteles;Índice;2024M09;121,964
01 Andalucía;11 Restaurantes y hoteles;Índice;2024M08;121,529
01 Andalucía;11 Restaurantes y hoteles;Índice;2024M07;120,954
01 Andalucía;11 Restaurantes y hoteles;Índice;2024M06;121,022
01 Andalucía;11 Restaurantes y hoteles;Índice;2024M05;120,844
01 Andalucía;11 Restaurantes y hoteles;Índice;2024M04;120,182
01 Andalucía;11 Restaurantes y hoteles;Índice;2024M03;118,623
01 Andalucía;11 Restaurantes y hoteles;Índice;2024M02;117,706
01 Andalucía;11 Restaurantes y hoteles;Índice;2024M01;116,513
01 Andalucía;11 Restaurantes y hoteles;Variación mensual;2024M12;0,2
01 Andalucía;11 Restaurantes y hoteles;Variación mensual;2024M11;-0,4
01 Andalucía;11 Restaurantes y hoteles;Variación mensual;2024M10;0,1
01 Andalucía;11 Restaurantes y hoteles;Variación mensual;2024M09;0,4
01 Andalucía;11 Restaurantes y hoteles;Variación mensual;2024M08;0,5
01 Andalucía;11 Restaurantes y hoteles;Variación mensual;2024M07;-0,1
01 Andalucía;11 Restaurantes y hoteles;Variación mensual;2024M06;0,1
01 Andalucía;11 Restaurantes y hoteles;Variación mensual;2024M05;0,6
01 Andalucía;11 Restaurantes y hoteles;Variación mensual;2024M04;1,3
01 Andalucía;11 Restaurantes y hoteles;Variación mensual;2024M03;0,8
01 Andalucía;11 Restaurantes y hoteles;Variación mensual;2024M02;1,0
01 Andalucía;11 Restaurantes y hoteles;Variación mensual;2024M01;-0,1
01 Andalucía;11 Restaurantes y hoteles;Variación anual;2024M12;4,5
01 Andalucía;11 Restaurantes y hoteles;Variación anual;2024M11;4,6
01 Andalucía;11 Restaurantes y hoteles;Variación anual;2024M10;4,4
01 Andalucía;11 Restaurantes y hoteles;Variación anual;2024M09;4,9
01 Andalucía;11 Restaurantes y hoteles;Variación anual;2024M08;4,8
01 Andalucía;11 Restaurantes y hoteles;Variación anual;2024M07;4,7
01 Andalucía;11 Restaurantes y hoteles;Variación anual;2024M06;4,9
01 Andalucía;11 Restaurantes y hoteles;Variación anual;2024M05;5,1
01 Andalucía;11 Restaurantes y hoteles;Variación anual;2024M04;5,0
01 Andalucía;11 Restaurantes y hoteles;Variación anual;2024M03;5,3
01 Andalucía;11 Restaurantes y hoteles;Variación anual;2024M02;5,5
01 Andalucía;11 Restaurantes y hoteles;Variación anual;2024M01;5,6
01 Andalucía;11 Restaurantes y hoteles;Variación en lo que va de año;2024M12;4,5
01 Andalucía;11 Restaurantes y hoteles;Variación en lo que va de año;2024M11;4,3
01 Andalucía;11 Restaurantes y hoteles;Variación en lo que va de año;2024M10;4,7
01 Andalucía;11 Restaurantes y hoteles;Variación en lo que va de año;2024M09;4,6
01 Andalucía;11 Restaurantes y hoteles;Variación en lo que va de año;2024M08;4,2
01 Andalucía;11 Restaurantes y hoteles;Variación en lo que va de año;2024M07;3,7
01 Andalucía;11 Restaurantes y hoteles;Variación en lo que va de año;2024M06;3,8
01 Andalucía;11 Restaurantes y hoteles;Variación en lo que va de año;2024M05;3,6
01 Andalucía;11 Restaurantes y hoteles;Variación en lo que va de año;2024M04;3,1
01 Andalucía;11 Restaurantes y hoteles;Variación en lo que va de año;2024M03;1,7
01 Andalucía;11 Restaurantes y hoteles;Variación en lo que va de año;2024M02;0,9
01 Andalucía;11 Restaurantes y hoteles;Variación en lo que va de año;2024M01;-0,1
01 Andalucía;12 Otros bienes y servicios;Índice;2024M12;112,192
01 Andalucía;12 Otros bienes y servicios;Índice;2024M11;112,125
01 Andalucía;12 Otros bienes y servicios;Índice;2024M10;111,812
01 Andalucía;12 Otros bienes y servicios;Índice;2024M09;111,564
01 Andalucía;12 Otros bienes y servicios;Índice;2024M08;111,386
01 Andalucía;12 Otros bienes y servicios;Índice;2024M07;111,204
01 Andalucía;12 Otros bienes y servicios;Índice;2024M06;111,520
01 Andalucía;12 Otros bienes y servicios;Índice;2024M05;110,689
01 Andalucía;12 Otros bienes y servicios;Índice;2024M04;110,324
01 Andalucía;12 Otros bienes y servicios;Índice;2024M03;110,035
01 Andalucía;12 Otros bienes y servicios;Índice;2024M02;109,792
01 Andalucía;12 Otros bienes y servicios;Índice;2024M01;109,262
01 Andalucía;12 Otros bienes y servicios;Variación mensual;2024M12;0,1
01 Andalucía;12 Otros bienes y servicios;Variación mensual;2024M11;0,3
01 Andalucía;12 Otros bienes y servicios;Variación mensual;2024M10;0,2
01 Andalucía;12 Otros bienes y servicios;Variación mensual;2024M09;0,2
01 Andalucía;12 Otros bienes y servicios;Variación mensual;2024M08;0,2
01 Andalucía;12 Otros bienes y servicios;Variación mensual;2024M07;-0,3
01 Andalucía;12 Otros bienes y servicios;Variación mensual;2024M06;0,8
01 Andalucía;12 Otros bienes y servicios;Variación mensual;2024M05;0,3
01 Andalucía;12 Otros bienes y servicios;Variación mensual;2024M04;0,3
01 Andalucía;12 Otros bienes y servicios;Variación mensual;2024M03;0,2
01 Andalucía;12 Otros bienes y servicios;Variación mensual;2024M02;0,5
01 Andalucía;12 Otros bienes y servicios;Variación mensual;2024M01;0,2
01 Andalucía;12 Otros bienes y servicios;Variación anual;2024M12;2,9
01 Andalucía;12 Otros bienes y servicios;Variación anual;2024M11;2,7
01 Andalucía;12 Otros bienes y servicios;Variación anual;2024M10;2,6
01 Andalucía;12 Otros bienes y servicios;Variación anual;2024M09;2,6
01 Andalucía;12 Otros bienes y servicios;Variación anual;2024M08;2,4
01 Andalucía;12 Otros bienes y servicios;Variación anual;2024M07;2,5
01 Andalucía;12 Otros bienes y servicios;Variación anual;2024M06;2,6
01 Andalucía;12 Otros bienes y servicios;Variación anual;2024M05;2,4
01 Andalucía;12 Otros bienes y servicios;Variación anual;2024M04;2,1
01 Andalucía;12 Otros bienes y servicios;Variación anual;2024M03;2,4
01 Andalucía;12 Otros bienes y servicios;Variación anual;2024M02;2,5
01 Andalucía;12 Otros bienes y servicios;Variación anual;2024M01;2,9
01 Andalucía;12 Otros bienes y servicios;Variación en lo que va de año;2024M12;2,9
01 Andalucía;12 Otros bienes y servicios;Variación en lo que va de año;2024M11;2,8
01 Andalucía;12 Otros bienes y servicios;Variación en lo que va de año;2024M10;2,5
01 Andalucía;12 Otros bienes y servicios;Variación en lo que va de año;2024M09;2,3
01 Andalucía;12 Otros bienes y servicios;Variación en lo que va de año;2024M08;2,1
01 Andalucía;12 Otros bienes y servicios;Variación en lo que va de año;2024M07;2,0
01 Andalucía;12 Otros bienes y servicios;Variación en lo que va de año;2024M06;2,2
01 Andalucía;12 Otros bienes y servicios;Variación en lo que va de año;2024M05;1,5
01 Andalucía;12 Otros bienes y servicios;Variación en lo que va de año;2024M04;1,1
01 Andalucía;12 Otros bienes y servicios;Variación en lo que va de año;2024M03;0,9
01 Andalucía;12 Otros bienes y servicios;Variación en lo que va de año;2024M02;0,7
01 Andalucía;12 Otros bienes y servicios;Variación en lo que va de año;2024M01;0,2
02 Aragón;01 Alimentos y bebidas no alcohólicas;Índice;2024M12;130,831
02 Aragón;01 Alimentos y bebidas no alcohólicas;Índice;2024M11;130,391
02 Aragón;01 Alimentos y bebidas no alcohólicas;Índice;2024M10;130,610
02 Aragón;01 Alimentos y bebidas no alcohólicas;Índice;2024M09;128,208
02 Aragón;01 Alimentos y bebidas no alcohólicas;Índice;2024M08;129,246
02 Aragón;01 Alimentos y bebidas no alcohólicas;Índice;2024M07;129,573
02 Aragón;01 Alimentos y bebidas no alcohólicas;Índice;2024M06;129,642
02 Aragón;01 Alimentos y bebidas no alcohólicas;Índice;2024M05;129,298
02 Aragón;01 Alimentos y bebidas no alcohólicas;Índice;2024M04;129,306
02 Aragón;01 Alimentos y bebidas no alcohólicas;Índice;2024M03;128,797
02 Aragón;01 Alimentos y bebidas no alcohólicas;Índice;2024M02;128,523
02 Aragón;01 Alimentos y bebidas no alcohólicas;Índice;2024M01;128,167
02 Aragón;01 Alimentos y bebidas no alcohólicas;Variación mensual;2024M12;0,3
02 Aragón;01 Alimentos y bebidas no alcohólicas;Variación mensual;2024M11;-0,2
02 Aragón;01 Alimentos y bebidas no alcohólicas;Variación mensual;2024M10;1,9
02 Aragón;01 Alimentos y bebidas no alcohólicas;Variación mensual;2024M09;-0,8
02 Aragón;01 Alimentos y bebidas no alcohólicas;Variación mensual;2024M08;-0,3
02 Aragón;01 Alimentos y bebidas no alcohólicas;Variación mensual;2024M07;-0,1
02 Aragón;01 Alimentos y bebidas no alcohólicas;Variación mensual;2024M06;0,3
02 Aragón;01 Alimentos y bebidas no alcohólicas;Variación mensual;2024M05;0,0
02 Aragón;01 Alimentos y bebidas no alcohólicas;Variación mensual;2024M04;0,4
02 Aragón;01 Alimentos y bebidas no alcohólicas;Variación mensual;2024M03;0,2
02 Aragón;01 Alimentos y bebidas no alcohólicas;Variación mensual;2024M02;0,3
02 Aragón;01 Alimentos y bebidas no alcohólicas;Variación mensual;2024M01;0,8
02 Aragón;01 Alimentos y bebidas no alcohólicas;Variación anual;2024M12;2,9
02 Aragón;01 Alimentos y bebidas no alcohólicas;Variación anual;2024M11;2,0
02 Aragón;01 Alimentos y bebidas no alcohólicas;Variación anual;2024M10;2,5
02 Aragón;01 Alimentos y bebidas no alcohólicas;Variación anual;2024M09;1,7
02 Aragón;01 Alimentos y bebidas no alcohólicas;Variación anual;2024M08;2,7
02 Aragón;01 Alimentos y bebidas no alcohólicas;Variación anual;2024M07;3,2
02 Aragón;01 Alimentos y bebidas no alcohólicas;Variación anual;2024M06;4,3
02 Aragón;01 Alimentos y bebidas no alcohólicas;Variación anual;2024M05;4,4
02 Aragón;01 Alimentos y bebidas no alcohólicas;Variación anual;2024M04;4,9
02 Aragón;01 Alimentos y bebidas no alcohólicas;Variación anual;2024M03;4,5
02 Aragón;01 Alimentos y bebidas no alcohólicas;Variación anual;2024M02;5,2
02 Aragón;01 Alimentos y bebidas no alcohólicas;Variación anual;2024M01;6,6
02 Aragón;01 Alimentos y bebidas no alcohólicas;Variación en lo que va de año;2024M12;2,9
02 Aragón;01 Alimentos y bebidas no alcohólicas;Variación en lo que va de año;2024M11;2,6
02 Aragón;01 Alimentos y bebidas no alcohólicas;Variación en lo que va de año;2024M10;2,7
02 Aragón;01 Alimentos y bebidas no alcohólicas;Variación en lo que va de año;2024M09;0,8
02 Aragón;01 Alimentos y bebidas no alcohólicas;Variación en lo que va de año;2024M08;1,6
02 Aragón;01 Alimentos y bebidas no alcohólicas;Variación en lo que va de año;2024M07;1,9
02 Aragón;01 Alimentos y bebidas no alcohólicas;Variación en lo que va de año;2024M06;2,0
02 Aragón;01 Alimentos y bebidas no alcohólicas;Variación en lo que va de año;2024M05;1,7
02 Aragón;01 Alimentos y bebidas no alcohólicas;Variación en lo que va de año;2024M04;1,7
02 Aragón;01 Alimentos y bebidas no alcohólicas;Variación en lo que va de año;2024M03;1,3
02 Aragón;01 Alimentos y bebidas no alcohólicas;Variación en lo que va de año;2024M02;1,1
02 Aragón;01 Alimentos y bebidas no alcohólicas;Variación en lo que va de año;2024M01;0,8
02 Aragón;02 Bebidas alcohólicas y tabaco;Índice;2024M12;117,208
02 Aragón;02 Bebidas alcohólicas y tabaco;Índice;2024M11;116,601
02 Aragón;02 Bebidas alcohólicas y tabaco;Índice;2024M10;116,318
02 Aragón;02 Bebidas alcohólicas y tabaco;Índice;2024M09;116,369
02 Aragón;02 Bebidas alcohólicas y tabaco;Índice;2024M08;116,223
02 Aragón;02 Bebidas alcohólicas y tabaco;Índice;2024M07;115,954
02 Aragón;02 Bebidas alcohólicas y tabaco;Índice;2024M06;115,494
02 Aragón;02 Bebidas alcohólicas y tabaco;Índice;2024M05;115,642
02 Aragón;02 Bebidas alcohólicas y tabaco;Índice;2024M04;115,982
02 Aragón;02 Bebidas alcohólicas y tabaco;Índice;2024M03;115,572
02 Aragón;02 Bebidas alcohólicas y tabaco;Índice;2024M02;115,486
02 Aragón;02 Bebidas alcohólicas y tabaco;Índice;2024M01;114,028
02 Aragón;02 Bebidas alcohólicas y tabaco;Variación mensual;2024M12;0,5
02 Aragón;02 Bebidas alcohólicas y tabaco;Variación mensual;2024M11;0,2
02 Aragón;02 Bebidas alcohólicas y tabaco;Variación mensual;2024M10;0,0
02 Aragón;02 Bebidas alcohólicas y tabaco;Variación mensual;2024M09;0,1
02 Aragón;02 Bebidas alcohólicas y tabaco;Variación mensual;2024M08;0,2
02 Aragón;02 Bebidas alcohólicas y tabaco;Variación mensual;2024M07;0,4
02 Aragón;02 Bebidas alcohólicas y tabaco;Variación mensual;2024M06;-0,1
02 Aragón;02 Bebidas alcohólicas y tabaco;Variación mensual;2024M05;-0,3
02 Aragón;02 Bebidas alcohólicas y tabaco;Variación mensual;2024M04;0,4
02 Aragón;02 Bebidas alcohólicas y tabaco;Variación mensual;2024M03;0,1
02 Aragón;02 Bebidas alcohólicas y tabaco;Variación mensual;2024M02;1,3
02 Aragón;02 Bebidas alcohólicas y tabaco;Variación mensual;2024M01;2,5
02 Aragón;02 Bebidas alcohólicas y tabaco;Variación anual;2024M12;5,3
02 Aragón;02 Bebidas alcohólicas y tabaco;Variación anual;2024M11;4,3
02 Aragón;02 Bebidas alcohólicas y tabaco;Variación anual;2024M10;4,2
02 Aragón;02 Bebidas alcohólicas y tabaco;Variación anual;2024M09;4,3
02 Aragón;02 Bebidas alcohólicas y tabaco;Variación anual;2024M08;4,4
02 Aragón;02 Bebidas alcohólicas y tabaco;Variación anual;2024M07;4,3
02 Aragón;02 Bebidas alcohólicas y tabaco;Variación anual;2024M06;3,8
02 Aragón;02 Bebidas alcohólicas y tabaco;Variación anual;2024M05;4,1
02 Aragón;02 Bebidas alcohólicas y tabaco;Variación anual;2024M04;4,7
02 Aragón;02 Bebidas alcohólicas y tabaco;Variación anual;2024M03;4,4
02 Aragón;02 Bebidas alcohólicas y tabaco;Variación anual;2024M02;4,3
02 Aragón;02 Bebidas alcohólicas y tabaco;Variación anual;2024M01;4,5
02 Aragón;02 Bebidas alcohólicas y tabaco;Variación en lo que va de año;2024M12;5,3
02 Aragón;02 Bebidas alcohólicas y tabaco;Variación en lo que va de año;2024M11;4,8
02 Aragón;02 Bebidas alcohólicas y tabaco;Variación en lo que va de año;2024M10;4,5
02 Aragón;02 Bebidas alcohólicas y tabaco;Variación en lo que va de año;2024M09;4,6
02 Aragón;02 Bebidas alcohólicas y tabaco;Variación en lo que va de año;2024M08;4,4
02 Aragón;02 Bebidas alcohólicas y tabaco;Variación en lo que va de año;2024M07;4,2
02 Aragón;02 Bebidas alcohólicas y tabaco;Variación en lo que va de año;2024M06;3,8
02 Aragón;02 Bebidas alcohólicas y tabaco;Variación en lo que va de año;2024M05;3,9
02 Aragón;02 Bebidas alcohólicas y tabaco;Variación en lo que va de año;2024M04;4,2
02 Aragón;02 Bebidas alcohólicas y tabaco;Variación en lo que va de año;2024M03;3,8
02 Aragón;02 Bebidas alcohólicas y tabaco;Variación en lo que va de año;2024M02;3,8
02 Aragón;02 Bebidas alcohólicas y tabaco;Variación en lo que va de año;2024M01;2,5
02 Aragón;03 Vestido y calzado;Índice;2024M12;113,750
02 Aragón;03 Vestido y calzado;Índice;2024M11;114,494
02 Aragón;03 Vestido y calzado;Índice;2024M10;112,261
02 Aragón;03 Vestido y calzado;Índice;2024M09;101,912
02 Aragón;03 Vestido y calzado;Índice;2024M08;100,845
02 Aragón;03 Vestido y calzado;Índice;2024M07;101,867
02 Aragón;03 Vestido y calzado;Índice;2024M06;110,860
02 Aragón;03 Vestido y calzado;Índice;2024M05;111,206
02 Aragón;03 Vestido y calzado;Índice;2024M04;108,106
02 Aragón;03 Vestido y calzado;Índice;2024M03;101,897
02 Aragón;03 Vestido y calzado;Índice;2024M02;100,298
02 Aragón;03 Vestido y calzado;Índice;2024M01;101,518
02 Aragón;03 Vestido y calzado;Variación mensual;2024M12;-0,7
02 Aragón;03 Vestido y calzado;Variación mensual;2024M11;2,0
02 Aragón;03 Vestido y calzado;Variación mensual;2024M10;10,2
02 Aragón;03 Vestido y calzado;Variación mensual;2024M09;1,1
02 Aragón;03 Vestido y calzado;Variación mensual;2024M08;-1,0
02 Aragón;03 Vestido y calzado;Variación mensual;2024M07;-8,1
02 Aragón;03 Vestido y calzado;Variación mensual;2024M06;-0,3
02 Aragón;03 Vestido y calzado;Variación mensual;2024M05;2,9
02 Aragón;03 Vestido y calzado;Variación mensual;2024M04;6,1
02 Aragón;03 Vestido y calzado;Variación mensual;2024M03;1,6
02 Aragón;03 Vestido y calzado;Variación mensual;2024M02;-1,2
02 Aragón;03 Vestido y calzado;Variación mensual;2024M01;-9,7
02 Aragón;03 Vestido y calzado;Variación anual;2024M12;1,2
02 Aragón;03 Vestido y calzado;Variación anual;2024M11;0,1
02 Aragón;03 Vestido y calzado;Variación anual;2024M10;2,0
02 Aragón;03 Vestido y calzado;Variación anual;2024M09;1,1
02 Aragón;03 Vestido y calzado;Variación anual;2024M08;1,3
02 Aragón;03 Vestido y calzado;Variación anual;2024M07;1,7
02 Aragón;03 Vestido y calzado;Variación anual;2024M06;1,2
02 Aragón;03 Vestido y calzado;Variación anual;2024M05;1,2
02 Aragón;03 Vestido y calzado;Variación anual;2024M04;-0,1
02 Aragón;03 Vestido y calzado;Variación anual;2024M03;1,9
02 Aragón;03 Vestido y calzado;Variación anual;2024M02;1,5
02 Aragón;03 Vestido y calzado;Variación anual;2024M01;0,8
02 Aragón;03 Vestido y calzado;Variación en lo que va de año;2024M12;1,2
02 Aragón;03 Vestido y calzado;Variación en lo que va de año;2024M11;1,8
02 Aragón;03 Vestido y calzado;Variación en lo que va de año;2024M10;-0,1
02 Aragón;03 Vestido y calzado;Variación en lo que va de año;2024M09;-9,3
02 Aragón;03 Vestido y calzado;Variación en lo que va de año;2024M08;-10,3
02 Aragón;03 Vestido y calzado;Variación en lo que va de año;2024M07;-9,4
02 Aragón;03 Vestido y calzado;Variación en lo que va de año;2024M06;-1,4
02 Aragón;03 Vestido y calzado;Variación en lo que va de año;2024M05;-1,1
02 Aragón;03 Vestido y calzado;Variación en lo que va de año;2024M04;-3,8
02 Aragón;03 Vestido y calzado;Variación en lo que va de año;2024M03;-9,4
02 Aragón;03 Vestido y calzado;Variación en lo que va de año;2024M02;-10,8
02 Aragón;03 Vestido y calzado;Variación en lo que va de año;2024M01;-9,7
02 Aragón;04 Vivienda, agua, electricidad, gas y otros combustibles;Índice;2024M12;110,880
02 Aragón;04 Vivienda, agua, electricidad, gas y otros combustibles;Índice;2024M11;110,298
02 Aragón;04 Vivienda, agua, electricidad, gas y otros combustibles;Índice;2024M10;108,509
02 Aragón;04 Vivienda, agua, electricidad, gas y otros combustibles;Índice;2024M09;107,925
02 Aragón;04 Vivienda, agua, electricidad, gas y otros combustibles;Índice;2024M08;108,911
02 Aragón;04 Vivienda, agua, electricidad, gas y otros combustibles;Índice;2024M07;108,292
02 Aragón;04 Vivienda, agua, electricidad, gas y otros combustibles;Índice;2024M06;110,383
02 Aragón;04 Vivienda, agua, electricidad, gas y otros combustibles;Índice;2024M05;109,449
02 Aragón;04 Vivienda, agua, electricidad, gas y otros combustibles;Índice;2024M04;108,706
02 Aragón;04 Vivienda, agua, electricidad, gas y otros combustibles;Índice;2024M03;108,334
02 Aragón;04 Vivienda, agua, electricidad, gas y otros combustibles;Índice;2024M02;106,089
02 Aragón;04 Vivienda, agua, electricidad, gas y otros combustibles;Índice;2024M01;106,404
02 Aragón;04 Vivienda, agua, electricidad, gas y otros combustibles;Variación mensual;2024M12;0,5
02 Aragón;04 Vivienda, agua, electricidad, gas y otros combustibles;Variación mensual;2024M11;1,6
02 Aragón;04 Vivienda, agua, electricidad, gas y otros combustibles;Variación mensual;2024M10;0,5
02 Aragón;04 Vivienda, agua, electricidad, gas y otros combustibles;Variación mensual;2024M09;-0,9
02 Aragón;04 Vivienda, agua, electricidad, gas y otros combustibles;Variación mensual;2024M08;0,6
02 Aragón;04 Vivienda, agua, electricidad, gas y otros combustibles;Variación mensual;2024M07;-1,9
02 Aragón;04 Vivienda, agua, electricidad, gas y otros combustibles;Variación mensual;2024M06;0,9
02 Aragón;04 Vivienda, agua, electricidad, gas y otros combustibles;Variación mensual;2024M05;0,7
02 Aragón;04 Vivienda, agua, electricidad, gas y otros combustibles;Variación mensual;2024M04;0,3
02 Aragón;04 Vivienda, agua, electricidad, gas y otros combustibles;Variación mensual;2024M03;2,1
02 Aragón;04 Vivienda, agua, electricidad, gas y otros combustibles;Variación mensual;2024M02;-0,3
02 Aragón;04 Vivienda, agua, electricidad, gas y otros combustibles;Variación mensual;2024M01;3,3
02 Aragón;04 Vivienda, agua, electricidad, gas y otros combustibles;Variación anual;2024M12;7,6
02 Aragón;04 Vivienda, agua, electricidad, gas y otros combustibles;Variación anual;2024M11;7,4
02 Aragón;04 Vivienda, agua, electricidad, gas y otros combustibles;Variación anual;2024M10;3,9
02 Aragón;04 Vivienda, agua, electricidad, gas y otros combustibles;Variación anual;2024M09;2,6
02 Aragón;04 Vivienda, agua, electricidad, gas y otros combustibles;Variación anual;2024M08;4,1
02 Aragón;04 Vivienda, agua, electricidad, gas y otros combustibles;Variación anual;2024M07;3,5
02 Aragón;04 Vivienda, agua, electricidad, gas y otros combustibles;Variación anual;2024M06;5,9
02 Aragón;04 Vivienda, agua, electricidad, gas y otros combustibles;Variación anual;2024M05;5,9
02 Aragón;04 Vivienda, agua, electricidad, gas y otros combustibles;Variación anual;2024M04;4,8
02 Aragón;04 Vivienda, agua, electricidad, gas y otros combustibles;Variación anual;2024M03;2,3
02 Aragón;04 Vivienda, agua, electricidad, gas y otros combustibles;Variación anual;2024M02;-1,9
02 Aragón;04 Vivienda, agua, electricidad, gas y otros combustibles;Variación anual;2024M01;1,4
02 Aragón;04 Vivienda, agua, electricidad, gas y otros combustibles;Variación en lo que va de año;2024M12;7,6
02 Aragón;04 Vivienda, agua, electricidad, gas y otros combustibles;Variación en lo que va de año;2024M11;7,0
02 Aragón;04 Vivienda, agua, electricidad, gas y otros combustibles;Variación en lo que va de año;2024M10;5,3
02 Aragón;04 Vivienda, agua, electricidad, gas y otros combustibles;Variación en lo que va de año;2024M09;4,7
02 Aragón;04 Vivienda, agua, electricidad, gas y otros combustibles;Variación en lo que va de año;2024M08;5,7
02 Aragón;04 Vivienda, agua, electricidad, gas y otros combustibles;Variación en lo que va de año;2024M07;5,1
02 Aragón;04 Vivienda, agua, electricidad, gas y otros combustibles;Variación en lo que va de año;2024M06;7,1
02 Aragón;04 Vivienda, agua, electricidad, gas y otros combustibles;Variación en lo que va de año;2024M05;6,2
02 Aragón;04 Vivienda, agua, electricidad, gas y otros combustibles;Variación en lo que va de año;2024M04;5,5
02 Aragón;04 Vivienda, agua, electricidad, gas y otros combustibles;Variación en lo que va de año;2024M03;5,1
02 Aragón;04 Vivienda, agua, electricidad, gas y otros combustibles;Variación en lo que va de año;2024M02;3,0
02 Aragón;04 Vivienda, agua, electricidad, gas y otros combustibles;Variación en lo que va de año;2024M01;3,3
02 Aragón;05 Muebles, artículos del hogar y artículos para el mantenimiento corriente del hogar;Índice;2024M12;113,134
02 Aragón;05 Muebles, artículos del hogar y artículos para el mantenimiento corriente del hogar;Índice;2024M11;112,767
02 Aragón;05 Muebles, artículos del hogar y artículos para el mantenimiento corriente del hogar;Índice;2024M10;112,832
02 Aragón;05 Muebles, artículos del hogar y artículos para el mantenimiento corriente del hogar;Índice;2024M09;112,807
02 Aragón;05 Muebles, artículos del hogar y artículos para el mantenimiento corriente del hogar;Índice;2024M08;112,802
02 Aragón;05 Muebles, artículos del hogar y artículos para el mantenimiento corriente del hogar;Índice;2024M07;112,772
02 Aragón;05 Muebles, artículos del hogar y artículos para el mantenimiento corriente del hogar;Índice;2024M06;113,026
02 Aragón;05 Muebles, artículos del hogar y artículos para el mantenimiento corriente del hogar;Índice;2024M05;113,040
02 Aragón;05 Muebles, artículos del hogar y artículos para el mantenimiento corriente del hogar;Índice;2024M04;113,173
02 Aragón;05 Muebles, artículos del hogar y artículos para el mantenimiento corriente del hogar;Índice;2024M03;112,520
02 Aragón;05 Muebles, artículos del hogar y artículos para el mantenimiento corriente del hogar;Índice;2024M02;112,398
02 Aragón;05 Muebles, artículos del hogar y artículos para el mantenimiento corriente del hogar;Índice;2024M01;112,259
02 Aragón;05 Muebles, artículos del hogar y artículos para el mantenimiento corriente del hogar;Variación mensual;2024M12;0,3
02 Aragón;05 Muebles, artículos del hogar y artículos para el mantenimiento corriente del hogar;Variación mensual;2024M11;-0,1
02 Aragón;05 Muebles, artículos del hogar y artículos para el mantenimiento corriente del hogar;Variación mensual;2024M10;0,0
02 Aragón;05 Muebles, artículos del hogar y artículos para el mantenimiento corriente del hogar;Variación mensual;2024M09;0,0
02 Aragón;05 Muebles, artículos del hogar y artículos para el mantenimiento corriente del hogar;Variación mensual;2024M08;0,0
02 Aragón;05 Muebles, artículos del hogar y artículos para el mantenimiento corriente del hogar;Variación mensual;2024M07;-0,2
02 Aragón;05 Muebles, artículos del hogar y artículos para el mantenimiento corriente del hogar;Variación mensual;2024M06;0,0
02 Aragón;05 Muebles, artículos del hogar y artículos para el mantenimiento corriente del hogar;Variación mensual;2024M05;-0,1
02 Aragón;05 Muebles, artículos del hogar y artículos para el mantenimiento corriente del hogar;Variación mensual;2024M04;0,6
02 Aragón;05 Muebles, artículos del hogar y artículos para el mantenimiento corriente del hogar;Variación mensual;2024M03;0,1
02 Aragón;05 Muebles, artículos del hogar y artículos para el mantenimiento corriente del hogar;Variación mensual;2024M02;0,1
02 Aragón;05 Muebles, artículos del hogar y artículos para el mantenimiento corriente del hogar;Variación mensual;2024M01;-0,3
02 Aragón;05 Muebles, artículos del hogar y artículos para el mantenimiento corriente del hogar;Variación anual;2024M12;0,4
02 Aragón;05 Muebles, artículos del hogar y artículos para el mantenimiento corriente del hogar;Variación anual;2024M11;0,3
02 Aragón;05 Muebles, artículos del hogar y artículos para el mantenimiento corriente del hogar;Variación anual;2024M10;1,3
02 Aragón;05 Muebles, artículos del hogar y artículos para el mantenimiento corriente del hogar;Variación anual;2024M09;1,3
02 Aragón;05 Muebles, artículos del hogar y artículos para el mantenimiento corriente del hogar;Variación anual;2024M08;1,6
02 Aragón;05 Muebles, artículos del hogar y artículos para el mantenimiento corriente del hogar;Variación anual;2024M07;1,4
02 Aragón;05 Muebles, artículos del hogar y artículos para el mantenimiento corriente del hogar;Variación anual;2024M06;1,1
02 Aragón;05 Muebles, artículos del hogar y artículos para el mantenimiento corriente del hogar;Variación anual;2024M05;1,1
02 Aragón;05 Muebles, artículos del hogar y artículos para el mantenimiento corriente del hogar;Variación anual;2024M04;1,7
02 Aragón;05 Muebles, artículos del hogar y artículos para el mantenimiento corriente del hogar;Variación anual;2024M03;1,5
02 Aragón;05 Muebles, artículos del hogar y artículos para el mantenimiento corriente del hogar;Variación anual;2024M02;2,2
02 Aragón;05 Muebles, artículos del hogar y artículos para el mantenimiento corriente del hogar;Variación anual;2024M01;2,3
02 Aragón;05 Muebles, artículos del hogar y artículos para el mantenimiento corriente del hogar;Variación en lo que va de año;2024M12;0,4
02 Aragón;05 Muebles, artículos del hogar y artículos para el mantenimiento corriente del hogar;Variación en lo que va de año;2024M11;0,1
02 Aragón;05 Muebles, artículos del hogar y artículos para el mantenimiento corriente del hogar;Variación en lo que va de año;2024M10;0,2
02 Aragón;05 Muebles, artículos del hogar y artículos para el mantenimiento corriente del hogar;Variación en lo que va de año;2024M09;0,1
02 Aragón;05 Muebles, artículos del hogar y artículos para el mantenimiento corriente del hogar;Variación en lo que va de año;2024M08;0,1
02 Aragón;05 Muebles, artículos del hogar y artículos para el mantenimiento corriente del hogar;Variación en lo que va de año;2024M07;0,1
02 Aragón;05 Muebles, artículos del hogar y artículos para el mantenimiento corriente del hogar;Variación en lo que va de año;2024M06;0,3
02 Aragón;05 Muebles, artículos del hogar y artículos para el mantenimiento corriente del hogar;Variación en lo que va de año;2024M05;0,3
02 Aragón;05 Muebles, artículos del hogar y artículos para el mantenimiento corriente del hogar;Variación en lo que va de año;2024M04;0,5
02 Aragón;05 Muebles, artículos del hogar y artículos para el mantenimiento corriente del hogar;Variación en lo que va de año;2024M03;-0,1
02 Aragón;05 Muebles, artículos del hogar y artículos para el mantenimiento corriente del hogar;Variación en lo que va de año;2024M02;-0,2
02 Aragón;05 Muebles, artículos del hogar y artículos para el mantenimiento corriente del hogar;Variación en lo que va de año;2024M01;-0,3
02 Aragón;06 Sanidad;Índice;2024M12;106,425
02 Aragón;06 Sanidad;Índice;2024M11;106,660
02 Aragón;06 Sanidad;Índice;2024M10;106,743
02 Aragón;06 Sanidad;Índice;2024M09;106,792
02 Aragón;06 Sanidad;Índice;2024M08;106,437
02 Aragón;06 Sanidad;Índice;2024M07;106,396
02 Aragón;06 Sanidad;Índice;2024M06;106,325
02 Aragón;06 Sanidad;Índice;2024M05;106,445
02 Aragón;06 Sanidad;Índice;2024M04;106,376
02 Aragón;06 Sanidad;Índice;2024M03;105,760
02 Aragón;06 Sanidad;Índice;2024M02;105,382
02 Aragón;06 Sanidad;Índice;2024M01;104,930
02 Aragón;06 Sanidad;Variación mensual;2024M12;-0,2
02 Aragón;06 Sanidad;Variación mensual;2024M11;-0,1
02 Aragón;06 Sanidad;Variación mensual;2024M10;0,0
02 Aragón;06 Sanidad;Variación mensual;2024M09;0,3
02 Aragón;06 Sanidad;Variación mensual;2024M08;0,0
02 Aragón;06 Sanidad;Variación mensual;2024M07;0,1
02 Aragón;06 Sanidad;Variación mensual;2024M06;-0,1
02 Aragón;06 Sanidad;Variación mensual;2024M05;0,1
02 Aragón;06 Sanidad;Variación mensual;2024M04;0,6
02 Aragón;06 Sanidad;Variación mensual;2024M03;0,4
02 Aragón;06 Sanidad;Variación mensual;2024M02;0,4
02 Aragón;06 Sanidad;Variación mensual;2024M01;0,3
02 Aragón;06 Sanidad;Variación anual;2024M12;1,7
02 Aragón;06 Sanidad;Variación anual;2024M11;1,7
02 Aragón;06 Sanidad;Variación anual;2024M10;1,7
02 Aragón;06 Sanidad;Variación anual;2024M09;1,8
02 Aragón;06 Sanidad;Variación anual;2024M08;1,5
02 Aragón;06 Sanidad;Variación anual;2024M07;1,6
02 Aragón;06 Sanidad;Variación anual;2024M06;2,2
02 Aragón;06 Sanidad;Variación anual;2024M05;2,5
02 Aragón;06 Sanidad;Variación anual;2024M04;2,4
02 Aragón;06 Sanidad;Variación anual;2024M03;2,0
02 Aragón;06 Sanidad;Variación anual;2024M02;2,1
02 Aragón;06 Sanidad;Variación anual;2024M01;2,7
02 Aragón;06 Sanidad;Variación en lo que va de año;2024M12;1,7
02 Aragón;06 Sanidad;Variación en lo que va de año;2024M11;2,0
02 Aragón;06 Sanidad;Variación en lo que va de año;2024M10;2,0
02 Aragón;06 Sanidad;Variación en lo que va de año;2024M09;2,1
02 Aragón;06 Sanidad;Variación en lo que va de año;2024M08;1,7
02 Aragón;06 Sanidad;Variación en lo que va de año;2024M07;1,7
02 Aragón;06 Sanidad;Variación en lo que va de año;2024M06;1,6
02 Aragón;06 Sanidad;Variación en lo que va de año;2024M05;1,7
02 Aragón;06 Sanidad;Variación en lo que va de año;2024M04;1,7
02 Aragón;06 Sanidad;Variación en lo que va de año;2024M03;1,1
02 Aragón;06 Sanidad;Variación en lo que va de año;2024M02;0,7
02 Aragón;06 Sanidad;Variación en lo que va de año;2024M01;0,3
02 Aragón;07 Transporte;Índice;2024M12;111,662
02 Aragón;07 Transporte;Índice;2024M11;110,941
02 Aragón;07 Transporte;Índice;2024M10;110,665
02 Aragón;07 Transporte;Índice;2024M09;110,558
02 Aragón;07 Transporte;Índice;2024M08;112,332
02 Aragón;07 Transporte;Índice;2024M07;113,385
02 Aragón;07 Transporte;Índice;2024M06;112,847
02 Aragón;07 Transporte;Índice;2024M05;113,197
02 Aragón;07 Transporte;Índice;2024M04;114,231
02 Aragón;07 Transporte;Índice;2024M03;113,566
02 Aragón;07 Transporte;Índice;2024M02;112,917
02 Aragón;07 Transporte;Índice;2024M01;111,056
02 Aragón;07 Transporte;Variación mensual;2024M12;0,7
02 Aragón;07 Transporte;Variación mensual;2024M11;0,2
02 Aragón;07 Transporte;Variación mensual;2024M10;0,1
02 Aragón;07 Transporte;Variación mensual;2024M09;-1,6
02 Aragón;07 Transporte;Variación mensual;2024M08;-0,9
02 Aragón;07 Transporte;Variación mensual;2024M07;0,5
02 Aragón;07 Transporte;Variación mensual;2024M06;-0,3
02 Aragón;07 Transporte;Variación mensual;2024M05;-0,9
02 Aragón;07 Transporte;Variación mensual;2024M04;0,6
02 Aragón;07 Transporte;Variación mensual;2024M03;0,6
02 Aragón;07 Transporte;Variación mensual;2024M02;1,7
02 Aragón;07 Transporte;Variación mensual;2024M01;0,1
02 Aragón;07 Transporte;Variación anual;2024M12;0,7
02 Aragón;07 Transporte;Variación anual;2024M11;-1,2
02 Aragón;07 Transporte;Variación anual;2024M10;-2,8
02 Aragón;07 Transporte;Variación anual;2024M09;-3,9
02 Aragón;07 Transporte;Variación anual;2024M08;-1,3
02 Aragón;07 Transporte;Variación anual;2024M07;2,4
02 Aragón;07 Transporte;Variación anual;2024M06;2,5
02 Aragón;07 Transporte;Variación anual;2024M05;3,3
02 Aragón;07 Transporte;Variación anual;2024M04;2,5
02 Aragón;07 Transporte;Variación anual;2024M03;2,4
02 Aragón;07 Transporte;Variación anual;2024M02;1,8
02 Aragón;07 Transporte;Variación anual;2024M01;-0,3
02 Aragón;07 Transporte;Variación en lo que va de año;2024M12;0,7
02 Aragón;07 Transporte;Variación en lo que va de año;2024M11;0,0
02 Aragón;07 Transporte;Variación en lo que va de año;2024M10;-0,2
02 Aragón;07 Transporte;Variación en lo que va de año;2024M09;-0,3
02 Aragón;07 Transporte;Variación en lo que va de año;2024M08;1,3
02 Aragón;07 Transporte;Variación en lo que va de año;2024M07;2,2
02 Aragón;07 Transporte;Variación en lo que va de año;2024M06;1,7
02 Aragón;07 Transporte;Variación en lo que va de año;2024M05;2,1
02 Aragón;07 Transporte;Variación en lo que va de año;2024M04;3,0
02 Aragón;07 Transporte;Variación en lo que va de año;2024M03;2,4
02 Aragón;07 Transporte;Variación en lo que va de año;2024M02;1,8
02 Aragón;07 Transporte;Variación en lo que va de año;2024M01;0,1
02 Aragón;08 Comunicaciones;Índice;2024M12;100,874
02 Aragón;08 Comunicaciones;Índice;2024M11;100,890
02 Aragón;08 Comunicaciones;Índice;2024M10;100,892
02 Aragón;08 Comunicaciones;Índice;2024M09;101,857
02 Aragón;08 Comunicaciones;Índice;2024M08;101,943
02 Aragón;08 Comunicaciones;Índice;2024M07;102,024
02 Aragón;08 Comunicaciones;Índice;2024M06;102,494
02 Aragón;08 Comunicaciones;Índice;2024M05;102,472
02 Aragón;08 Comunicaciones;Índice;2024M04;102,566
02 Aragón;08 Comunicaciones;Índice;2024M03;102,455
02 Aragón;08 Comunicaciones;Índice;2024M02;102,544
02 Aragón;08 Comunicaciones;Índice;2024M01;102,620
02 Aragón;08 Comunicaciones;Variación mensual;2024M12;0,0
02 Aragón;08 Comunicaciones;Variación mensual;2024M11;0,0
02 Aragón;08 Comunicaciones;Variación mensual;2024M10;-0,9
02 Aragón;08 Comunicaciones;Variación mensual;2024M09;-0,1
02 Aragón;08 Comunicaciones;Variación mensual;2024M08;-0,1
02 Aragón;08 Comunicaciones;Variación mensual;2024M07;-0,5
02 Aragón;08 Comunicaciones;Variación mensual;2024M06;0,0
02 Aragón;08 Comunicaciones;Variación mensual;2024M05;-0,1
02 Aragón;08 Comunicaciones;Variación mensual;2024M04;0,1
02 Aragón;08 Comunicaciones;Variación mensual;2024M03;-0,1
02 Aragón;08 Comunicaciones;Variación mensual;2024M02;-0,1
02 Aragón;08 Comunicaciones;Variación mensual;2024M01;1,9
02 Aragón;08 Comunicaciones;Variación anual;2024M12;0,2
02 Aragón;08 Comunicaciones;Variación anual;2024M11;0,1
02 Aragón;08 Comunicaciones;Variación anual;2024M10;0,0
02 Aragón;08 Comunicaciones;Variación anual;2024M09;-0,2
02 Aragón;08 Comunicaciones;Variación anual;2024M08;-0,2
02 Aragón;08 Comunicaciones;Variación anual;2024M07;-0,1
02 Aragón;08 Comunicaciones;Variación anual;2024M06;0,2
02 Aragón;08 Comunicaciones;Variación anual;2024M05;-0,1
02 Aragón;08 Comunicaciones;Variación anual;2024M04;-0,1
02 Aragón;08 Comunicaciones;Variación anual;2024M03;0,4
02 Aragón;08 Comunicaciones;Variación anual;2024M02;0,4
02 Aragón;08 Comunicaciones;Variación anual;2024M01;0,6
02 Aragón;08 Comunicaciones;Variación en lo que va de año;2024M12;0,2
02 Aragón;08 Comunicaciones;Variación en lo que va de año;2024M11;0,2
02 Aragón;08 Comunicaciones;Variación en lo que va de año;2024M10;0,2
02 Aragón;08 Comunicaciones;Variación en lo que va de año;2024M09;1,2
02 Aragón;08 Comunicaciones;Variación en lo que va de año;2024M08;1,2
02 Aragón;08 Comunicaciones;Variación en lo que va de año;2024M07;1,3
02 Aragón;08 Comunicaciones;Variación en lo que va de año;2024M06;1,8
02 Aragón;08 Comunicaciones;Variación en lo que va de año;2024M05;1,8
02 Aragón;08 Comunicaciones;Variación en lo que va de año;2024M04;1,9
02 Aragón;08 Comunicaciones;Variación en lo que va de año;2024M03;1,8
02 Aragón;08 Comunicaciones;Variación en lo que va de año;2024M02;1,8
02 Aragón;08 Comunicaciones;Variación en lo que va de año;2024M01;1,9
02 Aragón;09 Ocio y cultura;Índice;2024M12;110,786
02 Aragón;09 Ocio y cultura;Índice;2024M11;107,421
02 Aragón;09 Ocio y cultura;Índice;2024M10;108,889
02 Aragón;09 Ocio y cultura;Índice;2024M09;109,110
02 Aragón;09 Ocio y cultura;Índice;2024M08;114,164
02 Aragón;09 Ocio y cultura;Índice;2024M07;112,689
02 Aragón;09 Ocio y cultura;Índice;2024M06;110,605
02 Aragón;09 Ocio y cultura;Índice;2024M05;108,222
02 Aragón;09 Ocio y cultura;Índice;2024M04;108,026
02 Aragón;09 Ocio y cultura;Índice;2024M03;108,593
02 Aragón;09 Ocio y cultura;Índice;2024M02;106,410
02 Aragón;09 Ocio y cultura;Índice;2024M01;105,969
02 Aragón;09 Ocio y cultura;Variación mensual;2024M12;3,1
02 Aragón;09 Ocio y cultura;Variación mensual;2024M11;-1,3
02 Aragón;09 Ocio y cultura;Variación mensual;2024M10;-0,2
02 Aragón;09 Ocio y cultura;Variación mensual;2024M09;-4,4
02 Aragón;09 Ocio y cultura;Variación mensual;2024M08;1,3
02 Aragón;09 Ocio y cultura;Variación mensual;2024M07;1,9
02 Aragón;09 Ocio y cultura;Variación mensual;2024M06;2,2
02 Aragón;09 Ocio y cultura;Variación mensual;2024M05;0,2
02 Aragón;09 Ocio y cultura;Variación mensual;2024M04;-0,5
02 Aragón;09 Ocio y cultura;Variación mensual;2024M03;2,1
02 Aragón;09 Ocio y cultura;Variación mensual;2024M02;0,4
02 Aragón;09 Ocio y cultura;Variación mensual;2024M01;-1,9
02 Aragón;09 Ocio y cultura;Variación anual;2024M12;2,5
02 Aragón;09 Ocio y cultura;Variación anual;2024M11;1,4
02 Aragón;09 Ocio y cultura;Variación anual;2024M10;1,6
02 Aragón;09 Ocio y cultura;Variación anual;2024M09;0,7
02 Aragón;09 Ocio y cultura;Variación anual;2024M08;2,4
02 Aragón;09 Ocio y cultura;Variación anual;2024M07;2,2
02 Aragón;09 Ocio y cultura;Variación anual;2024M06;3,3
02 Aragón;09 Ocio y cultura;Variación anual;2024M05;3,1
02 Aragón;09 Ocio y cultura;Variación anual;2024M04;2,4
02 Aragón;09 Ocio y cultura;Variación anual;2024M03;3,9
02 Aragón;09 Ocio y cultura;Variación anual;2024M02;2,6
02 Aragón;09 Ocio y cultura;Variación anual;2024M01;3,4
02 Aragón;09 Ocio y cultura;Variación en lo que va de año;2024M12;2,5
02 Aragón;09 Ocio y cultura;Variación en lo que va de año;2024M11;-0,6
02 Aragón;09 Ocio y cultura;Variación en lo que va de año;2024M10;0,8
02 Aragón;09 Ocio y cultura;Variación en lo que va de año;2024M09;1,0
02 Aragón;09 Ocio y cultura;Variación en lo que va de año;2024M08;5,6
02 Aragón;09 Ocio y cultura;Variación en lo que va de año;2024M07;4,3
02 Aragón;09 Ocio y cultura;Variación en lo que va de año;2024M06;2,3
02 Aragón;09 Ocio y cultura;Variación en lo que va de año;2024M05;0,1
02 Aragón;09 Ocio y cultura;Variación en lo que va de año;2024M04;0,0
02 Aragón;09 Ocio y cultura;Variación en lo que va de año;2024M03;0,5
02 Aragón;09 Ocio y cultura;Variación en lo que va de año;2024M02;-1,5
02 Aragón;09 Ocio y cultura;Variación en lo que va de año;2024M01;-1,9
02 Aragón;10 Enseñanza;Índice;2024M12;110,335
02 Aragón;10 Enseñanza;Índice;2024M11;110,084
02 Aragón;10 Enseñanza;Índice;2024M10;109,704
02 Aragón;10 Enseñanza;Índice;2024M09;108,617
02 Aragón;10 Enseñanza;Índice;2024M08;106,957
02 Aragón;10 Enseñanza;Índice;2024M07;106,720
02 Aragón;10 Enseñanza;Índice;2024M06;106,689
02 Aragón;10 Enseñanza;Índice;2024M05;106,663
02 Aragón;10 Enseñanza;Índice;2024M04;106,663
02 Aragón;10 Enseñanza;Índice;2024M03;106,663
02 Aragón;10 Enseñanza;Índice;2024M02;106,365
02 Aragón;10 Enseñanza;Índice;2024M01;106,230
02 Aragón;10 Enseñanza;Variación mensual;2024M12;0,2
02 Aragón;10 Enseñanza;Variación mensual;2024M11;0,3
02 Aragón;10 Enseñanza;Variación mensual;2024M10;1,0
02 Aragón;10 Enseñanza;Variación mensual;2024M09;1,6
02 Aragón;10 Enseñanza;Variación mensual;2024M08;0,2
02 Aragón;10 Enseñanza;Variación mensual;2024M07;0,0
02 Aragón;10 Enseñanza;Variación mensual;2024M06;0,0
02 Aragón;10 Enseñanza;Variación mensual;2024M05;0,0
02 Aragón;10 Enseñanza;Variación mensual;2024M04;0,0
02 Aragón;10 Enseñanza;Variación mensual;2024M03;0,3
02 Aragón;10 Enseñanza;Variación mensual;2024M02;0,1
02 Aragón;10 Enseñanza;Variación mensual;2024M01;0,3
02 Aragón;10 Enseñanza;Variación anual;2024M12;4,2
02 Aragón;10 Enseñanza;Variación anual;2024M11;4,0
02 Aragón;10 Enseñanza;Variación anual;2024M10;3,9
02 Aragón;10 Enseñanza;Variación anual;2024M09;3,2
02 Aragón;10 Enseñanza;Variación anual;2024M08;2,3
02 Aragón;10 Enseñanza;Variación anual;2024M07;2,1
02 Aragón;10 Enseñanza;Variación anual;2024M06;2,1
02 Aragón;10 Enseñanza;Variación anual;2024M05;2,0
02 Aragón;10 Enseñanza;Variación anual;2024M04;2,0
02 Aragón;10 Enseñanza;Variación anual;2024M03;2,1
02 Aragón;10 Enseñanza;Variación anual;2024M02;1,8
02 Aragón;10 Enseñanza;Variación anual;2024M01;1,9
02 Aragón;10 Enseñanza;Variación en lo que va de año;2024M12;4,2
02 Aragón;10 Enseñanza;Variación en lo que va de año;2024M11;3,9
02 Aragón;10 Enseñanza;Variación en lo que va de año;2024M10;3,6
02 Aragón;10 Enseñanza;Variación en lo que va de año;2024M09;2,6
02 Aragón;10 Enseñanza;Variación en lo que va de año;2024M08;1,0
02 Aragón;10 Enseñanza;Variación en lo que va de año;2024M07;0,8
02 Aragón;10 Enseñanza;Variación en lo que va de año;2024M06;0,7
02 Aragón;10 Enseñanza;Variación en lo que va de año;2024M05;0,7
02 Aragón;10 Enseñanza;Variación en lo que va de año;2024M04;0,7
02 Aragón;10 Enseñanza;Variación en lo que va de año;2024M03;0,7
02 Aragón;10 Enseñanza;Variación en lo que va de año;2024M02;0,4
02 Aragón;10 Enseñanza;Variación en lo que va de año;2024M01;0,3
02 Aragón;11 Restaurantes y hoteles;Índice;2024M12;118,274
02 Aragón;11 Restaurantes y hoteles;Índice;2024M11;118,176
02 Aragón;11 Restaurantes y hoteles;Índice;2024M10;118,798
02 Aragón;11 Restaurantes y hoteles;Índice;2024M09;118,292
02 Aragón;11 Restaurantes y hoteles;Índice;2024M08;118,307
02 Aragón;11 Restaurantes y hoteles;Índice;2024M07;117,372
02 Aragón;11 Restaurantes y hoteles;Índice;2024M06;117,593
02 Aragón;11 Restaurantes y hoteles;Índice;2024M05;116,896
02 Aragón;11 Restaurantes y hoteles;Índice;2024M04;115,576
02 Aragón;11 Restaurantes y hoteles;Índice;2024M03;115,553
02 Aragón;11 Restaurantes y hoteles;Índice;2024M02;115,730
02 Aragón;11 Restaurantes y hoteles;Índice;2024M01;113,366
02 Aragón;11 Restaurantes y hoteles;Variación mensual;2024M12;0,1
02 Aragón;11 Restaurantes y hoteles;Variación mensual;2024M11;-0,5
02 Aragón;11 Restaurantes y hoteles;Variación mensual;2024M10;0,4
02 Aragón;11 Restaurantes y hoteles;Variación mensual;2024M09;0,0
02 Aragón;11 Restaurantes y hoteles;Variación mensual;2024M08;0,8
02 Aragón;11 Restaurantes y hoteles;Variación mensual;2024M07;-0,2
02 Aragón;11 Restaurantes y hoteles;Variación mensual;2024M06;0,6
02 Aragón;11 Restaurantes y hoteles;Variación mensual;2024M05;1,1
02 Aragón;11 Restaurantes y hoteles;Variación mensual;2024M04;0,0
02 Aragón;11 Restaurantes y hoteles;Variación mensual;2024M03;-0,2
02 Aragón;11 Restaurantes y hoteles;Variación mensual;2024M02;2,1
02 Aragón;11 Restaurantes y hoteles;Variación mensual;2024M01;-0,2
02 Aragón;11 Restaurantes y hoteles;Variación anual;2024M12;4,1
02 Aragón;11 Restaurantes y hoteles;Variación anual;2024M11;4,3
02 Aragón;11 Restaurantes y hoteles;Variación anual;2024M10;5,1
02 Aragón;11 Restaurantes y hoteles;Variación anual;2024M09;4,5
02 Aragón;11 Restaurantes y hoteles;Variación anual;2024M08;4,2
02 Aragón;11 Restaurantes y hoteles;Variación anual;2024M07;3,5
02 Aragón;11 Restaurantes y hoteles;Variación anual;2024M06;4,6
02 Aragón;11 Restaurantes y hoteles;Variación anual;2024M05;4,8
02 Aragón;11 Restaurantes y hoteles;Variación anual;2024M04;4,0
02 Aragón;11 Restaurantes y hoteles;Variación anual;2024M03;5,1
02 Aragón;11 Restaurantes y hoteles;Variación anual;2024M02;5,5
02 Aragón;11 Restaurantes y hoteles;Variación anual;2024M01;5,0
02 Aragón;11 Restaurantes y hoteles;Variación en lo que va de año;2024M12;4,1
02 Aragón;11 Restaurantes y hoteles;Variación en lo que va de año;2024M11;4,0
02 Aragón;11 Restaurantes y hoteles;Variación en lo que va de año;2024M10;4,5
02 Aragón;11 Restaurantes y hoteles;Variación en lo que va de año;2024M09;4,1
02 Aragón;11 Restaurantes y hoteles;Variación en lo que va de año;2024M08;4,1
02 Aragón;11 Restaurantes y hoteles;Variación en lo que va de año;2024M07;3,3
02 Aragón;11 Restaurantes y hoteles;Variación en lo que va de año;2024M06;3,5
02 Aragón;11 Restaurantes y hoteles;Variación en lo que va de año;2024M05;2,9
02 Aragón;11 Restaurantes y hoteles;Variación en lo que va de año;2024M04;1,7
02 Aragón;11 Restaurantes y hoteles;Variación en lo que va de año;2024M03;1,7
02 Aragón;11 Restaurantes y hoteles;Variación en lo que va de año;2024M02;1,8
02 Aragón;11 Restaurantes y hoteles;Variación en lo que va de año;2024M01;-0,2
02 Aragón;12 Otros bienes y servicios;Índice;2024M12;112,521
02 Aragón;12 Otros bienes y servicios;Índice;2024M11;112,470
02 Aragón;12 Otros bienes y servicios;Índice;2024M10;112,075
02 Aragón;12 Otros bienes y servicios;Índice;2024M09;111,614
02 Aragón;12 Otros bienes y servicios;Índice;2024M08;111,954
02 Aragón;12 Otros bienes y servicios;Índice;2024M07;111,526
02 Aragón;12 Otros bienes y servicios;Índice;2024M06;111,562
02 Aragón;12 Otros bienes y servicios;Índice;2024M05;111,122
02 Aragón;12 Otros bienes y servicios;Índice;2024M04;110,902
02 Aragón;12 Otros bienes y servicios;Índice;2024M03;110,065
02 Aragón;12 Otros bienes y servicios;Índice;2024M02;109,759
02 Aragón;12 Otros bienes y servicios;Índice;2024M01;109,375
02 Aragón;12 Otros bienes y servicios;Variación mensual;2024M12;0,0
02 Aragón;12 Otros bienes y servicios;Variación mensual;2024M11;0,4
02 Aragón;12 Otros bienes y servicios;Variación mensual;2024M10;0,4
02 Aragón;12 Otros bienes y servicios;Variación mensual;2024M09;-0,3
02 Aragón;12 Otros bienes y servicios;Variación mensual;2024M08;0,4
02 Aragón;12 Otros bienes y servicios;Variación mensual;2024M07;0,0
02 Aragón;12 Otros bienes y servicios;Variación mensual;2024M06;0,4
02 Aragón;12 Otros bienes y servicios;Variación mensual;2024M05;0,2
02 Aragón;12 Otros bienes y servicios;Variación mensual;2024M04;0,8
02 Aragón;12 Otros bienes y servicios;Variación mensual;2024M03;0,3
02 Aragón;12 Otros bienes y servicios;Variación mensual;2024M02;0,4
02 Aragón;12 Otros bienes y servicios;Variación mensual;2024M01;0,5
02 Aragón;12 Otros bienes y servicios;Variación anual;2024M12;3,4
02 Aragón;12 Otros bienes y servicios;Variación anual;2024M11;3,3
02 Aragón;12 Otros bienes y servicios;Variación anual;2024M10;3,1
02 Aragón;12 Otros bienes y servicios;Variación anual;2024M09;2,8
02 Aragón;12 Otros bienes y servicios;Variación anual;2024M08;2,9
02 Aragón;12 Otros bienes y servicios;Variación anual;2024M07;2,8
02 Aragón;12 Otros bienes y servicios;Variación anual;2024M06;2,8
02 Aragón;12 Otros bienes y servicios;Variación anual;2024M05;2,8
02 Aragón;12 Otros bienes y servicios;Variación anual;2024M04;2,7
02 Aragón;12 Otros bienes y servicios;Variación anual;2024M03;2,5
02 Aragón;12 Otros bienes y servicios;Variación anual;2024M02;2,6
02 Aragón;12 Otros bienes y servicios;Variación anual;2024M01;2,8
02 Aragón;12 Otros bienes y servicios;Variación en lo que va de año;2024M12;3,4
02 Aragón;12 Otros bienes y servicios;Variación en lo que va de año;2024M11;3,3
02 Aragón;12 Otros bienes y servicios;Variación en lo que va de año;2024M10;3,0
02 Aragón;12 Otros bienes y servicios;Variación en lo que va de año;2024M09;2,5
02 Aragón;12 Otros bienes y servicios;Variación en lo que va de año;2024M08;2,9
02 Aragón;12 Otros bienes y servicios;Variación en lo que va de año;2024M07;2,5
02 Aragón;12 Otros bienes y servicios;Variación en lo que va de año;2024M06;2,5
02 Aragón;12 Otros bienes y servicios;Variación en lo que va de año;2024M05;2,1
02 Aragón;12 Otros bienes y servicios;Variación en lo que va de año;2024M04;1,9
02 Aragón;12 Otros bienes y servicios;Variación en lo que va de año;2024M03;1,1
02 Aragón;12 Otros bienes y servicios;Variación en lo que va de año;2024M02;0,8
02 Aragón;12 Otros bienes y servicios;Variación en lo que va de año;2024M01;0,5
03 Asturias, Principado de;01 Alimentos y bebidas no alcohólicas;Índice;2024M12;129,465
03 Asturias, Principado de;01 Alimentos y bebidas no alcohólicas;Índice;2024M11;128,731
03 Asturias, Principado de;01 Alimentos y bebidas no alcohólicas;Índice;2024M10;128,910
03 Asturias, Principado de;01 Alimentos y bebidas no alcohólicas;Índice;2024M09;127,866
03 Asturias, Principado de;01 Alimentos y bebidas no alcohólicas;Índice;2024M08;128,135
03 Asturias, Principado de;01 Alimentos y bebidas no alcohólicas;Índice;2024M07;128,238
03 Asturias, Principado de;01 Alimentos y bebidas no alcohólicas;Índice;2024M06;129,037
03 Asturias, Principado de;01 Alimentos y bebidas no alcohólicas;Índice;2024M05;128,187
03 Asturias, Principado de;01 Alimentos y bebidas no alcohólicas;Índice;2024M04;128,753
03 Asturias, Principado de;01 Alimentos y bebidas no alcohólicas;Índice;2024M03;127,943
03 Asturias, Principado de;01 Alimentos y bebidas no alcohólicas;Índice;2024M02;127,882
03 Asturias, Principado de;01 Alimentos y bebidas no alcohólicas;Índice;2024M01;127,219
03 Asturias, Principado de;01 Alimentos y bebidas no alcohólicas;Variación mensual;2024M12;0,6
03 Asturias, Principado de;01 Alimentos y bebidas no alcohólicas;Variación mensual;2024M11;-0,1
03 Asturias, Principado de;01 Alimentos y bebidas no alcohólicas;Variación mensual;2024M10;0,8
03 Asturias, Principado de;01 Alimentos y bebidas no alcohólicas;Variación mensual;2024M09;-0,2
03 Asturias, Principado de;01 Alimentos y bebidas no alcohólicas;Variación mensual;2024M08;-0,1
03 Asturias, Principado de;01 Alimentos y bebidas no alcohólicas;Variación mensual;2024M07;-0,6
03 Asturias, Principado de;01 Alimentos y bebidas no alcohólicas;Variación mensual;2024M06;0,7
03 Asturias, Principado de;01 Alimentos y bebidas no alcohólicas;Variación mensual;2024M05;-0,4
03 Asturias, Principado de;01 Alimentos y bebidas no alcohólicas;Variación mensual;2024M04;0,6
03 Asturias, Principado de;01 Alimentos y bebidas no alcohólicas;Variación mensual;2024M03;0,0
03 Asturias, Principado de;01 Alimentos y bebidas no alcohólicas;Variación mensual;2024M02;0,5
03 Asturias, Principado de;01 Alimentos y bebidas no alcohólicas;Variación mensual;2024M01;0,6
03 Asturias, Principado de;01 Alimentos y bebidas no alcohólicas;Variación anual;2024M12;2,3
03 Asturias, Principado de;01 Alimentos y bebidas no alcohólicas;Variación anual;2024M11;2,0
03 Asturias, Principado de;01 Alimentos y bebidas no alcohólicas;Variación anual;2024M10;2,5
03 Asturias, Principado de;01 Alimentos y bebidas no alcohólicas;Variación anual;2024M09;3,3
03 Asturias, Principado de;01 Alimentos y bebidas no alcohólicas;Variación anual;2024M08;2,8
03 Asturias, Principado de;01 Alimentos y bebidas no alcohólicas;Variación anual;2024M07;3,5
03 Asturias, Principado de;01 Alimentos y bebidas no alcohólicas;Variación anual;2024M06;4,6
03 Asturias, Principado de;01 Alimentos y bebidas no alcohólicas;Variación anual;2024M05;4,0
03 Asturias, Principado de;01 Alimentos y bebidas no alcohólicas;Variación anual;2024M04;4,8
03 Asturias, Principado de;01 Alimentos y bebidas no alcohólicas;Variación anual;2024M03;4,8
03 Asturias, Principado de;01 Alimentos y bebidas no alcohólicas;Variación anual;2024M02;6,2
03 Asturias, Principado de;01 Alimentos y bebidas no alcohólicas;Variación anual;2024M01;7,1
03 Asturias, Principado de;01 Alimentos y bebidas no alcohólicas;Variación en lo que va de año;2024M12;2,3
03 Asturias, Principado de;01 Alimentos y bebidas no alcohólicas;Variación en lo que va de año;2024M11;1,7
03 Asturias, Principado de;01 Alimentos y bebidas no alcohólicas;Variación en lo que va de año;2024M10;1,9
03 Asturias, Principado de;01 Alimentos y bebidas no alcohólicas;Variación en lo que va de año;2024M09;1,1
03 Asturias, Principado de;01 Alimentos y bebidas no alcohólicas;Variación en lo que va de año;2024M08;1,3
03 Asturias, Principado de;01 Alimentos y bebidas no alcohólicas;Variación en lo que va de año;2024M07;1,4
03 Asturias, Principado de;01 Alimentos y bebidas no alcohólicas;Variación en lo que va de año;2024M06;2,0
03 Asturias, Principado de;01 Alimentos y bebidas no alcohólicas;Variación en lo que va de año;2024M05;1,3
03 Asturias, Principado de;01 Alimentos y bebidas no alcohólicas;Variación en lo que va de año;2024M04;1,8
03 Asturias, Principado de;01 Alimentos y bebidas no alcohólicas;Variación en lo que va de año;2024M03;1,1
03 Asturias, Principado de;01 Alimentos y bebidas no alcohólicas;Variación en lo que va de año;2024M02;1,1
03 Asturias, Principado de;01 Alimentos y bebidas no alcohólicas;Variación en lo que va de año;2024M01;0,6
03 Asturias, Principado de;02 Bebidas alcohólicas y tabaco;Índice;2024M12;117,666
03 Asturias, Principado de;02 Bebidas alcohólicas y tabaco;Índice;2024M11;116,969
03 Asturias, Principado de;02 Bebidas alcohólicas y tabaco;Índice;2024M10;116,224
03 Asturias, Principado de;02 Bebidas alcohólicas y tabaco;Índice;2024M09;116,756
03 Asturias, Principado de;02 Bebidas alcohólicas y tabaco;Índice;2024M08;116,099
03 Asturias, Principado de;02 Bebidas alcohólicas y tabaco;Índice;2024M07;116,363
03 Asturias, Principado de;02 Bebidas alcohólicas y tabaco;Índice;2024M06;116,558
03 Asturias, Principado de;02 Bebidas alcohólicas y tabaco;Índice;2024M05;116,445
03 Asturias, Principado de;02 Bebidas alcohólicas y tabaco;Índice;2024M04;116,111
03 Asturias, Principado de;02 Bebidas alcohólicas y tabaco;Índice;2024M03;116,473
03 Asturias, Principado de;02 Bebidas alcohólicas y tabaco;Índice;2024M02;116,018
03 Asturias, Principado de;02 Bebidas alcohólicas y tabaco;Índice;2024M01;114,040
03 Asturias, Principado de;02 Bebidas alcohólicas y tabaco;Variación mensual;2024M12;0,6
03 Asturias, Principado de;02 Bebidas alcohólicas y tabaco;Variación mensual;2024M11;0,6
03 Asturias, Principado de;02 Bebidas alcohólicas y tabaco;Variación mensual;2024M10;-0,5
03 Asturias, Principado de;02 Bebidas alcohólicas y tabaco;Variación mensual;2024M09;0,6
03 Asturias, Principado de;02 Bebidas alcohólicas y tabaco;Variación mensual;2024M08;-0,2
03 Asturias, Principado de;02 Bebidas alcohólicas y tabaco;Variación mensual;2024M07;-0,2
03 Asturias, Principado de;02 Bebidas alcohólicas y tabaco;Variación mensual;2024M06;0,1
03 Asturias, Principado de;02 Bebidas alcohólicas y tabaco;Variación mensual;2024M05;0,3
03 Asturias, Principado de;02 Bebidas alcohólicas y tabaco;Variación mensual;2024M04;-0,3
03 Asturias, Principado de;02 Bebidas alcohólicas y tabaco;Variación mensual;2024M03;0,4
03 Asturias, Principado de;02 Bebidas alcohólicas y tabaco;Variación mensual;2024M02;1,7
03 Asturias, Principado de;02 Bebidas alcohólicas y tabaco;Variación mensual;2024M01;2,2
03 Asturias, Principado de;02 Bebidas alcohólicas y tabaco;Variación anual;2024M12;5,4
03 Asturias, Principado de;02 Bebidas alcohólicas y tabaco;Variación anual;2024M11;4,0
03 Asturias, Principado de;02 Bebidas alcohólicas y tabaco;Variación anual;2024M10;3,3
03 Asturias, Principado de;02 Bebidas alcohólicas y tabaco;Variación anual;2024M09;3,8
03 Asturias, Principado de;02 Bebidas alcohólicas y tabaco;Variación anual;2024M08;3,8
03 Asturias, Principado de;02 Bebidas alcohólicas y tabaco;Variación anual;2024M07;4,4
03 Asturias, Principado de;02 Bebidas alcohólicas y tabaco;Variación anual;2024M06;4,3
03 Asturias, Principado de;02 Bebidas alcohólicas y tabaco;Variación anual;2024M05;3,7
03 Asturias, Principado de;02 Bebidas alcohólicas y tabaco;Variación anual;2024M04;3,5
03 Asturias, Principado de;02 Bebidas alcohólicas y tabaco;Variación anual;2024M03;3,7
03 Asturias, Principado de;02 Bebidas alcohólicas y tabaco;Variación anual;2024M02;4,7
03 Asturias, Principado de;02 Bebidas alcohólicas y tabaco;Variación anual;2024M01;4,6
03 Asturias, Principado de;02 Bebidas alcohólicas y tabaco;Variación en lo que va de año;2024M12;5,4
03 Asturias, Principado de;02 Bebidas alcohólicas y tabaco;Variación en lo que va de año;2024M11;4,8
03 Asturias, Principado de;02 Bebidas alcohólicas y tabaco;Variación en lo que va de año;2024M10;4,1
03 Asturias, Principado de;02 Bebidas alcohólicas y tabaco;Variación en lo que va de año;2024M09;4,6
03 Asturias, Principado de;02 Bebidas alcohólicas y tabaco;Variación en lo que va de año;2024M08;4,0
03 Asturias, Principado de;02 Bebidas alcohólicas y tabaco;Variación en lo que va de año;2024M07;4,3
03 Asturias, Principado de;02 Bebidas alcohólicas y tabaco;Variación en lo que va de año;2024M06;4,4
03 Asturias, Principado de;02 Bebidas alcohólicas y tabaco;Variación en lo que va de año;2024M05;4,3
03 Asturias, Principado de;02 Bebidas alcohólicas y tabaco;Variación en lo que va de año;2024M04;4,0
03 Asturias, Principado de;02 Bebidas alcohólicas y tabaco;Variación en lo que va de año;2024M03;4,4
03 Asturias, Principado de;02 Bebidas alcohólicas y tabaco;Variación en lo que va de año;2024M02;4,0
03 Asturias, Principado de;02 Bebidas alcohólicas y tabaco;Variación en lo que va de año;2024M01;2,2
03 Asturias, Principado de;03 Vestido y calzado;Índice;2024M12;119,621
03 Asturias, Principado de;03 Vestido y calzado;Índice;2024M11;120,597
03 Asturias, Principado de;03 Vestido y calzado;Índice;2024M10;118,686
03 Asturias, Principado de;03 Vestido y calzado;Índice;2024M09;107,109
03 Asturias, Principado de;03 Vestido y calzado;Índice;2024M08;101,936
03 Asturias, Principado de;03 Vestido y calzado;Índice;2024M07;102,419
03 Asturias, Principado de;03 Vestido y calzado;Índice;2024M06;112,949
03 Asturias, Principado de;03 Vestido y calzado;Índice;2024M05;113,795
03 Asturias, Principado de;03 Vestido y calzado;Índice;2024M04;114,522
03 Asturias, Principado de;03 Vestido y calzado;Índice;2024M03;102,462
03 Asturias, Principado de;03 Vestido y calzado;Índice;2024M02;99,672
03 Asturias, Principado de;03 Vestido y calzado;Índice;2024M01;102,197
03 Asturias, Principado de;03 Vestido y calzado;Variación mensual;2024M12;-0,8
03 Asturias, Principado de;03 Vestido y calzado;Variación mensual;2024M11;1,6
03 Asturias, Principado de;03 Vestido y calzado;Variación mensual;2024M10;10,8
03 Asturias, Principado de;03 Vestido y calzado;Variación mensual;2024M09;5,1
03 Asturias, Principado de;03 Vestido y calzado;Variación mensual;2024M08;-0,5
03 Asturias, Principado de;03 Vestido y calzado;Variación mensual;2024M07;-9,3
03 Asturias, Principado de;03 Vestido y calzado;Variación mensual;2024M06;-0,7
03 Asturias, Principado de;03 Vestido y calzado;Variación mensual;2024M05;-0,6
03 Asturias, Principado de;03 Vestido y calzado;Variación mensual;2024M04;11,8
03 Asturias, Principado de;03 Vestido y calzado;Variación mensual;2024M03;2,8
03 Asturias, Principado de;03 Vestido y calzado;Variación mensual;2024M02;-2,5
03 Asturias, Principado de;03 Vestido y calzado;Variación mensual;2024M01;-11,1
03 Asturias, Principado de;03 Vestido y calzado;Variación anual;2024M12;4,1
03 Asturias, Principado de;03 Vestido y calzado;Variación anual;2024M11;4,6
03 Asturias, Principado de;03 Vestido y calzado;Variación anual;2024M10;4,6
03 Asturias, Principado de;03 Vestido y calzado;Variación anual;2024M09;3,1
03 Asturias, Principado de;03 Vestido y calzado;Variación anual;2024M08;0,8
03 Asturias, Principado de;03 Vestido y calzado;Variación anual;2024M07;1,5
03 Asturias, Principado de;03 Vestido y calzado;Variación anual;2024M06;-0,5
03 Asturias, Principado de;03 Vestido y calzado;Variación anual;2024M05;-1,2
03 Asturias, Principado de;03 Vestido y calzado;Variación anual;2024M04;0,5
03 Asturias, Principado de;03 Vestido y calzado;Variación anual;2024M03;-4,1
03 Asturias, Principado de;03 Vestido y calzado;Variación anual;2024M02;-1,3
03 Asturias, Principado de;03 Vestido y calzado;Variación anual;2024M01;-0,6
03 Asturias, Principado de;03 Vestido y calzado;Variación en lo que va de año;2024M12;4,1
03 Asturias, Principado de;03 Vestido y calzado;Variación en lo que va de año;2024M11;4,9
03 Asturias, Principado de;03 Vestido y calzado;Variación en lo que va de año;2024M10;3,2
03 Asturias, Principado de;03 Vestido y calzado;Variación en lo que va de año;2024M09;-6,8
03 Asturias, Principado de;03 Vestido y calzado;Variación en lo que va de año;2024M08;-11,3
03 Asturias, Principado de;03 Vestido y calzado;Variación en lo que va de año;2024M07;-10,9
03 Asturias, Principado de;03 Vestido y calzado;Variación en lo que va de año;2024M06;-1,8
03 Asturias, Principado de;03 Vestido y calzado;Variación en lo que va de año;2024M05;-1,0
03 Asturias, Principado de;03 Vestido y calzado;Variación en lo que va de año;2024M04;-0,4
03 Asturias, Principado de;03 Vestido y calzado;Variación en lo que va de año;2024M03;-10,9
03 Asturias, Principado de;03 Vestido y calzado;Variación en lo que va de año;2024M02;-13,3
03 Asturias, Principado de;03 Vestido y calzado;Variación en lo que va de año;2024M01;-11,1
03 Asturias, Principado de;04 Vivienda, agua, electricidad, gas y otros combustibles;Índice;2024M12;109,893
03 Asturias, Principado de;04 Vivienda, agua, electricidad, gas y otros combustibles;Índice;2024M11;109,156
03 Asturias, Principado de;04 Vivienda, agua, electricidad, gas y otros combustibles;Índice;2024M10;107,388
03 Asturias, Principado de;04 Vivienda, agua, electricidad, gas y otros combustibles;Índice;2024M09;106,822
03 Asturias, Principado de;04 Vivienda, agua, electricidad, gas y otros combustibles;Índice;2024M08;107,733
03 Asturias, Principado de;04 Vivienda, agua, electricidad, gas y otros combustibles;Índice;2024M07;107,100
03 Asturias, Principado de;04 Vivienda, agua, electricidad, gas y otros combustibles;Índice;2024M06;109,320
03 Asturias, Principado de;04 Vivienda, agua, electricidad, gas y otros combustibles;Índice;2024M05;108,499
03 Asturias, Principado de;04 Vivienda, agua, electricidad, gas y otros combustibles;Índice;2024M04;107,696
03 Asturias, Principado de;04 Vivienda, agua, electricidad, gas y otros combustibles;Índice;2024M03;107,069
03 Asturias, Principado de;04 Vivienda, agua, electricidad, gas y otros combustibles;Índice;2024M02;104,802
03 Asturias, Principado de;04 Vivienda, agua, electricidad, gas y otros combustibles;Índice;2024M01;106,308
03 Asturias, Principado de;04 Vivienda, agua, electricidad, gas y otros combustibles;Variación mensual;2024M12;0,7
03 Asturias, Principado de;04 Vivienda, agua, electricidad, gas y otros combustibles;Variación mensual;2024M11;1,6
03 Asturias, Principado de;04 Vivienda, agua, electricidad, gas y otros combustibles;Variación mensual;2024M10;0,5
03 Asturias, Principado de;04 Vivienda, agua, electricidad, gas y otros combustibles;Variación mensual;2024M09;-0,8
03 Asturias, Principado de;04 Vivienda, agua, electricidad, gas y otros combustibles;Variación mensual;2024M08;0,6
03 Asturias, Principado de;04 Vivienda, agua, electricidad, gas y otros combustibles;Variación mensual;2024M07;-2,0
03 Asturias, Principado de;04 Vivienda, agua, electricidad, gas y otros combustibles;Variación mensual;2024M06;0,8
03 Asturias, Principado de;04 Vivienda, agua, electricidad, gas y otros combustibles;Variación mensual;2024M05;0,7
03 Asturias, Principado de;04 Vivienda, agua, electricidad, gas y otros combustibles;Variación mensual;2024M04;0,6
03 Asturias, Principado de;04 Vivienda, agua, electricidad, gas y otros combustibles;Variación mensual;2024M03;2,2
03 Asturias, Principado de;04 Vivienda, agua, electricidad, gas y otros combustibles;Variación mensual;2024M02;-1,4
03 Asturias, Principado de;04 Vivienda, agua, electricidad, gas y otros combustibles;Variación mensual;2024M01;3,7
03 Asturias, Principado de;04 Vivienda, agua, electricidad, gas y otros combustibles;Variación anual;2024M12;7,2
03 Asturias, Principado de;04 Vivienda, agua, electricidad, gas y otros combustibles;Variación anual;2024M11;6,9
03 Asturias, Principado de;04 Vivienda, agua, electricidad, gas y otros combustibles;Variación anual;2024M10;3,5
03 Asturias, Principado de;04 Vivienda, agua, electricidad, gas y otros combustibles;Variación anual;2024M09;2,3
03 Asturias, Principado de;04 Vivienda, agua, electricidad, gas y otros combustibles;Variación anual;2024M08;3,7
03 Asturias, Principado de;04 Vivienda, agua, electricidad, gas y otros combustibles;Variación anual;2024M07;2,9
03 Asturias, Principado de;04 Vivienda, agua, electricidad, gas y otros combustibles;Variación anual;2024M06;5,1
03 Asturias, Principado de;04 Vivienda, agua, electricidad, gas y otros combustibles;Variación anual;2024M05;5,3
03 Asturias, Principado de;04 Vivienda, agua, electricidad, gas y otros combustibles;Variación anual;2024M04;4,0
03 Asturias, Principado de;04 Vivienda, agua, electricidad, gas y otros combustibles;Variación anual;2024M03;1,1
03 Asturias, Principado de;04 Vivienda, agua, electricidad, gas y otros combustibles;Variación anual;2024M02;-3,1
03 Asturias, Principado de;04 Vivienda, agua, electricidad, gas y otros combustibles;Variación anual;2024M01;1,5
03 Asturias, Principado de;04 Vivienda, agua, electricidad, gas y otros combustibles;Variación en lo que va de año;2024M12;7,2
03 Asturias, Principado de;04 Vivienda, agua, electricidad, gas y otros combustibles;Variación en lo que va de año;2024M11;6,5
03 Asturias, Principado de;04 Vivienda, agua, electricidad, gas y otros combustibles;Variación en lo que va de año;2024M10;4,8
03 Asturias, Principado de;04 Vivienda, agua, electricidad, gas y otros combustibles;Variación en lo que va de año;2024M09;4,3
03 Asturias, Principado de;04 Vivienda, agua, electricidad, gas y otros combustibles;Variación en lo que va de año;2024M08;5,1
03 Asturias, Principado de;04 Vivienda, agua, electricidad, gas y otros combustibles;Variación en lo que va de año;2024M07;4,5
03 Asturias, Principado de;04 Vivienda, agua, electricidad, gas y otros combustibles;Variación en lo que va de año;2024M06;6,7
03 Asturias, Principado de;04 Vivienda, agua, electricidad, gas y otros combustibles;Variación en lo que va de año;2024M05;5,9
03 Asturias, Principado de;04 Vivienda, agua, electricidad, gas y otros combustibles;Variación en lo que va de año;2024M04;5,1
03 Asturias, Principado de;04 Vivienda, agua, electricidad, gas y otros combustibles;Variación en lo que va de año;2024M03;4,5
03 Asturias, Principado de;04 Vivienda, agua, electricidad, gas y otros combustibles;Variación en lo que va de año;2024M02;2,3
03 Asturias, Principado de;04 Vivienda, agua, electricidad, gas y otros combustibles;Variación en lo que va de año;2024M01;3,7
03 Asturias, Principado de;05 Muebles, artículos del hogar y artículos para el mantenimiento corriente del hogar;Índice;2024M12;112,945
03 Asturias, Principado de;05 Muebles, artículos del hogar y artículos para el mantenimiento corriente del hogar;Índice;2024M11;113,070
03 Asturias, Principado de;05 Muebles, artículos del hogar y artículos para el mantenimiento corriente del hogar;Índice;2024M10;112,678
03 Asturias, Principado de;05 Muebles, artículos del hogar y artículos para el mantenimiento corriente del hogar;Índice;2024M09;112,355
03 Asturias, Principado de;05 Muebles, artículos del hogar y artículos para el mantenimiento corriente del hogar;Índice;2024M08;112,504
03 Asturias, Principado de;05 Muebles, artículos del hogar y artículos para el mantenimiento corriente del hogar;Índice;2024M07;112,545
03 Asturias, Principado de;05 Muebles, artículos del hogar y artículos para el mantenimiento corriente del hogar;Índice;2024M06;112,617
03 Asturias, Principado de;05 Muebles, artículos del hogar y artículos para el mantenimiento corriente del hogar;Índice;2024M05;112,585
03 Asturias, Principado de;05 Muebles, artículos del hogar y artículos para el mantenimiento corriente del hogar;Índice;2024M04;112,482
03 Asturias, Principado de;05 Muebles, artículos del hogar y artículos para el mantenimiento corriente del hogar;Índice;2024M03;111,735
03 Asturias, Principado de;05 Muebles, artículos del hogar y artículos para el mantenimiento corriente del hogar;Índice;2024M02;112,118
03 Asturias, Principado de;05 Muebles, artículos del hogar y artículos para el mantenimiento corriente del hogar;Índice;2024M01;112,382
03 Asturias, Principado de;05 Muebles, artículos del hogar y artículos para el mantenimiento corriente del hogar;Variación mensual;2024M12;-0,1
03 Asturias, Principado de;05 Muebles, artículos del hogar y artículos para el mantenimiento corriente del hogar;Variación mensual;2024M11;0,3
03 Asturias, Principado de;05 Muebles, artículos del hogar y artículos para el mantenimiento corriente del hogar;Variación mensual;2024M10;0,3
03 Asturias, Principado de;05 Muebles, artículos del hogar y artículos para el mantenimiento corriente del hogar;Variación mensual;2024M09;-0,1
03 Asturias, Principado de;05 Muebles, artículos del hogar y artículos para el mantenimiento corriente del hogar;Variación mensual;2024M08;0,0
03 Asturias, Principado de;05 Muebles, artículos del hogar y artículos para el mantenimiento corriente del hogar;Variación mensual;2024M07;-0,1
03 Asturias, Principado de;05 Muebles, artículos del hogar y artículos para el mantenimiento corriente del hogar;Variación mensual;2024M06;0,0
03 Asturias, Principado de;05 Muebles, artículos del hogar y artículos para el mantenimiento corriente del hogar;Variación mensual;2024M05;0,1
03 Asturias, Principado de;05 Muebles, artículos del hogar y artículos para el mantenimiento corriente del hogar;Variación mensual;2024M04;0,7
03 Asturias, Principado de;05 Muebles, artículos del hogar y artículos para el mantenimiento corriente del hogar;Variación mensual;2024M03;-0,3
03 Asturias, Principado de;05 Muebles, artículos del hogar y artículos para el mantenimiento corriente del hogar;Variación mensual;2024M02;-0,2
03 Asturias, Principado de;05 Muebles, artículos del hogar y artículos para el mantenimiento corriente del hogar;Variación mensual;2024M01;-0,2
03 Asturias, Principado de;05 Muebles, artículos del hogar y artículos para el mantenimiento corriente del hogar;Variación anual;2024M12;0,3
03 Asturias, Principado de;05 Muebles, artículos del hogar y artículos para el mantenimiento corriente del hogar;Variación anual;2024M11;0,3
03 Asturias, Principado de;05 Muebles, artículos del hogar y artículos para el mantenimiento corriente del hogar;Variación anual;2024M10;0,0
03 Asturias, Principado de;05 Muebles, artículos del hogar y artículos para el mantenimiento corriente del hogar;Variación anual;2024M09;0,6
03 Asturias, Principado de;05 Muebles, artículos del hogar y artículos para el mantenimiento corriente del hogar;Variación anual;2024M08;0,5
03 Asturias, Principado de;05 Muebles, artículos del hogar y artículos para el mantenimiento corriente del hogar;Variación anual;2024M07;0,5
03 Asturias, Principado de;05 Muebles, artículos del hogar y artículos para el mantenimiento corriente del hogar;Variación anual;2024M06;-0,3
03 Asturias, Principado de;05 Muebles, artículos del hogar y artículos para el mantenimiento corriente del hogar;Variación anual;2024M05;-0,2
03 Asturias, Principado de;05 Muebles, artículos del hogar y artículos para el mantenimiento corriente del hogar;Variación anual;2024M04;-0,5
03 Asturias, Principado de;05 Muebles, artículos del hogar y artículos para el mantenimiento corriente del hogar;Variación anual;2024M03;-0,2
03 Asturias, Principado de;05 Muebles, artículos del hogar y artículos para el mantenimiento corriente del hogar;Variación anual;2024M02;0,5
03 Asturias, Principado de;05 Muebles, artículos del hogar y artículos para el mantenimiento corriente del hogar;Variación anual;2024M01;1,2
03 Asturias, Principado de;05 Muebles, artículos del hogar y artículos para el mantenimiento corriente del hogar;Variación en lo que va de año;2024M12;0,3
03 Asturias, Principado de;05 Muebles, artículos del hogar y artículos para el mantenimiento corriente del hogar;Variación en lo que va de año;2024M11;0,4
03 Asturias, Principado de;05 Muebles, artículos del hogar y artículos para el mantenimiento corriente del hogar;Variación en lo que va de año;2024M10;0,1
03 Asturias, Principado de;05 Muebles, artículos del hogar y artículos para el mantenimiento corriente del hogar;Variación en lo que va de año;2024M09;-0,2
03 Asturias, Principado de;05 Muebles, artículos del hogar y artículos para el mantenimiento corriente del hogar;Variación en lo que va de año;2024M08;-0,1
03 Asturias, Principado de;05 Muebles, artículos del hogar y artículos para el mantenimiento corriente del hogar;Variación en lo que va de año;2024M07;0,0
03 Asturias, Principado de;05 Muebles, artículos del hogar y artículos para el mantenimiento corriente del hogar;Variación en lo que va de año;2024M06;0,0
03 Asturias, Principado de;05 Muebles, artículos del hogar y artículos para el mantenimiento corriente del hogar;Variación en lo que va de año;2024M05;0,0
03 Asturias, Principado de;05 Muebles, artículos del hogar y artículos para el mantenimiento corriente del hogar;Variación en lo que va de año;2024M04;-0,1
03 Asturias, Principado de;05 Muebles, artículos del hogar y artículos para el mantenimiento corriente del hogar;Variación en lo que va de año;2024M03;-0,7
03 Asturias, Principado de;05 Muebles, artículos del hogar y artículos para el mantenimiento corriente del hogar;Variación en lo que va de año;2024M02;-0,4
03 Asturias, Principado de;05 Muebles, artículos del hogar y artículos para el mantenimiento corriente del hogar;Variación en lo que va de año;2024M01;-0,2
03 Asturias, Principado de;06 Sanidad;Índice;2024M12;103,359
03 Asturias, Principado de;06 Sanidad;Índice;2024M11;103,364
03 Asturias, Principado de;06 Sanidad;Índice;2024M10;103,419
03 Asturias, Principado de;06 Sanidad;Índice;2024M09;103,467
03 Asturias, Principado de;06 Sanidad;Índice;2024M08;103,541
03 Asturias, Principado de;06 Sanidad;Índice;2024M07;103,350
03 Asturias, Principado de;06 Sanidad;Índice;2024M06;103,266
03 Asturias, Principado de;06 Sanidad;Índice;2024M05;103,085
03 Asturias, Principado de;06 Sanidad;Índice;2024M04;102,714
03 Asturias, Principado de;06 Sanidad;Índice;2024M03;102,796
03 Asturias, Principado de;06 Sanidad;Índice;2024M02;102,417
03 Asturias, Principado de;06 Sanidad;Índice;2024M01;101,462
03 Asturias, Principado de;06 Sanidad;Variación mensual;2024M12;0,0
03 Asturias, Principado de;06 Sanidad;Variación mensual;2024M11;-0,1
03 Asturias, Principado de;06 Sanidad;Variación mensual;2024M10;0,0
03 Asturias, Principado de;06 Sanidad;Variación mensual;2024M09;-0,1
03 Asturias, Principado de;06 Sanidad;Variación mensual;2024M08;0,2
03 Asturias, Principado de;06 Sanidad;Variación mensual;2024M07;0,1
03 Asturias, Principado de;06 Sanidad;Variación mensual;2024M06;0,2
03 Asturias, Principado de;06 Sanidad;Variación mensual;2024M05;0,4
03 Asturias, Principado de;06 Sanidad;Variación mensual;2024M04;-0,1
03 Asturias, Principado de;06 Sanidad;Variación mensual;2024M03;0,4
03 Asturias, Principado de;06 Sanidad;Variación mensual;2024M02;0,9
03 Asturias, Principado de;06 Sanidad;Variación mensual;2024M01;0,1
03 Asturias, Principado de;06 Sanidad;Variación anual;2024M12;2,0
03 Asturias, Principado de;06 Sanidad;Variación anual;2024M11;2,1
03 Asturias, Principado de;06 Sanidad;Variación anual;2024M10;2,2
03 Asturias, Principado de;06 Sanidad;Variación anual;2024M09;2,3
03 Asturias, Principado de;06 Sanidad;Variación anual;2024M08;2,5
03 Asturias, Principado de;06 Sanidad;Variación anual;2024M07;2,6
03 Asturias, Principado de;06 Sanidad;Variación anual;2024M06;2,7
03 Asturias, Principado de;06 Sanidad;Variación anual;2024M05;2,6
03 Asturias, Principado de;06 Sanidad;Variación anual;2024M04;1,7
03 Asturias, Principado de;06 Sanidad;Variación anual;2024M03;2,0
03 Asturias, Principado de;06 Sanidad;Variación anual;2024M02;2,0
03 Asturias, Principado de;06 Sanidad;Variación anual;2024M01;0,7
03 Asturias, Principado de;06 Sanidad;Variación en lo que va de año;2024M12;2,0
03 Asturias, Principado de;06 Sanidad;Variación en lo que va de año;2024M11;2,0
03 Asturias, Principado de;06 Sanidad;Variación en lo que va de año;2024M10;2,1
03 Asturias, Principado de;06 Sanidad;Variación en lo que va de año;2024M09;2,1
03 Asturias, Principado de;06 Sanidad;Variación en lo que va de año;2024M08;2,2
03 Asturias, Principado de;06 Sanidad;Variación en lo que va de año;2024M07;2,0
03 Asturias, Principado de;06 Sanidad;Variación en lo que va de año;2024M06;1,9
03 Asturias, Principado de;06 Sanidad;Variación en lo que va de año;2024M05;1,7
03 Asturias, Principado de;06 Sanidad;Variación en lo que va de año;2024M04;1,4
03 Asturias, Principado de;06 Sanidad;Variación en lo que va de año;2024M03;1,4
03 Asturias, Principado de;06 Sanidad;Variación en lo que va de año;2024M02;1,1
03 Asturias, Principado de;06 Sanidad;Variación en lo que va de año;2024M01;0,1
03 Asturias, Principado de;07 Transporte;Índice;2024M12;112,535
03 Asturias, Principado de;07 Transporte;Índice;2024M11;112,071
03 Asturias, Principado de;07 Transporte;Índice;2024M10;111,586
03 Asturias, Principado de;07 Transporte;Índice;2024M09;111,571
03 Asturias, Principado de;07 Transporte;Índice;2024M08;113,125
03 Asturias, Principado de;07 Transporte;Índice;2024M07;114,077
03 Asturias, Principado de;07 Transporte;Índice;2024M06;113,943
03 Asturias, Principado de;07 Transporte;Índice;2024M05;114,493
03 Asturias, Principado de;07 Transporte;Índice;2024M04;115,424
03 Asturias, Principado de;07 Transporte;Índice;2024M03;114,711
03 Asturias, Principado de;07 Transporte;Índice;2024M02;113,958
03 Asturias, Principado de;07 Transporte;Índice;2024M01;112,352
03 Asturias, Principado de;07 Transporte;Variación mensual;2024M12;0,4
03 Asturias, Principado de;07 Transporte;Variación mensual;2024M11;0,4
03 Asturias, Principado de;07 Transporte;Variación mensual;2024M10;0,0
03 Asturias, Principado de;07 Transporte;Variación mensual;2024M09;-1,4
03 Asturias, Principado de;07 Transporte;Variación mensual;2024M08;-0,8
03 Asturias, Principado de;07 Transporte;Variación mensual;2024M07;0,1
03 Asturias, Principado de;07 Transporte;Variación mensual;2024M06;-0,5
03 Asturias, Principado de;07 Transporte;Variación mensual;2024M05;-0,8
03 Asturias, Principado de;07 Transporte;Variación mensual;2024M04;0,6
03 Asturias, Principado de;07 Transporte;Variación mensual;2024M03;0,7
03 Asturias, Principado de;07 Transporte;Variación mensual;2024M02;1,4
03 Asturias, Principado de;07 Transporte;Variación mensual;2024M01;0,0
03 Asturias, Principado de;07 Transporte;Variación anual;2024M12;0,2
03 Asturias, Principado de;07 Transporte;Variación anual;2024M11;-1,5
03 Asturias, Principado de;07 Transporte;Variación anual;2024M10;-3,4
03 Asturias, Principado de;07 Transporte;Variación anual;2024M09;-4,1
03 Asturias, Principado de;07 Transporte;Variación anual;2024M08;-1,7
03 Asturias, Principado de;07 Transporte;Variación anual;2024M07;1,9
03 Asturias, Principado de;07 Transporte;Variación anual;2024M06;2,4
03 Asturias, Principado de;07 Transporte;Variación anual;2024M05;3,8
03 Asturias, Principado de;07 Transporte;Variación anual;2024M04;2,7
03 Asturias, Principado de;07 Transporte;Variación anual;2024M03;2,6
03 Asturias, Principado de;07 Transporte;Variación anual;2024M02;2,3
03 Asturias, Principado de;07 Transporte;Variación anual;2024M01;0,5
03 Asturias, Principado de;07 Transporte;Variación en lo que va de año;2024M12;0,2
03 Asturias, Principado de;07 Transporte;Variación en lo que va de año;2024M11;-0,3
03 Asturias, Principado de;07 Transporte;Variación en lo que va de año;2024M10;-0,7
03 Asturias, Principado de;07 Transporte;Variación en lo que va de año;2024M09;-0,7
03 Asturias, Principado de;07 Transporte;Variación en lo que va de año;2024M08;0,7
03 Asturias, Principado de;07 Transporte;Variación en lo que va de año;2024M07;1,5
03 Asturias, Principado de;07 Transporte;Variación en lo que va de año;2024M06;1,4
03 Asturias, Principado de;07 Transporte;Variación en lo que va de año;2024M05;1,9
03 Asturias, Principado de;07 Transporte;Variación en lo que va de año;2024M04;2,7
03 Asturias, Principado de;07 Transporte;Variación en lo que va de año;2024M03;2,1
03 Asturias, Principado de;07 Transporte;Variación en lo que va de año;2024M02;1,4
03 Asturias, Principado de;07 Transporte;Variación en lo que va de año;2024M01;0,0
03 Asturias, Principado de;08 Comunicaciones;Índice;2024M12;100,359
03 Asturias, Principado de;08 Comunicaciones;Índice;2024M11;100,379
03 Asturias, Principado de;08 Comunicaciones;Índice;2024M10;100,381
03 Asturias, Principado de;08 Comunicaciones;Índice;2024M09;101,352
03 Asturias, Principado de;08 Comunicaciones;Índice;2024M08;101,454
03 Asturias, Principado de;08 Comunicaciones;Índice;2024M07;101,550
03 Asturias, Principado de;08 Comunicaciones;Índice;2024M06;102,052
03 Asturias, Principado de;08 Comunicaciones;Índice;2024M05;102,026
03 Asturias, Principado de;08 Comunicaciones;Índice;2024M04;102,137
03 Asturias, Principado de;08 Comunicaciones;Índice;2024M03;102,046
03 Asturias, Principado de;08 Comunicaciones;Índice;2024M02;102,152
03 Asturias, Principado de;08 Comunicaciones;Índice;2024M01;102,242
03 Asturias, Principado de;08 Comunicaciones;Variación mensual;2024M12;0,0
03 Asturias, Principado de;08 Comunicaciones;Variación mensual;2024M11;0,0
03 Asturias, Principado de;08 Comunicaciones;Variación mensual;2024M10;-1,0
03 Asturias, Principado de;08 Comunicaciones;Variación mensual;2024M09;-0,1
03 Asturias, Principado de;08 Comunicaciones;Variación mensual;2024M08;-0,1
03 Asturias, Principado de;08 Comunicaciones;Variación mensual;2024M07;-0,5
03 Asturias, Principado de;08 Comunicaciones;Variación mensual;2024M06;0,0
03 Asturias, Principado de;08 Comunicaciones;Variación mensual;2024M05;-0,1
03 Asturias, Principado de;08 Comunicaciones;Variación mensual;2024M04;0,1
03 Asturias, Principado de;08 Comunicaciones;Variación mensual;2024M03;-0,1
03 Asturias, Principado de;08 Comunicaciones;Variación mensual;2024M02;-0,1
03 Asturias, Principado de;08 Comunicaciones;Variación mensual;2024M01;1,9
03 Asturias, Principado de;08 Comunicaciones;Variación anual;2024M12;0,0
03 Asturias, Principado de;08 Comunicaciones;Variación anual;2024M11;-0,1
03 Asturias, Principado de;08 Comunicaciones;Variación anual;2024M10;-0,2
03 Asturias, Principado de;08 Comunicaciones;Variación anual;2024M09;-0,4
03 Asturias, Principado de;08 Comunicaciones;Variación anual;2024M08;-0,4
03 Asturias, Principado de;08 Comunicaciones;Variación anual;2024M07;-0,3
03 Asturias, Principado de;08 Comunicaciones;Variación anual;2024M06;0,0
03 Asturias, Principado de;08 Comunicaciones;Variación anual;2024M05;-0,3
03 Asturias, Principado de;08 Comunicaciones;Variación anual;2024M04;-0,3
03 Asturias, Principado de;08 Comunicaciones;Variación anual;2024M03;0,2
03 Asturias, Principado de;08 Comunicaciones;Variación anual;2024M02;0,2
03 Asturias, Principado de;08 Comunicaciones;Variación anual;2024M01;0,4
03 Asturias, Principado de;08 Comunicaciones;Variación en lo que va de año;2024M12;0,0
03 Asturias, Principado de;08 Comunicaciones;Variación en lo que va de año;2024M11;0,0
03 Asturias, Principado de;08 Comunicaciones;Variación en lo que va de año;2024M10;0,0
03 Asturias, Principado de;08 Comunicaciones;Variación en lo que va de año;2024M09;1,0
03 Asturias, Principado de;08 Comunicaciones;Variación en lo que va de año;2024M08;1,1
03 Asturias, Principado de;08 Comunicaciones;Variación en lo que va de año;2024M07;1,2
03 Asturias, Principado de;08 Comunicaciones;Variación en lo que va de año;2024M06;1,7
03 Asturias, Principado de;08 Comunicaciones;Variación en lo que va de año;2024M05;1,7
03 Asturias, Principado de;08 Comunicaciones;Variación en lo que va de año;2024M04;1,8
03 Asturias, Principado de;08 Comunicaciones;Variación en lo que va de año;2024M03;1,7
03 Asturias, Principado de;08 Comunicaciones;Variación en lo que va de año;2024M02;1,8
03 Asturias, Principado de;08 Comunicaciones;Variación en lo que va de año;2024M01;1,9
03 Asturias, Principado de;09 Ocio y cultura;Índice;2024M12;111,597
03 Asturias, Principado de;09 Ocio y cultura;Índice;2024M11;107,313
03 Asturias, Principado de;09 Ocio y cultura;Índice;2024M10;108,847
03 Asturias, Principado de;09 Ocio y cultura;Índice;2024M09;110,135
03 Asturias, Principado de;09 Ocio y cultura;Índice;2024M08;116,088
03 Asturias, Principado de;09 Ocio y cultura;Índice;2024M07;114,533
03 Asturias, Principado de;09 Ocio y cultura;Índice;2024M06;112,780
03 Asturias, Principado de;09 Ocio y cultura;Índice;2024M05;108,946
03 Asturias, Principado de;09 Ocio y cultura;Índice;2024M04;108,339
03 Asturias, Principado de;09 Ocio y cultura;Índice;2024M03;108,669
03 Asturias, Principado de;09 Ocio y cultura;Índice;2024M02;107,077
03 Asturias, Principado de;09 Ocio y cultura;Índice;2024M01;105,745
03 Asturias, Principado de;09 Ocio y cultura;Variación mensual;2024M12;4,0
03 Asturias, Principado de;09 Ocio y cultura;Variación mensual;2024M11;-1,4
03 Asturias, Principado de;09 Ocio y cultura;Variación mensual;2024M10;-1,2
03 Asturias, Principado de;09 Ocio y cultura;Variación mensual;2024M09;-5,1
03 Asturias, Principado de;09 Ocio y cultura;Variación mensual;2024M08;1,4
03 Asturias, Principado de;09 Ocio y cultura;Variación mensual;2024M07;1,6
03 Asturias, Principado de;09 Ocio y cultura;Variación mensual;2024M06;3,5
03 Asturias, Principado de;09 Ocio y cultura;Variación mensual;2024M05;0,6
03 Asturias, Principado de;09 Ocio y cultura;Variación mensual;2024M04;-0,3
03 Asturias, Principado de;09 Ocio y cultura;Variación mensual;2024M03;1,5
03 Asturias, Principado de;09 Ocio y cultura;Variación mensual;2024M02;1,3
03 Asturias, Principado de;09 Ocio y cultura;Variación mensual;2024M01;-2,1
03 Asturias, Principado de;09 Ocio y cultura;Variación anual;2024M12;3,3
03 Asturias, Principado de;09 Ocio y cultura;Variación anual;2024M11;2,1
03 Asturias, Principado de;09 Ocio y cultura;Variación anual;2024M10;2,0
03 Asturias, Principado de;09 Ocio y cultura;Variación anual;2024M09;1,2
03 Asturias, Principado de;09 Ocio y cultura;Variación anual;2024M08;3,1
03 Asturias, Principado de;09 Ocio y cultura;Variación anual;2024M07;2,8
03 Asturias, Principado de;09 Ocio y cultura;Variación anual;2024M06;4,4
03 Asturias, Principado de;09 Ocio y cultura;Variación anual;2024M05;3,3
03 Asturias, Principado de;09 Ocio y cultura;Variación anual;2024M04;2,2
03 Asturias, Principado de;09 Ocio y cultura;Variación anual;2024M03;3,9
03 Asturias, Principado de;09 Ocio y cultura;Variación anual;2024M02;3,0
03 Asturias, Principado de;09 Ocio y cultura;Variación anual;2024M01;3,1
03 Asturias, Principado de;09 Ocio y cultura;Variación en lo que va de año;2024M12;3,3
03 Asturias, Principado de;09 Ocio y cultura;Variación en lo que va de año;2024M11;-0,6
03 Asturias, Principado de;09 Ocio y cultura;Variación en lo que va de año;2024M10;0,8
03 Asturias, Principado de;09 Ocio y cultura;Variación en lo que va de año;2024M09;2,0
03 Asturias, Principado de;09 Ocio y cultura;Variación en lo que va de año;2024M08;7,5
03 Asturias, Principado de;09 Ocio y cultura;Variación en lo que va de año;2024M07;6,1
03 Asturias, Principado de;09 Ocio y cultura;Variación en lo que va de año;2024M06;4,4
03 Asturias, Principado de;09 Ocio y cultura;Variación en lo que va de año;2024M05;0,9
03 Asturias, Principado de;09 Ocio y cultura;Variación en lo que va de año;2024M04;0,3
03 Asturias, Principado de;09 Ocio y cultura;Variación en lo que va de año;2024M03;0,6
03 Asturias, Principado de;09 Ocio y cultura;Variación en lo que va de año;2024M02;-0,8
03 Asturias, Principado de;09 Ocio y cultura;Variación en lo que va de año;2024M01;-2,1
03 Asturias, Principado de;10 Enseñanza;Índice;2024M12;110,221
03 Asturias, Principado de;10 Enseñanza;Índice;2024M11;110,221
03 Asturias, Principado de;10 Enseñanza;Índice;2024M10;109,721
03 Asturias, Principado de;10 Enseñanza;Índice;2024M09;109,072
03 Asturias, Principado de;10 Enseñanza;Índice;2024M08;107,890
03 Asturias, Principado de;10 Enseñanza;Índice;2024M07;107,634
03 Asturias, Principado de;10 Enseñanza;Índice;2024M06;107,634
03 Asturias, Principado de;10 Enseñanza;Índice;2024M05;107,634
03 Asturias, Principado de;10 Enseñanza;Índice;2024M04;107,634
03 Asturias, Principado de;10 Enseñanza;Índice;2024M03;107,634
03 Asturias, Principado de;10 Enseñanza;Índice;2024M02;107,634
03 Asturias, Principado de;10 Enseñanza;Índice;2024M01;107,634
03 Asturias, Principado de;10 Enseñanza;Variación mensual;2024M12;0,0
03 Asturias, Principado de;10 Enseñanza;Variación mensual;2024M11;0,5
03 Asturias, Principado de;10 Enseñanza;Variación mensual;2024M10;0,6
03 Asturias, Principado de;10 Enseñanza;Variación mensual;2024M09;1,1
03 Asturias, Principado de;10 Enseñanza;Variación mensual;2024M08;0,2
03 Asturias, Principado de;10 Enseñanza;Variación mensual;2024M07;0,0
03 Asturias, Principado de;10 Enseñanza;Variación mensual;2024M06;0,0
03 Asturias, Principado de;10 Enseñanza;Variación mensual;2024M05;0,0
03 Asturias, Principado de;10 Enseñanza;Variación mensual;2024M04;0,0
03 Asturias, Principado de;10 Enseñanza;Variación mensual;2024M03;0,0
03 Asturias, Principado de;10 Enseñanza;Variación mensual;2024M02;0,0
03 Asturias, Principado de;10 Enseñanza;Variación mensual;2024M01;0,0
03 Asturias, Principado de;10 Enseñanza;Variación anual;2024M12;2,4
03 Asturias, Principado de;10 Enseñanza;Variación anual;2024M11;2,3
03 Asturias, Principado de;10 Enseñanza;Variación anual;2024M10;2,5
03 Asturias, Principado de;10 Enseñanza;Variación anual;2024M09;3,2
03 Asturias, Principado de;10 Enseñanza;Variación anual;2024M08;3,3
03 Asturias, Principado de;10 Enseñanza;Variación anual;2024M07;3,1
03 Asturias, Principado de;10 Enseñanza;Variación anual;2024M06;3,1
03 Asturias, Principado de;10 Enseñanza;Variación anual;2024M05;3,1
03 Asturias, Principado de;10 Enseñanza;Variación anual;2024M04;3,1
03 Asturias, Principado de;10 Enseñanza;Variación anual;2024M03;3,1
03 Asturias, Principado de;10 Enseñanza;Variación anual;2024M02;3,1
03 Asturias, Principado de;10 Enseñanza;Variación anual;2024M01;3,2
03 Asturias, Principado de;10 Enseñanza;Variación en lo que va de año;2024M12;2,4
03 Asturias, Principado de;10 Enseñanza;Variación en lo que va de año;2024M11;2,4
03 Asturias, Principado de;10 Enseñanza;Variación en lo que va de año;2024M10;1,9
03 Asturias, Principado de;10 Enseñanza;Variación en lo que va de año;2024M09;1,3
03 Asturias, Principado de;10 Enseñanza;Variación en lo que va de año;2024M08;0,2
03 Asturias, Principado de;10 Enseñanza;Variación en lo que va de año;2024M07;0,0
03 Asturias, Principado de;10 Enseñanza;Variación en lo que va de año;2024M06;0,0
03 Asturias, Principado de;10 Enseñanza;Variación en lo que va de año;2024M05;0,0
03 Asturias, Principado de;10 Enseñanza;Variación en lo que va de año;2024M04;0,0
03 Asturias, Principado de;10 Enseñanza;Variación en lo que va de año;2024M03;0,0
03 Asturias, Principado de;10 Enseñanza;Variación en lo que va de año;2024M02;0,0
03 Asturias, Principado de;10 Enseñanza;Variación en lo que va de año;2024M01;0,0
03 Asturias, Principado de;11 Restaurantes y hoteles;Índice;2024M12;119,029
03 Asturias, Principado de;11 Restaurantes y hoteles;Índice;2024M11;118,759
03 Asturias, Principado de;11 Restaurantes y hoteles;Índice;2024M10;118,554
03 Asturias, Principado de;11 Restaurantes y hoteles;Índice;2024M09;119,239
03 Asturias, Principado de;11 Restaurantes y hoteles;Índice;2024M08;120,931
03 Asturias, Principado de;11 Restaurantes y hoteles;Índice;2024M07;119,160
03 Asturias, Principado de;11 Restaurantes y hoteles;Índice;2024M06;117,187
03 Asturias, Principado de;11 Restaurantes y hoteles;Índice;2024M05;116,187
03 Asturias, Principado de;11 Restaurantes y hoteles;Índice;2024M04;116,011
03 Asturias, Principado de;11 Restaurantes y hoteles;Índice;2024M03;116,146
03 Asturias, Principado de;11 Restaurantes y hoteles;Índice;2024M02;114,551
03 Asturias, Principado de;11 Restaurantes y hoteles;Índice;2024M01;113,711
03 Asturias, Principado de;11 Restaurantes y hoteles;Variación mensual;2024M12;0,2
03 Asturias, Principado de;11 Restaurantes y hoteles;Variación mensual;2024M11;0,2
03 Asturias, Principado de;11 Restaurantes y hoteles;Variación mensual;2024M10;-0,6
03 Asturias, Principado de;11 Restaurantes y hoteles;Variación mensual;2024M09;-1,4
03 Asturias, Principado de;11 Restaurantes y hoteles;Variación mensual;2024M08;1,5
03 Asturias, Principado de;11 Restaurantes y hoteles;Variación mensual;2024M07;1,7
03 Asturias, Principado de;11 Restaurantes y hoteles;Variación mensual;2024M06;0,9
03 Asturias, Principado de;11 Restaurantes y hoteles;Variación mensual;2024M05;0,2
03 Asturias, Principado de;11 Restaurantes y hoteles;Variación mensual;2024M04;-0,1
03 Asturias, Principado de;11 Restaurantes y hoteles;Variación mensual;2024M03;1,4
03 Asturias, Principado de;11 Restaurantes y hoteles;Variación mensual;2024M02;0,7
03 Asturias, Principado de;11 Restaurantes y hoteles;Variación mensual;2024M01;-0,1
03 Asturias, Principado de;11 Restaurantes y hoteles;Variación anual;2024M12;4,5
03 Asturias, Principado de;11 Restaurantes y hoteles;Variación anual;2024M11;5,1
03 Asturias, Principado de;11 Restaurantes y hoteles;Variación anual;2024M10;4,7
03 Asturias, Principado de;11 Restaurantes y hoteles;Variación anual;2024M09;4,5
03 Asturias, Principado de;11 Restaurantes y hoteles;Variación anual;2024M08;4,6
03 Asturias, Principado de;11 Restaurantes y hoteles;Variación anual;2024M07;4,3
03 Asturias, Principado de;11 Restaurantes y hoteles;Variación anual;2024M06;4,9
03 Asturias, Principado de;11 Restaurantes y hoteles;Variación anual;2024M05;4,6
03 Asturias, Principado de;11 Restaurantes y hoteles;Variación anual;2024M04;4,8
03 Asturias, Principado de;11 Restaurantes y hoteles;Variación anual;2024M03;6,6
03 Asturias, Principado de;11 Restaurantes y hoteles;Variación anual;2024M02;5,5
03 Asturias, Principado de;11 Restaurantes y hoteles;Variación anual;2024M01;5,2
03 Asturias, Principado de;11 Restaurantes y hoteles;Variación en lo que va de año;2024M12;4,5
03 Asturias, Principado de;11 Restaurantes y hoteles;Variación en lo que va de año;2024M11;4,3
03 Asturias, Principado de;11 Restaurantes y hoteles;Variación en lo que va de año;2024M10;4,1
03 Asturias, Principado de;11 Restaurantes y hoteles;Variación en lo que va de año;2024M09;4,7
03 Asturias, Principado de;11 Restaurantes y hoteles;Variación en lo que va de año;2024M08;6,2
03 Asturias, Principado de;11 Restaurantes y hoteles;Variación en lo que va de año;2024M07;4,6
03 Asturias, Principado de;11 Restaurantes y hoteles;Variación en lo que va de año;2024M06;2,9
03 Asturias, Principado de;11 Restaurantes y hoteles;Variación en lo que va de año;2024M05;2,0
03 Asturias, Principado de;11 Restaurantes y hoteles;Variación en lo que va de año;2024M04;1,9
03 Asturias, Principado de;11 Restaurantes y hoteles;Variación en lo que va de año;2024M03;2,0
03 Asturias, Principado de;11 Restaurantes y hoteles;Variación en lo que va de año;2024M02;0,6
03 Asturias, Principado de;11 Restaurantes y hoteles;Variación en lo que va de año;2024M01;-0,1
03 Asturias, Principado de;12 Otros bienes y servicios;Índice;2024M12;113,347
03 Asturias, Principado de;12 Otros bienes y servicios;Índice;2024M11;113,334
03 Asturias, Principado de;12 Otros bienes y servicios;Índice;2024M10;112,846
03 Asturias, Principado de;12 Otros bienes y servicios;Índice;2024M09;112,334
03 Asturias, Principado de;12 Otros bienes y servicios;Índice;2024M08;112,785
03 Asturias, Principado de;12 Otros bienes y servicios;Índice;2024M07;112,249
03 Asturias, Principado de;12 Otros bienes y servicios;Índice;2024M06;112,781
03 Asturias, Principado de;12 Otros bienes y servicios;Índice;2024M05;111,713
03 Asturias, Principado de;12 Otros bienes y servicios;Índice;2024M04;111,629
03 Asturias, Principado de;12 Otros bienes y servicios;Índice;2024M03;110,761
03 Asturias, Principado de;12 Otros bienes y servicios;Índice;2024M02;110,491
03 Asturias, Principado de;12 Otros bienes y servicios;Índice;2024M01;110,040
03 Asturias, Principado de;12 Otros bienes y servicios;Variación mensual;2024M12;0,0
03 Asturias, Principado de;12 Otros bienes y servicios;Variación mensual;2024M11;0,4
03 Asturias, Principado de;12 Otros bienes y servicios;Variación mensual;2024M10;0,5
03 Asturias, Principado de;12 Otros bienes y servicios;Variación mensual;2024M09;-0,4
03 Asturias, Principado de;12 Otros bienes y servicios;Variación mensual;2024M08;0,5
03 Asturias, Principado de;12 Otros bienes y servicios;Variación mensual;2024M07;-0,5
03 Asturias, Principado de;12 Otros bienes y servicios;Variación mensual;2024M06;1,0
03 Asturias, Principado de;12 Otros bienes y servicios;Variación mensual;2024M05;0,1
03 Asturias, Principado de;12 Otros bienes y servicios;Variación mensual;2024M04;0,8
03 Asturias, Principado de;12 Otros bienes y servicios;Variación mensual;2024M03;0,2
03 Asturias, Principado de;12 Otros bienes y servicios;Variación mensual;2024M02;0,4
03 Asturias, Principado de;12 Otros bienes y servicios;Variación mensual;2024M01;0,7
03 Asturias, Principado de;12 Otros bienes y servicios;Variación anual;2024M12;3,8
03 Asturias, Principado de;12 Otros bienes y servicios;Variación anual;2024M11;4,0
03 Asturias, Principado de;12 Otros bienes y servicios;Variación anual;2024M10;3,7
03 Asturias, Principado de;12 Otros bienes y servicios;Variación anual;2024M09;3,1
03 Asturias, Principado de;12 Otros bienes y servicios;Variación anual;2024M08;3,7
03 Asturias, Principado de;12 Otros bienes y servicios;Variación anual;2024M07;3,4
03 Asturias, Principado de;12 Otros bienes y servicios;Variación anual;2024M06;3,7
03 Asturias, Principado de;12 Otros bienes y servicios;Variación anual;2024M05;4,5
03 Asturias, Principado de;12 Otros bienes y servicios;Variación anual;2024M04;4,7
03 Asturias, Principado de;12 Otros bienes y servicios;Variación anual;2024M03;4,0
03 Asturias, Principado de;12 Otros bienes y servicios;Variación anual;2024M02;4,6
03 Asturias, Principado de;12 Otros bienes y servicios;Variación anual;2024M01;4,5
03 Asturias, Principado de;12 Otros bienes y servicios;Variación en lo que va de año;2024M12;3,8
03 Asturias, Principado de;12 Otros bienes y servicios;Variación en lo que va de año;2024M11;3,7
03 Asturias, Principado de;12 Otros bienes y servicios;Variación en lo que va de año;2024M10;3,3
03 Asturias, Principado de;12 Otros bienes y servicios;Variación en lo que va de año;2024M09;2,8
03 Asturias, Principado de;12 Otros bienes y servicios;Variación en lo que va de año;2024M08;3,2
03 Asturias, Principado de;12 Otros bienes y servicios;Variación en lo que va de año;2024M07;2,7
03 Asturias, Principado de;12 Otros bienes y servicios;Variación en lo que va de año;2024M06;3,2
03 Asturias, Principado de;12 Otros bienes y servicios;Variación en lo que va de año;2024M05;2,3
03 Asturias, Principado de;12 Otros bienes y servicios;Variación en lo que va de año;2024M04;2,2
03 Asturias, Principado de;12 Otros bienes y servicios;Variación en lo que va de año;2024M03;1,4
03 Asturias, Principado de;12 Otros bienes y servicios;Variación en lo que va de año;2024M02;1,1
03 Asturias, Principado de;12 Otros bienes y servicios;Variación en lo que va de año;2024M01;0,7
04 Balears, Illes;01 Alimentos y bebidas no alcohólicas;Índice;2024M12;129,965
04 Balears, Illes;01 Alimentos y bebidas no alcohólicas;Índice;2024M11;130,238
04 Balears, Illes;01 Alimentos y bebidas no alcohólicas;Índice;2024M10;130,272
04 Balears, Illes;01 Alimentos y bebidas no alcohólicas;Índice;2024M09;127,887
04 Balears, Illes;01 Alimentos y bebidas no alcohólicas;Índice;2024M08;128,132
04 Balears, Illes;01 Alimentos y bebidas no alcohólicas;Índice;2024M07;128,154
04 Balears, Illes;01 Alimentos y bebidas no alcohólicas;Índice;2024M06;129,310
04 Balears, Illes;01 Alimentos y bebidas no alcohólicas;Índice;2024M05;128,973
04 Balears, Illes;01 Alimentos y bebidas no alcohólicas;Índice;2024M04;128,682
04 Balears, Illes;01 Alimentos y bebidas no alcohólicas;Índice;2024M03;127,579
04 Balears, Illes;01 Alimentos y bebidas no alcohólicas;Índice;2024M02;126,716
04 Balears, Illes;01 Alimentos y bebidas no alcohólicas;Índice;2024M01;127,026
04 Balears, Illes;01 Alimentos y bebidas no alcohólicas;Variación mensual;2024M12;-0,2
04 Balears, Illes;01 Alimentos y bebidas no alcohólicas;Variación mensual;2024M11;0,0
04 Balears, Illes;01 Alimentos y bebidas no alcohólicas;Variación mensual;2024M10;1,9
04 Balears, Illes;01 Alimentos y bebidas no alcohólicas;Variación mensual;2024M09;-0,2
04 Balears, Illes;01 Alimentos y bebidas no alcohólicas;Variación mensual;2024M08;0,0
04 Balears, Illes;01 Alimentos y bebidas no alcohólicas;Variación mensual;2024M07;-0,9
04 Balears, Illes;01 Alimentos y bebidas no alcohólicas;Variación mensual;2024M06;0,3
04 Balears, Illes;01 Alimentos y bebidas no alcohólicas;Variación mensual;2024M05;0,2
04 Balears, Illes;01 Alimentos y bebidas no alcohólicas;Variación mensual;2024M04;0,9
04 Balears, Illes;01 Alimentos y bebidas no alcohólicas;Variación mensual;2024M03;0,7
04 Balears, Illes;01 Alimentos y bebidas no alcohólicas;Variación mensual;2024M02;-0,2
04 Balears, Illes;01 Alimentos y bebidas no alcohólicas;Variación mensual;2024M01;0,2
04 Balears, Illes;01 Alimentos y bebidas no alcohólicas;Variación anual;2024M12;2,5
04 Balears, Illes;01 Alimentos y bebidas no alcohólicas;Variación anual;2024M11;2,5
04 Balears, Illes;01 Alimentos y bebidas no alcohólicas;Variación anual;2024M10;2,3
04 Balears, Illes;01 Alimentos y bebidas no alcohólicas;Variación anual;2024M09;2,6
04 Balears, Illes;01 Alimentos y bebidas no alcohólicas;Variación anual;2024M08;2,8
04 Balears, Illes;01 Alimentos y bebidas no alcohólicas;Variación anual;2024M07;3,4
04 Balears, Illes;01 Alimentos y bebidas no alcohólicas;Variación anual;2024M06;5,7
04 Balears, Illes;01 Alimentos y bebidas no alcohólicas;Variación anual;2024M05;5,1
04 Balears, Illes;01 Alimentos y bebidas no alcohólicas;Variación anual;2024M04;5,5
04 Balears, Illes;01 Alimentos y bebidas no alcohólicas;Variación anual;2024M03;4,6
04 Balears, Illes;01 Alimentos y bebidas no alcohólicas;Variación anual;2024M02;4,9
04 Balears, Illes;01 Alimentos y bebidas no alcohólicas;Variación anual;2024M01;7,5
04 Balears, Illes;01 Alimentos y bebidas no alcohólicas;Variación en lo que va de año;2024M12;2,5
04 Balears, Illes;01 Alimentos y bebidas no alcohólicas;Variación en lo que va de año;2024M11;2,7
04 Balears, Illes;01 Alimentos y bebidas no alcohólicas;Variación en lo que va de año;2024M10;2,7
04 Balears, Illes;01 Alimentos y bebidas no alcohólicas;Variación en lo que va de año;2024M09;0,8
04 Balears, Illes;01 Alimentos y bebidas no alcohólicas;Variación en lo que va de año;2024M08;1,0
04 Balears, Illes;01 Alimentos y bebidas no alcohólicas;Variación en lo que va de año;2024M07;1,1
04 Balears, Illes;01 Alimentos y bebidas no alcohólicas;Variación en lo que va de año;2024M06;2,0
04 Balears, Illes;01 Alimentos y bebidas no alcohólicas;Variación en lo que va de año;2024M05;1,7
04 Balears, Illes;01 Alimentos y bebidas no alcohólicas;Variación en lo que va de año;2024M04;1,5
04 Balears, Illes;01 Alimentos y bebidas no alcohólicas;Variación en lo que va de año;2024M03;0,6
04 Balears, Illes;01 Alimentos y bebidas no alcohólicas;Variación en lo que va de año;2024M02;-0,1
04 Balears, Illes;01 Alimentos y bebidas no alcohólicas;Variación en lo que va de año;2024M01;0,2
04 Balears, Illes;02 Bebidas alcohólicas y tabaco;Índice;2024M12;118,664
04 Balears, Illes;02 Bebidas alcohólicas y tabaco;Índice;2024M11;117,599
04 Balears, Illes;02 Bebidas alcohólicas y tabaco;Índice;2024M10;117,873
04 Balears, Illes;02 Bebidas alcohólicas y tabaco;Índice;2024M09;117,210
04 Balears, Illes;02 Bebidas alcohólicas y tabaco;Índice;2024M08;116,814
04 Balears, Illes;02 Bebidas alcohólicas y tabaco;Índice;2024M07;116,168
04 Balears, Illes;02 Bebidas alcohólicas y tabaco;Índice;2024M06;116,938
04 Balears, Illes;02 Bebidas alcohólicas y tabaco;Índice;2024M05;117,550
04 Balears, Illes;02 Bebidas alcohólicas y tabaco;Índice;2024M04;117,122
04 Balears, Illes;02 Bebidas alcohólicas y tabaco;Índice;2024M03;117,070
04 Balears, Illes;02 Bebidas alcohólicas y tabaco;Índice;2024M02;117,248
04 Balears, Illes;02 Bebidas alcohólicas y tabaco;Índice;2024M01;115,818
04 Balears, Illes;02 Bebidas alcohólicas y tabaco;Variación mensual;2024M12;0,9
04 Balears, Illes;02 Bebidas alcohólicas y tabaco;Variación mensual;2024M11;-0,2
04 Balears, Illes;02 Bebidas alcohólicas y tabaco;Variación mensual;2024M10;0,6
04 Balears, Illes;02 Bebidas alcohólicas y tabaco;Variación mensual;2024M09;0,3
04 Balears, Illes;02 Bebidas alcohólicas y tabaco;Variación mensual;2024M08;0,6
04 Balears, Illes;02 Bebidas alcohólicas y tabaco;Variación mensual;2024M07;-0,7
04 Balears, Illes;02 Bebidas alcohólicas y tabaco;Variación mensual;2024M06;-0,5
04 Balears, Illes;02 Bebidas alcohólicas y tabaco;Variación mensual;2024M05;0,4
04 Balears, Illes;02 Bebidas alcohólicas y tabaco;Variación mensual;2024M04;0,0
04 Balears, Illes;02 Bebidas alcohólicas y tabaco;Variación mensual;2024M03;-0,2
04 Balears, Illes;02 Bebidas alcohólicas y tabaco;Variación mensual;2024M02;1,2
04 Balears, Illes;02 Bebidas alcohólicas y tabaco;Variación mensual;2024M01;3,0
04 Balears, Illes;02 Bebidas alcohólicas y tabaco;Variación anual;2024M12;5,5
04 Balears, Illes;02 Bebidas alcohólicas y tabaco;Variación anual;2024M11;3,4
04 Balears, Illes;02 Bebidas alcohólicas y tabaco;Variación anual;2024M10;3,6
04 Balears, Illes;02 Bebidas alcohólicas y tabaco;Variación anual;2024M09;2,9
04 Balears, Illes;02 Bebidas alcohólicas y tabaco;Variación anual;2024M08;3,2
04 Balears, Illes;02 Bebidas alcohólicas y tabaco;Variación anual;2024M07;2,7
04 Balears, Illes;02 Bebidas alcohólicas y tabaco;Variación anual;2024M06;3,1
04 Balears, Illes;02 Bebidas alcohólicas y tabaco;Variación anual;2024M05;3,5
04 Balears, Illes;02 Bebidas alcohólicas y tabaco;Variación anual;2024M04;3,1
04 Balears, Illes;02 Bebidas alcohólicas y tabaco;Variación anual;2024M03;3,0
04 Balears, Illes;02 Bebidas alcohólicas y tabaco;Variación anual;2024M02;4,6
04 Balears, Illes;02 Bebidas alcohólicas y tabaco;Variación anual;2024M01;4,5
04 Balears, Illes;02 Bebidas alcohólicas y tabaco;Variación en lo que va de año;2024M12;5,5
04 Balears, Illes;02 Bebidas alcohólicas y tabaco;Variación en lo que va de año;2024M11;4,5
04 Balears, Illes;02 Bebidas alcohólicas y tabaco;Variación en lo que va de año;2024M10;4,8
04 Balears, Illes;02 Bebidas alcohólicas y tabaco;Variación en lo que va de año;2024M09;4,2
04 Balears, Illes;02 Bebidas alcohólicas y tabaco;Variación en lo que va de año;2024M08;3,8
04 Balears, Illes;02 Bebidas alcohólicas y tabaco;Variación en lo que va de año;2024M07;3,3
04 Balears, Illes;02 Bebidas alcohólicas y tabaco;Variación en lo que va de año;2024M06;4,0
04 Balears, Illes;02 Bebidas alcohólicas y tabaco;Variación en lo que va de año;2024M05;4,5
04 Balears, Illes;02 Bebidas alcohólicas y tabaco;Variación en lo que va de año;2024M04;4,1
04 Balears, Illes;02 Bebidas alcohólicas y tabaco;Variación en lo que va de año;2024M03;4,1
04 Balears, Illes;02 Bebidas alcohólicas y tabaco;Variación en lo que va de año;2024M02;4,2
04 Balears, Illes;02 Bebidas alcohólicas y tabaco;Variación en lo que va de año;2024M01;3,0
04 Balears, Illes;03 Vestido y calzado;Índice;2024M12;111,298
04 Balears, Illes;03 Vestido y calzado;Índice;2024M11;111,533
04 Balears, Illes;03 Vestido y calzado;Índice;2024M10;106,782
04 Balears, Illes;03 Vestido y calzado;Índice;2024M09;99,742
04 Balears, Illes;03 Vestido y calzado;Índice;2024M08;97,382
04 Balears, Illes;03 Vestido y calzado;Índice;2024M07;98,678
04 Balears, Illes;03 Vestido y calzado;Índice;2024M06;108,439
04 Balears, Illes;03 Vestido y calzado;Índice;2024M05;108,881
04 Balears, Illes;03 Vestido y calzado;Índice;2024M04;105,197
04 Balears, Illes;03 Vestido y calzado;Índice;2024M03;99,790
04 Balears, Illes;03 Vestido y calzado;Índice;2024M02;96,961
04 Balears, Illes;03 Vestido y calzado;Índice;2024M01;98,622
04 Balears, Illes;03 Vestido y calzado;Variación mensual;2024M12;-0,2
04 Balears, Illes;03 Vestido y calzado;Variación mensual;2024M11;4,4
04 Balears, Illes;03 Vestido y calzado;Variación mensual;2024M10;7,1
04 Balears, Illes;03 Vestido y calzado;Variación mensual;2024M09;2,4
04 Balears, Illes;03 Vestido y calzado;Variación mensual;2024M08;-1,3
04 Balears, Illes;03 Vestido y calzado;Variación mensual;2024M07;-9,0
04 Balears, Illes;03 Vestido y calzado;Variación mensual;2024M06;-0,4
04 Balears, Illes;03 Vestido y calzado;Variación mensual;2024M05;3,5
04 Balears, Illes;03 Vestido y calzado;Variación mensual;2024M04;5,4
04 Balears, Illes;03 Vestido y calzado;Variación mensual;2024M03;2,9
04 Balears, Illes;03 Vestido y calzado;Variación mensual;2024M02;-1,7
04 Balears, Illes;03 Vestido y calzado;Variación mensual;2024M01;-11,2
04 Balears, Illes;03 Vestido y calzado;Variación anual;2024M12;0,2
04 Balears, Illes;03 Vestido y calzado;Variación anual;2024M11;-0,1
04 Balears, Illes;03 Vestido y calzado;Variación anual;2024M10;-0,8
04 Balears, Illes;03 Vestido y calzado;Variación anual;2024M09;-2,0
04 Balears, Illes;03 Vestido y calzado;Variación anual;2024M08;-2,8
04 Balears, Illes;03 Vestido y calzado;Variación anual;2024M07;-2,2
04 Balears, Illes;03 Vestido y calzado;Variación anual;2024M06;-2,3
04 Balears, Illes;03 Vestido y calzado;Variación anual;2024M05;-2,6
04 Balears, Illes;03 Vestido y calzado;Variación anual;2024M04;-4,8
04 Balears, Illes;03 Vestido y calzado;Variación anual;2024M03;-3,4
04 Balears, Illes;03 Vestido y calzado;Variación anual;2024M02;-3,7
04 Balears, Illes;03 Vestido y calzado;Variación anual;2024M01;-4,1
04 Balears, Illes;03 Vestido y calzado;Variación en lo que va de año;2024M12;0,2
04 Balears, Illes;03 Vestido y calzado;Variación en lo que va de año;2024M11;0,4
04 Balears, Illes;03 Vestido y calzado;Variación en lo que va de año;2024M10;-3,8
04 Balears, Illes;03 Vestido y calzado;Variación en lo que va de año;2024M09;-10,2
04 Balears, Illes;03 Vestido y calzado;Variación en lo que va de año;2024M08;-12,3
04 Balears, Illes;03 Vestido y calzado;Variación en lo que va de año;2024M07;-11,1
04 Balears, Illes;03 Vestido y calzado;Variación en lo que va de año;2024M06;-2,3
04 Balears, Illes;03 Vestido y calzado;Variación en lo que va de año;2024M05;-1,9
04 Balears, Illes;03 Vestido y calzado;Variación en lo que va de año;2024M04;-5,3
04 Balears, Illes;03 Vestido y calzado;Variación en lo que va de año;2024M03;-10,1
04 Balears, Illes;03 Vestido y calzado;Variación en lo que va de año;2024M02;-12,7
04 Balears, Illes;03 Vestido y calzado;Variación en lo que va de año;2024M01;-11,2
04 Balears, Illes;04 Vivienda, agua, electricidad, gas y otros combustibles;Índice;2024M12;108,124
04 Balears, Illes;04 Vivienda, agua, electricidad, gas y otros combustibles;Índice;2024M11;107,496
04 Balears, Illes;04 Vivienda, agua, electricidad, gas y otros combustibles;Índice;2024M10;105,689
04 Balears, Illes;04 Vivienda, agua, electricidad, gas y otros combustibles;Índice;2024M09;105,217
04 Balears, Illes;04 Vivienda, agua, electricidad, gas y otros combustibles;Índice;2024M08;105,876
04 Balears, Illes;04 Vivienda, agua, electricidad, gas y otros combustibles;Índice;2024M07;105,202
04 Balears, Illes;04 Vivienda, agua, electricidad, gas y otros combustibles;Índice;2024M06;107,150
04 Balears, Illes;04 Vivienda, agua, electricidad, gas y otros combustibles;Índice;2024M05;106,439
04 Balears, Illes;04 Vivienda, agua, electricidad, gas y otros combustibles;Índice;2024M04;105,330
04 Balears, Illes;04 Vivienda, agua, electricidad, gas y otros combustibles;Índice;2024M03;104,936
04 Balears, Illes;04 Vivienda, agua, electricidad, gas y otros combustibles;Índice;2024M02;102,525
04 Balears, Illes;04 Vivienda, agua, electricidad, gas y otros combustibles;Índice;2024M01;103,968
04 Balears, Illes;04 Vivienda, agua, electricidad, gas y otros combustibles;Variación mensual;2024M12;0,6
04 Balears, Illes;04 Vivienda, agua, electricidad, gas y otros combustibles;Variación mensual;2024M11;1,7
04 Balears, Illes;04 Vivienda, agua, electricidad, gas y otros combustibles;Variación mensual;2024M10;0,4
04 Balears, Illes;04 Vivienda, agua, electricidad, gas y otros combustibles;Variación mensual;2024M09;-0,6
04 Balears, Illes;04 Vivienda, agua, electricidad, gas y otros combustibles;Variación mensual;2024M08;0,6
04 Balears, Illes;04 Vivienda, agua, electricidad, gas y otros combustibles;Variación mensual;2024M07;-1,8
04 Balears, Illes;04 Vivienda, agua, electricidad, gas y otros combustibles;Variación mensual;2024M06;0,7
04 Balears, Illes;04 Vivienda, agua, electricidad, gas y otros combustibles;Variación mensual;2024M05;1,1
04 Balears, Illes;04 Vivienda, agua, electricidad, gas y otros combustibles;Variación mensual;2024M04;0,4
04 Balears, Illes;04 Vivienda, agua, electricidad, gas y otros combustibles;Variación mensual;2024M03;2,4
04 Balears, Illes;04 Vivienda, agua, electricidad, gas y otros combustibles;Variación mensual;2024M02;-1,4
04 Balears, Illes;04 Vivienda, agua, electricidad, gas y otros combustibles;Variación mensual;2024M01;3,0
04 Balears, Illes;04 Vivienda, agua, electricidad, gas y otros combustibles;Variación anual;2024M12;7,1
04 Balears, Illes;04 Vivienda, agua, electricidad, gas y otros combustibles;Variación anual;2024M11;7,0
04 Balears, Illes;04 Vivienda, agua, electricidad, gas y otros combustibles;Variación anual;2024M10;3,9
04 Balears, Illes;04 Vivienda, agua, electricidad, gas y otros combustibles;Variación anual;2024M09;2,8
04 Balears, Illes;04 Vivienda, agua, electricidad, gas y otros combustibles;Variación anual;2024M08;4,0
04 Balears, Illes;04 Vivienda, agua, electricidad, gas y otros combustibles;Variación anual;2024M07;3,4
04 Balears, Illes;04 Vivienda, agua, electricidad, gas y otros combustibles;Variación anual;2024M06;5,3
04 Balears, Illes;04 Vivienda, agua, electricidad, gas y otros combustibles;Variación anual;2024M05;5,7
04 Balears, Illes;04 Vivienda, agua, electricidad, gas y otros combustibles;Variación anual;2024M04;4,5
04 Balears, Illes;04 Vivienda, agua, electricidad, gas y otros combustibles;Variación anual;2024M03;2,9
04 Balears, Illes;04 Vivienda, agua, electricidad, gas y otros combustibles;Variación anual;2024M02;-1,4
04 Balears, Illes;04 Vivienda, agua, electricidad, gas y otros combustibles;Variación anual;2024M01;2,8
04 Balears, Illes;04 Vivienda, agua, electricidad, gas y otros combustibles;Variación en lo que va de año;2024M12;7,1
04 Balears, Illes;04 Vivienda, agua, electricidad, gas y otros combustibles;Variación en lo que va de año;2024M11;6,5
04 Balears, Illes;04 Vivienda, agua, electricidad, gas y otros combustibles;Variación en lo que va de año;2024M10;4,7
04 Balears, Illes;04 Vivienda, agua, electricidad, gas y otros combustibles;Variación en lo que va de año;2024M09;4,2
04 Balears, Illes;04 Vivienda, agua, electricidad, gas y otros combustibles;Variación en lo que va de año;2024M08;4,9
04 Balears, Illes;04 Vivienda, agua, electricidad, gas y otros combustibles;Variación en lo que va de año;2024M07;4,2
04 Balears, Illes;04 Vivienda, agua, electricidad, gas y otros combustibles;Variación en lo que va de año;2024M06;6,2
04 Balears, Illes;04 Vivienda, agua, electricidad, gas y otros combustibles;Variación en lo que va de año;2024M05;5,5
04 Balears, Illes;04 Vivienda, agua, electricidad, gas y otros combustibles;Variación en lo que va de año;2024M04;4,4
04 Balears, Illes;04 Vivienda, agua, electricidad, gas y otros combustibles;Variación en lo que va de año;2024M03;4,0
04 Balears, Illes;04 Vivienda, agua, electricidad, gas y otros combustibles;Variación en lo que va de año;2024M02;1,6
04 Balears, Illes;04 Vivienda, agua, electricidad, gas y otros combustibles;Variación en lo que va de año;2024M01;3,0
04 Balears, Illes;05 Muebles, artículos del hogar y artículos para el mantenimiento corriente del hogar;Índice;2024M12;114,667
04 Balears, Illes;05 Muebles, artículos del hogar y artículos para el mantenimiento corriente del hogar;Índice;2024M11;113,544
04 Balears, Illes;05 Muebles, artículos del hogar y artículos para el mantenimiento corriente del hogar;Índice;2024M10;113,140
04 Balears, Illes;05 Muebles, artículos del hogar y artículos para el mantenimiento corriente del hogar;Índice;2024M09;112,766
04 Balears, Illes;05 Muebles, artículos del hogar y artículos para el mantenimiento corriente del hogar;Índice;2024M08;112,623
04 Balears, Illes;05 Muebles, artículos del hogar y artículos para el mantenimiento corriente del hogar;Índice;2024M07;112,501
04 Balears, Illes;05 Muebles, artículos del hogar y artículos para el mantenimiento corriente del hogar;Índice;2024M06;113,256
04 Balears, Illes;05 Muebles, artículos del hogar y artículos para el mantenimiento corriente del hogar;Índice;2024M05;113,459
04 Balears, Illes;05 Muebles, artículos del hogar y artículos para el mantenimiento corriente del hogar;Índice;2024M04;113,341
04 Balears, Illes;05 Muebles, artículos del hogar y artículos para el mantenimiento corriente del hogar;Índice;2024M03;112,668
04 Balears, Illes;05 Muebles, artículos del hogar y artículos para el mantenimiento corriente del hogar;Índice;2024M02;112,624
04 Balears, Illes;05 Muebles, artículos del hogar y artículos para el mantenimiento corriente del hogar;Índice;2024M01;111,914
04 Balears, Illes;05 Muebles, artículos del hogar y artículos para el mantenimiento corriente del hogar;Variación mensual;2024M12;1,0
04 Balears, Illes;05 Muebles, artículos del hogar y artículos para el mantenimiento corriente del hogar;Variación mensual;2024M11;0,4
04 Balears, Illes;05 Muebles, artículos del hogar y artículos para el mantenimiento corriente del hogar;Variación mensual;2024M10;0,3
04 Balears, Illes;05 Muebles, artículos del hogar y artículos para el mantenimiento corriente del hogar;Variación mensual;2024M09;0,1
04 Balears, Illes;05 Muebles, artículos del hogar y artículos para el mantenimiento corriente del hogar;Variación mensual;2024M08;0,1
04 Balears, Illes;05 Muebles, artículos del hogar y artículos para el mantenimiento corriente del hogar;Variación mensual;2024M07;-0,7
04 Balears, Illes;05 Muebles, artículos del hogar y artículos para el mantenimiento corriente del hogar;Variación mensual;2024M06;-0,2
04 Balears, Illes;05 Muebles, artículos del hogar y artículos para el mantenimiento corriente del hogar;Variación mensual;2024M05;0,1
04 Balears, Illes;05 Muebles, artículos del hogar y artículos para el mantenimiento corriente del hogar;Variación mensual;2024M04;0,6
04 Balears, Illes;05 Muebles, artículos del hogar y artículos para el mantenimiento corriente del hogar;Variación mensual;2024M03;0,0
04 Balears, Illes;05 Muebles, artículos del hogar y artículos para el mantenimiento corriente del hogar;Variación mensual;2024M02;0,6
04 Balears, Illes;05 Muebles, artículos del hogar y artículos para el mantenimiento corriente del hogar;Variación mensual;2024M01;-0,3
04 Balears, Illes;05 Muebles, artículos del hogar y artículos para el mantenimiento corriente del hogar;Variación anual;2024M12;2,1
04 Balears, Illes;05 Muebles, artículos del hogar y artículos para el mantenimiento corriente del hogar;Variación anual;2024M11;1,4
04 Balears, Illes;05 Muebles, artículos del hogar y artículos para el mantenimiento corriente del hogar;Variación anual;2024M10;0,8
04 Balears, Illes;05 Muebles, artículos del hogar y artículos para el mantenimiento corriente del hogar;Variación anual;2024M09;1,3
04 Balears, Illes;05 Muebles, artículos del hogar y artículos para el mantenimiento corriente del hogar;Variación anual;2024M08;1,1
04 Balears, Illes;05 Muebles, artículos del hogar y artículos para el mantenimiento corriente del hogar;Variación anual;2024M07;1,1
04 Balears, Illes;05 Muebles, artículos del hogar y artículos para el mantenimiento corriente del hogar;Variación anual;2024M06;0,7
04 Balears, Illes;05 Muebles, artículos del hogar y artículos para el mantenimiento corriente del hogar;Variación anual;2024M05;1,3
04 Balears, Illes;05 Muebles, artículos del hogar y artículos para el mantenimiento corriente del hogar;Variación anual;2024M04;2,0
04 Balears, Illes;05 Muebles, artículos del hogar y artículos para el mantenimiento corriente del hogar;Variación anual;2024M03;1,9
04 Balears, Illes;05 Muebles, artículos del hogar y artículos para el mantenimiento corriente del hogar;Variación anual;2024M02;2,1
04 Balears, Illes;05 Muebles, artículos del hogar y artículos para el mantenimiento corriente del hogar;Variación anual;2024M01;1,5
04 Balears, Illes;05 Muebles, artículos del hogar y artículos para el mantenimiento corriente del hogar;Variación en lo que va de año;2024M12;2,1
04 Balears, Illes;05 Muebles, artículos del hogar y artículos para el mantenimiento corriente del hogar;Variación en lo que va de año;2024M11;1,1
04 Balears, Illes;05 Muebles, artículos del hogar y artículos para el mantenimiento corriente del hogar;Variación en lo que va de año;2024M10;0,8
04 Balears, Illes;05 Muebles, artículos del hogar y artículos para el mantenimiento corriente del hogar;Variación en lo que va de año;2024M09;0,4
04 Balears, Illes;05 Muebles, artículos del hogar y artículos para el mantenimiento corriente del hogar;Variación en lo que va de año;2024M08;0,3
04 Balears, Illes;05 Muebles, artículos del hogar y artículos para el mantenimiento corriente del hogar;Variación en lo que va de año;2024M07;0,2
04 Balears, Illes;05 Muebles, artículos del hogar y artículos para el mantenimiento corriente del hogar;Variación en lo que va de año;2024M06;0,9
04 Balears, Illes;05 Muebles, artículos del hogar y artículos para el mantenimiento corriente del hogar;Variación en lo que va de año;2024M05;1,0
04 Balears, Illes;05 Muebles, artículos del hogar y artículos para el mantenimiento corriente del hogar;Variación en lo que va de año;2024M04;0,9
04 Balears, Illes;05 Muebles, artículos del hogar y artículos para el mantenimiento corriente del hogar;Variación en lo que va de año;2024M03;0,3
04 Balears, Illes;05 Muebles, artículos del hogar y artículos para el mantenimiento corriente del hogar;Variación en lo que va de año;2024M02;0,3
04 Balears, Illes;05 Muebles, artículos del hogar y artículos para el mantenimiento corriente del hogar;Variación en lo que va de año;2024M01;-0,3
04 Balears, Illes;06 Sanidad;Índice;2024M12;111,265
04 Balears, Illes;06 Sanidad;Índice;2024M11;111,221
04 Balears, Illes;06 Sanidad;Índice;2024M10;110,980
04 Balears, Illes;06 Sanidad;Índice;2024M09;110,963
04 Balears, Illes;06 Sanidad;Índice;2024M08;110,934
04 Balears, Illes;06 Sanidad;Índice;2024M07;110,590
04 Balears, Illes;06 Sanidad;Índice;2024M06;110,595
04 Balears, Illes;06 Sanidad;Índice;2024M05;110,436
04 Balears, Illes;06 Sanidad;Índice;2024M04;110,235
04 Balears, Illes;06 Sanidad;Índice;2024M03;109,593
04 Balears, Illes;06 Sanidad;Índice;2024M02;109,247
04 Balears, Illes;06 Sanidad;Índice;2024M01;108,883
04 Balears, Illes;06 Sanidad;Variación mensual;2024M12;0,0
04 Balears, Illes;06 Sanidad;Variación mensual;2024M11;0,2
04 Balears, Illes;06 Sanidad;Variación mensual;2024M10;0,0
04 Balears, Illes;06 Sanidad;Variación mensual;2024M09;0,0
04 Balears, Illes;06 Sanidad;Variación mensual;2024M08;0,3
04 Balears, Illes;06 Sanidad;Variación mensual;2024M07;0,0
04 Balears, Illes;06 Sanidad;Variación mensual;2024M06;0,1
04 Balears, Illes;06 Sanidad;Variación mensual;2024M05;0,2
04 Balears, Illes;06 Sanidad;Variación mensual;2024M04;0,6
04 Balears, Illes;06 Sanidad;Variación mensual;2024M03;0,3
04 Balears, Illes;06 Sanidad;Variación mensual;2024M02;0,3
04 Balears, Illes;06 Sanidad;Variación mensual;2024M01;0,4
04 Balears, Illes;06 Sanidad;Variación anual;2024M12;2,6
04 Balears, Illes;06 Sanidad;Variación anual;2024M11;2,7
04 Balears, Illes;06 Sanidad;Variación anual;2024M10;2,5
04 Balears, Illes;06 Sanidad;Variación anual;2024M09;2,4
04 Balears, Illes;06 Sanidad;Variación anual;2024M08;3,2
04 Balears, Illes;06 Sanidad;Variación anual;2024M07;3,0
04 Balears, Illes;06 Sanidad;Variación anual;2024M06;3,3
04 Balears, Illes;06 Sanidad;Variación anual;2024M05;3,3
04 Balears, Illes;06 Sanidad;Variación anual;2024M04;3,2
04 Balears, Illes;06 Sanidad;Variación anual;2024M03;2,9
04 Balears, Illes;06 Sanidad;Variación anual;2024M02;3,5
04 Balears, Illes;06 Sanidad;Variación anual;2024M01;4,5
04 Balears, Illes;06 Sanidad;Variación en lo que va de año;2024M12;2,6
04 Balears, Illes;06 Sanidad;Variación en lo que va de año;2024M11;2,5
04 Balears, Illes;06 Sanidad;Variación en lo que va de año;2024M10;2,3
04 Balears, Illes;06 Sanidad;Variación en lo que va de año;2024M09;2,3
04 Balears, Illes;06 Sanidad;Variación en lo que va de año;2024M08;2,3
04 Balears, Illes;06 Sanidad;Variación en lo que va de año;2024M07;2,0
04 Balears, Illes;06 Sanidad;Variación en lo que va de año;2024M06;2,0
04 Balears, Illes;06 Sanidad;Variación en lo que va de año;2024M05;1,8
04 Balears, Illes;06 Sanidad;Variación en lo que va de año;2024M04;1,6
04 Balears, Illes;06 Sanidad;Variación en lo que va de año;2024M03;1,0
04 Balears, Illes;06 Sanidad;Variación en lo que va de año;2024M02;0,7
04 Balears, Illes;06 Sanidad;Variación en lo que va de año;2024M01;0,4
04 Balears, Illes;07 Transporte;Índice;2024M12;113,841
04 Balears, Illes;07 Transporte;Índice;2024M11;113,431
04 Balears, Illes;07 Transporte;Índice;2024M10;112,802
04 Balears, Illes;07 Transporte;Índice;2024M09;112,935
04 Balears, Illes;07 Transporte;Índice;2024M08;115,246
04 Balears, Illes;07 Transporte;Índice;2024M07;115,420
04 Balears, Illes;07 Transporte;Índice;2024M06;114,928
04 Balears, Illes;07 Transporte;Índice;2024M05;115,054
04 Balears, Illes;07 Transporte;Índice;2024M04;115,467
04 Balears, Illes;07 Transporte;Índice;2024M03;114,797
04 Balears, Illes;07 Transporte;Índice;2024M02;113,776
04 Balears, Illes;07 Transporte;Índice;2024M01;111,803
04 Balears, Illes;07 Transporte;Variación mensual;2024M12;0,4
04 Balears, Illes;07 Transporte;Variación mensual;2024M11;0,6
04 Balears, Illes;07 Transporte;Variación mensual;2024M10;-0,1
04 Balears, Illes;07 Transporte;Variación mensual;2024M09;-2,0
04 Balears, Illes;07 Transporte;Variación mensual;2024M08;-0,2
04 Balears, Illes;07 Transporte;Variación mensual;2024M07;0,4
04 Balears, Illes;07 Transporte;Variación mensual;2024M06;-0,1
04 Balears, Illes;07 Transporte;Variación mensual;2024M05;-0,4
04 Balears, Illes;07 Transporte;Variación mensual;2024M04;0,6
04 Balears, Illes;07 Transporte;Variación mensual;2024M03;0,9
04 Balears, Illes;07 Transporte;Variación mensual;2024M02;1,8
04 Balears, Illes;07 Transporte;Variación mensual;2024M01;-0,5
04 Balears, Illes;07 Transporte;Variación anual;2024M12;1,3
04 Balears, Illes;07 Transporte;Variación anual;2024M11;-0,2
04 Balears, Illes;07 Transporte;Variación anual;2024M10;-2,0
04 Balears, Illes;07 Transporte;Variación anual;2024M09;-3,0
04 Balears, Illes;07 Transporte;Variación anual;2024M08;-0,4
04 Balears, Illes;07 Transporte;Variación anual;2024M07;2,7
04 Balears, Illes;07 Transporte;Variación anual;2024M06;2,9
04 Balears, Illes;07 Transporte;Variación anual;2024M05;3,8
04 Balears, Illes;07 Transporte;Variación anual;2024M04;3,3
04 Balears, Illes;07 Transporte;Variación anual;2024M03;3,4
04 Balears, Illes;07 Transporte;Variación anual;2024M02;2,5
04 Balears, Illes;07 Transporte;Variación anual;2024M01;0,5
04 Balears, Illes;07 Transporte;Variación en lo que va de año;2024M12;1,3
04 Balears, Illes;07 Transporte;Variación en lo que va de año;2024M11;1,0
04 Balears, Illes;07 Transporte;Variación en lo que va de año;2024M10;0,4
04 Balears, Illes;07 Transporte;Variación en lo que va de año;2024M09;0,5
04 Balears, Illes;07 Transporte;Variación en lo que va de año;2024M08;2,6
04 Balears, Illes;07 Transporte;Variación en lo que va de año;2024M07;2,7
04 Balears, Illes;07 Transporte;Variación en lo que va de año;2024M06;2,3
04 Balears, Illes;07 Transporte;Variación en lo que va de año;2024M05;2,4
04 Balears, Illes;07 Transporte;Variación en lo que va de año;2024M04;2,8
04 Balears, Illes;07 Transporte;Variación en lo que va de año;2024M03;2,2
04 Balears, Illes;07 Transporte;Variación en lo que va de año;2024M02;1,3
04 Balears, Illes;07 Transporte;Variación en lo que va de año;2024M01;-0,5
04 Balears, Illes;08 Comunicaciones;Índice;2024M12;101,461
04 Balears, Illes;08 Comunicaciones;Índice;2024M11;101,474
04 Balears, Illes;08 Comunicaciones;Índice;2024M10;101,475
04 Balears, Illes;08 Comunicaciones;Índice;2024M09;102,432
04 Balears, Illes;08 Comunicaciones;Índice;2024M08;102,500
04 Balears, Illes;08 Comunicaciones;Índice;2024M07;102,564
04 Balears, Illes;08 Comunicaciones;Índice;2024M06;102,998
04 Balears, Illes;08 Comunicaciones;Índice;2024M05;102,981
04 Balears, Illes;08 Comunicaciones;Índice;2024M04;103,055
04 Balears, Illes;08 Comunicaciones;Índice;2024M03;102,920
04 Balears, Illes;08 Comunicaciones;Índice;2024M02;102,990
04 Balears, Illes;08 Comunicaciones;Índice;2024M01;103,050
04 Balears, Illes;08 Comunicaciones;Variación mensual;2024M12;0,0
04 Balears, Illes;08 Comunicaciones;Variación mensual;2024M11;0,0
04 Balears, Illes;08 Comunicaciones;Variación mensual;2024M10;-0,9
04 Balears, Illes;08 Comunicaciones;Variación mensual;2024M09;-0,1
04 Balears, Illes;08 Comunicaciones;Variación mensual;2024M08;-0,1
04 Balears, Illes;08 Comunicaciones;Variación mensual;2024M07;-0,4
04 Balears, Illes;08 Comunicaciones;Variación mensual;2024M06;0,0
04 Balears, Illes;08 Comunicaciones;Variación mensual;2024M05;-0,1
04 Balears, Illes;08 Comunicaciones;Variación mensual;2024M04;0,1
04 Balears, Illes;08 Comunicaciones;Variación mensual;2024M03;-0,1
04 Balears, Illes;08 Comunicaciones;Variación mensual;2024M02;-0,1
04 Balears, Illes;08 Comunicaciones;Variación mensual;2024M01;2,0
04 Balears, Illes;08 Comunicaciones;Variación anual;2024M12;0,4
04 Balears, Illes;08 Comunicaciones;Variación anual;2024M11;0,3
04 Balears, Illes;08 Comunicaciones;Variación anual;2024M10;0,2
04 Balears, Illes;08 Comunicaciones;Variación anual;2024M09;0,1
04 Balears, Illes;08 Comunicaciones;Variación anual;2024M08;0,0
04 Balears, Illes;08 Comunicaciones;Variación anual;2024M07;0,1
04 Balears, Illes;08 Comunicaciones;Variación anual;2024M06;0,3
04 Balears, Illes;08 Comunicaciones;Variación anual;2024M05;0,1
04 Balears, Illes;08 Comunicaciones;Variación anual;2024M04;0,2
04 Balears, Illes;08 Comunicaciones;Variación anual;2024M03;0,7
04 Balears, Illes;08 Comunicaciones;Variación anual;2024M02;0,7
04 Balears, Illes;08 Comunicaciones;Variación anual;2024M01;0,8
04 Balears, Illes;08 Comunicaciones;Variación en lo que va de año;2024M12;0,4
04 Balears, Illes;08 Comunicaciones;Variación en lo que va de año;2024M11;0,4
04 Balears, Illes;08 Comunicaciones;Variación en lo que va de año;2024M10;0,4
04 Balears, Illes;08 Comunicaciones;Variación en lo que va de año;2024M09;1,4
04 Balears, Illes;08 Comunicaciones;Variación en lo que va de año;2024M08;1,4
04 Balears, Illes;08 Comunicaciones;Variación en lo que va de año;2024M07;1,5
04 Balears, Illes;08 Comunicaciones;Variación en lo que va de año;2024M06;1,9
04 Balears, Illes;08 Comunicaciones;Variación en lo que va de año;2024M05;1,9
04 Balears, Illes;08 Comunicaciones;Variación en lo que va de año;2024M04;2,0
04 Balears, Illes;08 Comunicaciones;Variación en lo que va de año;2024M03;1,8
04 Balears, Illes;08 Comunicaciones;Variación en lo que va de año;2024M02;1,9
04 Balears, Illes;08 Comunicaciones;Variación en lo que va de año;2024M01;2,0
04 Balears, Illes;09 Ocio y cultura;Índice;2024M12;115,292
04 Balears, Illes;09 Ocio y cultura;Índice;2024M11;111,301
04 Balears, Illes;09 Ocio y cultura;Índice;2024M10;112,234
04 Balears, Illes;09 Ocio y cultura;Índice;2024M09;112,912
04 Balears, Illes;09 Ocio y cultura;Índice;2024M08;115,070
04 Balears, Illes;09 Ocio y cultura;Índice;2024M07;114,024
04 Balears, Illes;09 Ocio y cultura;Índice;2024M06;112,772
04 Balears, Illes;09 Ocio y cultura;Índice;2024M05;110,958
04 Balears, Illes;09 Ocio y cultura;Índice;2024M04;112,820
04 Balears, Illes;09 Ocio y cultura;Índice;2024M03;109,961
04 Balears, Illes;09 Ocio y cultura;Índice;2024M02;109,012
04 Balears, Illes;09 Ocio y cultura;Índice;2024M01;108,195
04 Balears, Illes;09 Ocio y cultura;Variación mensual;2024M12;3,6
04 Balears, Illes;09 Ocio y cultura;Variación mensual;2024M11;-0,8
04 Balears, Illes;09 Ocio y cultura;Variación mensual;2024M10;-0,6
04 Balears, Illes;09 Ocio y cultura;Variación mensual;2024M09;-1,9
04 Balears, Illes;09 Ocio y cultura;Variación mensual;2024M08;0,9
04 Balears, Illes;09 Ocio y cultura;Variación mensual;2024M07;1,1
04 Balears, Illes;09 Ocio y cultura;Variación mensual;2024M06;1,6
04 Balears, Illes;09 Ocio y cultura;Variación mensual;2024M05;-1,7
04 Balears, Illes;09 Ocio y cultura;Variación mensual;2024M04;2,6
04 Balears, Illes;09 Ocio y cultura;Variación mensual;2024M03;0,9
04 Balears, Illes;09 Ocio y cultura;Variación mensual;2024M02;0,8
04 Balears, Illes;09 Ocio y cultura;Variación mensual;2024M01;-1,3
04 Balears, Illes;09 Ocio y cultura;Variación anual;2024M12;5,2
04 Balears, Illes;09 Ocio y cultura;Variación anual;2024M11;3,2
04 Balears, Illes;09 Ocio y cultura;Variación anual;2024M10;2,8
04 Balears, Illes;09 Ocio y cultura;Variación anual;2024M09;2,1
04 Balears, Illes;09 Ocio y cultura;Variación anual;2024M08;2,0
04 Balears, Illes;09 Ocio y cultura;Variación anual;2024M07;2,0
04 Balears, Illes;09 Ocio y cultura;Variación anual;2024M06;3,0
04 Balears, Illes;09 Ocio y cultura;Variación anual;2024M05;3,1
04 Balears, Illes;09 Ocio y cultura;Variación anual;2024M04;4,8
04 Balears, Illes;09 Ocio y cultura;Variación anual;2024M03;3,0
04 Balears, Illes;09 Ocio y cultura;Variación anual;2024M02;1,9
04 Balears, Illes;09 Ocio y cultura;Variación anual;2024M01;3,2
04 Balears, Illes;09 Ocio y cultura;Variación en lo que va de año;2024M12;5,2
04 Balears, Illes;09 Ocio y cultura;Variación en lo que va de año;2024M11;1,6
04 Balears, Illes;09 Ocio y cultura;Variación en lo que va de año;2024M10;2,4
04 Balears, Illes;09 Ocio y cultura;Variación en lo que va de año;2024M09;3,0
04 Balears, Illes;09 Ocio y cultura;Variación en lo que va de año;2024M08;5,0
04 Balears, Illes;09 Ocio y cultura;Variación en lo que va de año;2024M07;4,1
04 Balears, Illes;09 Ocio y cultura;Variación en lo que va de año;2024M06;2,9
04 Balears, Illes;09 Ocio y cultura;Variación en lo que va de año;2024M05;1,3
04 Balears, Illes;09 Ocio y cultura;Variación en lo que va de año;2024M04;3,0
04 Balears, Illes;09 Ocio y cultura;Variación en lo que va de año;2024M03;0,3
04 Balears, Illes;09 Ocio y cultura;Variación en lo que va de año;2024M02;-0,5
04 Balears, Illes;09 Ocio y cultura;Variación en lo que va de año;2024M01;-1,3
04 Balears, Illes;10 Enseñanza;Índice;2024M12;108,571
04 Balears, Illes;10 Enseñanza;Índice;2024M11;108,571
04 Balears, Illes;10 Enseñanza;Índice;2024M10;108,174
04 Balears, Illes;10 Enseñanza;Índice;2024M09;107,212
04 Balears, Illes;10 Enseñanza;Índice;2024M08;105,882
04 Balears, Illes;10 Enseñanza;Índice;2024M07;105,882
04 Balears, Illes;10 Enseñanza;Índice;2024M06;106,023
04 Balears, Illes;10 Enseñanza;Índice;2024M05;106,023
04 Balears, Illes;10 Enseñanza;Índice;2024M04;106,023
04 Balears, Illes;10 Enseñanza;Índice;2024M03;106,178
04 Balears, Illes;10 Enseñanza;Índice;2024M02;106,139
04 Balears, Illes;10 Enseñanza;Índice;2024M01;106,139
04 Balears, Illes;10 Enseñanza;Variación mensual;2024M12;0,0
04 Balears, Illes;10 Enseñanza;Variación mensual;2024M11;0,4
04 Balears, Illes;10 Enseñanza;Variación mensual;2024M10;0,9
04 Balears, Illes;10 Enseñanza;Variación mensual;2024M09;1,3
04 Balears, Illes;10 Enseñanza;Variación mensual;2024M08;0,0
04 Balears, Illes;10 Enseñanza;Variación mensual;2024M07;-0,1
04 Balears, Illes;10 Enseñanza;Variación mensual;2024M06;0,0
04 Balears, Illes;10 Enseñanza;Variación mensual;2024M05;0,0
04 Balears, Illes;10 Enseñanza;Variación mensual;2024M04;-0,1
04 Balears, Illes;10 Enseñanza;Variación mensual;2024M03;0,0
04 Balears, Illes;10 Enseñanza;Variación mensual;2024M02;0,0
04 Balears, Illes;10 Enseñanza;Variación mensual;2024M01;0,3
04 Balears, Illes;10 Enseñanza;Variación anual;2024M12;2,6
04 Balears, Illes;10 Enseñanza;Variación anual;2024M11;2,6
04 Balears, Illes;10 Enseñanza;Variación anual;2024M10;2,2
04 Balears, Illes;10 Enseñanza;Variación anual;2024M09;2,0
04 Balears, Illes;10 Enseñanza;Variación anual;2024M08;0,6
04 Balears, Illes;10 Enseñanza;Variación anual;2024M07;0,6
04 Balears, Illes;10 Enseñanza;Variación anual;2024M06;0,7
04 Balears, Illes;10 Enseñanza;Variación anual;2024M05;0,7
04 Balears, Illes;10 Enseñanza;Variación anual;2024M04;0,7
04 Balears, Illes;10 Enseñanza;Variación anual;2024M03;0,9
04 Balears, Illes;10 Enseñanza;Variación anual;2024M02;0,8
04 Balears, Illes;10 Enseñanza;Variación anual;2024M01;0,8
04 Balears, Illes;10 Enseñanza;Variación en lo que va de año;2024M12;2,6
04 Balears, Illes;10 Enseñanza;Variación en lo que va de año;2024M11;2,6
04 Balears, Illes;10 Enseñanza;Variación en lo que va de año;2024M10;2,2
04 Balears, Illes;10 Enseñanza;Variación en lo que va de año;2024M09;1,3
04 Balears, Illes;10 Enseñanza;Variación en lo que va de año;2024M08;0,0
04 Balears, Illes;10 Enseñanza;Variación en lo que va de año;2024M07;0,0
04 Balears, Illes;10 Enseñanza;Variación en lo que va de año;2024M06;0,2
04 Balears, Illes;10 Enseñanza;Variación en lo que va de año;2024M05;0,2
04 Balears, Illes;10 Enseñanza;Variación en lo que va de año;2024M04;0,2
04 Balears, Illes;10 Enseñanza;Variación en lo que va de año;2024M03;0,3
04 Balears, Illes;10 Enseñanza;Variación en lo que va de año;2024M02;0,3
04 Balears, Illes;10 Enseñanza;Variación en lo que va de año;2024M01;0,3
04 Balears, Illes;11 Restaurantes y hoteles;Índice;2024M12;119,105
04 Balears, Illes;11 Restaurantes y hoteles;Índice;2024M11;118,927
04 Balears, Illes;11 Restaurantes y hoteles;Índice;2024M10;120,976
04 Balears, Illes;11 Restaurantes y hoteles;Índice;2024M09;124,795
04 Balears, Illes;11 Restaurantes y hoteles;Índice;2024M08;126,472
04 Balears, Illes;11 Restaurantes y hoteles;Índice;2024M07;125,311
04 Balears, Illes;11 Restaurantes y hoteles;Índice;2024M06;123,318
04 Balears, Illes;11 Restaurantes y hoteles;Índice;2024M05;120,570
04 Balears, Illes;11 Restaurantes y hoteles;Índice;2024M04;118,141
04 Balears, Illes;11 Restaurantes y hoteles;Índice;2024M03;116,571
04 Balears, Illes;11 Restaurantes y hoteles;Índice;2024M02;115,307
04 Balears, Illes;11 Restaurantes y hoteles;Índice;2024M01;114,765
04 Balears, Illes;11 Restaurantes y hoteles;Variación mensual;2024M12;0,1
04 Balears, Illes;11 Restaurantes y hoteles;Variación mensual;2024M11;-1,7
04 Balears, Illes;11 Restaurantes y hoteles;Variación mensual;2024M10;-3,1
04 Balears, Illes;11 Restaurantes y hoteles;Variación mensual;2024M09;-1,3
04 Balears, Illes;11 Restaurantes y hoteles;Variación mensual;2024M08;0,9
04 Balears, Illes;11 Restaurantes y hoteles;Variación mensual;2024M07;1,6
04 Balears, Illes;11 Restaurantes y hoteles;Variación mensual;2024M06;2,3
04 Balears, Illes;11 Restaurantes y hoteles;Variación mensual;2024M05;2,1
04 Balears, Illes;11 Restaurantes y hoteles;Variación mensual;2024M04;1,3
04 Balears, Illes;11 Restaurantes y hoteles;Variación mensual;2024M03;1,1
04 Balears, Illes;11 Restaurantes y hoteles;Variación mensual;2024M02;0,5
04 Balears, Illes;11 Restaurantes y hoteles;Variación mensual;2024M01;0,0
04 Balears, Illes;11 Restaurantes y hoteles;Variación anual;2024M12;3,7
04 Balears, Illes;11 Restaurantes y hoteles;Variación anual;2024M11;3,5
04 Balears, Illes;11 Restaurantes y hoteles;Variación anual;2024M10;3,0
04 Balears, Illes;11 Restaurantes y hoteles;Variación anual;2024M09;4,0
04 Balears, Illes;11 Restaurantes y hoteles;Variación anual;2024M08;3,8
04 Balears, Illes;11 Restaurantes y hoteles;Variación anual;2024M07;4,4
04 Balears, Illes;11 Restaurantes y hoteles;Variación anual;2024M06;4,4
04 Balears, Illes;11 Restaurantes y hoteles;Variación anual;2024M05;5,0
04 Balears, Illes;11 Restaurantes y hoteles;Variación anual;2024M04;4,2
04 Balears, Illes;11 Restaurantes y hoteles;Variación anual;2024M03;4,9
04 Balears, Illes;11 Restaurantes y hoteles;Variación anual;2024M02;4,5
04 Balears, Illes;11 Restaurantes y hoteles;Variación anual;2024M01;4,6
04 Balears, Illes;11 Restaurantes y hoteles;Variación en lo que va de año;2024M12;3,7
04 Balears, Illes;11 Restaurantes y hoteles;Variación en lo que va de año;2024M11;3,6
04 Balears, Illes;11 Restaurantes y hoteles;Variación en lo que va de año;2024M10;5,4
04 Balears, Illes;11 Restaurantes y hoteles;Variación en lo que va de año;2024M09;8,7
04 Balears, Illes;11 Restaurantes y hoteles;Variación en lo que va de año;2024M08;10,2
04 Balears, Illes;11 Restaurantes y hoteles;Variación en lo que va de año;2024M07;9,1
04 Balears, Illes;11 Restaurantes y hoteles;Variación en lo que va de año;2024M06;7,4
04 Balears, Illes;11 Restaurantes y hoteles;Variación en lo que va de año;2024M05;5,0
04 Balears, Illes;11 Restaurantes y hoteles;Variación en lo que va de año;2024M04;2,9
04 Balears, Illes;11 Restaurantes y hoteles;Variación en lo que va de año;2024M03;1,5
04 Balears, Illes;11 Restaurantes y hoteles;Variación en lo que va de año;2024M02;0,4
04 Balears, Illes;11 Restaurantes y hoteles;Variación en lo que va de año;2024M01;0,0
04 Balears, Illes;12 Otros bienes y servicios;Índice;2024M12;115,334
04 Balears, Illes;12 Otros bienes y servicios;Índice;2024M11;114,931
04 Balears, Illes;12 Otros bienes y servicios;Índice;2024M10;114,866
04 Balears, Illes;12 Otros bienes y servicios;Índice;2024M09;114,482
04 Balears, Illes;12 Otros bienes y servicios;Índice;2024M08;114,613
04 Balears, Illes;12 Otros bienes y servicios;Índice;2024M07;114,251
04 Balears, Illes;12 Otros bienes y servicios;Índice;2024M06;113,823
04 Balears, Illes;12 Otros bienes y servicios;Índice;2024M05;112,491
04 Balears, Illes;12 Otros bienes y servicios;Índice;2024M04;112,704
04 Balears, Illes;12 Otros bienes y servicios;Índice;2024M03;111,531
04 Balears, Illes;12 Otros bienes y servicios;Índice;2024M02;111,822
04 Balears, Illes;12 Otros bienes y servicios;Índice;2024M01;111,213
04 Balears, Illes;12 Otros bienes y servicios;Variación mensual;2024M12;0,4
04 Balears, Illes;12 Otros bienes y servicios;Variación mensual;2024M11;0,1
04 Balears, Illes;12 Otros bienes y servicios;Variación mensual;2024M10;0,3
04 Balears, Illes;12 Otros bienes y servicios;Variación mensual;2024M09;-0,1
04 Balears, Illes;12 Otros bienes y servicios;Variación mensual;2024M08;0,3
04 Balears, Illes;12 Otros bienes y servicios;Variación mensual;2024M07;0,4
04 Balears, Illes;12 Otros bienes y servicios;Variación mensual;2024M06;1,2
04 Balears, Illes;12 Otros bienes y servicios;Variación mensual;2024M05;-0,2
04 Balears, Illes;12 Otros bienes y servicios;Variación mensual;2024M04;1,1
04 Balears, Illes;12 Otros bienes y servicios;Variación mensual;2024M03;-0,3
04 Balears, Illes;12 Otros bienes y servicios;Variación mensual;2024M02;0,5
04 Balears, Illes;12 Otros bienes y servicios;Variación mensual;2024M01;0,7
04 Balears, Illes;12 Otros bienes y servicios;Variación anual;2024M12;4,4
04 Balears, Illes;12 Otros bienes y servicios;Variación anual;2024M11;4,8
04 Balears, Illes;12 Otros bienes y servicios;Variación anual;2024M10;4,5
04 Balears, Illes;12 Otros bienes y servicios;Variación anual;2024M09;4,0
04 Balears, Illes;12 Otros bienes y servicios;Variación anual;2024M08;4,5
04 Balears, Illes;12 Otros bienes y servicios;Variación anual;2024M07;4,7
04 Balears, Illes;12 Otros bienes y servicios;Variación anual;2024M06;4,2
04 Balears, Illes;12 Otros bienes y servicios;Variación anual;2024M05;3,8
04 Balears, Illes;12 Otros bienes y servicios;Variación anual;2024M04;3,9
04 Balears, Illes;12 Otros bienes y servicios;Variación anual;2024M03;3,5
04 Balears, Illes;12 Otros bienes y servicios;Variación anual;2024M02;4,1
04 Balears, Illes;12 Otros bienes y servicios;Variación anual;2024M01;4,5
04 Balears, Illes;12 Otros bienes y servicios;Variación en lo que va de año;2024M12;4,4
04 Balears, Illes;12 Otros bienes y servicios;Variación en lo que va de año;2024M11;4,1
04 Balears, Illes;12 Otros bienes y servicios;Variación en lo que va de año;2024M10;4,0
04 Balears, Illes;12 Otros bienes y servicios;Variación en lo que va de año;2024M09;3,7
04 Balears, Illes;12 Otros bienes y servicios;Variación en lo que va de año;2024M08;3,8
04 Balears, Illes;12 Otros bienes y servicios;Variación en lo que va de año;2024M07;3,5
04 Balears, Illes;12 Otros bienes y servicios;Variación en lo que va de año;2024M06;3,1
04 Balears, Illes;12 Otros bienes y servicios;Variación en lo que va de año;2024M05;1,9
04 Balears, Illes;12 Otros bienes y servicios;Variación en lo que va de año;2024M04;2,1
04 Balears, Illes;12 Otros bienes y servicios;Variación en lo que va de año;2024M03;1,0
04 Balears, Illes;12 Otros bienes y servicios;Variación en lo que va de año;2024M02;1,3
04 Balears, Illes;12 Otros bienes y servicios;Variación en lo que va de año;2024M01;0,7
05 Canarias;01 Alimentos y bebidas no alcohólicas;Índice;2024M12;132,140
05 Canarias;01 Alimentos y bebidas no alcohólicas;Índice;2024M11;132,909
05 Canarias;01 Alimentos y bebidas no alcohólicas;Índice;2024M10;132,570
05 Canarias;01 Alimentos y bebidas no alcohólicas;Índice;2024M09;132,144
05 Canarias;01 Alimentos y bebidas no alcohólicas;Índice;2024M08;131,974
05 Canarias;01 Alimentos y bebidas no alcohólicas;Índice;2024M07;132,079
05 Canarias;01 Alimentos y bebidas no alcohólicas;Índice;2024M06;132,221
05 Canarias;01 Alimentos y bebidas no alcohólicas;Índice;2024M05;132,147
05 Canarias;01 Alimentos y bebidas no alcohólicas;Índice;2024M04;132,169
05 Canarias;01 Alimentos y bebidas no alcohólicas;Índice;2024M03;131,583
05 Canarias;01 Alimentos y bebidas no alcohólicas;Índice;2024M02;131,759
05 Canarias;01 Alimentos y bebidas no alcohólicas;Índice;2024M01;130,785
05 Canarias;01 Alimentos y bebidas no alcohólicas;Variación mensual;2024M12;-0,6
05 Canarias;01 Alimentos y bebidas no alcohólicas;Variación mensual;2024M11;0,3
05 Canarias;01 Alimentos y bebidas no alcohólicas;Variación mensual;2024M10;0,3
05 Canarias;01 Alimentos y bebidas no alcohólicas;Variación mensual;2024M09;0,1
05 Canarias;01 Alimentos y bebidas no alcohólicas;Variación mensual;2024M08;-0,1
05 Canarias;01 Alimentos y bebidas no alcohólicas;Variación mensual;2024M07;-0,1
05 Canarias;01 Alimentos y bebidas no alcohólicas;Variación mensual;2024M06;0,1
05 Canarias;01 Alimentos y bebidas no alcohólicas;Variación mensual;2024M05;0,0
05 Canarias;01 Alimentos y bebidas no alcohólicas;Variación mensual;2024M04;0,4
05 Canarias;01 Alimentos y bebidas no alcohólicas;Variación mensual;2024M03;-0,1
05 Canarias;01 Alimentos y bebidas no alcohólicas;Variación mensual;2024M02;0,7
05 Canarias;01 Alimentos y bebidas no alcohólicas;Variación mensual;2024M01;0,2
05 Canarias;01 Alimentos y bebidas no alcohólicas;Variación anual;2024M12;1,2
05 Canarias;01 Alimentos y bebidas no alcohólicas;Variación anual;2024M11;1,6
05 Canarias;01 Alimentos y bebidas no alcohólicas;Variación anual;2024M10;1,5
05 Canarias;01 Alimentos y bebidas no alcohólicas;Variación anual;2024M09;1,5
05 Canarias;01 Alimentos y bebidas no alcohólicas;Variación anual;2024M08;3,2
05 Canarias;01 Alimentos y bebidas no alcohólicas;Variación anual;2024M07;3,5
05 Canarias;01 Alimentos y bebidas no alcohólicas;Variación anual;2024M06;4,4
05 Canarias;01 Alimentos y bebidas no alcohólicas;Variación anual;2024M05;5,3
05 Canarias;01 Alimentos y bebidas no alcohólicas;Variación anual;2024M04;5,8
05 Canarias;01 Alimentos y bebidas no alcohólicas;Variación anual;2024M03;5,6
05 Canarias;01 Alimentos y bebidas no alcohólicas;Variación anual;2024M02;6,3
05 Canarias;01 Alimentos y bebidas no alcohólicas;Variación anual;2024M01;8,4
05 Canarias;01 Alimentos y bebidas no alcohólicas;Variación en lo que va de año;2024M12;1,2
05 Canarias;01 Alimentos y bebidas no alcohólicas;Variación en lo que va de año;2024M11;1,8
05 Canarias;01 Alimentos y bebidas no alcohólicas;Variación en lo que va de año;2024M10;1,5
05 Canarias;01 Alimentos y bebidas no alcohólicas;Variación en lo que va de año;2024M09;1,2
05 Canarias;01 Alimentos y bebidas no alcohólicas;Variación en lo que va de año;2024M08;1,1
05 Canarias;01 Alimentos y bebidas no alcohólicas;Variación en lo que va de año;2024M07;1,2
05 Canarias;01 Alimentos y bebidas no alcohólicas;Variación en lo que va de año;2024M06;1,3
05 Canarias;01 Alimentos y bebidas no alcohólicas;Variación en lo que va de año;2024M05;1,2
05 Canarias;01 Alimentos y bebidas no alcohólicas;Variación en lo que va de año;2024M04;1,2
05 Canarias;01 Alimentos y bebidas no alcohólicas;Variación en lo que va de año;2024M03;0,8
05 Canarias;01 Alimentos y bebidas no alcohólicas;Variación en lo que va de año;2024M02;0,9
05 Canarias;01 Alimentos y bebidas no alcohólicas;Variación en lo que va de año;2024M01;0,2
05 Canarias;02 Bebidas alcohólicas y tabaco;Índice;2024M12;113,546
05 Canarias;02 Bebidas alcohólicas y tabaco;Índice;2024M11;113,975
05 Canarias;02 Bebidas alcohólicas y tabaco;Índice;2024M10;113,056
05 Canarias;02 Bebidas alcohólicas y tabaco;Índice;2024M09;113,338
05 Canarias;02 Bebidas alcohólicas y tabaco;Índice;2024M08;113,369
05 Canarias;02 Bebidas alcohólicas y tabaco;Índice;2024M07;113,660
05 Canarias;02 Bebidas alcohólicas y tabaco;Índice;2024M06;113,337
05 Canarias;02 Bebidas alcohólicas y tabaco;Índice;2024M05;112,805
05 Canarias;02 Bebidas alcohólicas y tabaco;Índice;2024M04;113,403
05 Canarias;02 Bebidas alcohólicas y tabaco;Índice;2024M03;112,820
05 Canarias;02 Bebidas alcohólicas y tabaco;Índice;2024M02;112,663
05 Canarias;02 Bebidas alcohólicas y tabaco;Índice;2024M01;109,377
05 Canarias;02 Bebidas alcohólicas y tabaco;Variación mensual;2024M12;-0,4
05 Canarias;02 Bebidas alcohólicas y tabaco;Variación mensual;2024M11;0,8
05 Canarias;02 Bebidas alcohólicas y tabaco;Variación mensual;2024M10;-0,2
05 Canarias;02 Bebidas alcohólicas y tabaco;Variación mensual;2024M09;0,0
05 Canarias;02 Bebidas alcohólicas y tabaco;Variación mensual;2024M08;-0,3
05 Canarias;02 Bebidas alcohólicas y tabaco;Variación mensual;2024M07;0,3
05 Canarias;02 Bebidas alcohólicas y tabaco;Variación mensual;2024M06;0,5
05 Canarias;02 Bebidas alcohólicas y tabaco;Variación mensual;2024M05;-0,5
05 Canarias;02 Bebidas alcohólicas y tabaco;Variación mensual;2024M04;0,5
05 Canarias;02 Bebidas alcohólicas y tabaco;Variación mensual;2024M03;0,1
05 Canarias;02 Bebidas alcohólicas y tabaco;Variación mensual;2024M02;3,0
05 Canarias;02 Bebidas alcohólicas y tabaco;Variación mensual;2024M01;0,3
05 Canarias;02 Bebidas alcohólicas y tabaco;Variación anual;2024M12;4,1
05 Canarias;02 Bebidas alcohólicas y tabaco;Variación anual;2024M11;4,7
05 Canarias;02 Bebidas alcohólicas y tabaco;Variación anual;2024M10;3,6
05 Canarias;02 Bebidas alcohólicas y tabaco;Variación anual;2024M09;3,9
05 Canarias;02 Bebidas alcohólicas y tabaco;Variación anual;2024M08;3,7
05 Canarias;02 Bebidas alcohólicas y tabaco;Variación anual;2024M07;4,0
05 Canarias;02 Bebidas alcohólicas y tabaco;Variación anual;2024M06;3,5
05 Canarias;02 Bebidas alcohólicas y tabaco;Variación anual;2024M05;3,7
05 Canarias;02 Bebidas alcohólicas y tabaco;Variación anual;2024M04;4,0
05 Canarias;02 Bebidas alcohólicas y tabaco;Variación anual;2024M03;5,2
05 Canarias;02 Bebidas alcohólicas y tabaco;Variación anual;2024M02;5,3
05 Canarias;02 Bebidas alcohólicas y tabaco;Variación anual;2024M01;3,4
05 Canarias;02 Bebidas alcohólicas y tabaco;Variación en lo que va de año;2024M12;4,1
05 Canarias;02 Bebidas alcohólicas y tabaco;Variación en lo que va de año;2024M11;4,5
05 Canarias;02 Bebidas alcohólicas y tabaco;Variación en lo que va de año;2024M10;3,7
05 Canarias;02 Bebidas alcohólicas y tabaco;Variación en lo que va de año;2024M09;3,9
05 Canarias;02 Bebidas alcohólicas y tabaco;Variación en lo que va de año;2024M08;4,0
05 Canarias;02 Bebidas alcohólicas y tabaco;Variación en lo que va de año;2024M07;4,2
05 Canarias;02 Bebidas alcohólicas y tabaco;Variación en lo que va de año;2024M06;3,9
05 Canarias;02 Bebidas alcohólicas y tabaco;Variación en lo que va de año;2024M05;3,4
05 Canarias;02 Bebidas alcohólicas y tabaco;Variación en lo que va de año;2024M04;4,0
05 Canarias;02 Bebidas alcohólicas y tabaco;Variación en lo que va de año;2024M03;3,4
05 Canarias;02 Bebidas alcohólicas y tabaco;Variación en lo que va de año;2024M02;3,3
05 Canarias;02 Bebidas alcohólicas y tabaco;Variación en lo que va de año;2024M01;0,3
05 Canarias;03 Vestido y calzado;Índice;2024M12;103,632
05 Canarias;03 Vestido y calzado;Índice;2024M11;106,455
05 Canarias;03 Vestido y calzado;Índice;2024M10;104,631
05 Canarias;03 Vestido y calzado;Índice;2024M09;89,281
05 Canarias;03 Vestido y calzado;Índice;2024M08;88,595
05 Canarias;03 Vestido y calzado;Índice;2024M07;89,612
05 Canarias;03 Vestido y calzado;Índice;2024M06;102,608
05 Canarias;03 Vestido y calzado;Índice;2024M05;104,093
05 Canarias;03 Vestido y calzado;Índice;2024M04;102,674
05 Canarias;03 Vestido y calzado;Índice;2024M03;90,707
05 Canarias;03 Vestido y calzado;Índice;2024M02;90,638
05 Canarias;03 Vestido y calzado;Índice;2024M01;94,204
05 Canarias;03 Vestido y calzado;Variación mensual;2024M12;-2,7
05 Canarias;03 Vestido y calzado;Variación mensual;2024M11;1,7
05 Canarias;03 Vestido y calzado;Variación mensual;2024M10;17,2
05 Canarias;03 Vestido y calzado;Variación mensual;2024M09;0,8
05 Canarias;03 Vestido y calzado;Variación mensual;2024M08;-1,1
05 Canarias;03 Vestido y calzado;Variación mensual;2024M07;-12,7
05 Canarias;03 Vestido y calzado;Variación mensual;2024M06;-1,4
05 Canarias;03 Vestido y calzado;Variación mensual;2024M05;1,4
05 Canarias;03 Vestido y calzado;Variación mensual;2024M04;13,2
05 Canarias;03 Vestido y calzado;Variación mensual;2024M03;0,1
05 Canarias;03 Vestido y calzado;Variación mensual;2024M02;-3,8
05 Canarias;03 Vestido y calzado;Variación mensual;2024M01;-11,2
05 Canarias;03 Vestido y calzado;Variación anual;2024M12;-2,3
05 Canarias;03 Vestido y calzado;Variación anual;2024M11;0,1
05 Canarias;03 Vestido y calzado;Variación anual;2024M10;-1,5
05 Canarias;03 Vestido y calzado;Variación anual;2024M09;-1,4
05 Canarias;03 Vestido y calzado;Variación anual;2024M08;-1,8
05 Canarias;03 Vestido y calzado;Variación anual;2024M07;-1,6
05 Canarias;03 Vestido y calzado;Variación anual;2024M06;-2,2
05 Canarias;03 Vestido y calzado;Variación anual;2024M05;-1,1
05 Canarias;03 Vestido y calzado;Variación anual;2024M04;-1,1
05 Canarias;03 Vestido y calzado;Variación anual;2024M03;-0,4
05 Canarias;03 Vestido y calzado;Variación anual;2024M02;0,4
05 Canarias;03 Vestido y calzado;Variación anual;2024M01;3,8
05 Canarias;03 Vestido y calzado;Variación en lo que va de año;2024M12;-2,3
05 Canarias;03 Vestido y calzado;Variación en lo que va de año;2024M11;0,4
05 Canarias;03 Vestido y calzado;Variación en lo que va de año;2024M10;-1,4
05 Canarias;03 Vestido y calzado;Variación en lo que va de año;2024M09;-15,8
05 Canarias;03 Vestido y calzado;Variación en lo que va de año;2024M08;-16,5
05 Canarias;03 Vestido y calzado;Variación en lo que va de año;2024M07;-15,5
05 Canarias;03 Vestido y calzado;Variación en lo que va de año;2024M06;-3,3
05 Canarias;03 Vestido y calzado;Variación en lo que va de año;2024M05;-1,9
05 Canarias;03 Vestido y calzado;Variación en lo que va de año;2024M04;-3,2
05 Canarias;03 Vestido y calzado;Variación en lo que va de año;2024M03;-14,5
05 Canarias;03 Vestido y calzado;Variación en lo que va de año;2024M02;-14,6
05 Canarias;03 Vestido y calzado;Variación en lo que va de año;2024M01;-11,2
05 Canarias;04 Vivienda, agua, electricidad, gas y otros combustibles;Índice;2024M12;107,998
05 Canarias;04 Vivienda, agua, electricidad, gas y otros combustibles;Índice;2024M11;107,320
05 Canarias;04 Vivienda, agua, electricidad, gas y otros combustibles;Índice;2024M10;105,743
05 Canarias;04 Vivienda, agua, electricidad, gas y otros combustibles;Índice;2024M09;105,441
05 Canarias;04 Vivienda, agua, electricidad, gas y otros combustibles;Índice;2024M08;105,859
05 Canarias;04 Vivienda, agua, electricidad, gas y otros combustibles;Índice;2024M07;105,164
05 Canarias;04 Vivienda, agua, electricidad, gas y otros combustibles;Índice;2024M06;107,046
05 Canarias;04 Vivienda, agua, electricidad, gas y otros combustibles;Índice;2024M05;106,010
05 Canarias;04 Vivienda, agua, electricidad, gas y otros combustibles;Índice;2024M04;105,094
05 Canarias;04 Vivienda, agua, electricidad, gas y otros combustibles;Índice;2024M03;104,976
05 Canarias;04 Vivienda, agua, electricidad, gas y otros combustibles;Índice;2024M02;102,935
05 Canarias;04 Vivienda, agua, electricidad, gas y otros combustibles;Índice;2024M01;104,098
05 Canarias;04 Vivienda, agua, electricidad, gas y otros combustibles;Variación mensual;2024M12;0,6
05 Canarias;04 Vivienda, agua, electricidad, gas y otros combustibles;Variación mensual;2024M11;1,5
05 Canarias;04 Vivienda, agua, electricidad, gas y otros combustibles;Variación mensual;2024M10;0,3
05 Canarias;04 Vivienda, agua, electricidad, gas y otros combustibles;Variación mensual;2024M09;-0,4
05 Canarias;04 Vivienda, agua, electricidad, gas y otros combustibles;Variación mensual;2024M08;0,7
05 Canarias;04 Vivienda, agua, electricidad, gas y otros combustibles;Variación mensual;2024M07;-1,8
05 Canarias;04 Vivienda, agua, electricidad, gas y otros combustibles;Variación mensual;2024M06;1,0
05 Canarias;04 Vivienda, agua, electricidad, gas y otros combustibles;Variación mensual;2024M05;0,9
05 Canarias;04 Vivienda, agua, electricidad, gas y otros combustibles;Variación mensual;2024M04;0,1
05 Canarias;04 Vivienda, agua, electricidad, gas y otros combustibles;Variación mensual;2024M03;2,0
05 Canarias;04 Vivienda, agua, electricidad, gas y otros combustibles;Variación mensual;2024M02;-1,1
05 Canarias;04 Vivienda, agua, electricidad, gas y otros combustibles;Variación mensual;2024M01;2,5
05 Canarias;04 Vivienda, agua, electricidad, gas y otros combustibles;Variación anual;2024M12;6,3
05 Canarias;04 Vivienda, agua, electricidad, gas y otros combustibles;Variación anual;2024M11;6,6
05 Canarias;04 Vivienda, agua, electricidad, gas y otros combustibles;Variación anual;2024M10;3,9
05 Canarias;04 Vivienda, agua, electricidad, gas y otros combustibles;Variación anual;2024M09;3,1
05 Canarias;04 Vivienda, agua, electricidad, gas y otros combustibles;Variación anual;2024M08;3,9
05 Canarias;04 Vivienda, agua, electricidad, gas y otros combustibles;Variación anual;2024M07;3,3
05 Canarias;04 Vivienda, agua, electricidad, gas y otros combustibles;Variación anual;2024M06;5,1
05 Canarias;04 Vivienda, agua, electricidad, gas y otros combustibles;Variación anual;2024M05;4,9
05 Canarias;04 Vivienda, agua, electricidad, gas y otros combustibles;Variación anual;2024M04;3,8
05 Canarias;04 Vivienda, agua, electricidad, gas y otros combustibles;Variación anual;2024M03;3,0
05 Canarias;04 Vivienda, agua, electricidad, gas y otros combustibles;Variación anual;2024M02;-0,8
05 Canarias;04 Vivienda, agua, electricidad, gas y otros combustibles;Variación anual;2024M01;3,3
05 Canarias;04 Vivienda, agua, electricidad, gas y otros combustibles;Variación en lo que va de año;2024M12;6,3
05 Canarias;04 Vivienda, agua, electricidad, gas y otros combustibles;Variación en lo que va de año;2024M11;5,7
05 Canarias;04 Vivienda, agua, electricidad, gas y otros combustibles;Variación en lo que va de año;2024M10;4,1
05 Canarias;04 Vivienda, agua, electricidad, gas y otros combustibles;Variación en lo que va de año;2024M09;3,8
05 Canarias;04 Vivienda, agua, electricidad, gas y otros combustibles;Variación en lo que va de año;2024M08;4,2
05 Canarias;04 Vivienda, agua, electricidad, gas y otros combustibles;Variación en lo que va de año;2024M07;3,5
05 Canarias;04 Vivienda, agua, electricidad, gas y otros combustibles;Variación en lo que va de año;2024M06;5,4
05 Canarias;04 Vivienda, agua, electricidad, gas y otros combustibles;Variación en lo que va de año;2024M05;4,4
05 Canarias;04 Vivienda, agua, electricidad, gas y otros combustibles;Variación en lo que va de año;2024M04;3,5
05 Canarias;04 Vivienda, agua, electricidad, gas y otros combustibles;Variación en lo que va de año;2024M03;3,4
05 Canarias;04 Vivienda, agua, electricidad, gas y otros combustibles;Variación en lo que va de año;2024M02;1,3
05 Canarias;04 Vivienda, agua, electricidad, gas y otros combustibles;Variación en lo que va de año;2024M01;2,5
05 Canarias;05 Muebles, artículos del hogar y artículos para el mantenimiento corriente del hogar;Índice;2024M12;111,725
05 Canarias;05 Muebles, artículos del hogar y artículos para el mantenimiento corriente del hogar;Índice;2024M11;111,862
05 Canarias;05 Muebles, artículos del hogar y artículos para el mantenimiento corriente del hogar;Índice;2024M10;111,203
05 Canarias;05 Muebles, artículos del hogar y artículos para el mantenimiento corriente del hogar;Índice;2024M09;110,847
05 Canarias;05 Muebles, artículos del hogar y artículos para el mantenimiento corriente del hogar;Índice;2024M08;110,763
05 Canarias;05 Muebles, artículos del hogar y artículos para el mantenimiento corriente del hogar;Índice;2024M07;110,811
05 Canarias;05 Muebles, artículos del hogar y artículos para el mantenimiento corriente del hogar;Índice;2024M06;111,761
05 Canarias;05 Muebles, artículos del hogar y artículos para el mantenimiento corriente del hogar;Índice;2024M05;111,815
05 Canarias;05 Muebles, artículos del hogar y artículos para el mantenimiento corriente del hogar;Índice;2024M04;112,021
05 Canarias;05 Muebles, artículos del hogar y artículos para el mantenimiento corriente del hogar;Índice;2024M03;111,719
05 Canarias;05 Muebles, artículos del hogar y artículos para el mantenimiento corriente del hogar;Índice;2024M02;111,234
05 Canarias;05 Muebles, artículos del hogar y artículos para el mantenimiento corriente del hogar;Índice;2024M01;111,126
05 Canarias;05 Muebles, artículos del hogar y artículos para el mantenimiento corriente del hogar;Variación mensual;2024M12;-0,1
05 Canarias;05 Muebles, artículos del hogar y artículos para el mantenimiento corriente del hogar;Variación mensual;2024M11;0,6
05 Canarias;05 Muebles, artículos del hogar y artículos para el mantenimiento corriente del hogar;Variación mensual;2024M10;0,3
05 Canarias;05 Muebles, artículos del hogar y artículos para el mantenimiento corriente del hogar;Variación mensual;2024M09;0,1
05 Canarias;05 Muebles, artículos del hogar y artículos para el mantenimiento corriente del hogar;Variación mensual;2024M08;0,0
05 Canarias;05 Muebles, artículos del hogar y artículos para el mantenimiento corriente del hogar;Variación mensual;2024M07;-0,9
05 Canarias;05 Muebles, artículos del hogar y artículos para el mantenimiento corriente del hogar;Variación mensual;2024M06;0,0
05 Canarias;05 Muebles, artículos del hogar y artículos para el mantenimiento corriente del hogar;Variación mensual;2024M05;-0,2
05 Canarias;05 Muebles, artículos del hogar y artículos para el mantenimiento corriente del hogar;Variación mensual;2024M04;0,3
05 Canarias;05 Muebles, artículos del hogar y artículos para el mantenimiento corriente del hogar;Variación mensual;2024M03;0,4
05 Canarias;05 Muebles, artículos del hogar y artículos para el mantenimiento corriente del hogar;Variación mensual;2024M02;0,1
05 Canarias;05 Muebles, artículos del hogar y artículos para el mantenimiento corriente del hogar;Variación mensual;2024M01;-0,6
05 Canarias;05 Muebles, artículos del hogar y artículos para el mantenimiento corriente del hogar;Variación anual;2024M12;0,0
05 Canarias;05 Muebles, artículos del hogar y artículos para el mantenimiento corriente del hogar;Variación anual;2024M11;-0,1
05 Canarias;05 Muebles, artículos del hogar y artículos para el mantenimiento corriente del hogar;Variación anual;2024M10;-0,5
05 Canarias;05 Muebles, artículos del hogar y artículos para el mantenimiento corriente del hogar;Variación anual;2024M09;0,0
05 Canarias;05 Muebles, artículos del hogar y artículos para el mantenimiento corriente del hogar;Variación anual;2024M08;-0,1
05 Canarias;05 Muebles, artículos del hogar y artículos para el mantenimiento corriente del hogar;Variación anual;2024M07;0,2
05 Canarias;05 Muebles, artículos del hogar y artículos para el mantenimiento corriente del hogar;Variación anual;2024M06;-0,5
05 Canarias;05 Muebles, artículos del hogar y artículos para el mantenimiento corriente del hogar;Variación anual;2024M05;0,0
05 Canarias;05 Muebles, artículos del hogar y artículos para el mantenimiento corriente del hogar;Variación anual;2024M04;0,2
05 Canarias;05 Muebles, artículos del hogar y artículos para el mantenimiento corriente del hogar;Variación anual;2024M03;0,7
05 Canarias;05 Muebles, artículos del hogar y artículos para el mantenimiento corriente del hogar;Variación anual;2024M02;0,9
05 Canarias;05 Muebles, artículos del hogar y artículos para el mantenimiento corriente del hogar;Variación anual;2024M01;1,4
05 Canarias;05 Muebles, artículos del hogar y artículos para el mantenimiento corriente del hogar;Variación en lo que va de año;2024M12;0,0
05 Canarias;05 Muebles, artículos del hogar y artículos para el mantenimiento corriente del hogar;Variación en lo que va de año;2024M11;0,1
05 Canarias;05 Muebles, artículos del hogar y artículos para el mantenimiento corriente del hogar;Variación en lo que va de año;2024M10;-0,5
05 Canarias;05 Muebles, artículos del hogar y artículos para el mantenimiento corriente del hogar;Variación en lo que va de año;2024M09;-0,8
05 Canarias;05 Muebles, artículos del hogar y artículos para el mantenimiento corriente del hogar;Variación en lo que va de año;2024M08;-0,9
05 Canarias;05 Muebles, artículos del hogar y artículos para el mantenimiento corriente del hogar;Variación en lo que va de año;2024M07;-0,8
05 Canarias;05 Muebles, artículos del hogar y artículos para el mantenimiento corriente del hogar;Variación en lo que va de año;2024M06;0,0
05 Canarias;05 Muebles, artículos del hogar y artículos para el mantenimiento corriente del hogar;Variación en lo que va de año;2024M05;0,1
05 Canarias;05 Muebles, artículos del hogar y artículos para el mantenimiento corriente del hogar;Variación en lo que va de año;2024M04;0,2
05 Canarias;05 Muebles, artículos del hogar y artículos para el mantenimiento corriente del hogar;Variación en lo que va de año;2024M03;0,0
05 Canarias;05 Muebles, artículos del hogar y artículos para el mantenimiento corriente del hogar;Variación en lo que va de año;2024M02;-0,5
05 Canarias;05 Muebles, artículos del hogar y artículos para el mantenimiento corriente del hogar;Variación en lo que va de año;2024M01;-0,6
05 Canarias;06 Sanidad;Índice;2024M12;105,475
05 Canarias;06 Sanidad;Índice;2024M11;105,786
05 Canarias;06 Sanidad;Índice;2024M10;105,608
05 Canarias;06 Sanidad;Índice;2024M09;105,728
05 Canarias;06 Sanidad;Índice;2024M08;105,325
05 Canarias;06 Sanidad;Índice;2024M07;105,602
05 Canarias;06 Sanidad;Índice;2024M06;105,471
05 Canarias;06 Sanidad;Índice;2024M05;105,620
05 Canarias;06 Sanidad;Índice;2024M04;105,280
05 Canarias;06 Sanidad;Índice;2024M03;104,852
05 Canarias;06 Sanidad;Índice;2024M02;104,804
05 Canarias;06 Sanidad;Índice;2024M01;104,645
05 Canarias;06 Sanidad;Variación mensual;2024M12;-0,3
05 Canarias;06 Sanidad;Variación mensual;2024M11;0,2
05 Canarias;06 Sanidad;Variación mensual;2024M10;-0,1
05 Canarias;06 Sanidad;Variación mensual;2024M09;0,4
05 Canarias;06 Sanidad;Variación mensual;2024M08;-0,3
05 Canarias;06 Sanidad;Variación mensual;2024M07;0,1
05 Canarias;06 Sanidad;Variación mensual;2024M06;-0,1
05 Canarias;06 Sanidad;Variación mensual;2024M05;0,3
05 Canarias;06 Sanidad;Variación mensual;2024M04;0,4
05 Canarias;06 Sanidad;Variación mensual;2024M03;0,0
05 Canarias;06 Sanidad;Variación mensual;2024M02;0,2
05 Canarias;06 Sanidad;Variación mensual;2024M01;0,3
05 Canarias;06 Sanidad;Variación anual;2024M12;1,1
05 Canarias;06 Sanidad;Variación anual;2024M11;1,7
05 Canarias;06 Sanidad;Variación anual;2024M10;1,9
05 Canarias;06 Sanidad;Variación anual;2024M09;2,0
05 Canarias;06 Sanidad;Variación anual;2024M08;1,7
05 Canarias;06 Sanidad;Variación anual;2024M07;2,1
05 Canarias;06 Sanidad;Variación anual;2024M06;1,8
05 Canarias;06 Sanidad;Variación anual;2024M05;2,0
05 Canarias;06 Sanidad;Variación anual;2024M04;2,1
05 Canarias;06 Sanidad;Variación anual;2024M03;2,0
05 Canarias;06 Sanidad;Variación anual;2024M02;2,7
05 Canarias;06 Sanidad;Variación anual;2024M01;3,1
05 Canarias;06 Sanidad;Variación en lo que va de año;2024M12;1,1
05 Canarias;06 Sanidad;Variación en lo que va de año;2024M11;1,4
05 Canarias;06 Sanidad;Variación en lo que va de año;2024M10;1,2
05 Canarias;06 Sanidad;Variación en lo que va de año;2024M09;1,3
05 Canarias;06 Sanidad;Variación en lo que va de año;2024M08;0,9
05 Canarias;06 Sanidad;Variación en lo que va de año;2024M07;1,2
05 Canarias;06 Sanidad;Variación en lo que va de año;2024M06;1,1
05 Canarias;06 Sanidad;Variación en lo que va de año;2024M05;1,2
05 Canarias;06 Sanidad;Variación en lo que va de año;2024M04;0,9
05 Canarias;06 Sanidad;Variación en lo que va de año;2024M03;0,5
05 Canarias;06 Sanidad;Variación en lo que va de año;2024M02;0,4
05 Canarias;06 Sanidad;Variación en lo que va de año;2024M01;0,3
05 Canarias;07 Transporte;Índice;2024M12;114,112
05 Canarias;07 Transporte;Índice;2024M11;114,101
05 Canarias;07 Transporte;Índice;2024M10;113,181
05 Canarias;07 Transporte;Índice;2024M09;113,222
05 Canarias;07 Transporte;Índice;2024M08;115,494
05 Canarias;07 Transporte;Índice;2024M07;115,641
05 Canarias;07 Transporte;Índice;2024M06;115,081
05 Canarias;07 Transporte;Índice;2024M05;115,212
05 Canarias;07 Transporte;Índice;2024M04;114,999
05 Canarias;07 Transporte;Índice;2024M03;114,393
05 Canarias;07 Transporte;Índice;2024M02;113,757
05 Canarias;07 Transporte;Índice;2024M01;112,335
05 Canarias;07 Transporte;Variación mensual;2024M12;0,0
05 Canarias;07 Transporte;Variación mensual;2024M11;0,8
05 Canarias;07 Transporte;Variación mensual;2024M10;0,0
05 Canarias;07 Transporte;Variación mensual;2024M09;-2,0
05 Canarias;07 Transporte;Variación mensual;2024M08;-0,1
05 Canarias;07 Transporte;Variación mensual;2024M07;0,5
05 Canarias;07 Transporte;Variación mensual;2024M06;-0,1
05 Canarias;07 Transporte;Variación mensual;2024M05;0,2
05 Canarias;07 Transporte;Variación mensual;2024M04;0,5
05 Canarias;07 Transporte;Variación mensual;2024M03;0,6
05 Canarias;07 Transporte;Variación mensual;2024M02;1,3
05 Canarias;07 Transporte;Variación mensual;2024M01;-0,6
05 Canarias;07 Transporte;Variación anual;2024M12;1,0
05 Canarias;07 Transporte;Variación anual;2024M11;-0,2
05 Canarias;07 Transporte;Variación anual;2024M10;-1,8
05 Canarias;07 Transporte;Variación anual;2024M09;-1,6
05 Canarias;07 Transporte;Variación anual;2024M08;1,0
05 Canarias;07 Transporte;Variación anual;2024M07;3,1
05 Canarias;07 Transporte;Variación anual;2024M06;2,3
05 Canarias;07 Transporte;Variación anual;2024M05;2,5
05 Canarias;07 Transporte;Variación anual;2024M04;1,6
05 Canarias;07 Transporte;Variación anual;2024M03;2,2
05 Canarias;07 Transporte;Variación anual;2024M02;1,5
05 Canarias;07 Transporte;Variación anual;2024M01;0,4
05 Canarias;07 Transporte;Variación en lo que va de año;2024M12;1,0
05 Canarias;07 Transporte;Variación en lo que va de año;2024M11;1,0
05 Canarias;07 Transporte;Variación en lo que va de año;2024M10;0,2
05 Canarias;07 Transporte;Variación en lo que va de año;2024M09;0,2
05 Canarias;07 Transporte;Variación en lo que va de año;2024M08;2,2
05 Canarias;07 Transporte;Variación en lo que va de año;2024M07;2,3
05 Canarias;07 Transporte;Variación en lo que va de año;2024M06;1,8
05 Canarias;07 Transporte;Variación en lo que va de año;2024M05;2,0
05 Canarias;07 Transporte;Variación en lo que va de año;2024M04;1,8
05 Canarias;07 Transporte;Variación en lo que va de año;2024M03;1,2
05 Canarias;07 Transporte;Variación en lo que va de año;2024M02;0,7
05 Canarias;07 Transporte;Variación en lo que va de año;2024M01;-0,6
05 Canarias;08 Comunicaciones;Índice;2024M12;100,736
05 Canarias;08 Comunicaciones;Índice;2024M11;100,753
05 Canarias;08 Comunicaciones;Índice;2024M10;100,755
05 Canarias;08 Comunicaciones;Índice;2024M09;101,721
05 Canarias;08 Comunicaciones;Índice;2024M08;101,811
05 Canarias;08 Comunicaciones;Índice;2024M07;101,897
05 Canarias;08 Comunicaciones;Índice;2024M06;102,375
05 Canarias;08 Comunicaciones;Índice;2024M05;102,352
05 Canarias;08 Comunicaciones;Índice;2024M04;102,451
05 Canarias;08 Comunicaciones;Índice;2024M03;102,345
05 Canarias;08 Comunicaciones;Índice;2024M02;102,438
05 Canarias;08 Comunicaciones;Índice;2024M01;102,518
05 Canarias;08 Comunicaciones;Variación mensual;2024M12;0,0
05 Canarias;08 Comunicaciones;Variación mensual;2024M11;0,0
05 Canarias;08 Comunicaciones;Variación mensual;2024M10;-1,0
05 Canarias;08 Comunicaciones;Variación mensual;2024M09;-0,1
05 Canarias;08 Comunicaciones;Variación mensual;2024M08;-0,1
05 Canarias;08 Comunicaciones;Variación mensual;2024M07;-0,5
05 Canarias;08 Comunicaciones;Variación mensual;2024M06;0,0
05 Canarias;08 Comunicaciones;Variación mensual;2024M05;-0,1
05 Canarias;08 Comunicaciones;Variación mensual;2024M04;0,1
05 Canarias;08 Comunicaciones;Variación mensual;2024M03;-0,1
05 Canarias;08 Comunicaciones;Variación mensual;2024M02;-0,1
05 Canarias;08 Comunicaciones;Variación mensual;2024M01;1,9
05 Canarias;08 Comunicaciones;Variación anual;2024M12;0,1
05 Canarias;08 Comunicaciones;Variación anual;2024M11;0,0
05 Canarias;08 Comunicaciones;Variación anual;2024M10;-0,1
05 Canarias;08 Comunicaciones;Variación anual;2024M09;-0,2
05 Canarias;08 Comunicaciones;Variación anual;2024M08;-0,3
05 Canarias;08 Comunicaciones;Variación anual;2024M07;-0,2
05 Canarias;08 Comunicaciones;Variación anual;2024M06;0,1
05 Canarias;08 Comunicaciones;Variación anual;2024M05;-0,2
05 Canarias;08 Comunicaciones;Variación anual;2024M04;-0,1
05 Canarias;08 Comunicaciones;Variación anual;2024M03;0,4
05 Canarias;08 Comunicaciones;Variación anual;2024M02;0,4
05 Canarias;08 Comunicaciones;Variación anual;2024M01;0,5
05 Canarias;08 Comunicaciones;Variación en lo que va de año;2024M12;0,1
05 Canarias;08 Comunicaciones;Variación en lo que va de año;2024M11;0,2
05 Canarias;08 Comunicaciones;Variación en lo que va de año;2024M10;0,2
05 Canarias;08 Comunicaciones;Variación en lo que va de año;2024M09;1,1
05 Canarias;08 Comunicaciones;Variación en lo que va de año;2024M08;1,2
05 Canarias;08 Comunicaciones;Variación en lo que va de año;2024M07;1,3
05 Canarias;08 Comunicaciones;Variación en lo que va de año;2024M06;1,8
05 Canarias;08 Comunicaciones;Variación en lo que va de año;2024M05;1,7
05 Canarias;08 Comunicaciones;Variación en lo que va de año;2024M04;1,8
05 Canarias;08 Comunicaciones;Variación en lo que va de año;2024M03;1,7
05 Canarias;08 Comunicaciones;Variación en lo que va de año;2024M02;1,8
05 Canarias;08 Comunicaciones;Variación en lo que va de año;2024M01;1,9
05 Canarias;09 Ocio y cultura;Índice;2024M12;109,928
05 Canarias;09 Ocio y cultura;Índice;2024M11;106,692
05 Canarias;09 Ocio y cultura;Índice;2024M10;108,513
05 Canarias;09 Ocio y cultura;Índice;2024M09;109,231
05 Canarias;09 Ocio y cultura;Índice;2024M08;112,668
05 Canarias;09 Ocio y cultura;Índice;2024M07;111,370
05 Canarias;09 Ocio y cultura;Índice;2024M06;109,950
05 Canarias;09 Ocio y cultura;Índice;2024M05;108,561
05 Canarias;09 Ocio y cultura;Índice;2024M04;108,355
05 Canarias;09 Ocio y cultura;Índice;2024M03;108,455
05 Canarias;09 Ocio y cultura;Índice;2024M02;107,194
05 Canarias;09 Ocio y cultura;Índice;2024M01;106,866
05 Canarias;09 Ocio y cultura;Variación mensual;2024M12;3,0
05 Canarias;09 Ocio y cultura;Variación mensual;2024M11;-1,7
05 Canarias;09 Ocio y cultura;Variación mensual;2024M10;-0,7
05 Canarias;09 Ocio y cultura;Variación mensual;2024M09;-3,1
05 Canarias;09 Ocio y cultura;Variación mensual;2024M08;1,2
05 Canarias;09 Ocio y cultura;Variación mensual;2024M07;1,3
05 Canarias;09 Ocio y cultura;Variación mensual;2024M06;1,3
05 Canarias;09 Ocio y cultura;Variación mensual;2024M05;0,2
05 Canarias;09 Ocio y cultura;Variación mensual;2024M04;-0,1
05 Canarias;09 Ocio y cultura;Variación mensual;2024M03;1,2
05 Canarias;09 Ocio y cultura;Variación mensual;2024M02;0,3
05 Canarias;09 Ocio y cultura;Variación mensual;2024M01;-1,0
05 Canarias;09 Ocio y cultura;Variación anual;2024M12;1,9
05 Canarias;09 Ocio y cultura;Variación anual;2024M11;0,9
05 Canarias;09 Ocio y cultura;Variación anual;2024M10;1,2
05 Canarias;09 Ocio y cultura;Variación anual;2024M09;1,2
05 Canarias;09 Ocio y cultura;Variación anual;2024M08;1,6
05 Canarias;09 Ocio y cultura;Variación anual;2024M07;1,0
05 Canarias;09 Ocio y cultura;Variación anual;2024M06;1,9
05 Canarias;09 Ocio y cultura;Variación anual;2024M05;2,4
05 Canarias;09 Ocio y cultura;Variación anual;2024M04;2,0
05 Canarias;09 Ocio y cultura;Variación anual;2024M03;2,3
05 Canarias;09 Ocio y cultura;Variación anual;2024M02;2,0
05 Canarias;09 Ocio y cultura;Variación anual;2024M01;3,1
05 Canarias;09 Ocio y cultura;Variación en lo que va de año;2024M12;1,9
05 Canarias;09 Ocio y cultura;Variación en lo que va de año;2024M11;-1,1
05 Canarias;09 Ocio y cultura;Variación en lo que va de año;2024M10;0,6
05 Canarias;09 Ocio y cultura;Variación en lo que va de año;2024M09;1,2
05 Canarias;09 Ocio y cultura;Variación en lo que va de año;2024M08;4,4
05 Canarias;09 Ocio y cultura;Variación en lo que va de año;2024M07;3,2
05 Canarias;09 Ocio y cultura;Variación en lo que va de año;2024M06;1,9
05 Canarias;09 Ocio y cultura;Variación en lo que va de año;2024M05;0,6
05 Canarias;09 Ocio y cultura;Variación en lo que va de año;2024M04;0,4
05 Canarias;09 Ocio y cultura;Variación en lo que va de año;2024M03;0,5
05 Canarias;09 Ocio y cultura;Variación en lo que va de año;2024M02;-0,7
05 Canarias;09 Ocio y cultura;Variación en lo que va de año;2024M01;-1,0
05 Canarias;10 Enseñanza;Índice;2024M12;109,622
05 Canarias;10 Enseñanza;Índice;2024M11;109,622
05 Canarias;10 Enseñanza;Índice;2024M10;109,583
05 Canarias;10 Enseñanza;Índice;2024M09;108,045
05 Canarias;10 Enseñanza;Índice;2024M08;107,375
05 Canarias;10 Enseñanza;Índice;2024M07;107,375
05 Canarias;10 Enseñanza;Índice;2024M06;107,336
05 Canarias;10 Enseñanza;Índice;2024M05;107,242
05 Canarias;10 Enseñanza;Índice;2024M04;107,242
05 Canarias;10 Enseñanza;Índice;2024M03;107,242
05 Canarias;10 Enseñanza;Índice;2024M02;107,242
05 Canarias;10 Enseñanza;Índice;2024M01;107,215
05 Canarias;10 Enseñanza;Variación mensual;2024M12;0,0
05 Canarias;10 Enseñanza;Variación mensual;2024M11;0,0
05 Canarias;10 Enseñanza;Variación mensual;2024M10;1,4
05 Canarias;10 Enseñanza;Variación mensual;2024M09;0,6
05 Canarias;10 Enseñanza;Variación mensual;2024M08;0,0
05 Canarias;10 Enseñanza;Variación mensual;2024M07;0,0
05 Canarias;10 Enseñanza;Variación mensual;2024M06;0,1
05 Canarias;10 Enseñanza;Variación mensual;2024M05;0,0
05 Canarias;10 Enseñanza;Variación mensual;2024M04;0,0
05 Canarias;10 Enseñanza;Variación mensual;2024M03;0,0
05 Canarias;10 Enseñanza;Variación mensual;2024M02;0,0
05 Canarias;10 Enseñanza;Variación mensual;2024M01;0,1
05 Canarias;10 Enseñanza;Variación anual;2024M12;2,3
05 Canarias;10 Enseñanza;Variación anual;2024M11;2,3
05 Canarias;10 Enseñanza;Variación anual;2024M10;2,3
05 Canarias;10 Enseñanza;Variación anual;2024M09;2,7
05 Canarias;10 Enseñanza;Variación anual;2024M08;3,2
05 Canarias;10 Enseñanza;Variación anual;2024M07;3,2
05 Canarias;10 Enseñanza;Variación anual;2024M06;3,2
05 Canarias;10 Enseñanza;Variación anual;2024M05;3,1
05 Canarias;10 Enseñanza;Variación anual;2024M04;3,1
05 Canarias;10 Enseñanza;Variación anual;2024M03;3,1
05 Canarias;10 Enseñanza;Variación anual;2024M02;3,5
05 Canarias;10 Enseñanza;Variación anual;2024M01;3,7
05 Canarias;10 Enseñanza;Variación en lo que va de año;2024M12;2,3
05 Canarias;10 Enseñanza;Variación en lo que va de año;2024M11;2,3
05 Canarias;10 Enseñanza;Variación en lo que va de año;2024M10;2,3
05 Canarias;10 Enseñanza;Variación en lo que va de año;2024M09;0,8
05 Canarias;10 Enseñanza;Variación en lo que va de año;2024M08;0,2
05 Canarias;10 Enseñanza;Variación en lo que va de año;2024M07;0,2
05 Canarias;10 Enseñanza;Variación en lo que va de año;2024M06;0,2
05 Canarias;10 Enseñanza;Variación en lo que va de año;2024M05;0,1
05 Canarias;10 Enseñanza;Variación en lo que va de año;2024M04;0,1
05 Canarias;10 Enseñanza;Variación en lo que va de año;2024M03;0,1
05 Canarias;10 Enseñanza;Variación en lo que va de año;2024M02;0,1
05 Canarias;10 Enseñanza;Variación en lo que va de año;2024M01;0,1
05 Canarias;11 Restaurantes y hoteles;Índice;2024M12;122,475
05 Canarias;11 Restaurantes y hoteles;Índice;2024M11;122,047
05 Canarias;11 Restaurantes y hoteles;Índice;2024M10;121,496
05 Canarias;11 Restaurantes y hoteles;Índice;2024M09;121,182
05 Canarias;11 Restaurantes y hoteles;Índice;2024M08;121,673
05 Canarias;11 Restaurantes y hoteles;Índice;2024M07;121,030
05 Canarias;11 Restaurantes y hoteles;Índice;2024M06;120,509
05 Canarias;11 Restaurantes y hoteles;Índice;2024M05;119,787
05 Canarias;11 Restaurantes y hoteles;Índice;2024M04;120,085
05 Canarias;11 Restaurantes y hoteles;Índice;2024M03;120,426
05 Canarias;11 Restaurantes y hoteles;Índice;2024M02;119,724
05 Canarias;11 Restaurantes y hoteles;Índice;2024M01;118,965
05 Canarias;11 Restaurantes y hoteles;Variación mensual;2024M12;0,4
05 Canarias;11 Restaurantes y hoteles;Variación mensual;2024M11;0,5
05 Canarias;11 Restaurantes y hoteles;Variación mensual;2024M10;0,3
05 Canarias;11 Restaurantes y hoteles;Variación mensual;2024M09;-0,4
05 Canarias;11 Restaurantes y hoteles;Variación mensual;2024M08;0,5
05 Canarias;11 Restaurantes y hoteles;Variación mensual;2024M07;0,4
05 Canarias;11 Restaurantes y hoteles;Variación mensual;2024M06;0,6
05 Canarias;11 Restaurantes y hoteles;Variación mensual;2024M05;-0,2
05 Canarias;11 Restaurantes y hoteles;Variación mensual;2024M04;-0,3
05 Canarias;11 Restaurantes y hoteles;Variación mensual;2024M03;0,6
05 Canarias;11 Restaurantes y hoteles;Variación mensual;2024M02;0,6
05 Canarias;11 Restaurantes y hoteles;Variación mensual;2024M01;1,1
05 Canarias;11 Restaurantes y hoteles;Variación anual;2024M12;4,1
05 Canarias;11 Restaurantes y hoteles;Variación anual;2024M11;4,2
05 Canarias;11 Restaurantes y hoteles;Variación anual;2024M10;4,5
05 Canarias;11 Restaurantes y hoteles;Variación anual;2024M09;4,6
05 Canarias;11 Restaurantes y hoteles;Variación anual;2024M08;4,8
05 Canarias;11 Restaurantes y hoteles;Variación anual;2024M07;5,1
05 Canarias;11 Restaurantes y hoteles;Variación anual;2024M06;5,5
05 Canarias;11 Restaurantes y hoteles;Variación anual;2024M05;5,5
05 Canarias;11 Restaurantes y hoteles;Variación anual;2024M04;5,6
05 Canarias;11 Restaurantes y hoteles;Variación anual;2024M03;6,4
05 Canarias;11 Restaurantes y hoteles;Variación anual;2024M02;6,4
05 Canarias;11 Restaurantes y hoteles;Variación anual;2024M01;6,4
05 Canarias;11 Restaurantes y hoteles;Variación en lo que va de año;2024M12;4,1
05 Canarias;11 Restaurantes y hoteles;Variación en lo que va de año;2024M11;3,7
05 Canarias;11 Restaurantes y hoteles;Variación en lo que va de año;2024M10;3,3
05 Canarias;11 Restaurantes y hoteles;Variación en lo que va de año;2024M09;3,0
05 Canarias;11 Restaurantes y hoteles;Variación en lo que va de año;2024M08;3,4
05 Canarias;11 Restaurantes y hoteles;Variación en lo que va de año;2024M07;2,9
05 Canarias;11 Restaurantes y hoteles;Variación en lo que va de año;2024M06;2,4
05 Canarias;11 Restaurantes y hoteles;Variación en lo que va de año;2024M05;1,8
05 Canarias;11 Restaurantes y hoteles;Variación en lo que va de año;2024M04;2,1
05 Canarias;11 Restaurantes y hoteles;Variación en lo que va de año;2024M03;2,4
05 Canarias;11 Restaurantes y hoteles;Variación en lo que va de año;2024M02;1,8
05 Canarias;11 Restaurantes y hoteles;Variación en lo que va de año;2024M01;1,1
05 Canarias;12 Otros bienes y servicios;Índice;2024M12;112,806
05 Canarias;12 Otros bienes y servicios;Índice;2024M11;112,889
05 Canarias;12 Otros bienes y servicios;Índice;2024M10;112,186
05 Canarias;12 Otros bienes y servicios;Índice;2024M09;111,949
05 Canarias;12 Otros bienes y servicios;Índice;2024M08;112,152
05 Canarias;12 Otros bienes y servicios;Índice;2024M07;112,009
05 Canarias;12 Otros bienes y servicios;Índice;2024M06;112,136
05 Canarias;12 Otros bienes y servicios;Índice;2024M05;111,438
05 Canarias;12 Otros bienes y servicios;Índice;2024M04;111,566
05 Canarias;12 Otros bienes y servicios;Índice;2024M03;111,048
05 Canarias;12 Otros bienes y servicios;Índice;2024M02;110,569
05 Canarias;12 Otros bienes y servicios;Índice;2024M01;110,199
05 Canarias;12 Otros bienes y servicios;Variación mensual;2024M12;-0,1
05 Canarias;12 Otros bienes y servicios;Variación mensual;2024M11;0,6
05 Canarias;12 Otros bienes y servicios;Variación mensual;2024M10;0,2
05 Canarias;12 Otros bienes y servicios;Variación mensual;2024M09;-0,2
05 Canarias;12 Otros bienes y servicios;Variación mensual;2024M08;0,1
05 Canarias;12 Otros bienes y servicios;Variación mensual;2024M07;-0,1
05 Canarias;12 Otros bienes y servicios;Variación mensual;2024M06;0,6
05 Canarias;12 Otros bienes y servicios;Variación mensual;2024M05;-0,1
05 Canarias;12 Otros bienes y servicios;Variación mensual;2024M04;0,5
05 Canarias;12 Otros bienes y servicios;Variación mensual;2024M03;0,4
05 Canarias;12 Otros bienes y servicios;Variación mensual;2024M02;0,3
05 Canarias;12 Otros bienes y servicios;Variación mensual;2024M01;0,8
05 Canarias;12 Otros bienes y servicios;Variación anual;2024M12;3,2
05 Canarias;12 Otros bienes y servicios;Variación anual;2024M11;3,2
05 Canarias;12 Otros bienes y servicios;Variación anual;2024M10;2,7
05 Canarias;12 Otros bienes y servicios;Variación anual;2024M09;2,7
05 Canarias;12 Otros bienes y servicios;Variación anual;2024M08;2,8
05 Canarias;12 Otros bienes y servicios;Variación anual;2024M07;2,8
05 Canarias;12 Otros bienes y servicios;Variación anual;2024M06;3,0
05 Canarias;12 Otros bienes y servicios;Variación anual;2024M05;2,5
05 Canarias;12 Otros bienes y servicios;Variación anual;2024M04;2,9
05 Canarias;12 Otros bienes y servicios;Variación anual;2024M03;2,8
05 Canarias;12 Otros bienes y servicios;Variación anual;2024M02;2,5
05 Canarias;12 Otros bienes y servicios;Variación anual;2024M01;2,4
05 Canarias;12 Otros bienes y servicios;Variación en lo que va de año;2024M12;3,2
05 Canarias;12 Otros bienes y servicios;Variación en lo que va de año;2024M11;3,3
05 Canarias;12 Otros bienes y servicios;Variación en lo que va de año;2024M10;2,6
05 Canarias;12 Otros bienes y servicios;Variación en lo que va de año;2024M09;2,4
05 Canarias;12 Otros bienes y servicios;Variación en lo que va de año;2024M08;2,6
05 Canarias;12 Otros bienes y servicios;Variación en lo que va de año;2024M07;2,5
05 Canarias;12 Otros bienes y servicios;Variación en lo que va de año;2024M06;2,6
05 Canarias;12 Otros bienes y servicios;Variación en lo que va de año;2024M05;2,0
05 Canarias;12 Otros bienes y servicios;Variación en lo que va de año;2024M04;2,1
05 Canarias;12 Otros bienes y servicios;Variación en lo que va de año;2024M03;1,6
05 Canarias;12 Otros bienes y servicios;Variación en lo que va de año;2024M02;1,2
05 Canarias;12 Otros bienes y servicios;Variación en lo que va de año;2024M01;0,8
06 Cantabria;01 Alimentos y bebidas no alcohólicas;Índice;2024M12;129,910
06 Cantabria;01 Alimentos y bebidas no alcohólicas;Índice;2024M11;129,324
06 Cantabria;01 Alimentos y bebidas no alcohólicas;Índice;2024M10;129,710
06 Cantabria;01 Alimentos y bebidas no alcohólicas;Índice;2024M09;127,236
06 Cantabria;01 Alimentos y bebidas no alcohólicas;Índice;2024M08;128,602
06 Cantabria;01 Alimentos y bebidas no alcohólicas;Índice;2024M07;128,493
06 Cantabria;01 Alimentos y bebidas no alcohólicas;Índice;2024M06;129,403
06 Cantabria;01 Alimentos y bebidas no alcohólicas;Índice;2024M05;129,418
06 Cantabria;01 Alimentos y bebidas no alcohólicas;Índice;2024M04;129,286
06 Cantabria;01 Alimentos y bebidas no alcohólicas;Índice;2024M03;127,706
06 Cantabria;01 Alimentos y bebidas no alcohólicas;Índice;2024M02;128,081
06 Cantabria;01 Alimentos y bebidas no alcohólicas;Índice;2024M01;128,435
06 Cantabria;01 Alimentos y bebidas no alcohólicas;Variación mensual;2024M12;0,5
06 Cantabria;01 Alimentos y bebidas no alcohólicas;Variación mensual;2024M11;-0,3
06 Cantabria;01 Alimentos y bebidas no alcohólicas;Variación mensual;2024M10;1,9
06 Cantabria;01 Alimentos y bebidas no alcohólicas;Variación mensual;2024M09;-1,1
06 Cantabria;01 Alimentos y bebidas no alcohólicas;Variación mensual;2024M08;0,1
06 Cantabria;01 Alimentos y bebidas no alcohólicas;Variación mensual;2024M07;-0,7
06 Cantabria;01 Alimentos y bebidas no alcohólicas;Variación mensual;2024M06;0,0
06 Cantabria;01 Alimentos y bebidas no alcohólicas;Variación mensual;2024M05;0,1
06 Cantabria;01 Alimentos y bebidas no alcohólicas;Variación mensual;2024M04;1,2
06 Cantabria;01 Alimentos y bebidas no alcohólicas;Variación mensual;2024M03;-0,3
06 Cantabria;01 Alimentos y bebidas no alcohólicas;Variación mensual;2024M02;-0,3
06 Cantabria;01 Alimentos y bebidas no alcohólicas;Variación mensual;2024M01;0,8
06 Cantabria;01 Alimentos y bebidas no alcohólicas;Variación anual;2024M12;2,0
06 Cantabria;01 Alimentos y bebidas no alcohólicas;Variación anual;2024M11;1,1
06 Cantabria;01 Alimentos y bebidas no alcohólicas;Variación anual;2024M10;1,1
06 Cantabria;01 Alimentos y bebidas no alcohólicas;Variación anual;2024M09;0,3
06 Cantabria;01 Alimentos y bebidas no alcohólicas;Variación anual;2024M08;1,8
06 Cantabria;01 Alimentos y bebidas no alcohólicas;Variación anual;2024M07;1,9
06 Cantabria;01 Alimentos y bebidas no alcohólicas;Variación anual;2024M06;3,6
06 Cantabria;01 Alimentos y bebidas no alcohólicas;Variación anual;2024M05;4,0
06 Cantabria;01 Alimentos y bebidas no alcohólicas;Variación anual;2024M04;4,5
06 Cantabria;01 Alimentos y bebidas no alcohólicas;Variación anual;2024M03;3,7
06 Cantabria;01 Alimentos y bebidas no alcohólicas;Variación anual;2024M02;5,4
06 Cantabria;01 Alimentos y bebidas no alcohólicas;Variación anual;2024M01;7,6
06 Cantabria;01 Alimentos y bebidas no alcohólicas;Variación en lo que va de año;2024M12;2,0
06 Cantabria;01 Alimentos y bebidas no alcohólicas;Variación en lo que va de año;2024M11;1,5
06 Cantabria;01 Alimentos y bebidas no alcohólicas;Variación en lo que va de año;2024M10;1,8
06 Cantabria;01 Alimentos y bebidas no alcohólicas;Variación en lo que va de año;2024M09;-0,1
06 Cantabria;01 Alimentos y bebidas no alcohólicas;Variación en lo que va de año;2024M08;0,9
06 Cantabria;01 Alimentos y bebidas no alcohólicas;Variación en lo que va de año;2024M07;0,8
06 Cantabria;01 Alimentos y bebidas no alcohólicas;Variación en lo que va de año;2024M06;1,6
06 Cantabria;01 Alimentos y bebidas no alcohólicas;Variación en lo que va de año;2024M05;1,6
06 Cantabria;01 Alimentos y bebidas no alcohólicas;Variación en lo que va de año;2024M04;1,5
06 Cantabria;01 Alimentos y bebidas no alcohólicas;Variación en lo que va de año;2024M03;0,2
06 Cantabria;01 Alimentos y bebidas no alcohólicas;Variación en lo que va de año;2024M02;0,5
06 Cantabria;01 Alimentos y bebidas no alcohólicas;Variación en lo que va de año;2024M01;0,8
06 Cantabria;02 Bebidas alcohólicas y tabaco;Índice;2024M12;118,502
06 Cantabria;02 Bebidas alcohólicas y tabaco;Índice;2024M11;118,396
06 Cantabria;02 Bebidas alcohólicas y tabaco;Índice;2024M10;117,747
06 Cantabria;02 Bebidas alcohólicas y tabaco;Índice;2024M09;117,264
06 Cantabria;02 Bebidas alcohólicas y tabaco;Índice;2024M08;116,941
06 Cantabria;02 Bebidas alcohólicas y tabaco;Índice;2024M07;117,321
06 Cantabria;02 Bebidas alcohólicas y tabaco;Índice;2024M06;116,638
06 Cantabria;02 Bebidas alcohólicas y tabaco;Índice;2024M05;117,832
06 Cantabria;02 Bebidas alcohólicas y tabaco;Índice;2024M04;117,030
06 Cantabria;02 Bebidas alcohólicas y tabaco;Índice;2024M03;117,342
06 Cantabria;02 Bebidas alcohólicas y tabaco;Índice;2024M02;116,790
06 Cantabria;02 Bebidas alcohólicas y tabaco;Índice;2024M01;115,012
06 Cantabria;02 Bebidas alcohólicas y tabaco;Variación mensual;2024M12;0,1
06 Cantabria;02 Bebidas alcohólicas y tabaco;Variación mensual;2024M11;0,6
06 Cantabria;02 Bebidas alcohólicas y tabaco;Variación mensual;2024M10;0,4
06 Cantabria;02 Bebidas alcohólicas y tabaco;Variación mensual;2024M09;0,3
06 Cantabria;02 Bebidas alcohólicas y tabaco;Variación mensual;2024M08;-0,3
06 Cantabria;02 Bebidas alcohólicas y tabaco;Variación mensual;2024M07;0,6
06 Cantabria;02 Bebidas alcohólicas y tabaco;Variación mensual;2024M06;-1,0
06 Cantabria;02 Bebidas alcohólicas y tabaco;Variación mensual;2024M05;0,7
06 Cantabria;02 Bebidas alcohólicas y tabaco;Variación mensual;2024M04;-0,3
06 Cantabria;02 Bebidas alcohólicas y tabaco;Variación mensual;2024M03;0,5
06 Cantabria;02 Bebidas alcohólicas y tabaco;Variación mensual;2024M02;1,5
06 Cantabria;02 Bebidas alcohólicas y tabaco;Variación mensual;2024M01;3,1
06 Cantabria;02 Bebidas alcohólicas y tabaco;Variación anual;2024M12;6,2
06 Cantabria;02 Bebidas alcohólicas y tabaco;Variación anual;2024M11;4,9
06 Cantabria;02 Bebidas alcohólicas y tabaco;Variación anual;2024M10;3,8
06 Cantabria;02 Bebidas alcohólicas y tabaco;Variación anual;2024M09;3,6
06 Cantabria;02 Bebidas alcohólicas y tabaco;Variación anual;2024M08;4,2
06 Cantabria;02 Bebidas alcohólicas y tabaco;Variación anual;2024M07;4,7
06 Cantabria;02 Bebidas alcohólicas y tabaco;Variación anual;2024M06;3,6
06 Cantabria;02 Bebidas alcohólicas y tabaco;Variación anual;2024M05;4,4
06 Cantabria;02 Bebidas alcohólicas y tabaco;Variación anual;2024M04;3,7
06 Cantabria;02 Bebidas alcohólicas y tabaco;Variación anual;2024M03;4,3
06 Cantabria;02 Bebidas alcohólicas y tabaco;Variación anual;2024M02;4,3
06 Cantabria;02 Bebidas alcohólicas y tabaco;Variación anual;2024M01;4,1
06 Cantabria;02 Bebidas alcohólicas y tabaco;Variación en lo que va de año;2024M12;6,2
06 Cantabria;02 Bebidas alcohólicas y tabaco;Variación en lo que va de año;2024M11;6,1
06 Cantabria;02 Bebidas alcohólicas y tabaco;Variación en lo que va de año;2024M10;5,5
06 Cantabria;02 Bebidas alcohólicas y tabaco;Variación en lo que va de año;2024M09;5,1
06 Cantabria;02 Bebidas alcohólicas y tabaco;Variación en lo que va de año;2024M08;4,8
06 Cantabria;02 Bebidas alcohólicas y tabaco;Variación en lo que va de año;2024M07;5,1
06 Cantabria;02 Bebidas alcohólicas y tabaco;Variación en lo que va de año;2024M06;4,5
06 Cantabria;02 Bebidas alcohólicas y tabaco;Variación en lo que va de año;2024M05;5,6
06 Cantabria;02 Bebidas alcohólicas y tabaco;Variación en lo que va de año;2024M04;4,9
06 Cantabria;02 Bebidas alcohólicas y tabaco;Variación en lo que va de año;2024M03;5,2
06 Cantabria;02 Bebidas alcohólicas y tabaco;Variación en lo que va de año;2024M02;4,7
06 Cantabria;02 Bebidas alcohólicas y tabaco;Variación en lo que va de año;2024M01;3,1
06 Cantabria;03 Vestido y calzado;Índice;2024M12;113,523
06 Cantabria;03 Vestido y calzado;Índice;2024M11;114,604
06 Cantabria;03 Vestido y calzado;Índice;2024M10;106,857
06 Cantabria;03 Vestido y calzado;Índice;2024M09;100,026
06 Cantabria;03 Vestido y calzado;Índice;2024M08;97,514
06 Cantabria;03 Vestido y calzado;Índice;2024M07;98,798
06 Cantabria;03 Vestido y calzado;Índice;2024M06;106,946
06 Cantabria;03 Vestido y calzado;Índice;2024M05;110,216
06 Cantabria;03 Vestido y calzado;Índice;2024M04;103,821
06 Cantabria;03 Vestido y calzado;Índice;2024M03;98,032
06 Cantabria;03 Vestido y calzado;Índice;2024M02;97,063
06 Cantabria;03 Vestido y calzado;Índice;2024M01;100,479
06 Cantabria;03 Vestido y calzado;Variación mensual;2024M12;-0,9
06 Cantabria;03 Vestido y calzado;Variación mensual;2024M11;7,2
06 Cantabria;03 Vestido y calzado;Variación mensual;2024M10;6,8
06 Cantabria;03 Vestido y calzado;Variación mensual;2024M09;2,6
06 Cantabria;03 Vestido y calzado;Variación mensual;2024M08;-1,3
06 Cantabria;03 Vestido y calzado;Variación mensual;2024M07;-7,6
06 Cantabria;03 Vestido y calzado;Variación mensual;2024M06;-3,0
06 Cantabria;03 Vestido y calzado;Variación mensual;2024M05;6,2
06 Cantabria;03 Vestido y calzado;Variación mensual;2024M04;5,9
06 Cantabria;03 Vestido y calzado;Variación mensual;2024M03;1,0
06 Cantabria;03 Vestido y calzado;Variación mensual;2024M02;-3,4
06 Cantabria;03 Vestido y calzado;Variación mensual;2024M01;-10,2
06 Cantabria;03 Vestido y calzado;Variación anual;2024M12;1,5
06 Cantabria;03 Vestido y calzado;Variación anual;2024M11;-0,1
06 Cantabria;03 Vestido y calzado;Variación anual;2024M10;0,3
06 Cantabria;03 Vestido y calzado;Variación anual;2024M09;1,6
06 Cantabria;03 Vestido y calzado;Variación anual;2024M08;2,5
06 Cantabria;03 Vestido y calzado;Variación anual;2024M07;2,7
06 Cantabria;03 Vestido y calzado;Variación anual;2024M06;-0,4
06 Cantabria;03 Vestido y calzado;Variación anual;2024M05;1,1
06 Cantabria;03 Vestido y calzado;Variación anual;2024M04;-0,9
06 Cantabria;03 Vestido y calzado;Variación anual;2024M03;-2,7
06 Cantabria;03 Vestido y calzado;Variación anual;2024M02;2,9
06 Cantabria;03 Vestido y calzado;Variación anual;2024M01;2,8
06 Cantabria;03 Vestido y calzado;Variación en lo que va de año;2024M12;1,5
06 Cantabria;03 Vestido y calzado;Variación en lo que va de año;2024M11;2,4
06 Cantabria;03 Vestido y calzado;Variación en lo que va de año;2024M10;-4,5
06 Cantabria;03 Vestido y calzado;Variación en lo que va de año;2024M09;-10,6
06 Cantabria;03 Vestido y calzado;Variación en lo que va de año;2024M08;-12,8
06 Cantabria;03 Vestido y calzado;Variación en lo que va de año;2024M07;-11,7
06 Cantabria;03 Vestido y calzado;Variación en lo que va de año;2024M06;-4,4
06 Cantabria;03 Vestido y calzado;Variación en lo que va de año;2024M05;-1,5
06 Cantabria;03 Vestido y calzado;Variación en lo que va de año;2024M04;-7,2
06 Cantabria;03 Vestido y calzado;Variación en lo que va de año;2024M03;-12,4
06 Cantabria;03 Vestido y calzado;Variación en lo que va de año;2024M02;-13,2
06 Cantabria;03 Vestido y calzado;Variación en lo que va de año;2024M01;-10,2
06 Cantabria;04 Vivienda, agua, electricidad, gas y otros combustibles;Índice;2024M12;109,083
06 Cantabria;04 Vivienda, agua, electricidad, gas y otros combustibles;Índice;2024M11;108,420
06 Cantabria;04 Vivienda, agua, electricidad, gas y otros combustibles;Índice;2024M10;106,670
06 Cantabria;04 Vivienda, agua, electricidad, gas y otros combustibles;Índice;2024M09;106,329
06 Cantabria;04 Vivienda, agua, electricidad, gas y otros combustibles;Índice;2024M08;107,042
06 Cantabria;04 Vivienda, agua, electricidad, gas y otros combustibles;Índice;2024M07;106,454
06 Cantabria;04 Vivienda, agua, electricidad, gas y otros combustibles;Índice;2024M06;108,513
06 Cantabria;04 Vivienda, agua, electricidad, gas y otros combustibles;Índice;2024M05;107,772
06 Cantabria;04 Vivienda, agua, electricidad, gas y otros combustibles;Índice;2024M04;106,912
06 Cantabria;04 Vivienda, agua, electricidad, gas y otros combustibles;Índice;2024M03;106,337
06 Cantabria;04 Vivienda, agua, electricidad, gas y otros combustibles;Índice;2024M02;104,360
06 Cantabria;04 Vivienda, agua, electricidad, gas y otros combustibles;Índice;2024M01;105,736
06 Cantabria;04 Vivienda, agua, electricidad, gas y otros combustibles;Variación mensual;2024M12;0,6
06 Cantabria;04 Vivienda, agua, electricidad, gas y otros combustibles;Variación mensual;2024M11;1,6
06 Cantabria;04 Vivienda, agua, electricidad, gas y otros combustibles;Variación mensual;2024M10;0,3
06 Cantabria;04 Vivienda, agua, electricidad, gas y otros combustibles;Variación mensual;2024M09;-0,7
06 Cantabria;04 Vivienda, agua, electricidad, gas y otros combustibles;Variación mensual;2024M08;0,6
06 Cantabria;04 Vivienda, agua, electricidad, gas y otros combustibles;Variación mensual;2024M07;-1,9
06 Cantabria;04 Vivienda, agua, electricidad, gas y otros combustibles;Variación mensual;2024M06;0,7
06 Cantabria;04 Vivienda, agua, electricidad, gas y otros combustibles;Variación mensual;2024M05;0,8
06 Cantabria;04 Vivienda, agua, electricidad, gas y otros combustibles;Variación mensual;2024M04;0,5
06 Cantabria;04 Vivienda, agua, electricidad, gas y otros combustibles;Variación mensual;2024M03;1,9
06 Cantabria;04 Vivienda, agua, electricidad, gas y otros combustibles;Variación mensual;2024M02;-1,3
06 Cantabria;04 Vivienda, agua, electricidad, gas y otros combustibles;Variación mensual;2024M01;3,7
06 Cantabria;04 Vivienda, agua, electricidad, gas y otros combustibles;Variación anual;2024M12;6,9
06 Cantabria;04 Vivienda, agua, electricidad, gas y otros combustibles;Variación anual;2024M11;6,9
06 Cantabria;04 Vivienda, agua, electricidad, gas y otros combustibles;Variación anual;2024M10;3,8
06 Cantabria;04 Vivienda, agua, electricidad, gas y otros combustibles;Variación anual;2024M09;2,6
06 Cantabria;04 Vivienda, agua, electricidad, gas y otros combustibles;Variación anual;2024M08;3,7
06 Cantabria;04 Vivienda, agua, electricidad, gas y otros combustibles;Variación anual;2024M07;3,1
06 Cantabria;04 Vivienda, agua, electricidad, gas y otros combustibles;Variación anual;2024M06;5,2
06 Cantabria;04 Vivienda, agua, electricidad, gas y otros combustibles;Variación anual;2024M05;5,1
06 Cantabria;04 Vivienda, agua, electricidad, gas y otros combustibles;Variación anual;2024M04;3,9
06 Cantabria;04 Vivienda, agua, electricidad, gas y otros combustibles;Variación anual;2024M03;1,6
06 Cantabria;04 Vivienda, agua, electricidad, gas y otros combustibles;Variación anual;2024M02;-2,4
06 Cantabria;04 Vivienda, agua, electricidad, gas y otros combustibles;Variación anual;2024M01;1,9
06 Cantabria;04 Vivienda, agua, electricidad, gas y otros combustibles;Variación en lo que va de año;2024M12;6,9
06 Cantabria;04 Vivienda, agua, electricidad, gas y otros combustibles;Variación en lo que va de año;2024M11;6,3
06 Cantabria;04 Vivienda, agua, electricidad, gas y otros combustibles;Variación en lo que va de año;2024M10;4,6
06 Cantabria;04 Vivienda, agua, electricidad, gas y otros combustibles;Variación en lo que va de año;2024M09;4,2
06 Cantabria;04 Vivienda, agua, electricidad, gas y otros combustibles;Variación en lo que va de año;2024M08;4,9
06 Cantabria;04 Vivienda, agua, electricidad, gas y otros combustibles;Variación en lo que va de año;2024M07;4,4
06 Cantabria;04 Vivienda, agua, electricidad, gas y otros combustibles;Variación en lo que va de año;2024M06;6,4
06 Cantabria;04 Vivienda, agua, electricidad, gas y otros combustibles;Variación en lo que va de año;2024M05;5,7
06 Cantabria;04 Vivienda, agua, electricidad, gas y otros combustibles;Variación en lo que va de año;2024M04;4,8
06 Cantabria;04 Vivienda, agua, electricidad, gas y otros combustibles;Variación en lo que va de año;2024M03;4,3
06 Cantabria;04 Vivienda, agua, electricidad, gas y otros combustibles;Variación en lo que va de año;2024M02;2,3
06 Cantabria;04 Vivienda, agua, electricidad, gas y otros combustibles;Variación en lo que va de año;2024M01;3,7
06 Cantabria;05 Muebles, artículos del hogar y artículos para el mantenimiento corriente del hogar;Índice;2024M12;110,604
06 Cantabria;05 Muebles, artículos del hogar y artículos para el mantenimiento corriente del hogar;Índice;2024M11;110,522
06 Cantabria;05 Muebles, artículos del hogar y artículos para el mantenimiento corriente del hogar;Índice;2024M10;109,889
06 Cantabria;05 Muebles, artículos del hogar y artículos para el mantenimiento corriente del hogar;Índice;2024M09;109,563
06 Cantabria;05 Muebles, artículos del hogar y artículos para el mantenimiento corriente del hogar;Índice;2024M08;109,458
06 Cantabria;05 Muebles, artículos del hogar y artículos para el mantenimiento corriente del hogar;Índice;2024M07;109,717
06 Cantabria;05 Muebles, artículos del hogar y artículos para el mantenimiento corriente del hogar;Índice;2024M06;111,145
06 Cantabria;05 Muebles, artículos del hogar y artículos para el mantenimiento corriente del hogar;Índice;2024M05;111,201
06 Cantabria;05 Muebles, artículos del hogar y artículos para el mantenimiento corriente del hogar;Índice;2024M04;110,714
06 Cantabria;05 Muebles, artículos del hogar y artículos para el mantenimiento corriente del hogar;Índice;2024M03;110,573
06 Cantabria;05 Muebles, artículos del hogar y artículos para el mantenimiento corriente del hogar;Índice;2024M02;110,170
06 Cantabria;05 Muebles, artículos del hogar y artículos para el mantenimiento corriente del hogar;Índice;2024M01;109,964
06 Cantabria;05 Muebles, artículos del hogar y artículos para el mantenimiento corriente del hogar;Variación mensual;2024M12;0,1
06 Cantabria;05 Muebles, artículos del hogar y artículos para el mantenimiento corriente del hogar;Variación mensual;2024M11;0,6
06 Cantabria;05 Muebles, artículos del hogar y artículos para el mantenimiento corriente del hogar;Variación mensual;2024M10;0,3
06 Cantabria;05 Muebles, artículos del hogar y artículos para el mantenimiento corriente del hogar;Variación mensual;2024M09;0,1
06 Cantabria;05 Muebles, artículos del hogar y artículos para el mantenimiento corriente del hogar;Variación mensual;2024M08;-0,2
06 Cantabria;05 Muebles, artículos del hogar y artículos para el mantenimiento corriente del hogar;Variación mensual;2024M07;-1,3
06 Cantabria;05 Muebles, artículos del hogar y artículos para el mantenimiento corriente del hogar;Variación mensual;2024M06;-0,1
06 Cantabria;05 Muebles, artículos del hogar y artículos para el mantenimiento corriente del hogar;Variación mensual;2024M05;0,4
06 Cantabria;05 Muebles, artículos del hogar y artículos para el mantenimiento corriente del hogar;Variación mensual;2024M04;0,1
06 Cantabria;05 Muebles, artículos del hogar y artículos para el mantenimiento corriente del hogar;Variación mensual;2024M03;0,4
06 Cantabria;05 Muebles, artículos del hogar y artículos para el mantenimiento corriente del hogar;Variación mensual;2024M02;0,2
06 Cantabria;05 Muebles, artículos del hogar y artículos para el mantenimiento corriente del hogar;Variación mensual;2024M01;-0,6
06 Cantabria;05 Muebles, artículos del hogar y artículos para el mantenimiento corriente del hogar;Variación anual;2024M12;0,0
06 Cantabria;05 Muebles, artículos del hogar y artículos para el mantenimiento corriente del hogar;Variación anual;2024M11;0,0
06 Cantabria;05 Muebles, artículos del hogar y artículos para el mantenimiento corriente del hogar;Variación anual;2024M10;0,1
06 Cantabria;05 Muebles, artículos del hogar y artículos para el mantenimiento corriente del hogar;Variación anual;2024M09;-0,3
06 Cantabria;05 Muebles, artículos del hogar y artículos para el mantenimiento corriente del hogar;Variación anual;2024M08;0,1
06 Cantabria;05 Muebles, artículos del hogar y artículos para el mantenimiento corriente del hogar;Variación anual;2024M07;-0,1
06 Cantabria;05 Muebles, artículos del hogar y artículos para el mantenimiento corriente del hogar;Variación anual;2024M06;0,0
06 Cantabria;05 Muebles, artículos del hogar y artículos para el mantenimiento corriente del hogar;Variación anual;2024M05;0,4
06 Cantabria;05 Muebles, artículos del hogar y artículos para el mantenimiento corriente del hogar;Variación anual;2024M04;0,5
06 Cantabria;05 Muebles, artículos del hogar y artículos para el mantenimiento corriente del hogar;Variación anual;2024M03;1,6
06 Cantabria;05 Muebles, artículos del hogar y artículos para el mantenimiento corriente del hogar;Variación anual;2024M02;1,3
06 Cantabria;05 Muebles, artículos del hogar y artículos para el mantenimiento corriente del hogar;Variación anual;2024M01;2,5
06 Cantabria;05 Muebles, artículos del hogar y artículos para el mantenimiento corriente del hogar;Variación en lo que va de año;2024M12;0,0
06 Cantabria;05 Muebles, artículos del hogar y artículos para el mantenimiento corriente del hogar;Variación en lo que va de año;2024M11;-0,1
06 Cantabria;05 Muebles, artículos del hogar y artículos para el mantenimiento corriente del hogar;Variación en lo que va de año;2024M10;-0,6
06 Cantabria;05 Muebles, artículos del hogar y artículos para el mantenimiento corriente del hogar;Variación en lo que va de año;2024M09;-0,9
06 Cantabria;05 Muebles, artículos del hogar y artículos para el mantenimiento corriente del hogar;Variación en lo que va de año;2024M08;-1,0
06 Cantabria;05 Muebles, artículos del hogar y artículos para el mantenimiento corriente del hogar;Variación en lo que va de año;2024M07;-0,8
06 Cantabria;05 Muebles, artículos del hogar y artículos para el mantenimiento corriente del hogar;Variación en lo que va de año;2024M06;0,5
06 Cantabria;05 Muebles, artículos del hogar y artículos para el mantenimiento corriente del hogar;Variación en lo que va de año;2024M05;0,5
06 Cantabria;05 Muebles, artículos del hogar y artículos para el mantenimiento corriente del hogar;Variación en lo que va de año;2024M04;0,1
06 Cantabria;05 Muebles, artículos del hogar y artículos para el mantenimiento corriente del hogar;Variación en lo que va de año;2024M03;0,0
06 Cantabria;05 Muebles, artículos del hogar y artículos para el mantenimiento corriente del hogar;Variación en lo que va de año;2024M02;-0,4
06 Cantabria;05 Muebles, artículos del hogar y artículos para el mantenimiento corriente del hogar;Variación en lo que va de año;2024M01;-0,6
06 Cantabria;06 Sanidad;Índice;2024M12;105,321
06 Cantabria;06 Sanidad;Índice;2024M11;105,442
06 Cantabria;06 Sanidad;Índice;2024M10;105,152
06 Cantabria;06 Sanidad;Índice;2024M09;105,267
06 Cantabria;06 Sanidad;Índice;2024M08;105,260
06 Cantabria;06 Sanidad;Índice;2024M07;105,337
06 Cantabria;06 Sanidad;Índice;2024M06;104,849
06 Cantabria;06 Sanidad;Índice;2024M05;104,787
06 Cantabria;06 Sanidad;Índice;2024M04;104,623
06 Cantabria;06 Sanidad;Índice;2024M03;104,334
06 Cantabria;06 Sanidad;Índice;2024M02;103,872
06 Cantabria;06 Sanidad;Índice;2024M01;102,898
06 Cantabria;06 Sanidad;Variación mensual;2024M12;-0,1
06 Cantabria;06 Sanidad;Variación mensual;2024M11;0,3
06 Cantabria;06 Sanidad;Variación mensual;2024M10;-0,1
06 Cantabria;06 Sanidad;Variación mensual;2024M09;0,0
06 Cantabria;06 Sanidad;Variación mensual;2024M08;-0,1
06 Cantabria;06 Sanidad;Variación mensual;2024M07;0,5
06 Cantabria;06 Sanidad;Variación mensual;2024M06;0,1
06 Cantabria;06 Sanidad;Variación mensual;2024M05;0,2
06 Cantabria;06 Sanidad;Variación mensual;2024M04;0,3
06 Cantabria;06 Sanidad;Variación mensual;2024M03;0,4
06 Cantabria;06 Sanidad;Variación mensual;2024M02;0,9
06 Cantabria;06 Sanidad;Variación mensual;2024M01;0,2
06 Cantabria;06 Sanidad;Variación anual;2024M12;2,5
06 Cantabria;06 Sanidad;Variación anual;2024M11;2,7
06 Cantabria;06 Sanidad;Variación anual;2024M10;2,4
06 Cantabria;06 Sanidad;Variación anual;2024M09;2,6
06 Cantabria;06 Sanidad;Variación anual;2024M08;2,6
06 Cantabria;06 Sanidad;Variación anual;2024M07;2,8
06 Cantabria;06 Sanidad;Variación anual;2024M06;2,4
06 Cantabria;06 Sanidad;Variación anual;2024M05;2,5
06 Cantabria;06 Sanidad;Variación anual;2024M04;2,5
06 Cantabria;06 Sanidad;Variación anual;2024M03;2,7
06 Cantabria;06 Sanidad;Variación anual;2024M02;2,3
06 Cantabria;06 Sanidad;Variación anual;2024M01;1,8
06 Cantabria;06 Sanidad;Variación en lo que va de año;2024M12;2,5
06 Cantabria;06 Sanidad;Variación en lo que va de año;2024M11;2,6
06 Cantabria;06 Sanidad;Variación en lo que va de año;2024M10;2,4
06 Cantabria;06 Sanidad;Variación en lo que va de año;2024M09;2,5
06 Cantabria;06 Sanidad;Variación en lo que va de año;2024M08;2,5
06 Cantabria;06 Sanidad;Variación en lo que va de año;2024M07;2,5
06 Cantabria;06 Sanidad;Variación en lo que va de año;2024M06;2,1
06 Cantabria;06 Sanidad;Variación en lo que va de año;2024M05;2,0
06 Cantabria;06 Sanidad;Variación en lo que va de año;2024M04;1,8
06 Cantabria;06 Sanidad;Variación en lo que va de año;2024M03;1,6
06 Cantabria;06 Sanidad;Variación en lo que va de año;2024M02;1,1
06 Cantabria;06 Sanidad;Variación en lo que va de año;2024M01;0,2
06 Cantabria;07 Transporte;Índice;2024M12;110,918
06 Cantabria;07 Transporte;Índice;2024M11;110,409
06 Cantabria;07 Transporte;Índice;2024M10;109,826
06 Cantabria;07 Transporte;Índice;2024M09;109,889
06 Cantabria;07 Transporte;Índice;2024M08;111,843
06 Cantabria;07 Transporte;Índice;2024M07;112,323
06 Cantabria;07 Transporte;Índice;2024M06;112,021
06 Cantabria;07 Transporte;Índice;2024M05;112,960
06 Cantabria;07 Transporte;Índice;2024M04;114,237
06 Cantabria;07 Transporte;Índice;2024M03;113,145
06 Cantabria;07 Transporte;Índice;2024M02;112,548
06 Cantabria;07 Transporte;Índice;2024M01;110,999
06 Cantabria;07 Transporte;Variación mensual;2024M12;0,5
06 Cantabria;07 Transporte;Variación mensual;2024M11;0,5
06 Cantabria;07 Transporte;Variación mensual;2024M10;-0,1
06 Cantabria;07 Transporte;Variación mensual;2024M09;-1,7
06 Cantabria;07 Transporte;Variación mensual;2024M08;-0,4
06 Cantabria;07 Transporte;Variación mensual;2024M07;0,3
06 Cantabria;07 Transporte;Variación mensual;2024M06;-0,8
06 Cantabria;07 Transporte;Variación mensual;2024M05;-1,1
06 Cantabria;07 Transporte;Variación mensual;2024M04;1,0
06 Cantabria;07 Transporte;Variación mensual;2024M03;0,5
06 Cantabria;07 Transporte;Variación mensual;2024M02;1,4
06 Cantabria;07 Transporte;Variación mensual;2024M01;0,3
06 Cantabria;07 Transporte;Variación anual;2024M12;0,2
06 Cantabria;07 Transporte;Variación anual;2024M11;-1,6
06 Cantabria;07 Transporte;Variación anual;2024M10;-4,0
06 Cantabria;07 Transporte;Variación anual;2024M09;-5,0
06 Cantabria;07 Transporte;Variación anual;2024M08;-2,0
06 Cantabria;07 Transporte;Variación anual;2024M07;1,6
06 Cantabria;07 Transporte;Variación anual;2024M06;2,2
06 Cantabria;07 Transporte;Variación anual;2024M05;3,7
06 Cantabria;07 Transporte;Variación anual;2024M04;3,2
06 Cantabria;07 Transporte;Variación anual;2024M03;2,9
06 Cantabria;07 Transporte;Variación anual;2024M02;2,0
06 Cantabria;07 Transporte;Variación anual;2024M01;-0,3
06 Cantabria;07 Transporte;Variación en lo que va de año;2024M12;0,2
06 Cantabria;07 Transporte;Variación en lo que va de año;2024M11;-0,2
06 Cantabria;07 Transporte;Variación en lo que va de año;2024M10;-0,8
06 Cantabria;07 Transporte;Variación en lo que va de año;2024M09;-0,7
06 Cantabria;07 Transporte;Variación en lo que va de año;2024M08;1,1
06 Cantabria;07 Transporte;Variación en lo que va de año;2024M07;1,5
06 Cantabria;07 Transporte;Variación en lo que va de año;2024M06;1,2
06 Cantabria;07 Transporte;Variación en lo que va de año;2024M05;2,1
06 Cantabria;07 Transporte;Variación en lo que va de año;2024M04;3,2
06 Cantabria;07 Transporte;Variación en lo que va de año;2024M03;2,2
06 Cantabria;07 Transporte;Variación en lo que va de año;2024M02;1,7
06 Cantabria;07 Transporte;Variación en lo que va de año;2024M01;0,3
06 Cantabria;08 Comunicaciones;Índice;2024M12;101,637
06 Cantabria;08 Comunicaciones;Índice;2024M11;101,649
06 Cantabria;08 Comunicaciones;Índice;2024M10;101,650
06 Cantabria;08 Comunicaciones;Índice;2024M09;102,605
06 Cantabria;08 Comunicaciones;Índice;2024M08;102,667
06 Cantabria;08 Comunicaciones;Índice;2024M07;102,726
06 Cantabria;08 Comunicaciones;Índice;2024M06;103,150
06 Cantabria;08 Comunicaciones;Índice;2024M05;103,134
06 Cantabria;08 Comunicaciones;Índice;2024M04;103,202
06 Cantabria;08 Comunicaciones;Índice;2024M03;103,061
06 Cantabria;08 Comunicaciones;Índice;2024M02;103,125
06 Cantabria;08 Comunicaciones;Índice;2024M01;103,181
06 Cantabria;08 Comunicaciones;Variación mensual;2024M12;0,0
06 Cantabria;08 Comunicaciones;Variación mensual;2024M11;0,0
06 Cantabria;08 Comunicaciones;Variación mensual;2024M10;-0,9
06 Cantabria;08 Comunicaciones;Variación mensual;2024M09;-0,1
06 Cantabria;08 Comunicaciones;Variación mensual;2024M08;-0,1
06 Cantabria;08 Comunicaciones;Variación mensual;2024M07;-0,4
06 Cantabria;08 Comunicaciones;Variación mensual;2024M06;0,0
06 Cantabria;08 Comunicaciones;Variación mensual;2024M05;-0,1
06 Cantabria;08 Comunicaciones;Variación mensual;2024M04;0,1
06 Cantabria;08 Comunicaciones;Variación mensual;2024M03;-0,1
06 Cantabria;08 Comunicaciones;Variación mensual;2024M02;-0,1
06 Cantabria;08 Comunicaciones;Variación mensual;2024M01;2,0
06 Cantabria;08 Comunicaciones;Variación anual;2024M12;0,5
06 Cantabria;08 Comunicaciones;Variación anual;2024M11;0,4
06 Cantabria;08 Comunicaciones;Variación anual;2024M10;0,3
06 Cantabria;08 Comunicaciones;Variación anual;2024M09;0,1
06 Cantabria;08 Comunicaciones;Variación anual;2024M08;0,1
06 Cantabria;08 Comunicaciones;Variación anual;2024M07;0,2
06 Cantabria;08 Comunicaciones;Variación anual;2024M06;0,4
06 Cantabria;08 Comunicaciones;Variación anual;2024M05;0,2
06 Cantabria;08 Comunicaciones;Variación anual;2024M04;0,2
06 Cantabria;08 Comunicaciones;Variación anual;2024M03;0,7
06 Cantabria;08 Comunicaciones;Variación anual;2024M02;0,7
06 Cantabria;08 Comunicaciones;Variación anual;2024M01;0,8
06 Cantabria;08 Comunicaciones;Variación en lo que va de año;2024M12;0,5
06 Cantabria;08 Comunicaciones;Variación en lo que va de año;2024M11;0,5
06 Cantabria;08 Comunicaciones;Variación en lo que va de año;2024M10;0,5
06 Cantabria;08 Comunicaciones;Variación en lo que va de año;2024M09;1,4
06 Cantabria;08 Comunicaciones;Variación en lo que va de año;2024M08;1,5
06 Cantabria;08 Comunicaciones;Variación en lo que va de año;2024M07;1,5
06 Cantabria;08 Comunicaciones;Variación en lo que va de año;2024M06;2,0
06 Cantabria;08 Comunicaciones;Variación en lo que va de año;2024M05;1,9
06 Cantabria;08 Comunicaciones;Variación en lo que va de año;2024M04;2,0
06 Cantabria;08 Comunicaciones;Variación en lo que va de año;2024M03;1,9
06 Cantabria;08 Comunicaciones;Variación en lo que va de año;2024M02;1,9
06 Cantabria;08 Comunicaciones;Variación en lo que va de año;2024M01;2,0
06 Cantabria;09 Ocio y cultura;Índice;2024M12;113,411
06 Cantabria;09 Ocio y cultura;Índice;2024M11;109,594
06 Cantabria;09 Ocio y cultura;Índice;2024M10;111,035
06 Cantabria;09 Ocio y cultura;Índice;2024M09;111,683
06 Cantabria;09 Ocio y cultura;Índice;2024M08;115,601
06 Cantabria;09 Ocio y cultura;Índice;2024M07;113,937
06 Cantabria;09 Ocio y cultura;Índice;2024M06;111,950
06 Cantabria;09 Ocio y cultura;Índice;2024M05;109,538
06 Cantabria;09 Ocio y cultura;Índice;2024M04;109,144
06 Cantabria;09 Ocio y cultura;Índice;2024M03;109,423
06 Cantabria;09 Ocio y cultura;Índice;2024M02;107,435
06 Cantabria;09 Ocio y cultura;Índice;2024M01;106,407
06 Cantabria;09 Ocio y cultura;Variación mensual;2024M12;3,5
06 Cantabria;09 Ocio y cultura;Variación mensual;2024M11;-1,3
06 Cantabria;09 Ocio y cultura;Variación mensual;2024M10;-0,6
06 Cantabria;09 Ocio y cultura;Variación mensual;2024M09;-3,4
06 Cantabria;09 Ocio y cultura;Variación mensual;2024M08;1,5
06 Cantabria;09 Ocio y cultura;Variación mensual;2024M07;1,8
06 Cantabria;09 Ocio y cultura;Variación mensual;2024M06;2,2
06 Cantabria;09 Ocio y cultura;Variación mensual;2024M05;0,4
06 Cantabria;09 Ocio y cultura;Variación mensual;2024M04;-0,3
06 Cantabria;09 Ocio y cultura;Variación mensual;2024M03;1,9
06 Cantabria;09 Ocio y cultura;Variación mensual;2024M02;1,0
06 Cantabria;09 Ocio y cultura;Variación mensual;2024M01;-2,2
06 Cantabria;09 Ocio y cultura;Variación anual;2024M12;4,2
06 Cantabria;09 Ocio y cultura;Variación anual;2024M11;3,6
06 Cantabria;09 Ocio y cultura;Variación anual;2024M10;3,5
06 Cantabria;09 Ocio y cultura;Variación anual;2024M09;2,8
06 Cantabria;09 Ocio y cultura;Variación anual;2024M08;2,6
06 Cantabria;09 Ocio y cultura;Variación anual;2024M07;2,4
06 Cantabria;09 Ocio y cultura;Variación anual;2024M06;3,3
06 Cantabria;09 Ocio y cultura;Variación anual;2024M05;3,2
06 Cantabria;09 Ocio y cultura;Variación anual;2024M04;2,4
06 Cantabria;09 Ocio y cultura;Variación anual;2024M03;4,3
06 Cantabria;09 Ocio y cultura;Variación anual;2024M02;2,9
06 Cantabria;09 Ocio y cultura;Variación anual;2024M01;3,5
06 Cantabria;09 Ocio y cultura;Variación en lo que va de año;2024M12;4,2
06 Cantabria;09 Ocio y cultura;Variación en lo que va de año;2024M11;0,7
06 Cantabria;09 Ocio y cultura;Variación en lo que va de año;2024M10;2,1
06 Cantabria;09 Ocio y cultura;Variación en lo que va de año;2024M09;2,7
06 Cantabria;09 Ocio y cultura;Variación en lo que va de año;2024M08;6,3
06 Cantabria;09 Ocio y cultura;Variación en lo que va de año;2024M07;4,7
06 Cantabria;09 Ocio y cultura;Variación en lo que va de año;2024M06;2,9
06 Cantabria;09 Ocio y cultura;Variación en lo que va de año;2024M05;0,7
06 Cantabria;09 Ocio y cultura;Variación en lo que va de año;2024M04;0,3
06 Cantabria;09 Ocio y cultura;Variación en lo que va de año;2024M03;0,6
06 Cantabria;09 Ocio y cultura;Variación en lo que va de año;2024M02;-1,2
06 Cantabria;09 Ocio y cultura;Variación en lo que va de año;2024M01;-2,2
06 Cantabria;10 Enseñanza;Índice;2024M12;107,374
06 Cantabria;10 Enseñanza;Índice;2024M11;107,344
06 Cantabria;10 Enseñanza;Índice;2024M10;107,186
06 Cantabria;10 Enseñanza;Índice;2024M09;106,139
06 Cantabria;10 Enseñanza;Índice;2024M08;105,202
06 Cantabria;10 Enseñanza;Índice;2024M07;105,202
06 Cantabria;10 Enseñanza;Índice;2024M06;105,202
06 Cantabria;10 Enseñanza;Índice;2024M05;105,202
06 Cantabria;10 Enseñanza;Índice;2024M04;105,202
06 Cantabria;10 Enseñanza;Índice;2024M03;105,202
06 Cantabria;10 Enseñanza;Índice;2024M02;105,202
06 Cantabria;10 Enseñanza;Índice;2024M01;105,202
06 Cantabria;10 Enseñanza;Variación mensual;2024M12;0,0
06 Cantabria;10 Enseñanza;Variación mensual;2024M11;0,1
06 Cantabria;10 Enseñanza;Variación mensual;2024M10;1,0
06 Cantabria;10 Enseñanza;Variación mensual;2024M09;0,9
06 Cantabria;10 Enseñanza;Variación mensual;2024M08;0,0
06 Cantabria;10 Enseñanza;Variación mensual;2024M07;0,0
06 Cantabria;10 Enseñanza;Variación mensual;2024M06;0,0
06 Cantabria;10 Enseñanza;Variación mensual;2024M05;0,0
06 Cantabria;10 Enseñanza;Variación mensual;2024M04;0,0
06 Cantabria;10 Enseñanza;Variación mensual;2024M03;0,0
06 Cantabria;10 Enseñanza;Variación mensual;2024M02;0,0
06 Cantabria;10 Enseñanza;Variación mensual;2024M01;0,2
06 Cantabria;10 Enseñanza;Variación anual;2024M12;2,3
06 Cantabria;10 Enseñanza;Variación anual;2024M11;2,3
06 Cantabria;10 Enseñanza;Variación anual;2024M10;2,3
06 Cantabria;10 Enseñanza;Variación anual;2024M09;2,7
06 Cantabria;10 Enseñanza;Variación anual;2024M08;2,1
06 Cantabria;10 Enseñanza;Variación anual;2024M07;2,1
06 Cantabria;10 Enseñanza;Variación anual;2024M06;2,1
06 Cantabria;10 Enseñanza;Variación anual;2024M05;2,1
06 Cantabria;10 Enseñanza;Variación anual;2024M04;2,2
06 Cantabria;10 Enseñanza;Variación anual;2024M03;2,2
06 Cantabria;10 Enseñanza;Variación anual;2024M02;2,2
06 Cantabria;10 Enseñanza;Variación anual;2024M01;2,2
06 Cantabria;10 Enseñanza;Variación en lo que va de año;2024M12;2,3
06 Cantabria;10 Enseñanza;Variación en lo que va de año;2024M11;2,2
06 Cantabria;10 Enseñanza;Variación en lo que va de año;2024M10;2,1
06 Cantabria;10 Enseñanza;Variación en lo que va de año;2024M09;1,1
06 Cantabria;10 Enseñanza;Variación en lo que va de año;2024M08;0,2
06 Cantabria;10 Enseñanza;Variación en lo que va de año;2024M07;0,2
06 Cantabria;10 Enseñanza;Variación en lo que va de año;2024M06;0,2
06 Cantabria;10 Enseñanza;Variación en lo que va de año;2024M05;0,2
06 Cantabria;10 Enseñanza;Variación en lo que va de año;2024M04;0,2
06 Cantabria;10 Enseñanza;Variación en lo que va de año;2024M03;0,2
06 Cantabria;10 Enseñanza;Variación en lo que va de año;2024M02;0,2
06 Cantabria;10 Enseñanza;Variación en lo que va de año;2024M01;0,2
06 Cantabria;11 Restaurantes y hoteles;Índice;2024M12;120,142
06 Cantabria;11 Restaurantes y hoteles;Índice;2024M11;119,987
06 Cantabria;11 Restaurantes y hoteles;Índice;2024M10;120,024
06 Cantabria;11 Restaurantes y hoteles;Índice;2024M09;121,028
06 Cantabria;11 Restaurantes y hoteles;Índice;2024M08;123,419
06 Cantabria;11 Restaurantes y hoteles;Índice;2024M07;121,488
06 Cantabria;11 Restaurantes y hoteles;Índice;2024M06;119,197
06 Cantabria;11 Restaurantes y hoteles;Índice;2024M05;117,726
06 Cantabria;11 Restaurantes y hoteles;Índice;2024M04;117,326
06 Cantabria;11 Restaurantes y hoteles;Índice;2024M03;116,716
06 Cantabria;11 Restaurantes y hoteles;Índice;2024M02;115,919
06 Cantabria;11 Restaurantes y hoteles;Índice;2024M01;115,182
06 Cantabria;11 Restaurantes y hoteles;Variación mensual;2024M12;0,1
06 Cantabria;11 Restaurantes y hoteles;Variación mensual;2024M11;0,0
06 Cantabria;11 Restaurantes y hoteles;Variación mensual;2024M10;-0,8
06 Cantabria;11 Restaurantes y hoteles;Variación mensual;2024M09;-1,9
06 Cantabria;11 Restaurantes y hoteles;Variación mensual;2024M08;1,6
06 Cantabria;11 Restaurantes y hoteles;Variación mensual;2024M07;1,9
06 Cantabria;11 Restaurantes y hoteles;Variación mensual;2024M06;1,2
06 Cantabria;11 Restaurantes y hoteles;Variación mensual;2024M05;0,3
06 Cantabria;11 Restaurantes y hoteles;Variación mensual;2024M04;0,5
06 Cantabria;11 Restaurantes y hoteles;Variación mensual;2024M03;0,7
06 Cantabria;11 Restaurantes y hoteles;Variación mensual;2024M02;0,6
06 Cantabria;11 Restaurantes y hoteles;Variación mensual;2024M01;0,2
06 Cantabria;11 Restaurantes y hoteles;Variación anual;2024M12;4,5
06 Cantabria;11 Restaurantes y hoteles;Variación anual;2024M11;4,5
06 Cantabria;11 Restaurantes y hoteles;Variación anual;2024M10;4,6
06 Cantabria;11 Restaurantes y hoteles;Variación anual;2024M09;4,5
06 Cantabria;11 Restaurantes y hoteles;Variación anual;2024M08;4,4
06 Cantabria;11 Restaurantes y hoteles;Variación anual;2024M07;4,3
06 Cantabria;11 Restaurantes y hoteles;Variación anual;2024M06;4,6
06 Cantabria;11 Restaurantes y hoteles;Variación anual;2024M05;4,6
06 Cantabria;11 Restaurantes y hoteles;Variación anual;2024M04;4,4
06 Cantabria;11 Restaurantes y hoteles;Variación anual;2024M03;5,3
06 Cantabria;11 Restaurantes y hoteles;Variación anual;2024M02;6,0
06 Cantabria;11 Restaurantes y hoteles;Variación anual;2024M01;6,3
06 Cantabria;11 Restaurantes y hoteles;Variación en lo que va de año;2024M12;4,5
06 Cantabria;11 Restaurantes y hoteles;Variación en lo que va de año;2024M11;4,4
06 Cantabria;11 Restaurantes y hoteles;Variación en lo que va de año;2024M10;4,4
06 Cantabria;11 Restaurantes y hoteles;Variación en lo que va de año;2024M09;5,3
06 Cantabria;11 Restaurantes y hoteles;Variación en lo que va de año;2024M08;7,4
06 Cantabria;11 Restaurantes y hoteles;Variación en lo que va de año;2024M07;5,7
06 Cantabria;11 Restaurantes y hoteles;Variación en lo que va de año;2024M06;3,7
06 Cantabria;11 Restaurantes y hoteles;Variación en lo que va de año;2024M05;2,4
06 Cantabria;11 Restaurantes y hoteles;Variación en lo que va de año;2024M04;2,1
06 Cantabria;11 Restaurantes y hoteles;Variación en lo que va de año;2024M03;1,5
06 Cantabria;11 Restaurantes y hoteles;Variación en lo que va de año;2024M02;0,8
06 Cantabria;11 Restaurantes y hoteles;Variación en lo que va de año;2024M01;0,2
06 Cantabria;12 Otros bienes y servicios;Índice;2024M12;114,333
06 Cantabria;12 Otros bienes y servicios;Índice;2024M11;113,995
06 Cantabria;12 Otros bienes y servicios;Índice;2024M10;113,942
06 Cantabria;12 Otros bienes y servicios;Índice;2024M09;113,772
06 Cantabria;12 Otros bienes y servicios;Índice;2024M08;113,657
06 Cantabria;12 Otros bienes y servicios;Índice;2024M07;113,463
06 Cantabria;12 Otros bienes y servicios;Índice;2024M06;113,960
06 Cantabria;12 Otros bienes y servicios;Índice;2024M05;112,843
06 Cantabria;12 Otros bienes y servicios;Índice;2024M04;113,038
06 Cantabria;12 Otros bienes y servicios;Índice;2024M03;112,519
06 Cantabria;12 Otros bienes y servicios;Índice;2024M02;112,339
06 Cantabria;12 Otros bienes y servicios;Índice;2024M01;111,938
06 Cantabria;12 Otros bienes y servicios;Variación mensual;2024M12;0,3
06 Cantabria;12 Otros bienes y servicios;Variación mensual;2024M11;0,0
06 Cantabria;12 Otros bienes y servicios;Variación mensual;2024M10;0,1
06 Cantabria;12 Otros bienes y servicios;Variación mensual;2024M09;0,1
06 Cantabria;12 Otros bienes y servicios;Variación mensual;2024M08;0,2
06 Cantabria;12 Otros bienes y servicios;Variación mensual;2024M07;-0,4
06 Cantabria;12 Otros bienes y servicios;Variación mensual;2024M06;1,0
06 Cantabria;12 Otros bienes y servicios;Variación mensual;2024M05;-0,2
06 Cantabria;12 Otros bienes y servicios;Variación mensual;2024M04;0,5
06 Cantabria;12 Otros bienes y servicios;Variación mensual;2024M03;0,2
06 Cantabria;12 Otros bienes y servicios;Variación mensual;2024M02;0,4
06 Cantabria;12 Otros bienes y servicios;Variación mensual;2024M01;0,4
06 Cantabria;12 Otros bienes y servicios;Variación anual;2024M12;2,5
06 Cantabria;12 Otros bienes y servicios;Variación anual;2024M11;2,3
06 Cantabria;12 Otros bienes y servicios;Variación anual;2024M10;2,7
06 Cantabria;12 Otros bienes y servicios;Variación anual;2024M09;2,6
06 Cantabria;12 Otros bienes y servicios;Variación anual;2024M08;2,3
06 Cantabria;12 Otros bienes y servicios;Variación anual;2024M07;2,5
06 Cantabria;12 Otros bienes y servicios;Variación anual;2024M06;2,5
06 Cantabria;12 Otros bienes y servicios;Variación anual;2024M05;3,2
06 Cantabria;12 Otros bienes y servicios;Variación anual;2024M04;2,6
06 Cantabria;12 Otros bienes y servicios;Variación anual;2024M03;2,9
06 Cantabria;12 Otros bienes y servicios;Variación anual;2024M02;3,0
06 Cantabria;12 Otros bienes y servicios;Variación anual;2024M01;4,6
06 Cantabria;12 Otros bienes y servicios;Variación en lo que va de año;2024M12;2,5
06 Cantabria;12 Otros bienes y servicios;Variación en lo que va de año;2024M11;2,2
06 Cantabria;12 Otros bienes y servicios;Variación en lo que va de año;2024M10;2,2
06 Cantabria;12 Otros bienes y servicios;Variación en lo que va de año;2024M09;2,0
06 Cantabria;12 Otros bienes y servicios;Variación en lo que va de año;2024M08;1,9
06 Cantabria;12 Otros bienes y servicios;Variación en lo que va de año;2024M07;1,8
06 Cantabria;12 Otros bienes y servicios;Variación en lo que va de año;2024M06;2,2
06 Cantabria;12 Otros bienes y servicios;Variación en lo que va de año;2024M05;1,2
06 Cantabria;12 Otros bienes y servicios;Variación en lo que va de año;2024M04;1,4
06 Cantabria;12 Otros bienes y servicios;Variación en lo que va de año;2024M03;0,9
06 Cantabria;12 Otros bienes y servicios;Variación en lo que va de año;2024M02;0,8
06 Cantabria;12 Otros bienes y servicios;Variación en lo que va de año;2024M01;0,4
07 Castilla y León;01 Alimentos y bebidas no alcohólicas;Índice;2024M12;131,247
07 Castilla y León;01 Alimentos y bebidas no alcohólicas;Índice;2024M11;130,584
07 Castilla y León;01 Alimentos y bebidas no alcohólicas;Índice;2024M10;130,584
07 Castilla y León;01 Alimentos y bebidas no alcohólicas;Índice;2024M09;128,739
07 Castilla y León;01 Alimentos y bebidas no alcohólicas;Índice;2024M08;129,133
07 Castilla y León;01 Alimentos y bebidas no alcohólicas;Índice;2024M07;129,877
07 Castilla y León;01 Alimentos y bebidas no alcohólicas;Índice;2024M06;130,509
07 Castilla y León;01 Alimentos y bebidas no alcohólicas;Índice;2024M05;130,447
07 Castilla y León;01 Alimentos y bebidas no alcohólicas;Índice;2024M04;130,277
07 Castilla y León;01 Alimentos y bebidas no alcohólicas;Índice;2024M03;129,267
07 Castilla y León;01 Alimentos y bebidas no alcohólicas;Índice;2024M02;129,440
07 Castilla y León;01 Alimentos y bebidas no alcohólicas;Índice;2024M01;129,483
07 Castilla y León;01 Alimentos y bebidas no alcohólicas;Variación mensual;2024M12;0,5
07 Castilla y León;01 Alimentos y bebidas no alcohólicas;Variación mensual;2024M11;0,0
07 Castilla y León;01 Alimentos y bebidas no alcohólicas;Variación mensual;2024M10;1,4
07 Castilla y León;01 Alimentos y bebidas no alcohólicas;Variación mensual;2024M09;-0,3
07 Castilla y León;01 Alimentos y bebidas no alcohólicas;Variación mensual;2024M08;-0,6
07 Castilla y León;01 Alimentos y bebidas no alcohólicas;Variación mensual;2024M07;-0,5
07 Castilla y León;01 Alimentos y bebidas no alcohólicas;Variación mensual;2024M06;0,0
07 Castilla y León;01 Alimentos y bebidas no alcohólicas;Variación mensual;2024M05;0,1
07 Castilla y León;01 Alimentos y bebidas no alcohólicas;Variación mensual;2024M04;0,8
07 Castilla y León;01 Alimentos y bebidas no alcohólicas;Variación mensual;2024M03;-0,1
07 Castilla y León;01 Alimentos y bebidas no alcohólicas;Variación mensual;2024M02;0,0
07 Castilla y León;01 Alimentos y bebidas no alcohólicas;Variación mensual;2024M01;0,6
07 Castilla y León;01 Alimentos y bebidas no alcohólicas;Variación anual;2024M12;1,9
07 Castilla y León;01 Alimentos y bebidas no alcohólicas;Variación anual;2024M11;1,6
07 Castilla y León;01 Alimentos y bebidas no alcohólicas;Variación anual;2024M10;1,7
07 Castilla y León;01 Alimentos y bebidas no alcohólicas;Variación anual;2024M09;1,6
07 Castilla y León;01 Alimentos y bebidas no alcohólicas;Variación anual;2024M08;2,1
07 Castilla y León;01 Alimentos y bebidas no alcohólicas;Variación anual;2024M07;2,5
07 Castilla y León;01 Alimentos y bebidas no alcohólicas;Variación anual;2024M06;3,9
07 Castilla y León;01 Alimentos y bebidas no alcohólicas;Variación anual;2024M05;4,1
07 Castilla y León;01 Alimentos y bebidas no alcohólicas;Variación anual;2024M04;4,8
07 Castilla y León;01 Alimentos y bebidas no alcohólicas;Variación anual;2024M03;4,4
07 Castilla y León;01 Alimentos y bebidas no alcohólicas;Variación anual;2024M02;5,8
07 Castilla y León;01 Alimentos y bebidas no alcohólicas;Variación anual;2024M01;7,4
07 Castilla y León;01 Alimentos y bebidas no alcohólicas;Variación en lo que va de año;2024M12;1,9
07 Castilla y León;01 Alimentos y bebidas no alcohólicas;Variación en lo que va de año;2024M11;1,4
07 Castilla y León;01 Alimentos y bebidas no alcohólicas;Variación en lo que va de año;2024M10;1,4
07 Castilla y León;01 Alimentos y bebidas no alcohólicas;Variación en lo que va de año;2024M09;0,0
07 Castilla y León;01 Alimentos y bebidas no alcohólicas;Variación en lo que va de año;2024M08;0,3
07 Castilla y León;01 Alimentos y bebidas no alcohólicas;Variación en lo que va de año;2024M07;0,9
07 Castilla y León;01 Alimentos y bebidas no alcohólicas;Variación en lo que va de año;2024M06;1,4
07 Castilla y León;01 Alimentos y bebidas no alcohólicas;Variación en lo que va de año;2024M05;1,3
07 Castilla y León;01 Alimentos y bebidas no alcohólicas;Variación en lo que va de año;2024M04;1,2
07 Castilla y León;01 Alimentos y bebidas no alcohólicas;Variación en lo que va de año;2024M03;0,4
07 Castilla y León;01 Alimentos y bebidas no alcohólicas;Variación en lo que va de año;2024M02;0,5
07 Castilla y León;01 Alimentos y bebidas no alcohólicas;Variación en lo que va de año;2024M01;0,6
07 Castilla y León;02 Bebidas alcohólicas y tabaco;Índice;2024M12;117,112
07 Castilla y León;02 Bebidas alcohólicas y tabaco;Índice;2024M11;116,349
07 Castilla y León;02 Bebidas alcohólicas y tabaco;Índice;2024M10;116,295
07 Castilla y León;02 Bebidas alcohólicas y tabaco;Índice;2024M09;115,936
07 Castilla y León;02 Bebidas alcohólicas y tabaco;Índice;2024M08;115,914
07 Castilla y León;02 Bebidas alcohólicas y tabaco;Índice;2024M07;116,206
07 Castilla y León;02 Bebidas alcohólicas y tabaco;Índice;2024M06;116,116
07 Castilla y León;02 Bebidas alcohólicas y tabaco;Índice;2024M05;116,388
07 Castilla y León;02 Bebidas alcohólicas y tabaco;Índice;2024M04;116,238
07 Castilla y León;02 Bebidas alcohólicas y tabaco;Índice;2024M03;116,014
07 Castilla y León;02 Bebidas alcohólicas y tabaco;Índice;2024M02;115,960
07 Castilla y León;02 Bebidas alcohólicas y tabaco;Índice;2024M01;113,875
07 Castilla y León;02 Bebidas alcohólicas y tabaco;Variación mensual;2024M12;0,7
07 Castilla y León;02 Bebidas alcohólicas y tabaco;Variación mensual;2024M11;0,0
07 Castilla y León;02 Bebidas alcohólicas y tabaco;Variación mensual;2024M10;0,3
07 Castilla y León;02 Bebidas alcohólicas y tabaco;Variación mensual;2024M09;0,0
07 Castilla y León;02 Bebidas alcohólicas y tabaco;Variación mensual;2024M08;-0,3
07 Castilla y León;02 Bebidas alcohólicas y tabaco;Variación mensual;2024M07;0,1
07 Castilla y León;02 Bebidas alcohólicas y tabaco;Variación mensual;2024M06;-0,2
07 Castilla y León;02 Bebidas alcohólicas y tabaco;Variación mensual;2024M05;0,1
07 Castilla y León;02 Bebidas alcohólicas y tabaco;Variación mensual;2024M04;0,2
07 Castilla y León;02 Bebidas alcohólicas y tabaco;Variación mensual;2024M03;0,0
07 Castilla y León;02 Bebidas alcohólicas y tabaco;Variación mensual;2024M02;1,8
07 Castilla y León;02 Bebidas alcohólicas y tabaco;Variación mensual;2024M01;2,6
07 Castilla y León;02 Bebidas alcohólicas y tabaco;Variación anual;2024M12;5,6
07 Castilla y León;02 Bebidas alcohólicas y tabaco;Variación anual;2024M11;4,3
07 Castilla y León;02 Bebidas alcohólicas y tabaco;Variación anual;2024M10;4,1
07 Castilla y León;02 Bebidas alcohólicas y tabaco;Variación anual;2024M09;3,6
07 Castilla y León;02 Bebidas alcohólicas y tabaco;Variación anual;2024M08;3,7
07 Castilla y León;02 Bebidas alcohólicas y tabaco;Variación anual;2024M07;4,4
07 Castilla y León;02 Bebidas alcohólicas y tabaco;Variación anual;2024M06;3,9
07 Castilla y León;02 Bebidas alcohólicas y tabaco;Variación anual;2024M05;4,4
07 Castilla y León;02 Bebidas alcohólicas y tabaco;Variación anual;2024M04;4,5
07 Castilla y León;02 Bebidas alcohólicas y tabaco;Variación anual;2024M03;4,5
07 Castilla y León;02 Bebidas alcohólicas y tabaco;Variación anual;2024M02;5,0
07 Castilla y León;02 Bebidas alcohólicas y tabaco;Variación anual;2024M01;4,3
07 Castilla y León;02 Bebidas alcohólicas y tabaco;Variación en lo que va de año;2024M12;5,6
07 Castilla y León;02 Bebidas alcohólicas y tabaco;Variación en lo que va de año;2024M11;4,9
07 Castilla y León;02 Bebidas alcohólicas y tabaco;Variación en lo que va de año;2024M10;4,8
07 Castilla y León;02 Bebidas alcohólicas y tabaco;Variación en lo que va de año;2024M09;4,5
07 Castilla y León;02 Bebidas alcohólicas y tabaco;Variación en lo que va de año;2024M08;4,5
07 Castilla y León;02 Bebidas alcohólicas y tabaco;Variación en lo que va de año;2024M07;4,7
07 Castilla y León;02 Bebidas alcohólicas y tabaco;Variación en lo que va de año;2024M06;4,7
07 Castilla y León;02 Bebidas alcohólicas y tabaco;Variación en lo que va de año;2024M05;4,9
07 Castilla y León;02 Bebidas alcohólicas y tabaco;Variación en lo que va de año;2024M04;4,8
07 Castilla y León;02 Bebidas alcohólicas y tabaco;Variación en lo que va de año;2024M03;4,6
07 Castilla y León;02 Bebidas alcohólicas y tabaco;Variación en lo que va de año;2024M02;4,5
07 Castilla y León;02 Bebidas alcohólicas y tabaco;Variación en lo que va de año;2024M01;2,6
07 Castilla y León;03 Vestido y calzado;Índice;2024M12;115,573
07 Castilla y León;03 Vestido y calzado;Índice;2024M11;116,069
07 Castilla y León;03 Vestido y calzado;Índice;2024M10;110,622
07 Castilla y León;03 Vestido y calzado;Índice;2024M09;100,453
07 Castilla y León;03 Vestido y calzado;Índice;2024M08;99,225
07 Castilla y León;03 Vestido y calzado;Índice;2024M07;99,899
07 Castilla y León;03 Vestido y calzado;Índice;2024M06;112,067
07 Castilla y León;03 Vestido y calzado;Índice;2024M05;112,664
07 Castilla y León;03 Vestido y calzado;Índice;2024M04;108,388
07 Castilla y León;03 Vestido y calzado;Índice;2024M03;100,273
07 Castilla y León;03 Vestido y calzado;Índice;2024M02;99,306
07 Castilla y León;03 Vestido y calzado;Índice;2024M01;101,368
07 Castilla y León;03 Vestido y calzado;Variación mensual;2024M12;-0,4
07 Castilla y León;03 Vestido y calzado;Variación mensual;2024M11;4,9
07 Castilla y León;03 Vestido y calzado;Variación mensual;2024M10;10,1
07 Castilla y León;03 Vestido y calzado;Variación mensual;2024M09;1,2
07 Castilla y León;03 Vestido y calzado;Variación mensual;2024M08;-0,7
07 Castilla y León;03 Vestido y calzado;Variación mensual;2024M07;-10,9
07 Castilla y León;03 Vestido y calzado;Variación mensual;2024M06;-0,5
07 Castilla y León;03 Vestido y calzado;Variación mensual;2024M05;3,9
07 Castilla y León;03 Vestido y calzado;Variación mensual;2024M04;8,1
07 Castilla y León;03 Vestido y calzado;Variación mensual;2024M03;1,0
07 Castilla y León;03 Vestido y calzado;Variación mensual;2024M02;-2,0
07 Castilla y León;03 Vestido y calzado;Variación mensual;2024M01;-10,7
07 Castilla y León;03 Vestido y calzado;Variación anual;2024M12;1,8
07 Castilla y León;03 Vestido y calzado;Variación anual;2024M11;0,4
07 Castilla y León;03 Vestido y calzado;Variación anual;2024M10;1,1
07 Castilla y León;03 Vestido y calzado;Variación anual;2024M09;0,3
07 Castilla y León;03 Vestido y calzado;Variación anual;2024M08;0,8
07 Castilla y León;03 Vestido y calzado;Variación anual;2024M07;1,1
07 Castilla y León;03 Vestido y calzado;Variación anual;2024M06;1,0
07 Castilla y León;03 Vestido y calzado;Variación anual;2024M05;1,0
07 Castilla y León;03 Vestido y calzado;Variación anual;2024M04;0,9
07 Castilla y León;03 Vestido y calzado;Variación anual;2024M03;1,0
07 Castilla y León;03 Vestido y calzado;Variación anual;2024M02;2,8
07 Castilla y León;03 Vestido y calzado;Variación anual;2024M01;3,5
07 Castilla y León;03 Vestido y calzado;Variación en lo que va de año;2024M12;1,8
07 Castilla y León;03 Vestido y calzado;Variación en lo que va de año;2024M11;2,3
07 Castilla y León;03 Vestido y calzado;Variación en lo que va de año;2024M10;-2,5
07 Castilla y León;03 Vestido y calzado;Variación en lo que va de año;2024M09;-11,5
07 Castilla y León;03 Vestido y calzado;Variación en lo que va de año;2024M08;-12,6
07 Castilla y León;03 Vestido y calzado;Variación en lo que va de año;2024M07;-12,0
07 Castilla y León;03 Vestido y calzado;Variación en lo que va de año;2024M06;-1,3
07 Castilla y León;03 Vestido y calzado;Variación en lo que va de año;2024M05;-0,7
07 Castilla y León;03 Vestido y calzado;Variación en lo que va de año;2024M04;-4,5
07 Castilla y León;03 Vestido y calzado;Variación en lo que va de año;2024M03;-11,6
07 Castilla y León;03 Vestido y calzado;Variación en lo que va de año;2024M02;-12,5
07 Castilla y León;03 Vestido y calzado;Variación en lo que va de año;2024M01;-10,7
07 Castilla y León;04 Vivienda, agua, electricidad, gas y otros combustibles;Índice;2024M12;111,149
07 Castilla y León;04 Vivienda, agua, electricidad, gas y otros combustibles;Índice;2024M11;110,550
07 Castilla y León;04 Vivienda, agua, electricidad, gas y otros combustibles;Índice;2024M10;108,691
07 Castilla y León;04 Vivienda, agua, electricidad, gas y otros combustibles;Índice;2024M09;108,065
07 Castilla y León;04 Vivienda, agua, electricidad, gas y otros combustibles;Índice;2024M08;109,236
07 Castilla y León;04 Vivienda, agua, electricidad, gas y otros combustibles;Índice;2024M07;108,442
07 Castilla y León;04 Vivienda, agua, electricidad, gas y otros combustibles;Índice;2024M06;110,759
07 Castilla y León;04 Vivienda, agua, electricidad, gas y otros combustibles;Índice;2024M05;109,818
07 Castilla y León;04 Vivienda, agua, electricidad, gas y otros combustibles;Índice;2024M04;109,180
07 Castilla y León;04 Vivienda, agua, electricidad, gas y otros combustibles;Índice;2024M03;108,689
07 Castilla y León;04 Vivienda, agua, electricidad, gas y otros combustibles;Índice;2024M02;106,475
07 Castilla y León;04 Vivienda, agua, electricidad, gas y otros combustibles;Índice;2024M01;107,849
07 Castilla y León;04 Vivienda, agua, electricidad, gas y otros combustibles;Variación mensual;2024M12;0,5
07 Castilla y León;04 Vivienda, agua, electricidad, gas y otros combustibles;Variación mensual;2024M11;1,7
07 Castilla y León;04 Vivienda, agua, electricidad, gas y otros combustibles;Variación mensual;2024M10;0,6
07 Castilla y León;04 Vivienda, agua, electricidad, gas y otros combustibles;Variación mensual;2024M09;-1,1
07 Castilla y León;04 Vivienda, agua, electricidad, gas y otros combustibles;Variación mensual;2024M08;0,7
07 Castilla y León;04 Vivienda, agua, electricidad, gas y otros combustibles;Variación mensual;2024M07;-2,1
07 Castilla y León;04 Vivienda, agua, electricidad, gas y otros combustibles;Variación mensual;2024M06;0,9
07 Castilla y León;04 Vivienda, agua, electricidad, gas y otros combustibles;Variación mensual;2024M05;0,6
07 Castilla y León;04 Vivienda, agua, electricidad, gas y otros combustibles;Variación mensual;2024M04;0,5
07 Castilla y León;04 Vivienda, agua, electricidad, gas y otros combustibles;Variación mensual;2024M03;2,1
07 Castilla y León;04 Vivienda, agua, electricidad, gas y otros combustibles;Variación mensual;2024M02;-1,3
07 Castilla y León;04 Vivienda, agua, electricidad, gas y otros combustibles;Variación mensual;2024M01;3,6
07 Castilla y León;04 Vivienda, agua, electricidad, gas y otros combustibles;Variación anual;2024M12;6,8
07 Castilla y León;04 Vivienda, agua, electricidad, gas y otros combustibles;Variación anual;2024M11;6,6
07 Castilla y León;04 Vivienda, agua, electricidad, gas y otros combustibles;Variación anual;2024M10;3,0
07 Castilla y León;04 Vivienda, agua, electricidad, gas y otros combustibles;Variación anual;2024M09;1,6
07 Castilla y León;04 Vivienda, agua, electricidad, gas y otros combustibles;Variación anual;2024M08;3,6
07 Castilla y León;04 Vivienda, agua, electricidad, gas y otros combustibles;Variación anual;2024M07;2,9
07 Castilla y León;04 Vivienda, agua, electricidad, gas y otros combustibles;Variación anual;2024M06;5,3
07 Castilla y León;04 Vivienda, agua, electricidad, gas y otros combustibles;Variación anual;2024M05;5,3
07 Castilla y León;04 Vivienda, agua, electricidad, gas y otros combustibles;Variación anual;2024M04;4,1
07 Castilla y León;04 Vivienda, agua, electricidad, gas y otros combustibles;Variación anual;2024M03;1,2
07 Castilla y León;04 Vivienda, agua, electricidad, gas y otros combustibles;Variación anual;2024M02;-3,1
07 Castilla y León;04 Vivienda, agua, electricidad, gas y otros combustibles;Variación anual;2024M01;1,2
07 Castilla y León;04 Vivienda, agua, electricidad, gas y otros combustibles;Variación en lo que va de año;2024M12;6,8
07 Castilla y León;04 Vivienda, agua, electricidad, gas y otros combustibles;Variación en lo que va de año;2024M11;6,2
07 Castilla y León;04 Vivienda, agua, electricidad, gas y otros combustibles;Variación en lo que va de año;2024M10;4,4
07 Castilla y León;04 Vivienda, agua, electricidad, gas y otros combustibles;Variación en lo que va de año;2024M09;3,8
07 Castilla y León;04 Vivienda, agua, electricidad, gas y otros combustibles;Variación en lo que va de año;2024M08;5,0
07 Castilla y León;04 Vivienda, agua, electricidad, gas y otros combustibles;Variación en lo que va de año;2024M07;4,2
07 Castilla y León;04 Vivienda, agua, electricidad, gas y otros combustibles;Variación en lo que va de año;2024M06;6,4
07 Castilla y León;04 Vivienda, agua, electricidad, gas y otros combustibles;Variación en lo que va de año;2024M05;5,5
07 Castilla y León;04 Vivienda, agua, electricidad, gas y otros combustibles;Variación en lo que va de año;2024M04;4,9
07 Castilla y León;04 Vivienda, agua, electricidad, gas y otros combustibles;Variación en lo que va de año;2024M03;4,4
07 Castilla y León;04 Vivienda, agua, electricidad, gas y otros combustibles;Variación en lo que va de año;2024M02;2,3
07 Castilla y León;04 Vivienda, agua, electricidad, gas y otros combustibles;Variación en lo que va de año;2024M01;3,6
07 Castilla y León;05 Muebles, artículos del hogar y artículos para el mantenimiento corriente del hogar;Índice;2024M12;113,038
07 Castilla y León;05 Muebles, artículos del hogar y artículos para el mantenimiento corriente del hogar;Índice;2024M11;112,683
07 Castilla y León;05 Muebles, artículos del hogar y artículos para el mantenimiento corriente del hogar;Índice;2024M10;112,871
07 Castilla y León;05 Muebles, artículos del hogar y artículos para el mantenimiento corriente del hogar;Índice;2024M09;112,340
07 Castilla y León;05 Muebles, artículos del hogar y artículos para el mantenimiento corriente del hogar;Índice;2024M08;112,351
07 Castilla y León;05 Muebles, artículos del hogar y artículos para el mantenimiento corriente del hogar;Índice;2024M07;112,393
07 Castilla y León;05 Muebles, artículos del hogar y artículos para el mantenimiento corriente del hogar;Índice;2024M06;112,732
07 Castilla y León;05 Muebles, artículos del hogar y artículos para el mantenimiento corriente del hogar;Índice;2024M05;112,693
07 Castilla y León;05 Muebles, artículos del hogar y artículos para el mantenimiento corriente del hogar;Índice;2024M04;112,491
07 Castilla y León;05 Muebles, artículos del hogar y artículos para el mantenimiento corriente del hogar;Índice;2024M03;111,899
07 Castilla y León;05 Muebles, artículos del hogar y artículos para el mantenimiento corriente del hogar;Índice;2024M02;111,695
07 Castilla y León;05 Muebles, artículos del hogar y artículos para el mantenimiento corriente del hogar;Índice;2024M01;111,597
07 Castilla y León;05 Muebles, artículos del hogar y artículos para el mantenimiento corriente del hogar;Variación mensual;2024M12;0,3
07 Castilla y León;05 Muebles, artículos del hogar y artículos para el mantenimiento corriente del hogar;Variación mensual;2024M11;-0,2
07 Castilla y León;05 Muebles, artículos del hogar y artículos para el mantenimiento corriente del hogar;Variación mensual;2024M10;0,5
07 Castilla y León;05 Muebles, artículos del hogar y artículos para el mantenimiento corriente del hogar;Variación mensual;2024M09;0,0
07 Castilla y León;05 Muebles, artículos del hogar y artículos para el mantenimiento corriente del hogar;Variación mensual;2024M08;0,0
07 Castilla y León;05 Muebles, artículos del hogar y artículos para el mantenimiento corriente del hogar;Variación mensual;2024M07;-0,3
07 Castilla y León;05 Muebles, artículos del hogar y artículos para el mantenimiento corriente del hogar;Variación mensual;2024M06;0,0
07 Castilla y León;05 Muebles, artículos del hogar y artículos para el mantenimiento corriente del hogar;Variación mensual;2024M05;0,2
07 Castilla y León;05 Muebles, artículos del hogar y artículos para el mantenimiento corriente del hogar;Variación mensual;2024M04;0,5
07 Castilla y León;05 Muebles, artículos del hogar y artículos para el mantenimiento corriente del hogar;Variación mensual;2024M03;0,2
07 Castilla y León;05 Muebles, artículos del hogar y artículos para el mantenimiento corriente del hogar;Variación mensual;2024M02;0,1
07 Castilla y León;05 Muebles, artículos del hogar y artículos para el mantenimiento corriente del hogar;Variación mensual;2024M01;-0,4
07 Castilla y León;05 Muebles, artículos del hogar y artículos para el mantenimiento corriente del hogar;Variación anual;2024M12;0,9
07 Castilla y León;05 Muebles, artículos del hogar y artículos para el mantenimiento corriente del hogar;Variación anual;2024M11;0,6
07 Castilla y León;05 Muebles, artículos del hogar y artículos para el mantenimiento corriente del hogar;Variación anual;2024M10;0,8
07 Castilla y León;05 Muebles, artículos del hogar y artículos para el mantenimiento corriente del hogar;Variación anual;2024M09;0,5
07 Castilla y León;05 Muebles, artículos del hogar y artículos para el mantenimiento corriente del hogar;Variación anual;2024M08;0,7
07 Castilla y León;05 Muebles, artículos del hogar y artículos para el mantenimiento corriente del hogar;Variación anual;2024M07;0,9
07 Castilla y León;05 Muebles, artículos del hogar y artículos para el mantenimiento corriente del hogar;Variación anual;2024M06;0,9
07 Castilla y León;05 Muebles, artículos del hogar y artículos para el mantenimiento corriente del hogar;Variación anual;2024M05;1,0
07 Castilla y León;05 Muebles, artículos del hogar y artículos para el mantenimiento corriente del hogar;Variación anual;2024M04;1,2
07 Castilla y León;05 Muebles, artículos del hogar y artículos para el mantenimiento corriente del hogar;Variación anual;2024M03;1,2
07 Castilla y León;05 Muebles, artículos del hogar y artículos para el mantenimiento corriente del hogar;Variación anual;2024M02;1,4
07 Castilla y León;05 Muebles, artículos del hogar y artículos para el mantenimiento corriente del hogar;Variación anual;2024M01;1,7
07 Castilla y León;05 Muebles, artículos del hogar y artículos para el mantenimiento corriente del hogar;Variación en lo que va de año;2024M12;0,9
07 Castilla y León;05 Muebles, artículos del hogar y artículos para el mantenimiento corriente del hogar;Variación en lo que va de año;2024M11;0,6
07 Castilla y León;05 Muebles, artículos del hogar y artículos para el mantenimiento corriente del hogar;Variación en lo que va de año;2024M10;0,7
07 Castilla y León;05 Muebles, artículos del hogar y artículos para el mantenimiento corriente del hogar;Variación en lo que va de año;2024M09;0,3
07 Castilla y León;05 Muebles, artículos del hogar y artículos para el mantenimiento corriente del hogar;Variación en lo que va de año;2024M08;0,3
07 Castilla y León;05 Muebles, artículos del hogar y artículos para el mantenimiento corriente del hogar;Variación en lo que va de año;2024M07;0,3
07 Castilla y León;05 Muebles, artículos del hogar y artículos para el mantenimiento corriente del hogar;Variación en lo que va de año;2024M06;0,6
07 Castilla y León;05 Muebles, artículos del hogar y artículos para el mantenimiento corriente del hogar;Variación en lo que va de año;2024M05;0,6
07 Castilla y León;05 Muebles, artículos del hogar y artículos para el mantenimiento corriente del hogar;Variación en lo que va de año;2024M04;0,4
07 Castilla y León;05 Muebles, artículos del hogar y artículos para el mantenimiento corriente del hogar;Variación en lo que va de año;2024M03;-0,1
07 Castilla y León;05 Muebles, artículos del hogar y artículos para el mantenimiento corriente del hogar;Variación en lo que va de año;2024M02;-0,3
07 Castilla y León;05 Muebles, artículos del hogar y artículos para el mantenimiento corriente del hogar;Variación en lo que va de año;2024M01;-0,4
07 Castilla y León;06 Sanidad;Índice;2024M12;104,098
07 Castilla y León;06 Sanidad;Índice;2024M11;104,119
07 Castilla y León;06 Sanidad;Índice;2024M10;104,079
07 Castilla y León;06 Sanidad;Índice;2024M09;104,309
07 Castilla y León;06 Sanidad;Índice;2024M08;104,198
07 Castilla y León;06 Sanidad;Índice;2024M07;104,184
07 Castilla y León;06 Sanidad;Índice;2024M06;104,289
07 Castilla y León;06 Sanidad;Índice;2024M05;104,431
07 Castilla y León;06 Sanidad;Índice;2024M04;104,405
07 Castilla y León;06 Sanidad;Índice;2024M03;104,223
07 Castilla y León;06 Sanidad;Índice;2024M02;103,963
07 Castilla y León;06 Sanidad;Índice;2024M01;103,730
07 Castilla y León;06 Sanidad;Variación mensual;2024M12;0,0
07 Castilla y León;06 Sanidad;Variación mensual;2024M11;0,0
07 Castilla y León;06 Sanidad;Variación mensual;2024M10;-0,2
07 Castilla y León;06 Sanidad;Variación mensual;2024M09;0,1
07 Castilla y León;06 Sanidad;Variación mensual;2024M08;0,0
07 Castilla y León;06 Sanidad;Variación mensual;2024M07;-0,1
07 Castilla y León;06 Sanidad;Variación mensual;2024M06;-0,1
07 Castilla y León;06 Sanidad;Variación mensual;2024M05;0,0
07 Castilla y León;06 Sanidad;Variación mensual;2024M04;0,2
07 Castilla y León;06 Sanidad;Variación mensual;2024M03;0,2
07 Castilla y León;06 Sanidad;Variación mensual;2024M02;0,2
07 Castilla y León;06 Sanidad;Variación mensual;2024M01;0,1
07 Castilla y León;06 Sanidad;Variación anual;2024M12;0,5
07 Castilla y León;06 Sanidad;Variación anual;2024M11;0,6
07 Castilla y León;06 Sanidad;Variación anual;2024M10;0,6
07 Castilla y León;06 Sanidad;Variación anual;2024M09;1,1
07 Castilla y León;06 Sanidad;Variación anual;2024M08;1,3
07 Castilla y León;06 Sanidad;Variación anual;2024M07;1,4
07 Castilla y León;06 Sanidad;Variación anual;2024M06;1,5
07 Castilla y León;06 Sanidad;Variación anual;2024M05;1,8
07 Castilla y León;06 Sanidad;Variación anual;2024M04;2,0
07 Castilla y León;06 Sanidad;Variación anual;2024M03;2,1
07 Castilla y León;06 Sanidad;Variación anual;2024M02;2,2
07 Castilla y León;06 Sanidad;Variación anual;2024M01;2,2
07 Castilla y León;06 Sanidad;Variación en lo que va de año;2024M12;0,5
07 Castilla y León;06 Sanidad;Variación en lo que va de año;2024M11;0,5
07 Castilla y León;06 Sanidad;Variación en lo que va de año;2024M10;0,5
07 Castilla y León;06 Sanidad;Variación en lo que va de año;2024M09;0,7
07 Castilla y León;06 Sanidad;Variación en lo que va de año;2024M08;0,6
07 Castilla y León;06 Sanidad;Variación en lo que va de año;2024M07;0,6
07 Castilla y León;06 Sanidad;Variación en lo que va de año;2024M06;0,7
07 Castilla y León;06 Sanidad;Variación en lo que va de año;2024M05;0,8
07 Castilla y León;06 Sanidad;Variación en lo que va de año;2024M04;0,8
07 Castilla y León;06 Sanidad;Variación en lo que va de año;2024M03;0,6
07 Castilla y León;06 Sanidad;Variación en lo que va de año;2024M02;0,4
07 Castilla y León;06 Sanidad;Variación en lo que va de año;2024M01;0,1
07 Castilla y León;07 Transporte;Índice;2024M12;112,866
07 Castilla y León;07 Transporte;Índice;2024M11;112,270
07 Castilla y León;07 Transporte;Índice;2024M10;111,702
07 Castilla y León;07 Transporte;Índice;2024M09;111,691
07 Castilla y León;07 Transporte;Índice;2024M08;113,499
07 Castilla y León;07 Transporte;Índice;2024M07;114,286
07 Castilla y León;07 Transporte;Índice;2024M06;113,993
07 Castilla y León;07 Transporte;Índice;2024M05;114,669
07 Castilla y León;07 Transporte;Índice;2024M04;115,526
07 Castilla y León;07 Transporte;Índice;2024M03;114,609
07 Castilla y León;07 Transporte;Índice;2024M02;114,125
07 Castilla y León;07 Transporte;Índice;2024M01;112,591
07 Castilla y León;07 Transporte;Variación mensual;2024M12;0,5
07 Castilla y León;07 Transporte;Variación mensual;2024M11;0,5
07 Castilla y León;07 Transporte;Variación mensual;2024M10;0,0
07 Castilla y León;07 Transporte;Variación mensual;2024M09;-1,6
07 Castilla y León;07 Transporte;Variación mensual;2024M08;-0,7
07 Castilla y León;07 Transporte;Variación mensual;2024M07;0,3
07 Castilla y León;07 Transporte;Variación mensual;2024M06;-0,6
07 Castilla y León;07 Transporte;Variación mensual;2024M05;-0,7
07 Castilla y León;07 Transporte;Variación mensual;2024M04;0,8
07 Castilla y León;07 Transporte;Variación mensual;2024M03;0,4
07 Castilla y León;07 Transporte;Variación mensual;2024M02;1,4
07 Castilla y León;07 Transporte;Variación mensual;2024M01;0,3
07 Castilla y León;07 Transporte;Variación anual;2024M12;0,6
07 Castilla y León;07 Transporte;Variación anual;2024M11;-1,3
07 Castilla y León;07 Transporte;Variación anual;2024M10;-3,2
07 Castilla y León;07 Transporte;Variación anual;2024M09;-4,1
07 Castilla y León;07 Transporte;Variación anual;2024M08;-1,4
07 Castilla y León;07 Transporte;Variación anual;2024M07;2,3
07 Castilla y León;07 Transporte;Variación anual;2024M06;2,7
07 Castilla y León;07 Transporte;Variación anual;2024M05;3,9
07 Castilla y León;07 Transporte;Variación anual;2024M04;3,1
07 Castilla y León;07 Transporte;Variación anual;2024M03;2,9
07 Castilla y León;07 Transporte;Variación anual;2024M02;2,1
07 Castilla y León;07 Transporte;Variación anual;2024M01;-0,1
07 Castilla y León;07 Transporte;Variación en lo que va de año;2024M12;0,6
07 Castilla y León;07 Transporte;Variación en lo que va de año;2024M11;0,0
07 Castilla y León;07 Transporte;Variación en lo que va de año;2024M10;-0,5
07 Castilla y León;07 Transporte;Variación en lo que va de año;2024M09;-0,5
07 Castilla y León;07 Transporte;Variación en lo que va de año;2024M08;1,1
07 Castilla y León;07 Transporte;Variación en lo que va de año;2024M07;1,8
07 Castilla y León;07 Transporte;Variación en lo que va de año;2024M06;1,6
07 Castilla y León;07 Transporte;Variación en lo que va de año;2024M05;2,2
07 Castilla y León;07 Transporte;Variación en lo que va de año;2024M04;2,9
07 Castilla y León;07 Transporte;Variación en lo que va de año;2024M03;2,1
07 Castilla y León;07 Transporte;Variación en lo que va de año;2024M02;1,7
07 Castilla y León;07 Transporte;Variación en lo que va de año;2024M01;0,3
07 Castilla y León;08 Comunicaciones;Índice;2024M12;100,779
07 Castilla y León;08 Comunicaciones;Índice;2024M11;100,797
07 Castilla y León;08 Comunicaciones;Índice;2024M10;100,798
07 Castilla y León;08 Comunicaciones;Índice;2024M09;101,764
07 Castilla y León;08 Comunicaciones;Índice;2024M08;101,853
07 Castilla y León;08 Comunicaciones;Índice;2024M07;101,937
07 Castilla y León;08 Comunicaciones;Índice;2024M06;102,413
07 Castilla y León;08 Comunicaciones;Índice;2024M05;102,390
07 Castilla y León;08 Comunicaciones;Índice;2024M04;102,488
07 Castilla y León;08 Comunicaciones;Índice;2024M03;102,380
07 Castilla y León;08 Comunicaciones;Índice;2024M02;102,472
07 Castilla y León;08 Comunicaciones;Índice;2024M01;102,551
07 Castilla y León;08 Comunicaciones;Variación mensual;2024M12;0,0
07 Castilla y León;08 Comunicaciones;Variación mensual;2024M11;0,0
07 Castilla y León;08 Comunicaciones;Variación mensual;2024M10;-0,9
07 Castilla y León;08 Comunicaciones;Variación mensual;2024M09;-0,1
07 Castilla y León;08 Comunicaciones;Variación mensual;2024M08;-0,1
07 Castilla y León;08 Comunicaciones;Variación mensual;2024M07;-0,5
07 Castilla y León;08 Comunicaciones;Variación mensual;2024M06;0,0
07 Castilla y León;08 Comunicaciones;Variación mensual;2024M05;-0,1
07 Castilla y León;08 Comunicaciones;Variación mensual;2024M04;0,1
07 Castilla y León;08 Comunicaciones;Variación mensual;2024M03;-0,1
07 Castilla y León;08 Comunicaciones;Variación mensual;2024M02;-0,1
07 Castilla y León;08 Comunicaciones;Variación mensual;2024M01;1,9
07 Castilla y León;08 Comunicaciones;Variación anual;2024M12;0,1
07 Castilla y León;08 Comunicaciones;Variación anual;2024M11;0,0
07 Castilla y León;08 Comunicaciones;Variación anual;2024M10;0,0
07 Castilla y León;08 Comunicaciones;Variación anual;2024M09;-0,2
07 Castilla y León;08 Comunicaciones;Variación anual;2024M08;-0,3
07 Castilla y León;08 Comunicaciones;Variación anual;2024M07;-0,1
07 Castilla y León;08 Comunicaciones;Variación anual;2024M06;0,1
07 Castilla y León;08 Comunicaciones;Variación anual;2024M05;-0,2
07 Castilla y León;08 Comunicaciones;Variación anual;2024M04;-0,1
07 Castilla y León;08 Comunicaciones;Variación anual;2024M03;0,4
07 Castilla y León;08 Comunicaciones;Variación anual;2024M02;0,4
07 Castilla y León;08 Comunicaciones;Variación anual;2024M01;0,5
07 Castilla y León;08 Comunicaciones;Variación en lo que va de año;2024M12;0,1
07 Castilla y León;08 Comunicaciones;Variación en lo que va de año;2024M11;0,2
07 Castilla y León;08 Comunicaciones;Variación en lo que va de año;2024M10;0,2
07 Castilla y León;08 Comunicaciones;Variación en lo que va de año;2024M09;1,1
07 Castilla y León;08 Comunicaciones;Variación en lo que va de año;2024M08;1,2
07 Castilla y León;08 Comunicaciones;Variación en lo que va de año;2024M07;1,3
07 Castilla y León;08 Comunicaciones;Variación en lo que va de año;2024M06;1,8
07 Castilla y León;08 Comunicaciones;Variación en lo que va de año;2024M05;1,8
07 Castilla y León;08 Comunicaciones;Variación en lo que va de año;2024M04;1,8
07 Castilla y León;08 Comunicaciones;Variación en lo que va de año;2024M03;1,7
07 Castilla y León;08 Comunicaciones;Variación en lo que va de año;2024M02;1,8
07 Castilla y León;08 Comunicaciones;Variación en lo que va de año;2024M01;1,9
07 Castilla y León;09 Ocio y cultura;Índice;2024M12;110,239
07 Castilla y León;09 Ocio y cultura;Índice;2024M11;106,750
07 Castilla y León;09 Ocio y cultura;Índice;2024M10;107,943
07 Castilla y León;09 Ocio y cultura;Índice;2024M09;108,551
07 Castilla y León;09 Ocio y cultura;Índice;2024M08;113,369
07 Castilla y León;09 Ocio y cultura;Índice;2024M07;111,763
07 Castilla y León;09 Ocio y cultura;Índice;2024M06;110,124
07 Castilla y León;09 Ocio y cultura;Índice;2024M05;107,517
07 Castilla y León;09 Ocio y cultura;Índice;2024M04;107,118
07 Castilla y León;09 Ocio y cultura;Índice;2024M03;107,548
07 Castilla y León;09 Ocio y cultura;Índice;2024M02;105,715
07 Castilla y León;09 Ocio y cultura;Índice;2024M01;104,738
07 Castilla y León;09 Ocio y cultura;Variación mensual;2024M12;3,3
07 Castilla y León;09 Ocio y cultura;Variación mensual;2024M11;-1,1
07 Castilla y León;09 Ocio y cultura;Variación mensual;2024M10;-0,6
07 Castilla y León;09 Ocio y cultura;Variación mensual;2024M09;-4,2
07 Castilla y León;09 Ocio y cultura;Variación mensual;2024M08;1,4
07 Castilla y León;09 Ocio y cultura;Variación mensual;2024M07;1,5
07 Castilla y León;09 Ocio y cultura;Variación mensual;2024M06;2,4
07 Castilla y León;09 Ocio y cultura;Variación mensual;2024M05;0,4
07 Castilla y León;09 Ocio y cultura;Variación mensual;2024M04;-0,4
07 Castilla y León;09 Ocio y cultura;Variación mensual;2024M03;1,7
07 Castilla y León;09 Ocio y cultura;Variación mensual;2024M02;0,9
07 Castilla y León;09 Ocio y cultura;Variación mensual;2024M01;-2,0
07 Castilla y León;09 Ocio y cultura;Variación anual;2024M12;3,1
07 Castilla y León;09 Ocio y cultura;Variación anual;2024M11;2,2
07 Castilla y León;09 Ocio y cultura;Variación anual;2024M10;2,1
07 Castilla y León;09 Ocio y cultura;Variación anual;2024M09;1,1
07 Castilla y León;09 Ocio y cultura;Variación anual;2024M08;1,9
07 Castilla y León;09 Ocio y cultura;Variación anual;2024M07;1,4
07 Castilla y León;09 Ocio y cultura;Variación anual;2024M06;3,0
07 Castilla y León;09 Ocio y cultura;Variación anual;2024M05;2,6
07 Castilla y León;09 Ocio y cultura;Variación anual;2024M04;1,7
07 Castilla y León;09 Ocio y cultura;Variación anual;2024M03;3,3
07 Castilla y León;09 Ocio y cultura;Variación anual;2024M02;2,2
07 Castilla y León;09 Ocio y cultura;Variación anual;2024M01;2,5
07 Castilla y León;09 Ocio y cultura;Variación en lo que va de año;2024M12;3,1
07 Castilla y León;09 Ocio y cultura;Variación en lo que va de año;2024M11;-0,1
07 Castilla y León;09 Ocio y cultura;Variación en lo que va de año;2024M10;1,0
07 Castilla y León;09 Ocio y cultura;Variación en lo que va de año;2024M09;1,6
07 Castilla y León;09 Ocio y cultura;Variación en lo que va de año;2024M08;6,1
07 Castilla y León;09 Ocio y cultura;Variación en lo que va de año;2024M07;4,6
07 Castilla y León;09 Ocio y cultura;Variación en lo que va de año;2024M06;3,0
07 Castilla y León;09 Ocio y cultura;Variación en lo que va de año;2024M05;0,6
07 Castilla y León;09 Ocio y cultura;Variación en lo que va de año;2024M04;0,2
07 Castilla y León;09 Ocio y cultura;Variación en lo que va de año;2024M03;0,6
07 Castilla y León;09 Ocio y cultura;Variación en lo que va de año;2024M02;-1,1
07 Castilla y León;09 Ocio y cultura;Variación en lo que va de año;2024M01;-2,0
07 Castilla y León;10 Enseñanza;Índice;2024M12;102,091
07 Castilla y León;10 Enseñanza;Índice;2024M11;102,109
07 Castilla y León;10 Enseñanza;Índice;2024M10;101,990
07 Castilla y León;10 Enseñanza;Índice;2024M09;101,919
07 Castilla y León;10 Enseñanza;Índice;2024M08;102,383
07 Castilla y León;10 Enseñanza;Índice;2024M07;102,339
07 Castilla y León;10 Enseñanza;Índice;2024M06;102,291
07 Castilla y León;10 Enseñanza;Índice;2024M05;102,289
07 Castilla y León;10 Enseñanza;Índice;2024M04;102,289
07 Castilla y León;10 Enseñanza;Índice;2024M03;102,305
07 Castilla y León;10 Enseñanza;Índice;2024M02;102,271
07 Castilla y León;10 Enseñanza;Índice;2024M01;102,271
07 Castilla y León;10 Enseñanza;Variación mensual;2024M12;0,0
07 Castilla y León;10 Enseñanza;Variación mensual;2024M11;0,1
07 Castilla y León;10 Enseñanza;Variación mensual;2024M10;0,1
07 Castilla y León;10 Enseñanza;Variación mensual;2024M09;-0,5
07 Castilla y León;10 Enseñanza;Variación mensual;2024M08;0,0
07 Castilla y León;10 Enseñanza;Variación mensual;2024M07;0,0
07 Castilla y León;10 Enseñanza;Variación mensual;2024M06;0,0
07 Castilla y León;10 Enseñanza;Variación mensual;2024M05;0,0
07 Castilla y León;10 Enseñanza;Variación mensual;2024M04;0,0
07 Castilla y León;10 Enseñanza;Variación mensual;2024M03;0,0
07 Castilla y León;10 Enseñanza;Variación mensual;2024M02;0,0
07 Castilla y León;10 Enseñanza;Variación mensual;2024M01;0,0
07 Castilla y León;10 Enseñanza;Variación anual;2024M12;-0,2
07 Castilla y León;10 Enseñanza;Variación anual;2024M11;-0,2
07 Castilla y León;10 Enseñanza;Variación anual;2024M10;-0,2
07 Castilla y León;10 Enseñanza;Variación anual;2024M09;-0,3
07 Castilla y León;10 Enseñanza;Variación anual;2024M08;0,4
07 Castilla y León;10 Enseñanza;Variación anual;2024M07;0,4
07 Castilla y León;10 Enseñanza;Variación anual;2024M06;0,3
07 Castilla y León;10 Enseñanza;Variación anual;2024M05;0,3
07 Castilla y León;10 Enseñanza;Variación anual;2024M04;0,4
07 Castilla y León;10 Enseñanza;Variación anual;2024M03;0,5
07 Castilla y León;10 Enseñanza;Variación anual;2024M02;0,4
07 Castilla y León;10 Enseñanza;Variación anual;2024M01;0,5
07 Castilla y León;10 Enseñanza;Variación en lo que va de año;2024M12;-0,2
07 Castilla y León;10 Enseñanza;Variación en lo que va de año;2024M11;-0,2
07 Castilla y León;10 Enseñanza;Variación en lo que va de año;2024M10;-0,3
07 Castilla y León;10 Enseñanza;Variación en lo que va de año;2024M09;-0,4
07 Castilla y León;10 Enseñanza;Variación en lo que va de año;2024M08;0,1
07 Castilla y León;10 Enseñanza;Variación en lo que va de año;2024M07;0,1
07 Castilla y León;10 Enseñanza;Variación en lo que va de año;2024M06;0,0
07 Castilla y León;10 Enseñanza;Variación en lo que va de año;2024M05;0,0
07 Castilla y León;10 Enseñanza;Variación en lo que va de año;2024M04;0,0
07 Castilla y León;10 Enseñanza;Variación en lo que va de año;2024M03;0,0
07 Castilla y León;10 Enseñanza;Variación en lo que va de año;2024M02;0,0
07 Castilla y León;10 Enseñanza;Variación en lo que va de año;2024M01;0,0
07 Castilla y León;11 Restaurantes y hoteles;Índice;2024M12;120,830
07 Castilla y León;11 Restaurantes y hoteles;Índice;2024M11;120,801
07 Castilla y León;11 Restaurantes y hoteles;Índice;2024M10;121,231
07 Castilla y León;11 Restaurantes y hoteles;Índice;2024M09;121,311
07 Castilla y León;11 Restaurantes y hoteles;Índice;2024M08;121,136
07 Castilla y León;11 Restaurantes y hoteles;Índice;2024M07;120,674
07 Castilla y León;11 Restaurantes y hoteles;Índice;2024M06;120,168
07 Castilla y León;11 Restaurantes y hoteles;Índice;2024M05;119,795
07 Castilla y León;11 Restaurantes y hoteles;Índice;2024M04;118,856
07 Castilla y León;11 Restaurantes y hoteles;Índice;2024M03;118,270
07 Castilla y León;11 Restaurantes y hoteles;Índice;2024M02;117,410
07 Castilla y León;11 Restaurantes y hoteles;Índice;2024M01;115,849
07 Castilla y León;11 Restaurantes y hoteles;Variación mensual;2024M12;0,0
07 Castilla y León;11 Restaurantes y hoteles;Variación mensual;2024M11;-0,4
07 Castilla y León;11 Restaurantes y hoteles;Variación mensual;2024M10;-0,1
07 Castilla y León;11 Restaurantes y hoteles;Variación mensual;2024M09;0,1
07 Castilla y León;11 Restaurantes y hoteles;Variación mensual;2024M08;0,4
07 Castilla y León;11 Restaurantes y hoteles;Variación mensual;2024M07;0,4
07 Castilla y León;11 Restaurantes y hoteles;Variación mensual;2024M06;0,3
07 Castilla y León;11 Restaurantes y hoteles;Variación mensual;2024M05;0,8
07 Castilla y León;11 Restaurantes y hoteles;Variación mensual;2024M04;0,5
07 Castilla y León;11 Restaurantes y hoteles;Variación mensual;2024M03;0,7
07 Castilla y León;11 Restaurantes y hoteles;Variación mensual;2024M02;1,3
07 Castilla y León;11 Restaurantes y hoteles;Variación mensual;2024M01;-0,7
07 Castilla y León;11 Restaurantes y hoteles;Variación anual;2024M12;3,6
07 Castilla y León;11 Restaurantes y hoteles;Variación anual;2024M11;4,3
07 Castilla y León;11 Restaurantes y hoteles;Variación anual;2024M10;4,6
07 Castilla y León;11 Restaurantes y hoteles;Variación anual;2024M09;4,9
07 Castilla y León;11 Restaurantes y hoteles;Variación anual;2024M08;4,6
07 Castilla y León;11 Restaurantes y hoteles;Variación anual;2024M07;4,8
07 Castilla y León;11 Restaurantes y hoteles;Variación anual;2024M06;4,6
07 Castilla y León;11 Restaurantes y hoteles;Variación anual;2024M05;5,4
07 Castilla y León;11 Restaurantes y hoteles;Variación anual;2024M04;4,9
07 Castilla y León;11 Restaurantes y hoteles;Variación anual;2024M03;6,0
07 Castilla y León;11 Restaurantes y hoteles;Variación anual;2024M02;6,4
07 Castilla y León;11 Restaurantes y hoteles;Variación anual;2024M01;5,9
07 Castilla y León;11 Restaurantes y hoteles;Variación en lo que va de año;2024M12;3,6
07 Castilla y León;11 Restaurantes y hoteles;Variación en lo que va de año;2024M11;3,6
07 Castilla y León;11 Restaurantes y hoteles;Variación en lo que va de año;2024M10;3,9
07 Castilla y León;11 Restaurantes y hoteles;Variación en lo que va de año;2024M09;4,0
07 Castilla y León;11 Restaurantes y hoteles;Variación en lo que va de año;2024M08;3,9
07 Castilla y León;11 Restaurantes y hoteles;Variación en lo que va de año;2024M07;3,5
07 Castilla y León;11 Restaurantes y hoteles;Variación en lo que va de año;2024M06;3,0
07 Castilla y León;11 Restaurantes y hoteles;Variación en lo que va de año;2024M05;2,7
07 Castilla y León;11 Restaurantes y hoteles;Variación en lo que va de año;2024M04;1,9
07 Castilla y León;11 Restaurantes y hoteles;Variación en lo que va de año;2024M03;1,4
07 Castilla y León;11 Restaurantes y hoteles;Variación en lo que va de año;2024M02;0,7
07 Castilla y León;11 Restaurantes y hoteles;Variación en lo que va de año;2024M01;-0,7
07 Castilla y León;12 Otros bienes y servicios;Índice;2024M12;111,509
07 Castilla y León;12 Otros bienes y servicios;Índice;2024M11;111,321
07 Castilla y León;12 Otros bienes y servicios;Índice;2024M10;111,121
07 Castilla y León;12 Otros bienes y servicios;Índice;2024M09;110,792
07 Castilla y León;12 Otros bienes y servicios;Índice;2024M08;110,844
07 Castilla y León;12 Otros bienes y servicios;Índice;2024M07;110,534
07 Castilla y León;12 Otros bienes y servicios;Índice;2024M06;110,794
07 Castilla y León;12 Otros bienes y servicios;Índice;2024M05;109,980
07 Castilla y León;12 Otros bienes y servicios;Índice;2024M04;109,795
07 Castilla y León;12 Otros bienes y servicios;Índice;2024M03;109,536
07 Castilla y León;12 Otros bienes y servicios;Índice;2024M02;109,278
07 Castilla y León;12 Otros bienes y servicios;Índice;2024M01;108,847
07 Castilla y León;12 Otros bienes y servicios;Variación mensual;2024M12;0,2
07 Castilla y León;12 Otros bienes y servicios;Variación mensual;2024M11;0,2
07 Castilla y León;12 Otros bienes y servicios;Variación mensual;2024M10;0,3
07 Castilla y León;12 Otros bienes y servicios;Variación mensual;2024M09;0,0
07 Castilla y León;12 Otros bienes y servicios;Variación mensual;2024M08;0,3
07 Castilla y León;12 Otros bienes y servicios;Variación mensual;2024M07;-0,2
07 Castilla y León;12 Otros bienes y servicios;Variación mensual;2024M06;0,7
07 Castilla y León;12 Otros bienes y servicios;Variación mensual;2024M05;0,2
07 Castilla y León;12 Otros bienes y servicios;Variación mensual;2024M04;0,2
07 Castilla y León;12 Otros bienes y servicios;Variación mensual;2024M03;0,2
07 Castilla y León;12 Otros bienes y servicios;Variación mensual;2024M02;0,4
07 Castilla y León;12 Otros bienes y servicios;Variación mensual;2024M01;0,3
07 Castilla y León;12 Otros bienes y servicios;Variación anual;2024M12;2,7
07 Castilla y León;12 Otros bienes y servicios;Variación anual;2024M11;2,7
07 Castilla y León;12 Otros bienes y servicios;Variación anual;2024M10;2,4
07 Castilla y León;12 Otros bienes y servicios;Variación anual;2024M09;2,2
07 Castilla y León;12 Otros bienes y servicios;Variación anual;2024M08;2,2
07 Castilla y León;12 Otros bienes y servicios;Variación anual;2024M07;2,2
07 Castilla y León;12 Otros bienes y servicios;Variación anual;2024M06;2,2
07 Castilla y León;12 Otros bienes y servicios;Variación anual;2024M05;2,0
07 Castilla y León;12 Otros bienes y servicios;Variación anual;2024M04;1,9
07 Castilla y León;12 Otros bienes y servicios;Variación anual;2024M03;2,2
07 Castilla y León;12 Otros bienes y servicios;Variación anual;2024M02;2,2
07 Castilla y León;12 Otros bienes y servicios;Variación anual;2024M01;2,7
07 Castilla y León;12 Otros bienes y servicios;Variación en lo que va de año;2024M12;2,7
07 Castilla y León;12 Otros bienes y servicios;Variación en lo que va de año;2024M11;2,6
07 Castilla y León;12 Otros bienes y servicios;Variación en lo que va de año;2024M10;2,4
07 Castilla y León;12 Otros bienes y servicios;Variación en lo que va de año;2024M09;2,1
07 Castilla y León;12 Otros bienes y servicios;Variación en lo que va de año;2024M08;2,1
07 Castilla y León;12 Otros bienes y servicios;Variación en lo que va de año;2024M07;1,8
07 Castilla y León;12 Otros bienes y servicios;Variación en lo que va de año;2024M06;2,1
07 Castilla y León;12 Otros bienes y servicios;Variación en lo que va de año;2024M05;1,3
07 Castilla y León;12 Otros bienes y servicios;Variación en lo que va de año;2024M04;1,2
07 Castilla y León;12 Otros bienes y servicios;Variación en lo que va de año;2024M03;0,9
07 Castilla y León;12 Otros bienes y servicios;Variación en lo que va de año;2024M02;0,7
07 Castilla y León;12 Otros bienes y servicios;Variación en lo que va de año;2024M01;0,3
08 Castilla - La Mancha;01 Alimentos y bebidas no alcohólicas;Índice;2024M12;131,773
08 Castilla - La Mancha;01 Alimentos y bebidas no alcohólicas;Índice;2024M11;131,715
08 Castilla - La Mancha;01 Alimentos y bebidas no alcohólicas;Índice;2024M10;132,144
08 Castilla - La Mancha;01 Alimentos y bebidas no alcohólicas;Índice;2024M09;130,033
08 Castilla - La Mancha;01 Alimentos y bebidas no alcohólicas;Índice;2024M08;130,425
08 Castilla - La Mancha;01 Alimentos y bebidas no alcohólicas;Índice;2024M07;131,329
08 Castilla - La Mancha;01 Alimentos y bebidas no alcohólicas;Índice;2024M06;131,642
08 Castilla - La Mancha;01 Alimentos y bebidas no alcohólicas;Índice;2024M05;131,434
08 Castilla - La Mancha;01 Alimentos y bebidas no alcohólicas;Índice;2024M04;131,368
08 Castilla - La Mancha;01 Alimentos y bebidas no alcohólicas;Índice;2024M03;130,183
08 Castilla - La Mancha;01 Alimentos y bebidas no alcohólicas;Índice;2024M02;130,327
08 Castilla - La Mancha;01 Alimentos y bebidas no alcohólicas;Índice;2024M01;130,350
08 Castilla - La Mancha;01 Alimentos y bebidas no alcohólicas;Variación mensual;2024M12;0,0
08 Castilla - La Mancha;01 Alimentos y bebidas no alcohólicas;Variación mensual;2024M11;-0,3
08 Castilla - La Mancha;01 Alimentos y bebidas no alcohólicas;Variación mensual;2024M10;1,6
08 Castilla - La Mancha;01 Alimentos y bebidas no alcohólicas;Variación mensual;2024M09;-0,3
08 Castilla - La Mancha;01 Alimentos y bebidas no alcohólicas;Variación mensual;2024M08;-0,7
08 Castilla - La Mancha;01 Alimentos y bebidas no alcohólicas;Variación mensual;2024M07;-0,2
08 Castilla - La Mancha;01 Alimentos y bebidas no alcohólicas;Variación mensual;2024M06;0,2
08 Castilla - La Mancha;01 Alimentos y bebidas no alcohólicas;Variación mensual;2024M05;0,1
08 Castilla - La Mancha;01 Alimentos y bebidas no alcohólicas;Variación mensual;2024M04;0,9
08 Castilla - La Mancha;01 Alimentos y bebidas no alcohólicas;Variación mensual;2024M03;-0,1
08 Castilla - La Mancha;01 Alimentos y bebidas no alcohólicas;Variación mensual;2024M02;0,0
08 Castilla - La Mancha;01 Alimentos y bebidas no alcohólicas;Variación mensual;2024M01;0,5
08 Castilla - La Mancha;01 Alimentos y bebidas no alcohólicas;Variación anual;2024M12;1,6
08 Castilla - La Mancha;01 Alimentos y bebidas no alcohólicas;Variación anual;2024M11;1,5
08 Castilla - La Mancha;01 Alimentos y bebidas no alcohólicas;Variación anual;2024M10;2,1
08 Castilla - La Mancha;01 Alimentos y bebidas no alcohólicas;Variación anual;2024M09;2,1
08 Castilla - La Mancha;01 Alimentos y bebidas no alcohólicas;Variación anual;2024M08;2,6
08 Castilla - La Mancha;01 Alimentos y bebidas no alcohólicas;Variación anual;2024M07;3,1
08 Castilla - La Mancha;01 Alimentos y bebidas no alcohólicas;Variación anual;2024M06;4,5
08 Castilla - La Mancha;01 Alimentos y bebidas no alcohólicas;Variación anual;2024M05;4,8
08 Castilla - La Mancha;01 Alimentos y bebidas no alcohólicas;Variación anual;2024M04;5,2
08 Castilla - La Mancha;01 Alimentos y bebidas no alcohólicas;Variación anual;2024M03;4,4
08 Castilla - La Mancha;01 Alimentos y bebidas no alcohólicas;Variación anual;2024M02;6,2
08 Castilla - La Mancha;01 Alimentos y bebidas no alcohólicas;Variación anual;2024M01;8,2
08 Castilla - La Mancha;01 Alimentos y bebidas no alcohólicas;Variación en lo que va de año;2024M12;1,6
08 Castilla - La Mancha;01 Alimentos y bebidas no alcohólicas;Variación en lo que va de año;2024M11;1,6
08 Castilla - La Mancha;01 Alimentos y bebidas no alcohólicas;Variación en lo que va de año;2024M10;1,9
08 Castilla - La Mancha;01 Alimentos y bebidas no alcohólicas;Variación en lo que va de año;2024M09;0,3
08 Castilla - La Mancha;01 Alimentos y bebidas no alcohólicas;Variación en lo que va de año;2024M08;0,6
08 Castilla - La Mancha;01 Alimentos y bebidas no alcohólicas;Variación en lo que va de año;2024M07;1,3
08 Castilla - La Mancha;01 Alimentos y bebidas no alcohólicas;Variación en lo que va de año;2024M06;1,5
08 Castilla - La Mancha;01 Alimentos y bebidas no alcohólicas;Variación en lo que va de año;2024M05;1,3
08 Castilla - La Mancha;01 Alimentos y bebidas no alcohólicas;Variación en lo que va de año;2024M04;1,3
08 Castilla - La Mancha;01 Alimentos y bebidas no alcohólicas;Variación en lo que va de año;2024M03;0,4
08 Castilla - La Mancha;01 Alimentos y bebidas no alcohólicas;Variación en lo que va de año;2024M02;0,5
08 Castilla - La Mancha;01 Alimentos y bebidas no alcohólicas;Variación en lo que va de año;2024M01;0,5
08 Castilla - La Mancha;02 Bebidas alcohólicas y tabaco;Índice;2024M12;117,736
08 Castilla - La Mancha;02 Bebidas alcohólicas y tabaco;Índice;2024M11;116,780
08 Castilla - La Mancha;02 Bebidas alcohólicas y tabaco;Índice;2024M10;116,869
08 Castilla - La Mancha;02 Bebidas alcohólicas y tabaco;Índice;2024M09;116,628
08 Castilla - La Mancha;02 Bebidas alcohólicas y tabaco;Índice;2024M08;116,493
08 Castilla - La Mancha;02 Bebidas alcohólicas y tabaco;Índice;2024M07;116,047
08 Castilla - La Mancha;02 Bebidas alcohólicas y tabaco;Índice;2024M06;116,731
08 Castilla - La Mancha;02 Bebidas alcohólicas y tabaco;Índice;2024M05;116,968
08 Castilla - La Mancha;02 Bebidas alcohólicas y tabaco;Índice;2024M04;116,940
08 Castilla - La Mancha;02 Bebidas alcohólicas y tabaco;Índice;2024M03;116,893
08 Castilla - La Mancha;02 Bebidas alcohólicas y tabaco;Índice;2024M02;116,580
08 Castilla - La Mancha;02 Bebidas alcohólicas y tabaco;Índice;2024M01;115,209
08 Castilla - La Mancha;02 Bebidas alcohólicas y tabaco;Variación mensual;2024M12;0,8
08 Castilla - La Mancha;02 Bebidas alcohólicas y tabaco;Variación mensual;2024M11;-0,1
08 Castilla - La Mancha;02 Bebidas alcohólicas y tabaco;Variación mensual;2024M10;0,2
08 Castilla - La Mancha;02 Bebidas alcohólicas y tabaco;Variación mensual;2024M09;0,1
08 Castilla - La Mancha;02 Bebidas alcohólicas y tabaco;Variación mensual;2024M08;0,4
08 Castilla - La Mancha;02 Bebidas alcohólicas y tabaco;Variación mensual;2024M07;-0,6
08 Castilla - La Mancha;02 Bebidas alcohólicas y tabaco;Variación mensual;2024M06;-0,2
08 Castilla - La Mancha;02 Bebidas alcohólicas y tabaco;Variación mensual;2024M05;0,0
08 Castilla - La Mancha;02 Bebidas alcohólicas y tabaco;Variación mensual;2024M04;0,0
08 Castilla - La Mancha;02 Bebidas alcohólicas y tabaco;Variación mensual;2024M03;0,3
08 Castilla - La Mancha;02 Bebidas alcohólicas y tabaco;Variación mensual;2024M02;1,2
08 Castilla - La Mancha;02 Bebidas alcohólicas y tabaco;Variación mensual;2024M01;2,1
08 Castilla - La Mancha;02 Bebidas alcohólicas y tabaco;Variación anual;2024M12;4,3
08 Castilla - La Mancha;02 Bebidas alcohólicas y tabaco;Variación anual;2024M11;3,2
08 Castilla - La Mancha;02 Bebidas alcohólicas y tabaco;Variación anual;2024M10;3,0
08 Castilla - La Mancha;02 Bebidas alcohólicas y tabaco;Variación anual;2024M09;2,9
08 Castilla - La Mancha;02 Bebidas alcohólicas y tabaco;Variación anual;2024M08;3,1
08 Castilla - La Mancha;02 Bebidas alcohólicas y tabaco;Variación anual;2024M07;2,8
08 Castilla - La Mancha;02 Bebidas alcohólicas y tabaco;Variación anual;2024M06;3,8
08 Castilla - La Mancha;02 Bebidas alcohólicas y tabaco;Variación anual;2024M05;4,1
08 Castilla - La Mancha;02 Bebidas alcohólicas y tabaco;Variación anual;2024M04;3,7
08 Castilla - La Mancha;02 Bebidas alcohólicas y tabaco;Variación anual;2024M03;4,2
08 Castilla - La Mancha;02 Bebidas alcohólicas y tabaco;Variación anual;2024M02;4,5
08 Castilla - La Mancha;02 Bebidas alcohólicas y tabaco;Variación anual;2024M01;4,6
08 Castilla - La Mancha;02 Bebidas alcohólicas y tabaco;Variación en lo que va de año;2024M12;4,3
08 Castilla - La Mancha;02 Bebidas alcohólicas y tabaco;Variación en lo que va de año;2024M11;3,5
08 Castilla - La Mancha;02 Bebidas alcohólicas y tabaco;Variación en lo que va de año;2024M10;3,6
08 Castilla - La Mancha;02 Bebidas alcohólicas y tabaco;Variación en lo que va de año;2024M09;3,4
08 Castilla - La Mancha;02 Bebidas alcohólicas y tabaco;Variación en lo que va de año;2024M08;3,2
08 Castilla - La Mancha;02 Bebidas alcohólicas y tabaco;Variación en lo que va de año;2024M07;2,8
08 Castilla - La Mancha;02 Bebidas alcohólicas y tabaco;Variación en lo que va de año;2024M06;3,4
08 Castilla - La Mancha;02 Bebidas alcohólicas y tabaco;Variación en lo que va de año;2024M05;3,7
08 Castilla - La Mancha;02 Bebidas alcohólicas y tabaco;Variación en lo que va de año;2024M04;3,6
08 Castilla - La Mancha;02 Bebidas alcohólicas y tabaco;Variación en lo que va de año;2024M03;3,6
08 Castilla - La Mancha;02 Bebidas alcohólicas y tabaco;Variación en lo que va de año;2024M02;3,3
08 Castilla - La Mancha;02 Bebidas alcohólicas y tabaco;Variación en lo que va de año;2024M01;2,1
08 Castilla - La Mancha;03 Vestido y calzado;Índice;2024M12;115,791
08 Castilla - La Mancha;03 Vestido y calzado;Índice;2024M11;116,357
08 Castilla - La Mancha;03 Vestido y calzado;Índice;2024M10;113,225
08 Castilla - La Mancha;03 Vestido y calzado;Índice;2024M09;103,612
08 Castilla - La Mancha;03 Vestido y calzado;Índice;2024M08;101,562
08 Castilla - La Mancha;03 Vestido y calzado;Índice;2024M07;102,739
08 Castilla - La Mancha;03 Vestido y calzado;Índice;2024M06;111,901
08 Castilla - La Mancha;03 Vestido y calzado;Índice;2024M05;112,441
08 Castilla - La Mancha;03 Vestido y calzado;Índice;2024M04;111,118
08 Castilla - La Mancha;03 Vestido y calzado;Índice;2024M03;103,368
08 Castilla - La Mancha;03 Vestido y calzado;Índice;2024M02;100,844
08 Castilla - La Mancha;03 Vestido y calzado;Índice;2024M01;102,140
08 Castilla - La Mancha;03 Vestido y calzado;Variación mensual;2024M12;-0,5
08 Castilla - La Mancha;03 Vestido y calzado;Variación mensual;2024M11;2,8
08 Castilla - La Mancha;03 Vestido y calzado;Variación mensual;2024M10;9,3
08 Castilla - La Mancha;03 Vestido y calzado;Variación mensual;2024M09;2,0
08 Castilla - La Mancha;03 Vestido y calzado;Variación mensual;2024M08;-1,1
08 Castilla - La Mancha;03 Vestido y calzado;Variación mensual;2024M07;-8,2
08 Castilla - La Mancha;03 Vestido y calzado;Variación mensual;2024M06;-0,5
08 Castilla - La Mancha;03 Vestido y calzado;Variación mensual;2024M05;1,2
08 Castilla - La Mancha;03 Vestido y calzado;Variación mensual;2024M04;7,5
08 Castilla - La Mancha;03 Vestido y calzado;Variación mensual;2024M03;2,5
08 Castilla - La Mancha;03 Vestido y calzado;Variación mensual;2024M02;-1,3
08 Castilla - La Mancha;03 Vestido y calzado;Variación mensual;2024M01;-11,0
08 Castilla - La Mancha;03 Vestido y calzado;Variación anual;2024M12;0,9
08 Castilla - La Mancha;03 Vestido y calzado;Variación anual;2024M11;1,7
08 Castilla - La Mancha;03 Vestido y calzado;Variación anual;2024M10;2,1
08 Castilla - La Mancha;03 Vestido y calzado;Variación anual;2024M09;0,1
08 Castilla - La Mancha;03 Vestido y calzado;Variación anual;2024M08;1,3
08 Castilla - La Mancha;03 Vestido y calzado;Variación anual;2024M07;1,6
08 Castilla - La Mancha;03 Vestido y calzado;Variación anual;2024M06;0,4
08 Castilla - La Mancha;03 Vestido y calzado;Variación anual;2024M05;0,2
08 Castilla - La Mancha;03 Vestido y calzado;Variación anual;2024M04;0,8
08 Castilla - La Mancha;03 Vestido y calzado;Variación anual;2024M03;1,4
08 Castilla - La Mancha;03 Vestido y calzado;Variación anual;2024M02;1,1
08 Castilla - La Mancha;03 Vestido y calzado;Variación anual;2024M01;1,3
08 Castilla - La Mancha;03 Vestido y calzado;Variación en lo que va de año;2024M12;0,9
08 Castilla - La Mancha;03 Vestido y calzado;Variación en lo que va de año;2024M11;1,4
08 Castilla - La Mancha;03 Vestido y calzado;Variación en lo que va de año;2024M10;-1,4
08 Castilla - La Mancha;03 Vestido y calzado;Variación en lo que va de año;2024M09;-9,7
08 Castilla - La Mancha;03 Vestido y calzado;Variación en lo que va de año;2024M08;-11,5
08 Castilla - La Mancha;03 Vestido y calzado;Variación en lo que va de año;2024M07;-10,5
08 Castilla - La Mancha;03 Vestido y calzado;Variación en lo que va de año;2024M06;-2,5
08 Castilla - La Mancha;03 Vestido y calzado;Variación en lo que va de año;2024M05;-2,1
08 Castilla - La Mancha;03 Vestido y calzado;Variación en lo que va de año;2024M04;-3,2
08 Castilla - La Mancha;03 Vestido y calzado;Variación en lo que va de año;2024M03;-10,0
08 Castilla - La Mancha;03 Vestido y calzado;Variación en lo que va de año;2024M02;-12,2
08 Castilla - La Mancha;03 Vestido y calzado;Variación en lo que va de año;2024M01;-11,0
08 Castilla - La Mancha;04 Vivienda, agua, electricidad, gas y otros combustibles;Índice;2024M12;112,069
08 Castilla - La Mancha;04 Vivienda, agua, electricidad, gas y otros combustibles;Índice;2024M11;111,365
08 Castilla - La Mancha;04 Vivienda, agua, electricidad, gas y otros combustibles;Índice;2024M10;109,328
08 Castilla - La Mancha;04 Vivienda, agua, electricidad, gas y otros combustibles;Índice;2024M09;108,547
08 Castilla - La Mancha;04 Vivienda, agua, electricidad, gas y otros combustibles;Índice;2024M08;109,878
08 Castilla - La Mancha;04 Vivienda, agua, electricidad, gas y otros combustibles;Índice;2024M07;109,299
08 Castilla - La Mancha;04 Vivienda, agua, electricidad, gas y otros combustibles;Índice;2024M06;111,745
08 Castilla - La Mancha;04 Vivienda, agua, electricidad, gas y otros combustibles;Índice;2024M05;110,851
08 Castilla - La Mancha;04 Vivienda, agua, electricidad, gas y otros combustibles;Índice;2024M04;110,161
08 Castilla - La Mancha;04 Vivienda, agua, electricidad, gas y otros combustibles;Índice;2024M03;109,677
08 Castilla - La Mancha;04 Vivienda, agua, electricidad, gas y otros combustibles;Índice;2024M02;107,100
08 Castilla - La Mancha;04 Vivienda, agua, electricidad, gas y otros combustibles;Índice;2024M01;108,050
08 Castilla - La Mancha;04 Vivienda, agua, electricidad, gas y otros combustibles;Variación mensual;2024M12;0,6
08 Castilla - La Mancha;04 Vivienda, agua, electricidad, gas y otros combustibles;Variación mensual;2024M11;1,9
08 Castilla - La Mancha;04 Vivienda, agua, electricidad, gas y otros combustibles;Variación mensual;2024M10;0,7
08 Castilla - La Mancha;04 Vivienda, agua, electricidad, gas y otros combustibles;Variación mensual;2024M09;-1,2
08 Castilla - La Mancha;04 Vivienda, agua, electricidad, gas y otros combustibles;Variación mensual;2024M08;0,5
08 Castilla - La Mancha;04 Vivienda, agua, electricidad, gas y otros combustibles;Variación mensual;2024M07;-2,2
08 Castilla - La Mancha;04 Vivienda, agua, electricidad, gas y otros combustibles;Variación mensual;2024M06;0,8
08 Castilla - La Mancha;04 Vivienda, agua, electricidad, gas y otros combustibles;Variación mensual;2024M05;0,6
08 Castilla - La Mancha;04 Vivienda, agua, electricidad, gas y otros combustibles;Variación mensual;2024M04;0,4
08 Castilla - La Mancha;04 Vivienda, agua, electricidad, gas y otros combustibles;Variación mensual;2024M03;2,4
08 Castilla - La Mancha;04 Vivienda, agua, electricidad, gas y otros combustibles;Variación mensual;2024M02;-0,9
08 Castilla - La Mancha;04 Vivienda, agua, electricidad, gas y otros combustibles;Variación mensual;2024M01;3,4
08 Castilla - La Mancha;04 Vivienda, agua, electricidad, gas y otros combustibles;Variación anual;2024M12;7,3
08 Castilla - La Mancha;04 Vivienda, agua, electricidad, gas y otros combustibles;Variación anual;2024M11;6,9
08 Castilla - La Mancha;04 Vivienda, agua, electricidad, gas y otros combustibles;Variación anual;2024M10;2,7
08 Castilla - La Mancha;04 Vivienda, agua, electricidad, gas y otros combustibles;Variación anual;2024M09;1,2
08 Castilla - La Mancha;04 Vivienda, agua, electricidad, gas y otros combustibles;Variación anual;2024M08;3,4
08 Castilla - La Mancha;04 Vivienda, agua, electricidad, gas y otros combustibles;Variación anual;2024M07;3,2
08 Castilla - La Mancha;04 Vivienda, agua, electricidad, gas y otros combustibles;Variación anual;2024M06;5,8
08 Castilla - La Mancha;04 Vivienda, agua, electricidad, gas y otros combustibles;Variación anual;2024M05;6,0
08 Castilla - La Mancha;04 Vivienda, agua, electricidad, gas y otros combustibles;Variación anual;2024M04;4,5
08 Castilla - La Mancha;04 Vivienda, agua, electricidad, gas y otros combustibles;Variación anual;2024M03;1,4
08 Castilla - La Mancha;04 Vivienda, agua, electricidad, gas y otros combustibles;Variación anual;2024M02;-3,2
08 Castilla - La Mancha;04 Vivienda, agua, electricidad, gas y otros combustibles;Variación anual;2024M01;0,8
08 Castilla - La Mancha;04 Vivienda, agua, electricidad, gas y otros combustibles;Variación en lo que va de año;2024M12;7,3
08 Castilla - La Mancha;04 Vivienda, agua, electricidad, gas y otros combustibles;Variación en lo que va de año;2024M11;6,6
08 Castilla - La Mancha;04 Vivienda, agua, electricidad, gas y otros combustibles;Variación en lo que va de año;2024M10;4,6
08 Castilla - La Mancha;04 Vivienda, agua, electricidad, gas y otros combustibles;Variación en lo que va de año;2024M09;3,9
08 Castilla - La Mancha;04 Vivienda, agua, electricidad, gas y otros combustibles;Variación en lo que va de año;2024M08;5,2
08 Castilla - La Mancha;04 Vivienda, agua, electricidad, gas y otros combustibles;Variación en lo que va de año;2024M07;4,6
08 Castilla - La Mancha;04 Vivienda, agua, electricidad, gas y otros combustibles;Variación en lo que va de año;2024M06;7,0
08 Castilla - La Mancha;04 Vivienda, agua, electricidad, gas y otros combustibles;Variación en lo que va de año;2024M05;6,1
08 Castilla - La Mancha;04 Vivienda, agua, electricidad, gas y otros combustibles;Variación en lo que va de año;2024M04;5,4
08 Castilla - La Mancha;04 Vivienda, agua, electricidad, gas y otros combustibles;Variación en lo que va de año;2024M03;5,0
08 Castilla - La Mancha;04 Vivienda, agua, electricidad, gas y otros combustibles;Variación en lo que va de año;2024M02;2,5
08 Castilla - La Mancha;04 Vivienda, agua, electricidad, gas y otros combustibles;Variación en lo que va de año;2024M01;3,4
08 Castilla - La Mancha;05 Muebles, artículos del hogar y artículos para el mantenimiento corriente del hogar;Índice;2024M12;112,596
08 Castilla - La Mancha;05 Muebles, artículos del hogar y artículos para el mantenimiento corriente del hogar;Índice;2024M11;112,303
08 Castilla - La Mancha;05 Muebles, artículos del hogar y artículos para el mantenimiento corriente del hogar;Índice;2024M10;112,116
08 Castilla - La Mancha;05 Muebles, artículos del hogar y artículos para el mantenimiento corriente del hogar;Índice;2024M09;111,899
08 Castilla - La Mancha;05 Muebles, artículos del hogar y artículos para el mantenimiento corriente del hogar;Índice;2024M08;112,072
08 Castilla - La Mancha;05 Muebles, artículos del hogar y artículos para el mantenimiento corriente del hogar;Índice;2024M07;112,048
08 Castilla - La Mancha;05 Muebles, artículos del hogar y artículos para el mantenimiento corriente del hogar;Índice;2024M06;112,723
08 Castilla - La Mancha;05 Muebles, artículos del hogar y artículos para el mantenimiento corriente del hogar;Índice;2024M05;112,787
08 Castilla - La Mancha;05 Muebles, artículos del hogar y artículos para el mantenimiento corriente del hogar;Índice;2024M04;113,018
08 Castilla - La Mancha;05 Muebles, artículos del hogar y artículos para el mantenimiento corriente del hogar;Índice;2024M03;112,660
08 Castilla - La Mancha;05 Muebles, artículos del hogar y artículos para el mantenimiento corriente del hogar;Índice;2024M02;112,545
08 Castilla - La Mancha;05 Muebles, artículos del hogar y artículos para el mantenimiento corriente del hogar;Índice;2024M01;112,209
08 Castilla - La Mancha;05 Muebles, artículos del hogar y artículos para el mantenimiento corriente del hogar;Variación mensual;2024M12;0,3
08 Castilla - La Mancha;05 Muebles, artículos del hogar y artículos para el mantenimiento corriente del hogar;Variación mensual;2024M11;0,2
08 Castilla - La Mancha;05 Muebles, artículos del hogar y artículos para el mantenimiento corriente del hogar;Variación mensual;2024M10;0,2
08 Castilla - La Mancha;05 Muebles, artículos del hogar y artículos para el mantenimiento corriente del hogar;Variación mensual;2024M09;-0,2
08 Castilla - La Mancha;05 Muebles, artículos del hogar y artículos para el mantenimiento corriente del hogar;Variación mensual;2024M08;0,0
08 Castilla - La Mancha;05 Muebles, artículos del hogar y artículos para el mantenimiento corriente del hogar;Variación mensual;2024M07;-0,6
08 Castilla - La Mancha;05 Muebles, artículos del hogar y artículos para el mantenimiento corriente del hogar;Variación mensual;2024M06;-0,1
08 Castilla - La Mancha;05 Muebles, artículos del hogar y artículos para el mantenimiento corriente del hogar;Variación mensual;2024M05;-0,2
08 Castilla - La Mancha;05 Muebles, artículos del hogar y artículos para el mantenimiento corriente del hogar;Variación mensual;2024M04;0,3
08 Castilla - La Mancha;05 Muebles, artículos del hogar y artículos para el mantenimiento corriente del hogar;Variación mensual;2024M03;0,1
08 Castilla - La Mancha;05 Muebles, artículos del hogar y artículos para el mantenimiento corriente del hogar;Variación mensual;2024M02;0,3
08 Castilla - La Mancha;05 Muebles, artículos del hogar y artículos para el mantenimiento corriente del hogar;Variación mensual;2024M01;-0,5
08 Castilla - La Mancha;05 Muebles, artículos del hogar y artículos para el mantenimiento corriente del hogar;Variación anual;2024M12;-0,2
08 Castilla - La Mancha;05 Muebles, artículos del hogar y artículos para el mantenimiento corriente del hogar;Variación anual;2024M11;-0,3
08 Castilla - La Mancha;05 Muebles, artículos del hogar y artículos para el mantenimiento corriente del hogar;Variación anual;2024M10;-0,3
08 Castilla - La Mancha;05 Muebles, artículos del hogar y artículos para el mantenimiento corriente del hogar;Variación anual;2024M09;0,0
08 Castilla - La Mancha;05 Muebles, artículos del hogar y artículos para el mantenimiento corriente del hogar;Variación anual;2024M08;0,3
08 Castilla - La Mancha;05 Muebles, artículos del hogar y artículos para el mantenimiento corriente del hogar;Variación anual;2024M07;0,3
08 Castilla - La Mancha;05 Muebles, artículos del hogar y artículos para el mantenimiento corriente del hogar;Variación anual;2024M06;0,3
08 Castilla - La Mancha;05 Muebles, artículos del hogar y artículos para el mantenimiento corriente del hogar;Variación anual;2024M05;0,5
08 Castilla - La Mancha;05 Muebles, artículos del hogar y artículos para el mantenimiento corriente del hogar;Variación anual;2024M04;0,9
08 Castilla - La Mancha;05 Muebles, artículos del hogar y artículos para el mantenimiento corriente del hogar;Variación anual;2024M03;1,2
08 Castilla - La Mancha;05 Muebles, artículos del hogar y artículos para el mantenimiento corriente del hogar;Variación anual;2024M02;1,5
08 Castilla - La Mancha;05 Muebles, artículos del hogar y artículos para el mantenimiento corriente del hogar;Variación anual;2024M01;1,6
08 Castilla - La Mancha;05 Muebles, artículos del hogar y artículos para el mantenimiento corriente del hogar;Variación en lo que va de año;2024M12;-0,2
08 Castilla - La Mancha;05 Muebles, artículos del hogar y artículos para el mantenimiento corriente del hogar;Variación en lo que va de año;2024M11;-0,5
08 Castilla - La Mancha;05 Muebles, artículos del hogar y artículos para el mantenimiento corriente del hogar;Variación en lo que va de año;2024M10;-0,6
08 Castilla - La Mancha;05 Muebles, artículos del hogar y artículos para el mantenimiento corriente del hogar;Variación en lo que va de año;2024M09;-0,8
08 Castilla - La Mancha;05 Muebles, artículos del hogar y artículos para el mantenimiento corriente del hogar;Variación en lo que va de año;2024M08;-0,7
08 Castilla - La Mancha;05 Muebles, artículos del hogar y artículos para el mantenimiento corriente del hogar;Variación en lo que va de año;2024M07;-0,7
08 Castilla - La Mancha;05 Muebles, artículos del hogar y artículos para el mantenimiento corriente del hogar;Variación en lo que va de año;2024M06;-0,1
08 Castilla - La Mancha;05 Muebles, artículos del hogar y artículos para el mantenimiento corriente del hogar;Variación en lo que va de año;2024M05;0,0
08 Castilla - La Mancha;05 Muebles, artículos del hogar y artículos para el mantenimiento corriente del hogar;Variación en lo que va de año;2024M04;0,2
08 Castilla - La Mancha;05 Muebles, artículos del hogar y artículos para el mantenimiento corriente del hogar;Variación en lo que va de año;2024M03;-0,1
08 Castilla - La Mancha;05 Muebles, artículos del hogar y artículos para el mantenimiento corriente del hogar;Variación en lo que va de año;2024M02;-0,2
08 Castilla - La Mancha;05 Muebles, artículos del hogar y artículos para el mantenimiento corriente del hogar;Variación en lo que va de año;2024M01;-0,5
08 Castilla - La Mancha;06 Sanidad;Índice;2024M12;105,545
08 Castilla - La Mancha;06 Sanidad;Índice;2024M11;105,506
08 Castilla - La Mancha;06 Sanidad;Índice;2024M10;104,853
08 Castilla - La Mancha;06 Sanidad;Índice;2024M09;104,906
08 Castilla - La Mancha;06 Sanidad;Índice;2024M08;105,071
08 Castilla - La Mancha;06 Sanidad;Índice;2024M07;104,972
08 Castilla - La Mancha;06 Sanidad;Índice;2024M06;104,866
08 Castilla - La Mancha;06 Sanidad;Índice;2024M05;104,547
08 Castilla - La Mancha;06 Sanidad;Índice;2024M04;104,543
08 Castilla - La Mancha;06 Sanidad;Índice;2024M03;104,208
08 Castilla - La Mancha;06 Sanidad;Índice;2024M02;104,193
08 Castilla - La Mancha;06 Sanidad;Índice;2024M01;104,165
08 Castilla - La Mancha;06 Sanidad;Variación mensual;2024M12;0,0
08 Castilla - La Mancha;06 Sanidad;Variación mensual;2024M11;0,6
08 Castilla - La Mancha;06 Sanidad;Variación mensual;2024M10;-0,1
08 Castilla - La Mancha;06 Sanidad;Variación mensual;2024M09;-0,2
08 Castilla - La Mancha;06 Sanidad;Variación mensual;2024M08;0,1
08 Castilla - La Mancha;06 Sanidad;Variación mensual;2024M07;0,1
08 Castilla - La Mancha;06 Sanidad;Variación mensual;2024M06;0,3
08 Castilla - La Mancha;06 Sanidad;Variación mensual;2024M05;0,0
08 Castilla - La Mancha;06 Sanidad;Variación mensual;2024M04;0,3
08 Castilla - La Mancha;06 Sanidad;Variación mensual;2024M03;0,0
08 Castilla - La Mancha;06 Sanidad;Variación mensual;2024M02;0,0
08 Castilla - La Mancha;06 Sanidad;Variación mensual;2024M01;0,6
08 Castilla - La Mancha;06 Sanidad;Variación anual;2024M12;1,9
08 Castilla - La Mancha;06 Sanidad;Variación anual;2024M11;2,1
08 Castilla - La Mancha;06 Sanidad;Variación anual;2024M10;1,6
08 Castilla - La Mancha;06 Sanidad;Variación anual;2024M09;1,7
08 Castilla - La Mancha;06 Sanidad;Variación anual;2024M08;1,9
08 Castilla - La Mancha;06 Sanidad;Variación anual;2024M07;1,9
08 Castilla - La Mancha;06 Sanidad;Variación anual;2024M06;2,1
08 Castilla - La Mancha;06 Sanidad;Variación anual;2024M05;2,2
08 Castilla - La Mancha;06 Sanidad;Variación anual;2024M04;2,6
08 Castilla - La Mancha;06 Sanidad;Variación anual;2024M03;2,5
08 Castilla - La Mancha;06 Sanidad;Variación anual;2024M02;2,7
08 Castilla - La Mancha;06 Sanidad;Variación anual;2024M01;2,9
08 Castilla - La Mancha;06 Sanidad;Variación en lo que va de año;2024M12;1,9
08 Castilla - La Mancha;06 Sanidad;Variación en lo que va de año;2024M11;1,9
08 Castilla - La Mancha;06 Sanidad;Variación en lo que va de año;2024M10;1,2
08 Castilla - La Mancha;06 Sanidad;Variación en lo que va de año;2024M09;1,3
08 Castilla - La Mancha;06 Sanidad;Variación en lo que va de año;2024M08;1,5
08 Castilla - La Mancha;06 Sanidad;Variación en lo que va de año;2024M07;1,4
08 Castilla - La Mancha;06 Sanidad;Variación en lo que va de año;2024M06;1,3
08 Castilla - La Mancha;06 Sanidad;Variación en lo que va de año;2024M05;0,9
08 Castilla - La Mancha;06 Sanidad;Variación en lo que va de año;2024M04;0,9
08 Castilla - La Mancha;06 Sanidad;Variación en lo que va de año;2024M03;0,6
08 Castilla - La Mancha;06 Sanidad;Variación en lo que va de año;2024M02;0,6
08 Castilla - La Mancha;06 Sanidad;Variación en lo que va de año;2024M01;0,6
08 Castilla - La Mancha;07 Transporte;Índice;2024M12;112,889
08 Castilla - La Mancha;07 Transporte;Índice;2024M11;112,276
08 Castilla - La Mancha;07 Transporte;Índice;2024M10;111,561
08 Castilla - La Mancha;07 Transporte;Índice;2024M09;111,500
08 Castilla - La Mancha;07 Transporte;Índice;2024M08;113,032
08 Castilla - La Mancha;07 Transporte;Índice;2024M07;114,135
08 Castilla - La Mancha;07 Transporte;Índice;2024M06;113,832
08 Castilla - La Mancha;07 Transporte;Índice;2024M05;114,519
08 Castilla - La Mancha;07 Transporte;Índice;2024M04;115,492
08 Castilla - La Mancha;07 Transporte;Índice;2024M03;114,720
08 Castilla - La Mancha;07 Transporte;Índice;2024M02;114,355
08 Castilla - La Mancha;07 Transporte;Índice;2024M01;112,549
08 Castilla - La Mancha;07 Transporte;Variación mensual;2024M12;0,5
08 Castilla - La Mancha;07 Transporte;Variación mensual;2024M11;0,6
08 Castilla - La Mancha;07 Transporte;Variación mensual;2024M10;0,1
08 Castilla - La Mancha;07 Transporte;Variación mensual;2024M09;-1,4
08 Castilla - La Mancha;07 Transporte;Variación mensual;2024M08;-1,0
08 Castilla - La Mancha;07 Transporte;Variación mensual;2024M07;0,3
08 Castilla - La Mancha;07 Transporte;Variación mensual;2024M06;-0,6
08 Castilla - La Mancha;07 Transporte;Variación mensual;2024M05;-0,8
08 Castilla - La Mancha;07 Transporte;Variación mensual;2024M04;0,7
08 Castilla - La Mancha;07 Transporte;Variación mensual;2024M03;0,3
08 Castilla - La Mancha;07 Transporte;Variación mensual;2024M02;1,6
08 Castilla - La Mancha;07 Transporte;Variación mensual;2024M01;0,2
08 Castilla - La Mancha;07 Transporte;Variación anual;2024M12;0,5
08 Castilla - La Mancha;07 Transporte;Variación anual;2024M11;-1,2
08 Castilla - La Mancha;07 Transporte;Variación anual;2024M10;-3,3
08 Castilla - La Mancha;07 Transporte;Variación anual;2024M09;-4,0
08 Castilla - La Mancha;07 Transporte;Variación anual;2024M08;-1,6
08 Castilla - La Mancha;07 Transporte;Variación anual;2024M07;2,2
08 Castilla - La Mancha;07 Transporte;Variación anual;2024M06;2,7
08 Castilla - La Mancha;07 Transporte;Variación anual;2024M05;3,9
08 Castilla - La Mancha;07 Transporte;Variación anual;2024M04;3,1
08 Castilla - La Mancha;07 Transporte;Variación anual;2024M03;3,0
08 Castilla - La Mancha;07 Transporte;Variación anual;2024M02;2,5
08 Castilla - La Mancha;07 Transporte;Variación anual;2024M01;0,1
08 Castilla - La Mancha;07 Transporte;Variación en lo que va de año;2024M12;0,5
08 Castilla - La Mancha;07 Transporte;Variación en lo que va de año;2024M11;-0,1
08 Castilla - La Mancha;07 Transporte;Variación en lo que va de año;2024M10;-0,7
08 Castilla - La Mancha;07 Transporte;Variación en lo que va de año;2024M09;-0,8
08 Castilla - La Mancha;07 Transporte;Variación en lo que va de año;2024M08;0,6
08 Castilla - La Mancha;07 Transporte;Variación en lo que va de año;2024M07;1,6
08 Castilla - La Mancha;07 Transporte;Variación en lo que va de año;2024M06;1,3
08 Castilla - La Mancha;07 Transporte;Variación en lo que va de año;2024M05;1,9
08 Castilla - La Mancha;07 Transporte;Variación en lo que va de año;2024M04;2,8
08 Castilla - La Mancha;07 Transporte;Variación en lo que va de año;2024M03;2,1
08 Castilla - La Mancha;07 Transporte;Variación en lo que va de año;2024M02;1,8
08 Castilla - La Mancha;07 Transporte;Variación en lo que va de año;2024M01;0,2
08 Castilla - La Mancha;08 Comunicaciones;Índice;2024M12;101,265
08 Castilla - La Mancha;08 Comunicaciones;Índice;2024M11;101,280
08 Castilla - La Mancha;08 Comunicaciones;Índice;2024M10;101,281
08 Castilla - La Mancha;08 Comunicaciones;Índice;2024M09;102,240
08 Castilla - La Mancha;08 Comunicaciones;Índice;2024M08;102,314
08 Castilla - La Mancha;08 Comunicaciones;Índice;2024M07;102,384
08 Castilla - La Mancha;08 Comunicaciones;Índice;2024M06;102,830
08 Castilla - La Mancha;08 Comunicaciones;Índice;2024M05;102,811
08 Castilla - La Mancha;08 Comunicaciones;Índice;2024M04;102,892
08 Castilla - La Mancha;08 Comunicaciones;Índice;2024M03;102,765
08 Castilla - La Mancha;08 Comunicaciones;Índice;2024M02;102,841
08 Castilla - La Mancha;08 Comunicaciones;Índice;2024M01;102,907
08 Castilla - La Mancha;08 Comunicaciones;Variación mensual;2024M12;0,0
08 Castilla - La Mancha;08 Comunicaciones;Variación mensual;2024M11;0,0
08 Castilla - La Mancha;08 Comunicaciones;Variación mensual;2024M10;-0,9
08 Castilla - La Mancha;08 Comunicaciones;Variación mensual;2024M09;-0,1
08 Castilla - La Mancha;08 Comunicaciones;Variación mensual;2024M08;-0,1
08 Castilla - La Mancha;08 Comunicaciones;Variación mensual;2024M07;-0,4
08 Castilla - La Mancha;08 Comunicaciones;Variación mensual;2024M06;0,0
08 Castilla - La Mancha;08 Comunicaciones;Variación mensual;2024M05;-0,1
08 Castilla - La Mancha;08 Comunicaciones;Variación mensual;2024M04;0,1
08 Castilla - La Mancha;08 Comunicaciones;Variación mensual;2024M03;-0,1
08 Castilla - La Mancha;08 Comunicaciones;Variación mensual;2024M02;-0,1
08 Castilla - La Mancha;08 Comunicaciones;Variación mensual;2024M01;2,0
08 Castilla - La Mancha;08 Comunicaciones;Variación anual;2024M12;0,3
08 Castilla - La Mancha;08 Comunicaciones;Variación anual;2024M11;0,2
08 Castilla - La Mancha;08 Comunicaciones;Variación anual;2024M10;0,2
08 Castilla - La Mancha;08 Comunicaciones;Variación anual;2024M09;0,0
08 Castilla - La Mancha;08 Comunicaciones;Variación anual;2024M08;-0,1
08 Castilla - La Mancha;08 Comunicaciones;Variación anual;2024M07;0,0
08 Castilla - La Mancha;08 Comunicaciones;Variación anual;2024M06;0,3
08 Castilla - La Mancha;08 Comunicaciones;Variación anual;2024M05;0,0
08 Castilla - La Mancha;08 Comunicaciones;Variación anual;2024M04;0,1
08 Castilla - La Mancha;08 Comunicaciones;Variación anual;2024M03;0,6
08 Castilla - La Mancha;08 Comunicaciones;Variación anual;2024M02;0,6
08 Castilla - La Mancha;08 Comunicaciones;Variación anual;2024M01;0,7
08 Castilla - La Mancha;08 Comunicaciones;Variación en lo que va de año;2024M12;0,3
08 Castilla - La Mancha;08 Comunicaciones;Variación en lo que va de año;2024M11;0,3
08 Castilla - La Mancha;08 Comunicaciones;Variación en lo que va de año;2024M10;0,3
08 Castilla - La Mancha;08 Comunicaciones;Variación en lo que va de año;2024M09;1,3
08 Castilla - La Mancha;08 Comunicaciones;Variación en lo que va de año;2024M08;1,4
08 Castilla - La Mancha;08 Comunicaciones;Variación en lo que va de año;2024M07;1,4
08 Castilla - La Mancha;08 Comunicaciones;Variación en lo que va de año;2024M06;1,9
08 Castilla - La Mancha;08 Comunicaciones;Variación en lo que va de año;2024M05;1,9
08 Castilla - La Mancha;08 Comunicaciones;Variación en lo que va de año;2024M04;1,9
08 Castilla - La Mancha;08 Comunicaciones;Variación en lo que va de año;2024M03;1,8
08 Castilla - La Mancha;08 Comunicaciones;Variación en lo que va de año;2024M02;1,9
08 Castilla - La Mancha;08 Comunicaciones;Variación en lo que va de año;2024M01;2,0
08 Castilla - La Mancha;09 Ocio y cultura;Índice;2024M12;108,929
08 Castilla - La Mancha;09 Ocio y cultura;Índice;2024M11;105,622
08 Castilla - La Mancha;09 Ocio y cultura;Índice;2024M10;106,809
08 Castilla - La Mancha;09 Ocio y cultura;Índice;2024M09;107,306
08 Castilla - La Mancha;09 Ocio y cultura;Índice;2024M08;111,821
08 Castilla - La Mancha;09 Ocio y cultura;Índice;2024M07;110,681
08 Castilla - La Mancha;09 Ocio y cultura;Índice;2024M06;109,156
08 Castilla - La Mancha;09 Ocio y cultura;Índice;2024M05;106,769
08 Castilla - La Mancha;09 Ocio y cultura;Índice;2024M04;106,447
08 Castilla - La Mancha;09 Ocio y cultura;Índice;2024M03;106,960
08 Castilla - La Mancha;09 Ocio y cultura;Índice;2024M02;105,305
08 Castilla - La Mancha;09 Ocio y cultura;Índice;2024M01;104,519
08 Castilla - La Mancha;09 Ocio y cultura;Variación mensual;2024M12;3,1
08 Castilla - La Mancha;09 Ocio y cultura;Variación mensual;2024M11;-1,1
08 Castilla - La Mancha;09 Ocio y cultura;Variación mensual;2024M10;-0,5
08 Castilla - La Mancha;09 Ocio y cultura;Variación mensual;2024M09;-4,0
08 Castilla - La Mancha;09 Ocio y cultura;Variación mensual;2024M08;1,0
08 Castilla - La Mancha;09 Ocio y cultura;Variación mensual;2024M07;1,4
08 Castilla - La Mancha;09 Ocio y cultura;Variación mensual;2024M06;2,2
08 Castilla - La Mancha;09 Ocio y cultura;Variación mensual;2024M05;0,3
08 Castilla - La Mancha;09 Ocio y cultura;Variación mensual;2024M04;-0,5
08 Castilla - La Mancha;09 Ocio y cultura;Variación mensual;2024M03;1,6
08 Castilla - La Mancha;09 Ocio y cultura;Variación mensual;2024M02;0,8
08 Castilla - La Mancha;09 Ocio y cultura;Variación mensual;2024M01;-2,1
08 Castilla - La Mancha;09 Ocio y cultura;Variación anual;2024M12;2,0
08 Castilla - La Mancha;09 Ocio y cultura;Variación anual;2024M11;0,9
08 Castilla - La Mancha;09 Ocio y cultura;Variación anual;2024M10;0,9
08 Castilla - La Mancha;09 Ocio y cultura;Variación anual;2024M09;-0,1
08 Castilla - La Mancha;09 Ocio y cultura;Variación anual;2024M08;0,9
08 Castilla - La Mancha;09 Ocio y cultura;Variación anual;2024M07;0,8
08 Castilla - La Mancha;09 Ocio y cultura;Variación anual;2024M06;2,3
08 Castilla - La Mancha;09 Ocio y cultura;Variación anual;2024M05;2,2
08 Castilla - La Mancha;09 Ocio y cultura;Variación anual;2024M04;1,5
08 Castilla - La Mancha;09 Ocio y cultura;Variación anual;2024M03;2,9
08 Castilla - La Mancha;09 Ocio y cultura;Variación anual;2024M02;1,9
08 Castilla - La Mancha;09 Ocio y cultura;Variación anual;2024M01;2,6
08 Castilla - La Mancha;09 Ocio y cultura;Variación en lo que va de año;2024M12;2,0
08 Castilla - La Mancha;09 Ocio y cultura;Variación en lo que va de año;2024M11;-1,1
08 Castilla - La Mancha;09 Ocio y cultura;Variación en lo que va de año;2024M10;0,0
08 Castilla - La Mancha;09 Ocio y cultura;Variación en lo que va de año;2024M09;0,5
08 Castilla - La Mancha;09 Ocio y cultura;Variación en lo que va de año;2024M08;4,7
08 Castilla - La Mancha;09 Ocio y cultura;Variación en lo que va de año;2024M07;3,7
08 Castilla - La Mancha;09 Ocio y cultura;Variación en lo que va de año;2024M06;2,2
08 Castilla - La Mancha;09 Ocio y cultura;Variación en lo que va de año;2024M05;0,0
08 Castilla - La Mancha;09 Ocio y cultura;Variación en lo que va de año;2024M04;-0,3
08 Castilla - La Mancha;09 Ocio y cultura;Variación en lo que va de año;2024M03;0,2
08 Castilla - La Mancha;09 Ocio y cultura;Variación en lo que va de año;2024M02;-1,4
08 Castilla - La Mancha;09 Ocio y cultura;Variación en lo que va de año;2024M01;-2,1
08 Castilla - La Mancha;10 Enseñanza;Índice;2024M12;109,424
08 Castilla - La Mancha;10 Enseñanza;Índice;2024M11;109,385
08 Castilla - La Mancha;10 Enseñanza;Índice;2024M10;109,275
08 Castilla - La Mancha;10 Enseñanza;Índice;2024M09;108,442
08 Castilla - La Mancha;10 Enseñanza;Índice;2024M08;107,144
08 Castilla - La Mancha;10 Enseñanza;Índice;2024M07;107,144
08 Castilla - La Mancha;10 Enseñanza;Índice;2024M06;107,144
08 Castilla - La Mancha;10 Enseñanza;Índice;2024M05;107,117
08 Castilla - La Mancha;10 Enseñanza;Índice;2024M04;107,117
08 Castilla - La Mancha;10 Enseñanza;Índice;2024M03;106,887
08 Castilla - La Mancha;10 Enseñanza;Índice;2024M02;106,887
08 Castilla - La Mancha;10 Enseñanza;Índice;2024M01;106,887
08 Castilla - La Mancha;10 Enseñanza;Variación mensual;2024M12;0,0
08 Castilla - La Mancha;10 Enseñanza;Variación mensual;2024M11;0,1
08 Castilla - La Mancha;10 Enseñanza;Variación mensual;2024M10;0,8
08 Castilla - La Mancha;10 Enseñanza;Variación mensual;2024M09;1,2
08 Castilla - La Mancha;10 Enseñanza;Variación mensual;2024M08;0,0
08 Castilla - La Mancha;10 Enseñanza;Variación mensual;2024M07;0,0
08 Castilla - La Mancha;10 Enseñanza;Variación mensual;2024M06;0,0
08 Castilla - La Mancha;10 Enseñanza;Variación mensual;2024M05;0,0
08 Castilla - La Mancha;10 Enseñanza;Variación mensual;2024M04;0,2
08 Castilla - La Mancha;10 Enseñanza;Variación mensual;2024M03;0,0
08 Castilla - La Mancha;10 Enseñanza;Variación mensual;2024M02;0,0
08 Castilla - La Mancha;10 Enseñanza;Variación mensual;2024M01;-0,1
08 Castilla - La Mancha;10 Enseñanza;Variación anual;2024M12;2,3
08 Castilla - La Mancha;10 Enseñanza;Variación anual;2024M11;2,4
08 Castilla - La Mancha;10 Enseñanza;Variación anual;2024M10;2,8
08 Castilla - La Mancha;10 Enseñanza;Variación anual;2024M09;3,4
08 Castilla - La Mancha;10 Enseñanza;Variación anual;2024M08;3,4
08 Castilla - La Mancha;10 Enseñanza;Variación anual;2024M07;3,4
08 Castilla - La Mancha;10 Enseñanza;Variación anual;2024M06;3,4
08 Castilla - La Mancha;10 Enseñanza;Variación anual;2024M05;3,4
08 Castilla - La Mancha;10 Enseñanza;Variación anual;2024M04;3,4
08 Castilla - La Mancha;10 Enseñanza;Variación anual;2024M03;3,3
08 Castilla - La Mancha;10 Enseñanza;Variación anual;2024M02;3,3
08 Castilla - La Mancha;10 Enseñanza;Variación anual;2024M01;3,3
08 Castilla - La Mancha;10 Enseñanza;Variación en lo que va de año;2024M12;2,3
08 Castilla - La Mancha;10 Enseñanza;Variación en lo que va de año;2024M11;2,3
08 Castilla - La Mancha;10 Enseñanza;Variación en lo que va de año;2024M10;2,2
08 Castilla - La Mancha;10 Enseñanza;Variación en lo que va de año;2024M09;1,4
08 Castilla - La Mancha;10 Enseñanza;Variación en lo que va de año;2024M08;0,2
08 Castilla - La Mancha;10 Enseñanza;Variación en lo que va de año;2024M07;0,2
08 Castilla - La Mancha;10 Enseñanza;Variación en lo que va de año;2024M06;0,2
08 Castilla - La Mancha;10 Enseñanza;Variación en lo que va de año;2024M05;0,2
08 Castilla - La Mancha;10 Enseñanza;Variación en lo que va de año;2024M04;0,2
08 Castilla - La Mancha;10 Enseñanza;Variación en lo que va de año;2024M03;-0,1
08 Castilla - La Mancha;10 Enseñanza;Variación en lo que va de año;2024M02;-0,1
08 Castilla - La Mancha;10 Enseñanza;Variación en lo que va de año;2024M01;-0,1
08 Castilla - La Mancha;11 Restaurantes y hoteles;Índice;2024M12;121,573
08 Castilla - La Mancha;11 Restaurantes y hoteles;Índice;2024M11;120,864
08 Castilla - La Mancha;11 Restaurantes y hoteles;Índice;2024M10;121,994
08 Castilla - La Mancha;11 Restaurantes y hoteles;Índice;2024M09;122,365
08 Castilla - La Mancha;11 Restaurantes y hoteles;Índice;2024M08;121,501
08 Castilla - La Mancha;11 Restaurantes y hoteles;Índice;2024M07;120,894
08 Castilla - La Mancha;11 Restaurantes y hoteles;Índice;2024M06;121,140
08 Castilla - La Mancha;11 Restaurantes y hoteles;Índice;2024M05;120,797
08 Castilla - La Mancha;11 Restaurantes y hoteles;Índice;2024M04;120,272
08 Castilla - La Mancha;11 Restaurantes y hoteles;Índice;2024M03;119,363
08 Castilla - La Mancha;11 Restaurantes y hoteles;Índice;2024M02;118,275
08 Castilla - La Mancha;11 Restaurantes y hoteles;Índice;2024M01;117,306
08 Castilla - La Mancha;11 Restaurantes y hoteles;Variación mensual;2024M12;0,6
08 Castilla - La Mancha;11 Restaurantes y hoteles;Variación mensual;2024M11;-0,9
08 Castilla - La Mancha;11 Restaurantes y hoteles;Variación mensual;2024M10;-0,3
08 Castilla - La Mancha;11 Restaurantes y hoteles;Variación mensual;2024M09;0,7
08 Castilla - La Mancha;11 Restaurantes y hoteles;Variación mensual;2024M08;0,5
08 Castilla - La Mancha;11 Restaurantes y hoteles;Variación mensual;2024M07;-0,2
08 Castilla - La Mancha;11 Restaurantes y hoteles;Variación mensual;2024M06;0,3
08 Castilla - La Mancha;11 Restaurantes y hoteles;Variación mensual;2024M05;0,4
08 Castilla - La Mancha;11 Restaurantes y hoteles;Variación mensual;2024M04;0,8
08 Castilla - La Mancha;11 Restaurantes y hoteles;Variación mensual;2024M03;0,9
08 Castilla - La Mancha;11 Restaurantes y hoteles;Variación mensual;2024M02;0,8
08 Castilla - La Mancha;11 Restaurantes y hoteles;Variación mensual;2024M01;-0,1
08 Castilla - La Mancha;11 Restaurantes y hoteles;Variación anual;2024M12;3,5
08 Castilla - La Mancha;11 Restaurantes y hoteles;Variación anual;2024M11;3,2
08 Castilla - La Mancha;11 Restaurantes y hoteles;Variación anual;2024M10;4,0
08 Castilla - La Mancha;11 Restaurantes y hoteles;Variación anual;2024M09;5,2
08 Castilla - La Mancha;11 Restaurantes y hoteles;Variación anual;2024M08;4,6
08 Castilla - La Mancha;11 Restaurantes y hoteles;Variación anual;2024M07;4,1
08 Castilla - La Mancha;11 Restaurantes y hoteles;Variación anual;2024M06;4,3
08 Castilla - La Mancha;11 Restaurantes y hoteles;Variación anual;2024M05;4,8
08 Castilla - La Mancha;11 Restaurantes y hoteles;Variación anual;2024M04;4,9
08 Castilla - La Mancha;11 Restaurantes y hoteles;Variación anual;2024M03;5,6
08 Castilla - La Mancha;11 Restaurantes y hoteles;Variación anual;2024M02;5,7
08 Castilla - La Mancha;11 Restaurantes y hoteles;Variación anual;2024M01;6,1
08 Castilla - La Mancha;11 Restaurantes y hoteles;Variación en lo que va de año;2024M12;3,5
08 Castilla - La Mancha;11 Restaurantes y hoteles;Variación en lo que va de año;2024M11;2,9
08 Castilla - La Mancha;11 Restaurantes y hoteles;Variación en lo que va de año;2024M10;3,9
08 Castilla - La Mancha;11 Restaurantes y hoteles;Variación en lo que va de año;2024M09;4,2
08 Castilla - La Mancha;11 Restaurantes y hoteles;Variación en lo que va de año;2024M08;3,4
08 Castilla - La Mancha;11 Restaurantes y hoteles;Variación en lo que va de año;2024M07;2,9
08 Castilla - La Mancha;11 Restaurantes y hoteles;Variación en lo que va de año;2024M06;3,1
08 Castilla - La Mancha;11 Restaurantes y hoteles;Variación en lo que va de año;2024M05;2,8
08 Castilla - La Mancha;11 Restaurantes y hoteles;Variación en lo que va de año;2024M04;2,4
08 Castilla - La Mancha;11 Restaurantes y hoteles;Variación en lo que va de año;2024M03;1,6
08 Castilla - La Mancha;11 Restaurantes y hoteles;Variación en lo que va de año;2024M02;0,7
08 Castilla - La Mancha;11 Restaurantes y hoteles;Variación en lo que va de año;2024M01;-0,1
08 Castilla - La Mancha;12 Otros bienes y servicios;Índice;2024M12;113,409
08 Castilla - La Mancha;12 Otros bienes y servicios;Índice;2024M11;113,315
08 Castilla - La Mancha;12 Otros bienes y servicios;Índice;2024M10;112,926
08 Castilla - La Mancha;12 Otros bienes y servicios;Índice;2024M09;112,524
08 Castilla - La Mancha;12 Otros bienes y servicios;Índice;2024M08;112,913
08 Castilla - La Mancha;12 Otros bienes y servicios;Índice;2024M07;112,591
08 Castilla - La Mancha;12 Otros bienes y servicios;Índice;2024M06;112,891
08 Castilla - La Mancha;12 Otros bienes y servicios;Índice;2024M05;112,093
08 Castilla - La Mancha;12 Otros bienes y servicios;Índice;2024M04;111,768
08 Castilla - La Mancha;12 Otros bienes y servicios;Índice;2024M03;111,139
08 Castilla - La Mancha;12 Otros bienes y servicios;Índice;2024M02;111,204
08 Castilla - La Mancha;12 Otros bienes y servicios;Índice;2024M01;110,555
08 Castilla - La Mancha;12 Otros bienes y servicios;Variación mensual;2024M12;0,1
08 Castilla - La Mancha;12 Otros bienes y servicios;Variación mensual;2024M11;0,3
08 Castilla - La Mancha;12 Otros bienes y servicios;Variación mensual;2024M10;0,4
08 Castilla - La Mancha;12 Otros bienes y servicios;Variación mensual;2024M09;-0,3
08 Castilla - La Mancha;12 Otros bienes y servicios;Variación mensual;2024M08;0,3
08 Castilla - La Mancha;12 Otros bienes y servicios;Variación mensual;2024M07;-0,3
08 Castilla - La Mancha;12 Otros bienes y servicios;Variación mensual;2024M06;0,7
08 Castilla - La Mancha;12 Otros bienes y servicios;Variación mensual;2024M05;0,3
08 Castilla - La Mancha;12 Otros bienes y servicios;Variación mensual;2024M04;0,6
08 Castilla - La Mancha;12 Otros bienes y servicios;Variación mensual;2024M03;-0,1
08 Castilla - La Mancha;12 Otros bienes y servicios;Variación mensual;2024M02;0,6
08 Castilla - La Mancha;12 Otros bienes y servicios;Variación mensual;2024M01;0,6
08 Castilla - La Mancha;12 Otros bienes y servicios;Variación anual;2024M12;3,2
08 Castilla - La Mancha;12 Otros bienes y servicios;Variación anual;2024M11;3,0
08 Castilla - La Mancha;12 Otros bienes y servicios;Variación anual;2024M10;3,0
08 Castilla - La Mancha;12 Otros bienes y servicios;Variación anual;2024M09;2,8
08 Castilla - La Mancha;12 Otros bienes y servicios;Variación anual;2024M08;3,4
08 Castilla - La Mancha;12 Otros bienes y servicios;Variación anual;2024M07;3,3
08 Castilla - La Mancha;12 Otros bienes y servicios;Variación anual;2024M06;3,4
08 Castilla - La Mancha;12 Otros bienes y servicios;Variación anual;2024M05;3,5
08 Castilla - La Mancha;12 Otros bienes y servicios;Variación anual;2024M04;3,1
08 Castilla - La Mancha;12 Otros bienes y servicios;Variación anual;2024M03;3,2
08 Castilla - La Mancha;12 Otros bienes y servicios;Variación anual;2024M02;3,7
08 Castilla - La Mancha;12 Otros bienes y servicios;Variación anual;2024M01;4,0
08 Castilla - La Mancha;12 Otros bienes y servicios;Variación en lo que va de año;2024M12;3,2
08 Castilla - La Mancha;12 Otros bienes y servicios;Variación en lo que va de año;2024M11;3,1
08 Castilla - La Mancha;12 Otros bienes y servicios;Variación en lo que va de año;2024M10;2,8
08 Castilla - La Mancha;12 Otros bienes y servicios;Variación en lo que va de año;2024M09;2,4
08 Castilla - La Mancha;12 Otros bienes y servicios;Variación en lo que va de año;2024M08;2,8
08 Castilla - La Mancha;12 Otros bienes y servicios;Variación en lo que va de año;2024M07;2,5
08 Castilla - La Mancha;12 Otros bienes y servicios;Variación en lo que va de año;2024M06;2,8
08 Castilla - La Mancha;12 Otros bienes y servicios;Variación en lo que va de año;2024M05;2,0
08 Castilla - La Mancha;12 Otros bienes y servicios;Variación en lo que va de año;2024M04;1,7
08 Castilla - La Mancha;12 Otros bienes y servicios;Variación en lo que va de año;2024M03;1,2
08 Castilla - La Mancha;12 Otros bienes y servicios;Variación en lo que va de año;2024M02;1,2
08 Castilla - La Mancha;12 Otros bienes y servicios;Variación en lo que va de año;2024M01;0,6
09 Cataluña;01 Alimentos y bebidas no alcohólicas;Índice;2024M12;127,168
09 Cataluña;01 Alimentos y bebidas no alcohólicas;Índice;2024M11;127,249
09 Cataluña;01 Alimentos y bebidas no alcohólicas;Índice;2024M10;126,995
09 Cataluña;01 Alimentos y bebidas no alcohólicas;Índice;2024M09;125,613
09 Cataluña;01 Alimentos y bebidas no alcohólicas;Índice;2024M08;125,760
09 Cataluña;01 Alimentos y bebidas no alcohólicas;Índice;2024M07;126,258
09 Cataluña;01 Alimentos y bebidas no alcohólicas;Índice;2024M06;126,351
09 Cataluña;01 Alimentos y bebidas no alcohólicas;Índice;2024M05;126,135
09 Cataluña;01 Alimentos y bebidas no alcohólicas;Índice;2024M04;126,151
09 Cataluña;01 Alimentos y bebidas no alcohólicas;Índice;2024M03;125,402
09 Cataluña;01 Alimentos y bebidas no alcohólicas;Índice;2024M02;125,130
09 Cataluña;01 Alimentos y bebidas no alcohólicas;Índice;2024M01;125,371
09 Cataluña;01 Alimentos y bebidas no alcohólicas;Variación mensual;2024M12;-0,1
09 Cataluña;01 Alimentos y bebidas no alcohólicas;Variación mensual;2024M11;0,2
09 Cataluña;01 Alimentos y bebidas no alcohólicas;Variación mensual;2024M10;1,1
09 Cataluña;01 Alimentos y bebidas no alcohólicas;Variación mensual;2024M09;-0,1
09 Cataluña;01 Alimentos y bebidas no alcohólicas;Variación mensual;2024M08;-0,4
09 Cataluña;01 Alimentos y bebidas no alcohólicas;Variación mensual;2024M07;-0,1
09 Cataluña;01 Alimentos y bebidas no alcohólicas;Variación mensual;2024M06;0,2
09 Cataluña;01 Alimentos y bebidas no alcohólicas;Variación mensual;2024M05;0,0
09 Cataluña;01 Alimentos y bebidas no alcohólicas;Variación mensual;2024M04;0,6
09 Cataluña;01 Alimentos y bebidas no alcohólicas;Variación mensual;2024M03;0,2
09 Cataluña;01 Alimentos y bebidas no alcohólicas;Variación mensual;2024M02;-0,2
09 Cataluña;01 Alimentos y bebidas no alcohólicas;Variación mensual;2024M01;0,5
09 Cataluña;01 Alimentos y bebidas no alcohólicas;Variación anual;2024M12;1,9
09 Cataluña;01 Alimentos y bebidas no alcohólicas;Variación anual;2024M11;2,0
09 Cataluña;01 Alimentos y bebidas no alcohólicas;Variación anual;2024M10;2,0
09 Cataluña;01 Alimentos y bebidas no alcohólicas;Variación anual;2024M09;1,9
09 Cataluña;01 Alimentos y bebidas no alcohólicas;Variación anual;2024M08;2,6
09 Cataluña;01 Alimentos y bebidas no alcohólicas;Variación anual;2024M07;3,1
09 Cataluña;01 Alimentos y bebidas no alcohólicas;Variación anual;2024M06;3,8
09 Cataluña;01 Alimentos y bebidas no alcohólicas;Variación anual;2024M05;3,8
09 Cataluña;01 Alimentos y bebidas no alcohólicas;Variación anual;2024M04;4,1
09 Cataluña;01 Alimentos y bebidas no alcohólicas;Variación anual;2024M03;3,9
09 Cataluña;01 Alimentos y bebidas no alcohólicas;Variación anual;2024M02;4,7
09 Cataluña;01 Alimentos y bebidas no alcohólicas;Variación anual;2024M01;7,0
09 Cataluña;01 Alimentos y bebidas no alcohólicas;Variación en lo que va de año;2024M12;1,9
09 Cataluña;01 Alimentos y bebidas no alcohólicas;Variación en lo que va de año;2024M11;2,0
09 Cataluña;01 Alimentos y bebidas no alcohólicas;Variación en lo que va de año;2024M10;1,8
09 Cataluña;01 Alimentos y bebidas no alcohólicas;Variación en lo que va de año;2024M09;0,7
09 Cataluña;01 Alimentos y bebidas no alcohólicas;Variación en lo que va de año;2024M08;0,8
09 Cataluña;01 Alimentos y bebidas no alcohólicas;Variación en lo que va de año;2024M07;1,2
09 Cataluña;01 Alimentos y bebidas no alcohólicas;Variación en lo que va de año;2024M06;1,3
09 Cataluña;01 Alimentos y bebidas no alcohólicas;Variación en lo que va de año;2024M05;1,1
09 Cataluña;01 Alimentos y bebidas no alcohólicas;Variación en lo que va de año;2024M04;1,1
09 Cataluña;01 Alimentos y bebidas no alcohólicas;Variación en lo que va de año;2024M03;0,5
09 Cataluña;01 Alimentos y bebidas no alcohólicas;Variación en lo que va de año;2024M02;0,3
09 Cataluña;01 Alimentos y bebidas no alcohólicas;Variación en lo que va de año;2024M01;0,5
09 Cataluña;02 Bebidas alcohólicas y tabaco;Índice;2024M12;117,029
09 Cataluña;02 Bebidas alcohólicas y tabaco;Índice;2024M11;116,845
09 Cataluña;02 Bebidas alcohólicas y tabaco;Índice;2024M10;117,075
09 Cataluña;02 Bebidas alcohólicas y tabaco;Índice;2024M09;116,595
09 Cataluña;02 Bebidas alcohólicas y tabaco;Índice;2024M08;116,550
09 Cataluña;02 Bebidas alcohólicas y tabaco;Índice;2024M07;116,316
09 Cataluña;02 Bebidas alcohólicas y tabaco;Índice;2024M06;116,010
09 Cataluña;02 Bebidas alcohólicas y tabaco;Índice;2024M05;116,534
09 Cataluña;02 Bebidas alcohólicas y tabaco;Índice;2024M04;116,461
09 Cataluña;02 Bebidas alcohólicas y tabaco;Índice;2024M03;115,944
09 Cataluña;02 Bebidas alcohólicas y tabaco;Índice;2024M02;116,092
09 Cataluña;02 Bebidas alcohólicas y tabaco;Índice;2024M01;113,780
09 Cataluña;02 Bebidas alcohólicas y tabaco;Variación mensual;2024M12;0,2
09 Cataluña;02 Bebidas alcohólicas y tabaco;Variación mensual;2024M11;-0,2
09 Cataluña;02 Bebidas alcohólicas y tabaco;Variación mensual;2024M10;0,4
09 Cataluña;02 Bebidas alcohólicas y tabaco;Variación mensual;2024M09;0,0
09 Cataluña;02 Bebidas alcohólicas y tabaco;Variación mensual;2024M08;0,2
09 Cataluña;02 Bebidas alcohólicas y tabaco;Variación mensual;2024M07;0,3
09 Cataluña;02 Bebidas alcohólicas y tabaco;Variación mensual;2024M06;-0,4
09 Cataluña;02 Bebidas alcohólicas y tabaco;Variación mensual;2024M05;0,1
09 Cataluña;02 Bebidas alcohólicas y tabaco;Variación mensual;2024M04;0,4
09 Cataluña;02 Bebidas alcohólicas y tabaco;Variación mensual;2024M03;-0,1
09 Cataluña;02 Bebidas alcohólicas y tabaco;Variación mensual;2024M02;2,0
09 Cataluña;02 Bebidas alcohólicas y tabaco;Variación mensual;2024M01;1,9
09 Cataluña;02 Bebidas alcohólicas y tabaco;Variación anual;2024M12;4,8
09 Cataluña;02 Bebidas alcohólicas y tabaco;Variación anual;2024M11;3,4
09 Cataluña;02 Bebidas alcohólicas y tabaco;Variación anual;2024M10;4,2
09 Cataluña;02 Bebidas alcohólicas y tabaco;Variación anual;2024M09;3,5
09 Cataluña;02 Bebidas alcohólicas y tabaco;Variación anual;2024M08;3,7
09 Cataluña;02 Bebidas alcohólicas y tabaco;Variación anual;2024M07;3,5
09 Cataluña;02 Bebidas alcohólicas y tabaco;Variación anual;2024M06;3,9
09 Cataluña;02 Bebidas alcohólicas y tabaco;Variación anual;2024M05;4,0
09 Cataluña;02 Bebidas alcohólicas y tabaco;Variación anual;2024M04;4,2
09 Cataluña;02 Bebidas alcohólicas y tabaco;Variación anual;2024M03;4,1
09 Cataluña;02 Bebidas alcohólicas y tabaco;Variación anual;2024M02;5,4
09 Cataluña;02 Bebidas alcohólicas y tabaco;Variación anual;2024M01;4,4
09 Cataluña;02 Bebidas alcohólicas y tabaco;Variación en lo que va de año;2024M12;4,8
09 Cataluña;02 Bebidas alcohólicas y tabaco;Variación en lo que va de año;2024M11;4,6
09 Cataluña;02 Bebidas alcohólicas y tabaco;Variación en lo que va de año;2024M10;4,8
09 Cataluña;02 Bebidas alcohólicas y tabaco;Variación en lo que va de año;2024M09;4,4
09 Cataluña;02 Bebidas alcohólicas y tabaco;Variación en lo que va de año;2024M08;4,3
09 Cataluña;02 Bebidas alcohólicas y tabaco;Variación en lo que va de año;2024M07;4,1
09 Cataluña;02 Bebidas alcohólicas y tabaco;Variación en lo que va de año;2024M06;3,9
09 Cataluña;02 Bebidas alcohólicas y tabaco;Variación en lo que va de año;2024M05;4,3
09 Cataluña;02 Bebidas alcohólicas y tabaco;Variación en lo que va de año;2024M04;4,3
09 Cataluña;02 Bebidas alcohólicas y tabaco;Variación en lo que va de año;2024M03;3,8
09 Cataluña;02 Bebidas alcohólicas y tabaco;Variación en lo que va de año;2024M02;3,9
09 Cataluña;02 Bebidas alcohólicas y tabaco;Variación en lo que va de año;2024M01;1,9
09 Cataluña;03 Vestido y calzado;Índice;2024M12;117,558
09 Cataluña;03 Vestido y calzado;Índice;2024M11;117,857
09 Cataluña;03 Vestido y calzado;Índice;2024M10;111,596
09 Cataluña;03 Vestido y calzado;Índice;2024M09;104,137
09 Cataluña;03 Vestido y calzado;Índice;2024M08;102,840
09 Cataluña;03 Vestido y calzado;Índice;2024M07;103,114
09 Cataluña;03 Vestido y calzado;Índice;2024M06;114,088
09 Cataluña;03 Vestido y calzado;Índice;2024M05;114,253
09 Cataluña;03 Vestido y calzado;Índice;2024M04;110,230
09 Cataluña;03 Vestido y calzado;Índice;2024M03;105,010
09 Cataluña;03 Vestido y calzado;Índice;2024M02;102,983
09 Cataluña;03 Vestido y calzado;Índice;2024M01;104,945
09 Cataluña;03 Vestido y calzado;Variación mensual;2024M12;-0,3
09 Cataluña;03 Vestido y calzado;Variación mensual;2024M11;5,6
09 Cataluña;03 Vestido y calzado;Variación mensual;2024M10;7,2
09 Cataluña;03 Vestido y calzado;Variación mensual;2024M09;1,3
09 Cataluña;03 Vestido y calzado;Variación mensual;2024M08;-0,3
09 Cataluña;03 Vestido y calzado;Variación mensual;2024M07;-9,6
09 Cataluña;03 Vestido y calzado;Variación mensual;2024M06;-0,1
09 Cataluña;03 Vestido y calzado;Variación mensual;2024M05;3,6
09 Cataluña;03 Vestido y calzado;Variación mensual;2024M04;5,0
09 Cataluña;03 Vestido y calzado;Variación mensual;2024M03;2,0
09 Cataluña;03 Vestido y calzado;Variación mensual;2024M02;-1,9
09 Cataluña;03 Vestido y calzado;Variación mensual;2024M01;-10,2
09 Cataluña;03 Vestido y calzado;Variación anual;2024M12;0,6
09 Cataluña;03 Vestido y calzado;Variación anual;2024M11;0,3
09 Cataluña;03 Vestido y calzado;Variación anual;2024M10;1,5
09 Cataluña;03 Vestido y calzado;Variación anual;2024M09;1,4
09 Cataluña;03 Vestido y calzado;Variación anual;2024M08;1,1
09 Cataluña;03 Vestido y calzado;Variación anual;2024M07;0,8
09 Cataluña;03 Vestido y calzado;Variación anual;2024M06;1,9
09 Cataluña;03 Vestido y calzado;Variación anual;2024M05;1,3
09 Cataluña;03 Vestido y calzado;Variación anual;2024M04;1,4
09 Cataluña;03 Vestido y calzado;Variación anual;2024M03;1,9
09 Cataluña;03 Vestido y calzado;Variación anual;2024M02;2,4
09 Cataluña;03 Vestido y calzado;Variación anual;2024M01;3,0
09 Cataluña;03 Vestido y calzado;Variación en lo que va de año;2024M12;0,6
09 Cataluña;03 Vestido y calzado;Variación en lo que va de año;2024M11;0,9
09 Cataluña;03 Vestido y calzado;Variación en lo que va de año;2024M10;-4,5
09 Cataluña;03 Vestido y calzado;Variación en lo que va de año;2024M09;-10,9
09 Cataluña;03 Vestido y calzado;Variación en lo que va de año;2024M08;-12,0
09 Cataluña;03 Vestido y calzado;Variación en lo que va de año;2024M07;-11,7
09 Cataluña;03 Vestido y calzado;Variación en lo que va de año;2024M06;-2,3
09 Cataluña;03 Vestido y calzado;Variación en lo que va de año;2024M05;-2,2
09 Cataluña;03 Vestido y calzado;Variación en lo que va de año;2024M04;-5,6
09 Cataluña;03 Vestido y calzado;Variación en lo que va de año;2024M03;-10,1
09 Cataluña;03 Vestido y calzado;Variación en lo que va de año;2024M02;-11,9
09 Cataluña;03 Vestido y calzado;Variación en lo que va de año;2024M01;-10,2
09 Cataluña;04 Vivienda, agua, electricidad, gas y otros combustibles;Índice;2024M12;109,274
09 Cataluña;04 Vivienda, agua, electricidad, gas y otros combustibles;Índice;2024M11;108,847
09 Cataluña;04 Vivienda, agua, electricidad, gas y otros combustibles;Índice;2024M10;107,492
09 Cataluña;04 Vivienda, agua, electricidad, gas y otros combustibles;Índice;2024M09;106,867
09 Cataluña;04 Vivienda, agua, electricidad, gas y otros combustibles;Índice;2024M08;107,563
09 Cataluña;04 Vivienda, agua, electricidad, gas y otros combustibles;Índice;2024M07;107,037
09 Cataluña;04 Vivienda, agua, electricidad, gas y otros combustibles;Índice;2024M06;108,797
09 Cataluña;04 Vivienda, agua, electricidad, gas y otros combustibles;Índice;2024M05;108,235
09 Cataluña;04 Vivienda, agua, electricidad, gas y otros combustibles;Índice;2024M04;107,528
09 Cataluña;04 Vivienda, agua, electricidad, gas y otros combustibles;Índice;2024M03;106,716
09 Cataluña;04 Vivienda, agua, electricidad, gas y otros combustibles;Índice;2024M02;104,130
09 Cataluña;04 Vivienda, agua, electricidad, gas y otros combustibles;Índice;2024M01;105,189
09 Cataluña;04 Vivienda, agua, electricidad, gas y otros combustibles;Variación mensual;2024M12;0,4
09 Cataluña;04 Vivienda, agua, electricidad, gas y otros combustibles;Variación mensual;2024M11;1,3
09 Cataluña;04 Vivienda, agua, electricidad, gas y otros combustibles;Variación mensual;2024M10;0,6
09 Cataluña;04 Vivienda, agua, electricidad, gas y otros combustibles;Variación mensual;2024M09;-0,6
09 Cataluña;04 Vivienda, agua, electricidad, gas y otros combustibles;Variación mensual;2024M08;0,5
09 Cataluña;04 Vivienda, agua, electricidad, gas y otros combustibles;Variación mensual;2024M07;-1,6
09 Cataluña;04 Vivienda, agua, electricidad, gas y otros combustibles;Variación mensual;2024M06;0,5
09 Cataluña;04 Vivienda, agua, electricidad, gas y otros combustibles;Variación mensual;2024M05;0,7
09 Cataluña;04 Vivienda, agua, electricidad, gas y otros combustibles;Variación mensual;2024M04;0,8
09 Cataluña;04 Vivienda, agua, electricidad, gas y otros combustibles;Variación mensual;2024M03;2,5
09 Cataluña;04 Vivienda, agua, electricidad, gas y otros combustibles;Variación mensual;2024M02;-1,0
09 Cataluña;04 Vivienda, agua, electricidad, gas y otros combustibles;Variación mensual;2024M01;3,1
09 Cataluña;04 Vivienda, agua, electricidad, gas y otros combustibles;Variación anual;2024M12;7,1
09 Cataluña;04 Vivienda, agua, electricidad, gas y otros combustibles;Variación anual;2024M11;7,0
09 Cataluña;04 Vivienda, agua, electricidad, gas y otros combustibles;Variación anual;2024M10;4,4
09 Cataluña;04 Vivienda, agua, electricidad, gas y otros combustibles;Variación anual;2024M09;3,0
09 Cataluña;04 Vivienda, agua, electricidad, gas y otros combustibles;Variación anual;2024M08;3,9
09 Cataluña;04 Vivienda, agua, electricidad, gas y otros combustibles;Variación anual;2024M07;3,0
09 Cataluña;04 Vivienda, agua, electricidad, gas y otros combustibles;Variación anual;2024M06;4,7
09 Cataluña;04 Vivienda, agua, electricidad, gas y otros combustibles;Variación anual;2024M05;4,8
09 Cataluña;04 Vivienda, agua, electricidad, gas y otros combustibles;Variación anual;2024M04;3,9
09 Cataluña;04 Vivienda, agua, electricidad, gas y otros combustibles;Variación anual;2024M03;1,0
09 Cataluña;04 Vivienda, agua, electricidad, gas y otros combustibles;Variación anual;2024M02;-3,1
09 Cataluña;04 Vivienda, agua, electricidad, gas y otros combustibles;Variación anual;2024M01;0,4
09 Cataluña;04 Vivienda, agua, electricidad, gas y otros combustibles;Variación en lo que va de año;2024M12;7,1
09 Cataluña;04 Vivienda, agua, electricidad, gas y otros combustibles;Variación en lo que va de año;2024M11;6,7
09 Cataluña;04 Vivienda, agua, electricidad, gas y otros combustibles;Variación en lo que va de año;2024M10;5,3
09 Cataluña;04 Vivienda, agua, electricidad, gas y otros combustibles;Variación en lo que va de año;2024M09;4,7
09 Cataluña;04 Vivienda, agua, electricidad, gas y otros combustibles;Variación en lo que va de año;2024M08;5,4
09 Cataluña;04 Vivienda, agua, electricidad, gas y otros combustibles;Variación en lo que va de año;2024M07;4,9
09 Cataluña;04 Vivienda, agua, electricidad, gas y otros combustibles;Variación en lo que va de año;2024M06;6,6
09 Cataluña;04 Vivienda, agua, electricidad, gas y otros combustibles;Variación en lo que va de año;2024M05;6,1
09 Cataluña;04 Vivienda, agua, electricidad, gas y otros combustibles;Variación en lo que va de año;2024M04;5,4
09 Cataluña;04 Vivienda, agua, electricidad, gas y otros combustibles;Variación en lo que va de año;2024M03;4,6
09 Cataluña;04 Vivienda, agua, electricidad, gas y otros combustibles;Variación en lo que va de año;2024M02;2,0
09 Cataluña;04 Vivienda, agua, electricidad, gas y otros combustibles;Variación en lo que va de año;2024M01;3,1
09 Cataluña;05 Muebles, artículos del hogar y artículos para el mantenimiento corriente del hogar;Índice;2024M12;113,361
09 Cataluña;05 Muebles, artículos del hogar y artículos para el mantenimiento corriente del hogar;Índice;2024M11;113,152
09 Cataluña;05 Muebles, artículos del hogar y artículos para el mantenimiento corriente del hogar;Índice;2024M10;112,992
09 Cataluña;05 Muebles, artículos del hogar y artículos para el mantenimiento corriente del hogar;Índice;2024M09;112,664
09 Cataluña;05 Muebles, artículos del hogar y artículos para el mantenimiento corriente del hogar;Índice;2024M08;112,813
09 Cataluña;05 Muebles, artículos del hogar y artículos para el mantenimiento corriente del hogar;Índice;2024M07;112,825
09 Cataluña;05 Muebles, artículos del hogar y artículos para el mantenimiento corriente del hogar;Índice;2024M06;113,296
09 Cataluña;05 Muebles, artículos del hogar y artículos para el mantenimiento corriente del hogar;Índice;2024M05;113,453
09 Cataluña;05 Muebles, artículos del hogar y artículos para el mantenimiento corriente del hogar;Índice;2024M04;113,542
09 Cataluña;05 Muebles, artículos del hogar y artículos para el mantenimiento corriente del hogar;Índice;2024M03;113,031
09 Cataluña;05 Muebles, artículos del hogar y artículos para el mantenimiento corriente del hogar;Índice;2024M02;112,740
09 Cataluña;05 Muebles, artículos del hogar y artículos para el mantenimiento corriente del hogar;Índice;2024M01;112,427
09 Cataluña;05 Muebles, artículos del hogar y artículos para el mantenimiento corriente del hogar;Variación mensual;2024M12;0,2
09 Cataluña;05 Muebles, artículos del hogar y artículos para el mantenimiento corriente del hogar;Variación mensual;2024M11;0,1
09 Cataluña;05 Muebles, artículos del hogar y artículos para el mantenimiento corriente del hogar;Variación mensual;2024M10;0,3
09 Cataluña;05 Muebles, artículos del hogar y artículos para el mantenimiento corriente del hogar;Variación mensual;2024M09;-0,1
09 Cataluña;05 Muebles, artículos del hogar y artículos para el mantenimiento corriente del hogar;Variación mensual;2024M08;0,0
09 Cataluña;05 Muebles, artículos del hogar y artículos para el mantenimiento corriente del hogar;Variación mensual;2024M07;-0,4
09 Cataluña;05 Muebles, artículos del hogar y artículos para el mantenimiento corriente del hogar;Variación mensual;2024M06;-0,1
09 Cataluña;05 Muebles, artículos del hogar y artículos para el mantenimiento corriente del hogar;Variación mensual;2024M05;-0,1
09 Cataluña;05 Muebles, artículos del hogar y artículos para el mantenimiento corriente del hogar;Variación mensual;2024M04;0,5
09 Cataluña;05 Muebles, artículos del hogar y artículos para el mantenimiento corriente del hogar;Variación mensual;2024M03;0,3
09 Cataluña;05 Muebles, artículos del hogar y artículos para el mantenimiento corriente del hogar;Variación mensual;2024M02;0,3
09 Cataluña;05 Muebles, artículos del hogar y artículos para el mantenimiento corriente del hogar;Variación mensual;2024M01;-0,5
09 Cataluña;05 Muebles, artículos del hogar y artículos para el mantenimiento corriente del hogar;Variación anual;2024M12;0,3
09 Cataluña;05 Muebles, artículos del hogar y artículos para el mantenimiento corriente del hogar;Variación anual;2024M11;0,2
09 Cataluña;05 Muebles, artículos del hogar y artículos para el mantenimiento corriente del hogar;Variación anual;2024M10;0,2
09 Cataluña;05 Muebles, artículos del hogar y artículos para el mantenimiento corriente del hogar;Variación anual;2024M09;0,3
09 Cataluña;05 Muebles, artículos del hogar y artículos para el mantenimiento corriente del hogar;Variación anual;2024M08;0,4
09 Cataluña;05 Muebles, artículos del hogar y artículos para el mantenimiento corriente del hogar;Variación anual;2024M07;0,7
09 Cataluña;05 Muebles, artículos del hogar y artículos para el mantenimiento corriente del hogar;Variación anual;2024M06;0,5
09 Cataluña;05 Muebles, artículos del hogar y artículos para el mantenimiento corriente del hogar;Variación anual;2024M05;1,0
09 Cataluña;05 Muebles, artículos del hogar y artículos para el mantenimiento corriente del hogar;Variación anual;2024M04;1,4
09 Cataluña;05 Muebles, artículos del hogar y artículos para el mantenimiento corriente del hogar;Variación anual;2024M03;1,3
09 Cataluña;05 Muebles, artículos del hogar y artículos para el mantenimiento corriente del hogar;Variación anual;2024M02;2,0
09 Cataluña;05 Muebles, artículos del hogar y artículos para el mantenimiento corriente del hogar;Variación anual;2024M01;2,0
09 Cataluña;05 Muebles, artículos del hogar y artículos para el mantenimiento corriente del hogar;Variación en lo que va de año;2024M12;0,3
09 Cataluña;05 Muebles, artículos del hogar y artículos para el mantenimiento corriente del hogar;Variación en lo que va de año;2024M11;0,1
09 Cataluña;05 Muebles, artículos del hogar y artículos para el mantenimiento corriente del hogar;Variación en lo que va de año;2024M10;0,0
09 Cataluña;05 Muebles, artículos del hogar y artículos para el mantenimiento corriente del hogar;Variación en lo que va de año;2024M09;-0,3
09 Cataluña;05 Muebles, artículos del hogar y artículos para el mantenimiento corriente del hogar;Variación en lo que va de año;2024M08;-0,2
09 Cataluña;05 Muebles, artículos del hogar y artículos para el mantenimiento corriente del hogar;Variación en lo que va de año;2024M07;-0,2
09 Cataluña;05 Muebles, artículos del hogar y artículos para el mantenimiento corriente del hogar;Variación en lo que va de año;2024M06;0,2
09 Cataluña;05 Muebles, artículos del hogar y artículos para el mantenimiento corriente del hogar;Variación en lo que va de año;2024M05;0,4
09 Cataluña;05 Muebles, artículos del hogar y artículos para el mantenimiento corriente del hogar;Variación en lo que va de año;2024M04;0,4
09 Cataluña;05 Muebles, artículos del hogar y artículos para el mantenimiento corriente del hogar;Variación en lo que va de año;2024M03;0,0
09 Cataluña;05 Muebles, artículos del hogar y artículos para el mantenimiento corriente del hogar;Variación en lo que va de año;2024M02;-0,3
09 Cataluña;05 Muebles, artículos del hogar y artículos para el mantenimiento corriente del hogar;Variación en lo que va de año;2024M01;-0,5
09 Cataluña;06 Sanidad;Índice;2024M12;106,900
09 Cataluña;06 Sanidad;Índice;2024M11;106,990
09 Cataluña;06 Sanidad;Índice;2024M10;106,904
09 Cataluña;06 Sanidad;Índice;2024M09;106,974
09 Cataluña;06 Sanidad;Índice;2024M08;107,085
09 Cataluña;06 Sanidad;Índice;2024M07;107,083
09 Cataluña;06 Sanidad;Índice;2024M06;106,993
09 Cataluña;06 Sanidad;Índice;2024M05;106,929
09 Cataluña;06 Sanidad;Índice;2024M04;106,523
09 Cataluña;06 Sanidad;Índice;2024M03;106,323
09 Cataluña;06 Sanidad;Índice;2024M02;105,840
09 Cataluña;06 Sanidad;Índice;2024M01;105,486
09 Cataluña;06 Sanidad;Variación mensual;2024M12;-0,1
09 Cataluña;06 Sanidad;Variación mensual;2024M11;0,1
09 Cataluña;06 Sanidad;Variación mensual;2024M10;-0,1
09 Cataluña;06 Sanidad;Variación mensual;2024M09;-0,1
09 Cataluña;06 Sanidad;Variación mensual;2024M08;0,0
09 Cataluña;06 Sanidad;Variación mensual;2024M07;0,1
09 Cataluña;06 Sanidad;Variación mensual;2024M06;0,1
09 Cataluña;06 Sanidad;Variación mensual;2024M05;0,4
09 Cataluña;06 Sanidad;Variación mensual;2024M04;0,2
09 Cataluña;06 Sanidad;Variación mensual;2024M03;0,5
09 Cataluña;06 Sanidad;Variación mensual;2024M02;0,3
09 Cataluña;06 Sanidad;Variación mensual;2024M01;0,0
09 Cataluña;06 Sanidad;Variación anual;2024M12;1,4
09 Cataluña;06 Sanidad;Variación anual;2024M11;1,7
09 Cataluña;06 Sanidad;Variación anual;2024M10;1,7
09 Cataluña;06 Sanidad;Variación anual;2024M09;1,8
09 Cataluña;06 Sanidad;Variación anual;2024M08;1,9
09 Cataluña;06 Sanidad;Variación anual;2024M07;1,9
09 Cataluña;06 Sanidad;Variación anual;2024M06;2,4
09 Cataluña;06 Sanidad;Variación anual;2024M05;2,6
09 Cataluña;06 Sanidad;Variación anual;2024M04;2,4
09 Cataluña;06 Sanidad;Variación anual;2024M03;2,6
09 Cataluña;06 Sanidad;Variación anual;2024M02;2,6
09 Cataluña;06 Sanidad;Variación anual;2024M01;2,4
09 Cataluña;06 Sanidad;Variación en lo que va de año;2024M12;1,4
09 Cataluña;06 Sanidad;Variación en lo que va de año;2024M11;1,5
09 Cataluña;06 Sanidad;Variación en lo que va de año;2024M10;1,4
09 Cataluña;06 Sanidad;Variación en lo que va de año;2024M09;1,5
09 Cataluña;06 Sanidad;Variación en lo que va de año;2024M08;1,6
09 Cataluña;06 Sanidad;Variación en lo que va de año;2024M07;1,6
09 Cataluña;06 Sanidad;Variación en lo que va de año;2024M06;1,5
09 Cataluña;06 Sanidad;Variación en lo que va de año;2024M05;1,4
09 Cataluña;06 Sanidad;Variación en lo que va de año;2024M04;1,0
09 Cataluña;06 Sanidad;Variación en lo que va de año;2024M03;0,8
09 Cataluña;06 Sanidad;Variación en lo que va de año;2024M02;0,4
09 Cataluña;06 Sanidad;Variación en lo que va de año;2024M01;0,0
09 Cataluña;07 Transporte;Índice;2024M12;112,317
09 Cataluña;07 Transporte;Índice;2024M11;112,247
09 Cataluña;07 Transporte;Índice;2024M10;111,560
09 Cataluña;07 Transporte;Índice;2024M09;111,200
09 Cataluña;07 Transporte;Índice;2024M08;113,344
09 Cataluña;07 Transporte;Índice;2024M07;114,303
09 Cataluña;07 Transporte;Índice;2024M06;114,122
09 Cataluña;07 Transporte;Índice;2024M05;114,482
09 Cataluña;07 Transporte;Índice;2024M04;115,174
09 Cataluña;07 Transporte;Índice;2024M03;114,462
09 Cataluña;07 Transporte;Índice;2024M02;113,598
09 Cataluña;07 Transporte;Índice;2024M01;111,882
09 Cataluña;07 Transporte;Variación mensual;2024M12;0,1
09 Cataluña;07 Transporte;Variación mensual;2024M11;0,6
09 Cataluña;07 Transporte;Variación mensual;2024M10;0,3
09 Cataluña;07 Transporte;Variación mensual;2024M09;-1,9
09 Cataluña;07 Transporte;Variación mensual;2024M08;-0,8
09 Cataluña;07 Transporte;Variación mensual;2024M07;0,2
09 Cataluña;07 Transporte;Variación mensual;2024M06;-0,3
09 Cataluña;07 Transporte;Variación mensual;2024M05;-0,6
09 Cataluña;07 Transporte;Variación mensual;2024M04;0,6
09 Cataluña;07 Transporte;Variación mensual;2024M03;0,8
09 Cataluña;07 Transporte;Variación mensual;2024M02;1,5
09 Cataluña;07 Transporte;Variación mensual;2024M01;0,1
09 Cataluña;07 Transporte;Variación anual;2024M12;0,5
09 Cataluña;07 Transporte;Variación anual;2024M11;-0,5
09 Cataluña;07 Transporte;Variación anual;2024M10;-2,7
09 Cataluña;07 Transporte;Variación anual;2024M09;-3,8
09 Cataluña;07 Transporte;Variación anual;2024M08;-1,1
09 Cataluña;07 Transporte;Variación anual;2024M07;2,8
09 Cataluña;07 Transporte;Variación anual;2024M06;3,3
09 Cataluña;07 Transporte;Variación anual;2024M05;4,3
09 Cataluña;07 Transporte;Variación anual;2024M04;3,4
09 Cataluña;07 Transporte;Variación anual;2024M03;3,6
09 Cataluña;07 Transporte;Variación anual;2024M02;2,8
09 Cataluña;07 Transporte;Variación anual;2024M01;0,7
09 Cataluña;07 Transporte;Variación en lo que va de año;2024M12;0,5
09 Cataluña;07 Transporte;Variación en lo que va de año;2024M11;0,4
09 Cataluña;07 Transporte;Variación en lo que va de año;2024M10;-0,2
09 Cataluña;07 Transporte;Variación en lo que va de año;2024M09;-0,5
09 Cataluña;07 Transporte;Variación en lo que va de año;2024M08;1,4
09 Cataluña;07 Transporte;Variación en lo que va de año;2024M07;2,3
09 Cataluña;07 Transporte;Variación en lo que va de año;2024M06;2,1
09 Cataluña;07 Transporte;Variación en lo que va de año;2024M05;2,4
09 Cataluña;07 Transporte;Variación en lo que va de año;2024M04;3,1
09 Cataluña;07 Transporte;Variación en lo que va de año;2024M03;2,4
09 Cataluña;07 Transporte;Variación en lo que va de año;2024M02;1,7
09 Cataluña;07 Transporte;Variación en lo que va de año;2024M01;0,1
09 Cataluña;08 Comunicaciones;Índice;2024M12;100,558
09 Cataluña;08 Comunicaciones;Índice;2024M11;100,577
09 Cataluña;08 Comunicaciones;Índice;2024M10;100,578
09 Cataluña;08 Comunicaciones;Índice;2024M09;101,547
09 Cataluña;08 Comunicaciones;Índice;2024M08;101,643
09 Cataluña;08 Comunicaciones;Índice;2024M07;101,733
09 Cataluña;08 Comunicaciones;Índice;2024M06;102,222
09 Cataluña;08 Comunicaciones;Índice;2024M05;102,198
09 Cataluña;08 Comunicaciones;Índice;2024M04;102,303
09 Cataluña;08 Comunicaciones;Índice;2024M03;102,204
09 Cataluña;08 Comunicaciones;Índice;2024M02;102,303
09 Cataluña;08 Comunicaciones;Índice;2024M01;102,388
09 Cataluña;08 Comunicaciones;Variación mensual;2024M12;0,0
09 Cataluña;08 Comunicaciones;Variación mensual;2024M11;0,0
09 Cataluña;08 Comunicaciones;Variación mensual;2024M10;-1,0
09 Cataluña;08 Comunicaciones;Variación mensual;2024M09;-0,1
09 Cataluña;08 Comunicaciones;Variación mensual;2024M08;-0,1
09 Cataluña;08 Comunicaciones;Variación mensual;2024M07;-0,5
09 Cataluña;08 Comunicaciones;Variación mensual;2024M06;0,0
09 Cataluña;08 Comunicaciones;Variación mensual;2024M05;-0,1
09 Cataluña;08 Comunicaciones;Variación mensual;2024M04;0,1
09 Cataluña;08 Comunicaciones;Variación mensual;2024M03;-0,1
09 Cataluña;08 Comunicaciones;Variación mensual;2024M02;-0,1
09 Cataluña;08 Comunicaciones;Variación mensual;2024M01;1,9
09 Cataluña;08 Comunicaciones;Variación anual;2024M12;0,1
09 Cataluña;08 Comunicaciones;Variación anual;2024M11;0,0
09 Cataluña;08 Comunicaciones;Variación anual;2024M10;-0,1
09 Cataluña;08 Comunicaciones;Variación anual;2024M09;-0,3
09 Cataluña;08 Comunicaciones;Variación anual;2024M08;-0,4
09 Cataluña;08 Comunicaciones;Variación anual;2024M07;-0,2
09 Cataluña;08 Comunicaciones;Variación anual;2024M06;0,1
09 Cataluña;08 Comunicaciones;Variación anual;2024M05;-0,3
09 Cataluña;08 Comunicaciones;Variación anual;2024M04;-0,2
09 Cataluña;08 Comunicaciones;Variación anual;2024M03;0,3
09 Cataluña;08 Comunicaciones;Variación anual;2024M02;0,3
09 Cataluña;08 Comunicaciones;Variación anual;2024M01;0,5
09 Cataluña;08 Comunicaciones;Variación en lo que va de año;2024M12;0,1
09 Cataluña;08 Comunicaciones;Variación en lo que va de año;2024M11;0,1
09 Cataluña;08 Comunicaciones;Variación en lo que va de año;2024M10;0,1
09 Cataluña;08 Comunicaciones;Variación en lo que va de año;2024M09;1,1
09 Cataluña;08 Comunicaciones;Variación en lo que va de año;2024M08;1,2
09 Cataluña;08 Comunicaciones;Variación en lo que va de año;2024M07;1,2
09 Cataluña;08 Comunicaciones;Variación en lo que va de año;2024M06;1,7
09 Cataluña;08 Comunicaciones;Variación en lo que va de año;2024M05;1,7
09 Cataluña;08 Comunicaciones;Variación en lo que va de año;2024M04;1,8
09 Cataluña;08 Comunicaciones;Variación en lo que va de año;2024M03;1,7
09 Cataluña;08 Comunicaciones;Variación en lo que va de año;2024M02;1,8
09 Cataluña;08 Comunicaciones;Variación en lo que va de año;2024M01;1,9
09 Cataluña;09 Ocio y cultura;Índice;2024M12;113,320
09 Cataluña;09 Ocio y cultura;Índice;2024M11;108,854
09 Cataluña;09 Ocio y cultura;Índice;2024M10;110,325
09 Cataluña;09 Ocio y cultura;Índice;2024M09;110,821
09 Cataluña;09 Ocio y cultura;Índice;2024M08;116,693
09 Cataluña;09 Ocio y cultura;Índice;2024M07;114,923
09 Cataluña;09 Ocio y cultura;Índice;2024M06;112,852
09 Cataluña;09 Ocio y cultura;Índice;2024M05;110,095
09 Cataluña;09 Ocio y cultura;Índice;2024M04;109,317
09 Cataluña;09 Ocio y cultura;Índice;2024M03;109,881
09 Cataluña;09 Ocio y cultura;Índice;2024M02;107,750
09 Cataluña;09 Ocio y cultura;Índice;2024M01;106,558
09 Cataluña;09 Ocio y cultura;Variación mensual;2024M12;4,1
09 Cataluña;09 Ocio y cultura;Variación mensual;2024M11;-1,3
09 Cataluña;09 Ocio y cultura;Variación mensual;2024M10;-0,4
09 Cataluña;09 Ocio y cultura;Variación mensual;2024M09;-5,0
09 Cataluña;09 Ocio y cultura;Variación mensual;2024M08;1,5
09 Cataluña;09 Ocio y cultura;Variación mensual;2024M07;1,8
09 Cataluña;09 Ocio y cultura;Variación mensual;2024M06;2,5
09 Cataluña;09 Ocio y cultura;Variación mensual;2024M05;0,7
09 Cataluña;09 Ocio y cultura;Variación mensual;2024M04;-0,5
09 Cataluña;09 Ocio y cultura;Variación mensual;2024M03;2,0
09 Cataluña;09 Ocio y cultura;Variación mensual;2024M02;1,1
09 Cataluña;09 Ocio y cultura;Variación mensual;2024M01;-2,5
09 Cataluña;09 Ocio y cultura;Variación anual;2024M12;3,7
09 Cataluña;09 Ocio y cultura;Variación anual;2024M11;2,5
09 Cataluña;09 Ocio y cultura;Variación anual;2024M10;1,4
09 Cataluña;09 Ocio y cultura;Variación anual;2024M09;1,1
09 Cataluña;09 Ocio y cultura;Variación anual;2024M08;2,3
09 Cataluña;09 Ocio y cultura;Variación anual;2024M07;1,7
09 Cataluña;09 Ocio y cultura;Variación anual;2024M06;3,3
09 Cataluña;09 Ocio y cultura;Variación anual;2024M05;3,0
09 Cataluña;09 Ocio y cultura;Variación anual;2024M04;1,7
09 Cataluña;09 Ocio y cultura;Variación anual;2024M03;3,7
09 Cataluña;09 Ocio y cultura;Variación anual;2024M02;3,1
09 Cataluña;09 Ocio y cultura;Variación anual;2024M01;3,5
09 Cataluña;09 Ocio y cultura;Variación en lo que va de año;2024M12;3,7
09 Cataluña;09 Ocio y cultura;Variación en lo que va de año;2024M11;-0,4
09 Cataluña;09 Ocio y cultura;Variación en lo que va de año;2024M10;1,0
09 Cataluña;09 Ocio y cultura;Variación en lo que va de año;2024M09;1,4
09 Cataluña;09 Ocio y cultura;Variación en lo que va de año;2024M08;6,8
09 Cataluña;09 Ocio y cultura;Variación en lo que va de año;2024M07;5,2
09 Cataluña;09 Ocio y cultura;Variación en lo que va de año;2024M06;3,3
09 Cataluña;09 Ocio y cultura;Variación en lo que va de año;2024M05;0,8
09 Cataluña;09 Ocio y cultura;Variación en lo que va de año;2024M04;0,1
09 Cataluña;09 Ocio y cultura;Variación en lo que va de año;2024M03;0,6
09 Cataluña;09 Ocio y cultura;Variación en lo que va de año;2024M02;-1,4
09 Cataluña;09 Ocio y cultura;Variación en lo que va de año;2024M01;-2,5
09 Cataluña;10 Enseñanza;Índice;2024M12;107,966
09 Cataluña;10 Enseñanza;Índice;2024M11;107,837
09 Cataluña;10 Enseñanza;Índice;2024M10;107,738
09 Cataluña;10 Enseñanza;Índice;2024M09;106,259
09 Cataluña;10 Enseñanza;Índice;2024M08;105,059
09 Cataluña;10 Enseñanza;Índice;2024M07;105,059
09 Cataluña;10 Enseñanza;Índice;2024M06;105,059
09 Cataluña;10 Enseñanza;Índice;2024M05;105,059
09 Cataluña;10 Enseñanza;Índice;2024M04;105,059
09 Cataluña;10 Enseñanza;Índice;2024M03;105,059
09 Cataluña;10 Enseñanza;Índice;2024M02;105,059
09 Cataluña;10 Enseñanza;Índice;2024M01;105,059
09 Cataluña;10 Enseñanza;Variación mensual;2024M12;0,1
09 Cataluña;10 Enseñanza;Variación mensual;2024M11;0,1
09 Cataluña;10 Enseñanza;Variación mensual;2024M10;1,4
09 Cataluña;10 Enseñanza;Variación mensual;2024M09;1,1
09 Cataluña;10 Enseñanza;Variación mensual;2024M08;0,0
09 Cataluña;10 Enseñanza;Variación mensual;2024M07;0,0
09 Cataluña;10 Enseñanza;Variación mensual;2024M06;0,0
09 Cataluña;10 Enseñanza;Variación mensual;2024M05;0,0
09 Cataluña;10 Enseñanza;Variación mensual;2024M04;0,0
09 Cataluña;10 Enseñanza;Variación mensual;2024M03;0,0
09 Cataluña;10 Enseñanza;Variación mensual;2024M02;0,0
09 Cataluña;10 Enseñanza;Variación mensual;2024M01;0,0
09 Cataluña;10 Enseñanza;Variación anual;2024M12;2,8
09 Cataluña;10 Enseñanza;Variación anual;2024M11;2,7
09 Cataluña;10 Enseñanza;Variación anual;2024M10;2,7
09 Cataluña;10 Enseñanza;Variación anual;2024M09;2,8
09 Cataluña;10 Enseñanza;Variación anual;2024M08;3,3
09 Cataluña;10 Enseñanza;Variación anual;2024M07;3,3
09 Cataluña;10 Enseñanza;Variación anual;2024M06;3,3
09 Cataluña;10 Enseñanza;Variación anual;2024M05;3,3
09 Cataluña;10 Enseñanza;Variación anual;2024M04;3,3
09 Cataluña;10 Enseñanza;Variación anual;2024M03;3,3
09 Cataluña;10 Enseñanza;Variación anual;2024M02;3,3
09 Cataluña;10 Enseñanza;Variación anual;2024M01;3,3
09 Cataluña;10 Enseñanza;Variación en lo que va de año;2024M12;2,8
09 Cataluña;10 Enseñanza;Variación en lo que va de año;2024M11;2,7
09 Cataluña;10 Enseñanza;Variación en lo que va de año;2024M10;2,6
09 Cataluña;10 Enseñanza;Variación en lo que va de año;2024M09;1,2
09 Cataluña;10 Enseñanza;Variación en lo que va de año;2024M08;0,0
09 Cataluña;10 Enseñanza;Variación en lo que va de año;2024M07;0,0
09 Cataluña;10 Enseñanza;Variación en lo que va de año;2024M06;0,0
09 Cataluña;10 Enseñanza;Variación en lo que va de año;2024M05;0,0
09 Cataluña;10 Enseñanza;Variación en lo que va de año;2024M04;0,0
09 Cataluña;10 Enseñanza;Variación en lo que va de año;2024M03;0,0
09 Cataluña;10 Enseñanza;Variación en lo que va de año;2024M02;0,0
09 Cataluña;10 Enseñanza;Variación en lo que va de año;2024M01;0,0
09 Cataluña;11 Restaurantes y hoteles;Índice;2024M12;117,573
09 Cataluña;11 Restaurantes y hoteles;Índice;2024M11;117,918
09 Cataluña;11 Restaurantes y hoteles;Índice;2024M10;118,944
09 Cataluña;11 Restaurantes y hoteles;Índice;2024M09;120,072
09 Cataluña;11 Restaurantes y hoteles;Índice;2024M08;119,195
09 Cataluña;11 Restaurantes y hoteles;Índice;2024M07;119,027
09 Cataluña;11 Restaurantes y hoteles;Índice;2024M06;118,645
09 Cataluña;11 Restaurantes y hoteles;Índice;2024M05;117,400
09 Cataluña;11 Restaurantes y hoteles;Índice;2024M04;116,265
09 Cataluña;11 Restaurantes y hoteles;Índice;2024M03;115,312
09 Cataluña;11 Restaurantes y hoteles;Índice;2024M02;114,466
09 Cataluña;11 Restaurantes y hoteles;Índice;2024M01;113,179
09 Cataluña;11 Restaurantes y hoteles;Variación mensual;2024M12;-0,3
09 Cataluña;11 Restaurantes y hoteles;Variación mensual;2024M11;-0,9
09 Cataluña;11 Restaurantes y hoteles;Variación mensual;2024M10;-0,9
09 Cataluña;11 Restaurantes y hoteles;Variación mensual;2024M09;0,7
09 Cataluña;11 Restaurantes y hoteles;Variación mensual;2024M08;0,1
09 Cataluña;11 Restaurantes y hoteles;Variación mensual;2024M07;0,3
09 Cataluña;11 Restaurantes y hoteles;Variación mensual;2024M06;1,1
09 Cataluña;11 Restaurantes y hoteles;Variación mensual;2024M05;1,0
09 Cataluña;11 Restaurantes y hoteles;Variación mensual;2024M04;0,8
09 Cataluña;11 Restaurantes y hoteles;Variación mensual;2024M03;0,7
09 Cataluña;11 Restaurantes y hoteles;Variación mensual;2024M02;1,1
09 Cataluña;11 Restaurantes y hoteles;Variación mensual;2024M01;0,1
09 Cataluña;11 Restaurantes y hoteles;Variación anual;2024M12;4,0
09 Cataluña;11 Restaurantes y hoteles;Variación anual;2024M11;4,4
09 Cataluña;11 Restaurantes y hoteles;Variación anual;2024M10;4,5
09 Cataluña;11 Restaurantes y hoteles;Variación anual;2024M09;5,3
09 Cataluña;11 Restaurantes y hoteles;Variación anual;2024M08;4,3
09 Cataluña;11 Restaurantes y hoteles;Variación anual;2024M07;4,3
09 Cataluña;11 Restaurantes y hoteles;Variación anual;2024M06;4,7
09 Cataluña;11 Restaurantes y hoteles;Variación anual;2024M05;4,6
09 Cataluña;11 Restaurantes y hoteles;Variación anual;2024M04;4,2
09 Cataluña;11 Restaurantes y hoteles;Variación anual;2024M03;4,8
09 Cataluña;11 Restaurantes y hoteles;Variación anual;2024M02;5,1
09 Cataluña;11 Restaurantes y hoteles;Variación anual;2024M01;5,1
09 Cataluña;11 Restaurantes y hoteles;Variación en lo que va de año;2024M12;4,0
09 Cataluña;11 Restaurantes y hoteles;Variación en lo que va de año;2024M11;4,3
09 Cataluña;11 Restaurantes y hoteles;Variación en lo que va de año;2024M10;5,2
09 Cataluña;11 Restaurantes y hoteles;Variación en lo que va de año;2024M09;6,2
09 Cataluña;11 Restaurantes y hoteles;Variación en lo que va de año;2024M08;5,4
09 Cataluña;11 Restaurantes y hoteles;Variación en lo que va de año;2024M07;5,3
09 Cataluña;11 Restaurantes y hoteles;Variación en lo que va de año;2024M06;4,9
09 Cataluña;11 Restaurantes y hoteles;Variación en lo que va de año;2024M05;3,8
09 Cataluña;11 Restaurantes y hoteles;Variación en lo que va de año;2024M04;2,8
09 Cataluña;11 Restaurantes y hoteles;Variación en lo que va de año;2024M03;2,0
09 Cataluña;11 Restaurantes y hoteles;Variación en lo que va de año;2024M02;1,2
09 Cataluña;11 Restaurantes y hoteles;Variación en lo que va de año;2024M01;0,1
09 Cataluña;12 Otros bienes y servicios;Índice;2024M12;113,140
09 Cataluña;12 Otros bienes y servicios;Índice;2024M11;113,121
09 Cataluña;12 Otros bienes y servicios;Índice;2024M10;112,841
09 Cataluña;12 Otros bienes y servicios;Índice;2024M09;112,554
09 Cataluña;12 Otros bienes y servicios;Índice;2024M08;112,605
09 Cataluña;12 Otros bienes y servicios;Índice;2024M07;112,579
09 Cataluña;12 Otros bienes y servicios;Índice;2024M06;112,764
09 Cataluña;12 Otros bienes y servicios;Índice;2024M05;111,458
09 Cataluña;12 Otros bienes y servicios;Índice;2024M04;111,342
09 Cataluña;12 Otros bienes y servicios;Índice;2024M03;110,575
09 Cataluña;12 Otros bienes y servicios;Índice;2024M02;110,063
09 Cataluña;12 Otros bienes y servicios;Índice;2024M01;109,377
09 Cataluña;12 Otros bienes y servicios;Variación mensual;2024M12;0,0
09 Cataluña;12 Otros bienes y servicios;Variación mensual;2024M11;0,2
09 Cataluña;12 Otros bienes y servicios;Variación mensual;2024M10;0,3
09 Cataluña;12 Otros bienes y servicios;Variación mensual;2024M09;0,0
09 Cataluña;12 Otros bienes y servicios;Variación mensual;2024M08;0,0
09 Cataluña;12 Otros bienes y servicios;Variación mensual;2024M07;-0,2
09 Cataluña;12 Otros bienes y servicios;Variación mensual;2024M06;1,2
09 Cataluña;12 Otros bienes y servicios;Variación mensual;2024M05;0,1
09 Cataluña;12 Otros bienes y servicios;Variación mensual;2024M04;0,7
09 Cataluña;12 Otros bienes y servicios;Variación mensual;2024M03;0,5
09 Cataluña;12 Otros bienes y servicios;Variación mensual;2024M02;0,6
09 Cataluña;12 Otros bienes y servicios;Variación mensual;2024M01;0,7
09 Cataluña;12 Otros bienes y servicios;Variación anual;2024M12;4,2
09 Cataluña;12 Otros bienes y servicios;Variación anual;2024M11;4,2
09 Cataluña;12 Otros bienes y servicios;Variación anual;2024M10;4,1
09 Cataluña;12 Otros bienes y servicios;Variación anual;2024M09;4,0
09 Cataluña;12 Otros bienes y servicios;Variación anual;2024M08;4,1
09 Cataluña;12 Otros bienes y servicios;Variación anual;2024M07;4,1
09 Cataluña;12 Otros bienes y servicios;Variación anual;2024M06;4,3
09 Cataluña;12 Otros bienes y servicios;Variación anual;2024M05;3,9
09 Cataluña;12 Otros bienes y servicios;Variación anual;2024M04;3,9
09 Cataluña;12 Otros bienes y servicios;Variación anual;2024M03;3,4
09 Cataluña;12 Otros bienes y servicios;Variación anual;2024M02;3,6
09 Cataluña;12 Otros bienes y servicios;Variación anual;2024M01;3,7
09 Cataluña;12 Otros bienes y servicios;Variación en lo que va de año;2024M12;4,2
09 Cataluña;12 Otros bienes y servicios;Variación en lo que va de año;2024M11;4,1
09 Cataluña;12 Otros bienes y servicios;Variación en lo que va de año;2024M10;3,9
09 Cataluña;12 Otros bienes y servicios;Variación en lo que va de año;2024M09;3,6
09 Cataluña;12 Otros bienes y servicios;Variación en lo que va de año;2024M08;3,7
09 Cataluña;12 Otros bienes y servicios;Variación en lo que va de año;2024M07;3,7
09 Cataluña;12 Otros bienes y servicios;Variación en lo que va de año;2024M06;3,8
09 Cataluña;12 Otros bienes y servicios;Variación en lo que va de año;2024M05;2,6
09 Cataluña;12 Otros bienes y servicios;Variación en lo que va de año;2024M04;2,5
09 Cataluña;12 Otros bienes y servicios;Variación en lo que va de año;2024M03;1,8
09 Cataluña;12 Otros bienes y servicios;Variación en lo que va de año;2024M02;1,3
09 Cataluña;12 Otros bienes y servicios;Variación en lo que va de año;2024M01;0,7
10 Comunitat Valenciana;01 Alimentos y bebidas no alcohólicas;Índice;2024M12;129,699
10 Comunitat Valenciana;01 Alimentos y bebidas no alcohólicas;Índice;2024M11;130,007
10 Comunitat Valenciana;01 Alimentos y bebidas no alcohólicas;Índice;2024M10;130,254
10 Comunitat Valenciana;01 Alimentos y bebidas no alcohólicas;Índice;2024M09;128,246
10 Comunitat Valenciana;01 Alimentos y bebidas no alcohólicas;Índice;2024M08;128,485
10 Comunitat Valenciana;01 Alimentos y bebidas no alcohólicas;Índice;2024M07;128,746
10 Comunitat Valenciana;01 Alimentos y bebidas no alcohólicas;Índice;2024M06;129,400
10 Comunitat Valenciana;01 Alimentos y bebidas no alcohólicas;Índice;2024M05;129,531
10 Comunitat Valenciana;01 Alimentos y bebidas no alcohólicas;Índice;2024M04;129,375
10 Comunitat Valenciana;01 Alimentos y bebidas no alcohólicas;Índice;2024M03;128,623
10 Comunitat Valenciana;01 Alimentos y bebidas no alcohólicas;Índice;2024M02;128,381
10 Comunitat Valenciana;01 Alimentos y bebidas no alcohólicas;Índice;2024M01;128,283
10 Comunitat Valenciana;01 Alimentos y bebidas no alcohólicas;Variación mensual;2024M12;-0,2
10 Comunitat Valenciana;01 Alimentos y bebidas no alcohólicas;Variación mensual;2024M11;-0,2
10 Comunitat Valenciana;01 Alimentos y bebidas no alcohólicas;Variación mensual;2024M10;1,6
10 Comunitat Valenciana;01 Alimentos y bebidas no alcohólicas;Variación mensual;2024M09;-0,2
10 Comunitat Valenciana;01 Alimentos y bebidas no alcohólicas;Variación mensual;2024M08;-0,2
10 Comunitat Valenciana;01 Alimentos y bebidas no alcohólicas;Variación mensual;2024M07;-0,5
10 Comunitat Valenciana;01 Alimentos y bebidas no alcohólicas;Variación mensual;2024M06;-0,1
10 Comunitat Valenciana;01 Alimentos y bebidas no alcohólicas;Variación mensual;2024M05;0,1
10 Comunitat Valenciana;01 Alimentos y bebidas no alcohólicas;Variación mensual;2024M04;0,6
10 Comunitat Valenciana;01 Alimentos y bebidas no alcohólicas;Variación mensual;2024M03;0,2
10 Comunitat Valenciana;01 Alimentos y bebidas no alcohólicas;Variación mensual;2024M02;0,1
10 Comunitat Valenciana;01 Alimentos y bebidas no alcohólicas;Variación mensual;2024M01;0,2
10 Comunitat Valenciana;01 Alimentos y bebidas no alcohólicas;Variación anual;2024M12;1,3
10 Comunitat Valenciana;01 Alimentos y bebidas no alcohólicas;Variación anual;2024M11;1,5
10 Comunitat Valenciana;01 Alimentos y bebidas no alcohólicas;Variación anual;2024M10;1,6
10 Comunitat Valenciana;01 Alimentos y bebidas no alcohólicas;Variación anual;2024M09;1,5
10 Comunitat Valenciana;01 Alimentos y bebidas no alcohólicas;Variación anual;2024M08;2,3
10 Comunitat Valenciana;01 Alimentos y bebidas no alcohólicas;Variación anual;2024M07;2,5
10 Comunitat Valenciana;01 Alimentos y bebidas no alcohólicas;Variación anual;2024M06;3,9
10 Comunitat Valenciana;01 Alimentos y bebidas no alcohólicas;Variación anual;2024M05;4,1
10 Comunitat Valenciana;01 Alimentos y bebidas no alcohólicas;Variación anual;2024M04;4,3
10 Comunitat Valenciana;01 Alimentos y bebidas no alcohólicas;Variación anual;2024M03;3,8
10 Comunitat Valenciana;01 Alimentos y bebidas no alcohólicas;Variación anual;2024M02;4,6
10 Comunitat Valenciana;01 Alimentos y bebidas no alcohólicas;Variación anual;2024M01;7,0
10 Comunitat Valenciana;01 Alimentos y bebidas no alcohólicas;Variación en lo que va de año;2024M12;1,3
10 Comunitat Valenciana;01 Alimentos y bebidas no alcohólicas;Variación en lo que va de año;2024M11;1,5
10 Comunitat Valenciana;01 Alimentos y bebidas no alcohólicas;Variación en lo que va de año;2024M10;1,7
10 Comunitat Valenciana;01 Alimentos y bebidas no alcohólicas;Variación en lo que va de año;2024M09;0,2
10 Comunitat Valenciana;01 Alimentos y bebidas no alcohólicas;Variación en lo que va de año;2024M08;0,4
10 Comunitat Valenciana;01 Alimentos y bebidas no alcohólicas;Variación en lo que va de año;2024M07;0,6
10 Comunitat Valenciana;01 Alimentos y bebidas no alcohólicas;Variación en lo que va de año;2024M06;1,1
10 Comunitat Valenciana;01 Alimentos y bebidas no alcohólicas;Variación en lo que va de año;2024M05;1,2
10 Comunitat Valenciana;01 Alimentos y bebidas no alcohólicas;Variación en lo que va de año;2024M04;1,0
10 Comunitat Valenciana;01 Alimentos y bebidas no alcohólicas;Variación en lo que va de año;2024M03;0,5
10 Comunitat Valenciana;01 Alimentos y bebidas no alcohólicas;Variación en lo que va de año;2024M02;0,3
10 Comunitat Valenciana;01 Alimentos y bebidas no alcohólicas;Variación en lo que va de año;2024M01;0,2
10 Comunitat Valenciana;02 Bebidas alcohólicas y tabaco;Índice;2024M12;116,978
10 Comunitat Valenciana;02 Bebidas alcohólicas y tabaco;Índice;2024M11;116,254
10 Comunitat Valenciana;02 Bebidas alcohólicas y tabaco;Índice;2024M10;116,478
10 Comunitat Valenciana;02 Bebidas alcohólicas y tabaco;Índice;2024M09;115,744
10 Comunitat Valenciana;02 Bebidas alcohólicas y tabaco;Índice;2024M08;115,480
10 Comunitat Valenciana;02 Bebidas alcohólicas y tabaco;Índice;2024M07;115,223
10 Comunitat Valenciana;02 Bebidas alcohólicas y tabaco;Índice;2024M06;115,729
10 Comunitat Valenciana;02 Bebidas alcohólicas y tabaco;Índice;2024M05;115,951
10 Comunitat Valenciana;02 Bebidas alcohólicas y tabaco;Índice;2024M04;116,211
10 Comunitat Valenciana;02 Bebidas alcohólicas y tabaco;Índice;2024M03;115,801
10 Comunitat Valenciana;02 Bebidas alcohólicas y tabaco;Índice;2024M02;115,830
10 Comunitat Valenciana;02 Bebidas alcohólicas y tabaco;Índice;2024M01;114,230
10 Comunitat Valenciana;02 Bebidas alcohólicas y tabaco;Variación mensual;2024M12;0,6
10 Comunitat Valenciana;02 Bebidas alcohólicas y tabaco;Variación mensual;2024M11;-0,2
10 Comunitat Valenciana;02 Bebidas alcohólicas y tabaco;Variación mensual;2024M10;0,6
10 Comunitat Valenciana;02 Bebidas alcohólicas y tabaco;Variación mensual;2024M09;0,2
10 Comunitat Valenciana;02 Bebidas alcohólicas y tabaco;Variación mensual;2024M08;0,2
10 Comunitat Valenciana;02 Bebidas alcohólicas y tabaco;Variación mensual;2024M07;-0,4
10 Comunitat Valenciana;02 Bebidas alcohólicas y tabaco;Variación mensual;2024M06;-0,2
10 Comunitat Valenciana;02 Bebidas alcohólicas y tabaco;Variación mensual;2024M05;-0,2
10 Comunitat Valenciana;02 Bebidas alcohólicas y tabaco;Variación mensual;2024M04;0,4
10 Comunitat Valenciana;02 Bebidas alcohólicas y tabaco;Variación mensual;2024M03;0,0
10 Comunitat Valenciana;02 Bebidas alcohólicas y tabaco;Variación mensual;2024M02;1,4
10 Comunitat Valenciana;02 Bebidas alcohólicas y tabaco;Variación mensual;2024M01;3,0
10 Comunitat Valenciana;02 Bebidas alcohólicas y tabaco;Variación anual;2024M12;5,5
10 Comunitat Valenciana;02 Bebidas alcohólicas y tabaco;Variación anual;2024M11;3,3
10 Comunitat Valenciana;02 Bebidas alcohólicas y tabaco;Variación anual;2024M10;3,6
10 Comunitat Valenciana;02 Bebidas alcohólicas y tabaco;Variación anual;2024M09;2,8
10 Comunitat Valenciana;02 Bebidas alcohólicas y tabaco;Variación anual;2024M08;3,3
10 Comunitat Valenciana;02 Bebidas alcohólicas y tabaco;Variación anual;2024M07;2,6
10 Comunitat Valenciana;02 Bebidas alcohólicas y tabaco;Variación anual;2024M06;3,3
10 Comunitat Valenciana;02 Bebidas alcohólicas y tabaco;Variación anual;2024M05;3,9
10 Comunitat Valenciana;02 Bebidas alcohólicas y tabaco;Variación anual;2024M04;3,6
10 Comunitat Valenciana;02 Bebidas alcohólicas y tabaco;Variación anual;2024M03;3,4
10 Comunitat Valenciana;02 Bebidas alcohólicas y tabaco;Variación anual;2024M02;3,8
10 Comunitat Valenciana;02 Bebidas alcohólicas y tabaco;Variación anual;2024M01;4,3
10 Comunitat Valenciana;02 Bebidas alcohólicas y tabaco;Variación en lo que va de año;2024M12;5,5
10 Comunitat Valenciana;02 Bebidas alcohólicas y tabaco;Variación en lo que va de año;2024M11;4,8
10 Comunitat Valenciana;02 Bebidas alcohólicas y tabaco;Variación en lo que va de año;2024M10;5,0
10 Comunitat Valenciana;02 Bebidas alcohólicas y tabaco;Variación en lo que va de año;2024M09;4,4
10 Comunitat Valenciana;02 Bebidas alcohólicas y tabaco;Variación en lo que va de año;2024M08;4,1
10 Comunitat Valenciana;02 Bebidas alcohólicas y tabaco;Variación en lo que va de año;2024M07;3,9
10 Comunitat Valenciana;02 Bebidas alcohólicas y tabaco;Variación en lo que va de año;2024M06;4,4
10 Comunitat Valenciana;02 Bebidas alcohólicas y tabaco;Variación en lo que va de año;2024M05;4,6
10 Comunitat Valenciana;02 Bebidas alcohólicas y tabaco;Variación en lo que va de año;2024M04;4,8
10 Comunitat Valenciana;02 Bebidas alcohólicas y tabaco;Variación en lo que va de año;2024M03;4,4
10 Comunitat Valenciana;02 Bebidas alcohólicas y tabaco;Variación en lo que va de año;2024M02;4,4
10 Comunitat Valenciana;02 Bebidas alcohólicas y tabaco;Variación en lo que va de año;2024M01;3,0
10 Comunitat Valenciana;03 Vestido y calzado;Índice;2024M12;113,623
10 Comunitat Valenciana;03 Vestido y calzado;Índice;2024M11;114,848
10 Comunitat Valenciana;03 Vestido y calzado;Índice;2024M10;108,768
10 Comunitat Valenciana;03 Vestido y calzado;Índice;2024M09;103,602
10 Comunitat Valenciana;03 Vestido y calzado;Índice;2024M08;99,262
10 Comunitat Valenciana;03 Vestido y calzado;Índice;2024M07;99,985
10 Comunitat Valenciana;03 Vestido y calzado;Índice;2024M06;110,032
10 Comunitat Valenciana;03 Vestido y calzado;Índice;2024M05;111,832
10 Comunitat Valenciana;03 Vestido y calzado;Índice;2024M04;108,944
10 Comunitat Valenciana;03 Vestido y calzado;Índice;2024M03;102,788
10 Comunitat Valenciana;03 Vestido y calzado;Índice;2024M02;99,751
10 Comunitat Valenciana;03 Vestido y calzado;Índice;2024M01;100,522
10 Comunitat Valenciana;03 Vestido y calzado;Variación mensual;2024M12;-1,1
10 Comunitat Valenciana;03 Vestido y calzado;Variación mensual;2024M11;5,6
10 Comunitat Valenciana;03 Vestido y calzado;Variación mensual;2024M10;5,0
10 Comunitat Valenciana;03 Vestido y calzado;Variación mensual;2024M09;4,4
10 Comunitat Valenciana;03 Vestido y calzado;Variación mensual;2024M08;-0,7
10 Comunitat Valenciana;03 Vestido y calzado;Variación mensual;2024M07;-9,1
10 Comunitat Valenciana;03 Vestido y calzado;Variación mensual;2024M06;-1,6
10 Comunitat Valenciana;03 Vestido y calzado;Variación mensual;2024M05;2,7
10 Comunitat Valenciana;03 Vestido y calzado;Variación mensual;2024M04;6,0
10 Comunitat Valenciana;03 Vestido y calzado;Variación mensual;2024M03;3,0
10 Comunitat Valenciana;03 Vestido y calzado;Variación mensual;2024M02;-0,8
10 Comunitat Valenciana;03 Vestido y calzado;Variación mensual;2024M01;-11,4
10 Comunitat Valenciana;03 Vestido y calzado;Variación anual;2024M12;0,1
10 Comunitat Valenciana;03 Vestido y calzado;Variación anual;2024M11;0,4
10 Comunitat Valenciana;03 Vestido y calzado;Variación anual;2024M10;0,1
10 Comunitat Valenciana;03 Vestido y calzado;Variación anual;2024M09;2,4
10 Comunitat Valenciana;03 Vestido y calzado;Variación anual;2024M08;2,2
10 Comunitat Valenciana;03 Vestido y calzado;Variación anual;2024M07;2,5
10 Comunitat Valenciana;03 Vestido y calzado;Variación anual;2024M06;1,4
10 Comunitat Valenciana;03 Vestido y calzado;Variación anual;2024M05;1,8
10 Comunitat Valenciana;03 Vestido y calzado;Variación anual;2024M04;1,7
10 Comunitat Valenciana;03 Vestido y calzado;Variación anual;2024M03;3,7
10 Comunitat Valenciana;03 Vestido y calzado;Variación anual;2024M02;4,1
10 Comunitat Valenciana;03 Vestido y calzado;Variación anual;2024M01;4,0
10 Comunitat Valenciana;03 Vestido y calzado;Variación en lo que va de año;2024M12;0,1
10 Comunitat Valenciana;03 Vestido y calzado;Variación en lo que va de año;2024M11;1,2
10 Comunitat Valenciana;03 Vestido y calzado;Variación en lo que va de año;2024M10;-4,2
10 Comunitat Valenciana;03 Vestido y calzado;Variación en lo que va de año;2024M09;-8,7
10 Comunitat Valenciana;03 Vestido y calzado;Variación en lo que va de año;2024M08;-12,5
10 Comunitat Valenciana;03 Vestido y calzado;Variación en lo que va de año;2024M07;-11,9
10 Comunitat Valenciana;03 Vestido y calzado;Variación en lo que va de año;2024M06;-3,0
10 Comunitat Valenciana;03 Vestido y calzado;Variación en lo que va de año;2024M05;-1,5
10 Comunitat Valenciana;03 Vestido y calzado;Variación en lo que va de año;2024M04;-4,0
10 Comunitat Valenciana;03 Vestido y calzado;Variación en lo que va de año;2024M03;-9,4
10 Comunitat Valenciana;03 Vestido y calzado;Variación en lo que va de año;2024M02;-12,1
10 Comunitat Valenciana;03 Vestido y calzado;Variación en lo que va de año;2024M01;-11,4
10 Comunitat Valenciana;04 Vivienda, agua, electricidad, gas y otros combustibles;Índice;2024M12;107,180
10 Comunitat Valenciana;04 Vivienda, agua, electricidad, gas y otros combustibles;Índice;2024M11;106,497
10 Comunitat Valenciana;04 Vivienda, agua, electricidad, gas y otros combustibles;Índice;2024M10;104,452
10 Comunitat Valenciana;04 Vivienda, agua, electricidad, gas y otros combustibles;Índice;2024M09;103,884
10 Comunitat Valenciana;04 Vivienda, agua, electricidad, gas y otros combustibles;Índice;2024M08;104,667
10 Comunitat Valenciana;04 Vivienda, agua, electricidad, gas y otros combustibles;Índice;2024M07;103,843
10 Comunitat Valenciana;04 Vivienda, agua, electricidad, gas y otros combustibles;Índice;2024M06;106,455
10 Comunitat Valenciana;04 Vivienda, agua, electricidad, gas y otros combustibles;Índice;2024M05;105,309
10 Comunitat Valenciana;04 Vivienda, agua, electricidad, gas y otros combustibles;Índice;2024M04;104,227
10 Comunitat Valenciana;04 Vivienda, agua, electricidad, gas y otros combustibles;Índice;2024M03;103,673
10 Comunitat Valenciana;04 Vivienda, agua, electricidad, gas y otros combustibles;Índice;2024M02;100,880
10 Comunitat Valenciana;04 Vivienda, agua, electricidad, gas y otros combustibles;Índice;2024M01;102,604
10 Comunitat Valenciana;04 Vivienda, agua, electricidad, gas y otros combustibles;Variación mensual;2024M12;0,6
10 Comunitat Valenciana;04 Vivienda, agua, electricidad, gas y otros combustibles;Variación mensual;2024M11;2,0
10 Comunitat Valenciana;04 Vivienda, agua, electricidad, gas y otros combustibles;Variación mensual;2024M10;0,5
10 Comunitat Valenciana;04 Vivienda, agua, electricidad, gas y otros combustibles;Variación mensual;2024M09;-0,7
10 Comunitat Valenciana;04 Vivienda, agua, electricidad, gas y otros combustibles;Variación mensual;2024M08;0,8
10 Comunitat Valenciana;04 Vivienda, agua, electricidad, gas y otros combustibles;Variación mensual;2024M07;-2,5
10 Comunitat Valenciana;04 Vivienda, agua, electricidad, gas y otros combustibles;Variación mensual;2024M06;1,1
10 Comunitat Valenciana;04 Vivienda, agua, electricidad, gas y otros combustibles;Variación mensual;2024M05;1,0
10 Comunitat Valenciana;04 Vivienda, agua, electricidad, gas y otros combustibles;Variación mensual;2024M04;0,5
10 Comunitat Valenciana;04 Vivienda, agua, electricidad, gas y otros combustibles;Variación mensual;2024M03;2,8
10 Comunitat Valenciana;04 Vivienda, agua, electricidad, gas y otros combustibles;Variación mensual;2024M02;-1,7
10 Comunitat Valenciana;04 Vivienda, agua, electricidad, gas y otros combustibles;Variación mensual;2024M01;3,9
10 Comunitat Valenciana;04 Vivienda, agua, electricidad, gas y otros combustibles;Variación anual;2024M12;8,5
10 Comunitat Valenciana;04 Vivienda, agua, electricidad, gas y otros combustibles;Variación anual;2024M11;8,6
10 Comunitat Valenciana;04 Vivienda, agua, electricidad, gas y otros combustibles;Variación anual;2024M10;4,6
10 Comunitat Valenciana;04 Vivienda, agua, electricidad, gas y otros combustibles;Variación anual;2024M09;3,2
10 Comunitat Valenciana;04 Vivienda, agua, electricidad, gas y otros combustibles;Variación anual;2024M08;4,4
10 Comunitat Valenciana;04 Vivienda, agua, electricidad, gas y otros combustibles;Variación anual;2024M07;3,4
10 Comunitat Valenciana;04 Vivienda, agua, electricidad, gas y otros combustibles;Variación anual;2024M06;5,9
10 Comunitat Valenciana;04 Vivienda, agua, electricidad, gas y otros combustibles;Variación anual;2024M05;6,1
10 Comunitat Valenciana;04 Vivienda, agua, electricidad, gas y otros combustibles;Variación anual;2024M04;4,5
10 Comunitat Valenciana;04 Vivienda, agua, electricidad, gas y otros combustibles;Variación anual;2024M03;2,1
10 Comunitat Valenciana;04 Vivienda, agua, electricidad, gas y otros combustibles;Variación anual;2024M02;-3,1
10 Comunitat Valenciana;04 Vivienda, agua, electricidad, gas y otros combustibles;Variación anual;2024M01;2,5
10 Comunitat Valenciana;04 Vivienda, agua, electricidad, gas y otros combustibles;Variación en lo que va de año;2024M12;8,5
10 Comunitat Valenciana;04 Vivienda, agua, electricidad, gas y otros combustibles;Variación en lo que va de año;2024M11;7,8
10 Comunitat Valenciana;04 Vivienda, agua, electricidad, gas y otros combustibles;Variación en lo que va de año;2024M10;5,7
10 Comunitat Valenciana;04 Vivienda, agua, electricidad, gas y otros combustibles;Variación en lo que va de año;2024M09;5,2
10 Comunitat Valenciana;04 Vivienda, agua, electricidad, gas y otros combustibles;Variación en lo que va de año;2024M08;5,9
10 Comunitat Valenciana;04 Vivienda, agua, electricidad, gas y otros combustibles;Variación en lo que va de año;2024M07;5,1
10 Comunitat Valenciana;04 Vivienda, agua, electricidad, gas y otros combustibles;Variación en lo que va de año;2024M06;7,8
10 Comunitat Valenciana;04 Vivienda, agua, electricidad, gas y otros combustibles;Variación en lo que va de año;2024M05;6,6
10 Comunitat Valenciana;04 Vivienda, agua, electricidad, gas y otros combustibles;Variación en lo que va de año;2024M04;5,5
10 Comunitat Valenciana;04 Vivienda, agua, electricidad, gas y otros combustibles;Variación en lo que va de año;2024M03;4,9
10 Comunitat Valenciana;04 Vivienda, agua, electricidad, gas y otros combustibles;Variación en lo que va de año;2024M02;2,1
10 Comunitat Valenciana;04 Vivienda, agua, electricidad, gas y otros combustibles;Variación en lo que va de año;2024M01;3,9
10 Comunitat Valenciana;05 Muebles, artículos del hogar y artículos para el mantenimiento corriente del hogar;Índice;2024M12;112,305
10 Comunitat Valenciana;05 Muebles, artículos del hogar y artículos para el mantenimiento corriente del hogar;Índice;2024M11;112,156
10 Comunitat Valenciana;05 Muebles, artículos del hogar y artículos para el mantenimiento corriente del hogar;Índice;2024M10;112,048
10 Comunitat Valenciana;05 Muebles, artículos del hogar y artículos para el mantenimiento corriente del hogar;Índice;2024M09;111,792
10 Comunitat Valenciana;05 Muebles, artículos del hogar y artículos para el mantenimiento corriente del hogar;Índice;2024M08;111,449
10 Comunitat Valenciana;05 Muebles, artículos del hogar y artículos para el mantenimiento corriente del hogar;Índice;2024M07;111,437
10 Comunitat Valenciana;05 Muebles, artículos del hogar y artículos para el mantenimiento corriente del hogar;Índice;2024M06;112,422
10 Comunitat Valenciana;05 Muebles, artículos del hogar y artículos para el mantenimiento corriente del hogar;Índice;2024M05;112,666
10 Comunitat Valenciana;05 Muebles, artículos del hogar y artículos para el mantenimiento corriente del hogar;Índice;2024M04;112,519
10 Comunitat Valenciana;05 Muebles, artículos del hogar y artículos para el mantenimiento corriente del hogar;Índice;2024M03;112,252
10 Comunitat Valenciana;05 Muebles, artículos del hogar y artículos para el mantenimiento corriente del hogar;Índice;2024M02;111,846
10 Comunitat Valenciana;05 Muebles, artículos del hogar y artículos para el mantenimiento corriente del hogar;Índice;2024M01;111,903
10 Comunitat Valenciana;05 Muebles, artículos del hogar y artículos para el mantenimiento corriente del hogar;Variación mensual;2024M12;0,1
10 Comunitat Valenciana;05 Muebles, artículos del hogar y artículos para el mantenimiento corriente del hogar;Variación mensual;2024M11;0,1
10 Comunitat Valenciana;05 Muebles, artículos del hogar y artículos para el mantenimiento corriente del hogar;Variación mensual;2024M10;0,2
10 Comunitat Valenciana;05 Muebles, artículos del hogar y artículos para el mantenimiento corriente del hogar;Variación mensual;2024M09;0,3
10 Comunitat Valenciana;05 Muebles, artículos del hogar y artículos para el mantenimiento corriente del hogar;Variación mensual;2024M08;0,0
10 Comunitat Valenciana;05 Muebles, artículos del hogar y artículos para el mantenimiento corriente del hogar;Variación mensual;2024M07;-0,9
10 Comunitat Valenciana;05 Muebles, artículos del hogar y artículos para el mantenimiento corriente del hogar;Variación mensual;2024M06;-0,2
10 Comunitat Valenciana;05 Muebles, artículos del hogar y artículos para el mantenimiento corriente del hogar;Variación mensual;2024M05;0,1
10 Comunitat Valenciana;05 Muebles, artículos del hogar y artículos para el mantenimiento corriente del hogar;Variación mensual;2024M04;0,2
10 Comunitat Valenciana;05 Muebles, artículos del hogar y artículos para el mantenimiento corriente del hogar;Variación mensual;2024M03;0,4
10 Comunitat Valenciana;05 Muebles, artículos del hogar y artículos para el mantenimiento corriente del hogar;Variación mensual;2024M02;-0,1
10 Comunitat Valenciana;05 Muebles, artículos del hogar y artículos para el mantenimiento corriente del hogar;Variación mensual;2024M01;-0,1
10 Comunitat Valenciana;05 Muebles, artículos del hogar y artículos para el mantenimiento corriente del hogar;Variación anual;2024M12;0,2
10 Comunitat Valenciana;05 Muebles, artículos del hogar y artículos para el mantenimiento corriente del hogar;Variación anual;2024M11;0,2
10 Comunitat Valenciana;05 Muebles, artículos del hogar y artículos para el mantenimiento corriente del hogar;Variación anual;2024M10;0,3
10 Comunitat Valenciana;05 Muebles, artículos del hogar y artículos para el mantenimiento corriente del hogar;Variación anual;2024M09;0,4
10 Comunitat Valenciana;05 Muebles, artículos del hogar y artículos para el mantenimiento corriente del hogar;Variación anual;2024M08;0,2
10 Comunitat Valenciana;05 Muebles, artículos del hogar y artículos para el mantenimiento corriente del hogar;Variación anual;2024M07;0,2
10 Comunitat Valenciana;05 Muebles, artículos del hogar y artículos para el mantenimiento corriente del hogar;Variación anual;2024M06;0,0
10 Comunitat Valenciana;05 Muebles, artículos del hogar y artículos para el mantenimiento corriente del hogar;Variación anual;2024M05;0,5
10 Comunitat Valenciana;05 Muebles, artículos del hogar y artículos para el mantenimiento corriente del hogar;Variación anual;2024M04;0,6
10 Comunitat Valenciana;05 Muebles, artículos del hogar y artículos para el mantenimiento corriente del hogar;Variación anual;2024M03;1,0
10 Comunitat Valenciana;05 Muebles, artículos del hogar y artículos para el mantenimiento corriente del hogar;Variación anual;2024M02;1,2
10 Comunitat Valenciana;05 Muebles, artículos del hogar y artículos para el mantenimiento corriente del hogar;Variación anual;2024M01;1,7
10 Comunitat Valenciana;05 Muebles, artículos del hogar y artículos para el mantenimiento corriente del hogar;Variación en lo que va de año;2024M12;0,2
10 Comunitat Valenciana;05 Muebles, artículos del hogar y artículos para el mantenimiento corriente del hogar;Variación en lo que va de año;2024M11;0,1
10 Comunitat Valenciana;05 Muebles, artículos del hogar y artículos para el mantenimiento corriente del hogar;Variación en lo que va de año;2024M10;0,0
10 Comunitat Valenciana;05 Muebles, artículos del hogar y artículos para el mantenimiento corriente del hogar;Variación en lo que va de año;2024M09;-0,2
10 Comunitat Valenciana;05 Muebles, artículos del hogar y artículos para el mantenimiento corriente del hogar;Variación en lo que va de año;2024M08;-0,5
10 Comunitat Valenciana;05 Muebles, artículos del hogar y artículos para el mantenimiento corriente del hogar;Variación en lo que va de año;2024M07;-0,5
10 Comunitat Valenciana;05 Muebles, artículos del hogar y artículos para el mantenimiento corriente del hogar;Variación en lo que va de año;2024M06;0,3
10 Comunitat Valenciana;05 Muebles, artículos del hogar y artículos para el mantenimiento corriente del hogar;Variación en lo que va de año;2024M05;0,6
10 Comunitat Valenciana;05 Muebles, artículos del hogar y artículos para el mantenimiento corriente del hogar;Variación en lo que va de año;2024M04;0,4
10 Comunitat Valenciana;05 Muebles, artículos del hogar y artículos para el mantenimiento corriente del hogar;Variación en lo que va de año;2024M03;0,2
10 Comunitat Valenciana;05 Muebles, artículos del hogar y artículos para el mantenimiento corriente del hogar;Variación en lo que va de año;2024M02;-0,2
10 Comunitat Valenciana;05 Muebles, artículos del hogar y artículos para el mantenimiento corriente del hogar;Variación en lo que va de año;2024M01;-0,1
10 Comunitat Valenciana;06 Sanidad;Índice;2024M12;106,911
10 Comunitat Valenciana;06 Sanidad;Índice;2024M11;106,726
10 Comunitat Valenciana;06 Sanidad;Índice;2024M10;106,530
10 Comunitat Valenciana;06 Sanidad;Índice;2024M09;106,275
10 Comunitat Valenciana;06 Sanidad;Índice;2024M08;106,185
10 Comunitat Valenciana;06 Sanidad;Índice;2024M07;106,016
10 Comunitat Valenciana;06 Sanidad;Índice;2024M06;105,831
10 Comunitat Valenciana;06 Sanidad;Índice;2024M05;105,770
10 Comunitat Valenciana;06 Sanidad;Índice;2024M04;105,635
10 Comunitat Valenciana;06 Sanidad;Índice;2024M03;105,123
10 Comunitat Valenciana;06 Sanidad;Índice;2024M02;104,583
10 Comunitat Valenciana;06 Sanidad;Índice;2024M01;104,218
10 Comunitat Valenciana;06 Sanidad;Variación mensual;2024M12;0,2
10 Comunitat Valenciana;06 Sanidad;Variación mensual;2024M11;0,2
10 Comunitat Valenciana;06 Sanidad;Variación mensual;2024M10;0,2
10 Comunitat Valenciana;06 Sanidad;Variación mensual;2024M09;0,1
10 Comunitat Valenciana;06 Sanidad;Variación mensual;2024M08;0,2
10 Comunitat Valenciana;06 Sanidad;Variación mensual;2024M07;0,2
10 Comunitat Valenciana;06 Sanidad;Variación mensual;2024M06;0,1
10 Comunitat Valenciana;06 Sanidad;Variación mensual;2024M05;0,1
10 Comunitat Valenciana;06 Sanidad;Variación mensual;2024M04;0,5
10 Comunitat Valenciana;06 Sanidad;Variación mensual;2024M03;0,5
10 Comunitat Valenciana;06 Sanidad;Variación mensual;2024M02;0,3
10 Comunitat Valenciana;06 Sanidad;Variación mensual;2024M01;0,4
10 Comunitat Valenciana;06 Sanidad;Variación anual;2024M12;3,0
10 Comunitat Valenciana;06 Sanidad;Variación anual;2024M11;2,9
10 Comunitat Valenciana;06 Sanidad;Variación anual;2024M10;2,7
10 Comunitat Valenciana;06 Sanidad;Variación anual;2024M09;2,7
10 Comunitat Valenciana;06 Sanidad;Variación anual;2024M08;2,6
10 Comunitat Valenciana;06 Sanidad;Variación anual;2024M07;2,6
10 Comunitat Valenciana;06 Sanidad;Variación anual;2024M06;2,5
10 Comunitat Valenciana;06 Sanidad;Variación anual;2024M05;2,8
10 Comunitat Valenciana;06 Sanidad;Variación anual;2024M04;2,9
10 Comunitat Valenciana;06 Sanidad;Variación anual;2024M03;2,6
10 Comunitat Valenciana;06 Sanidad;Variación anual;2024M02;2,2
10 Comunitat Valenciana;06 Sanidad;Variación anual;2024M01;2,4
10 Comunitat Valenciana;06 Sanidad;Variación en lo que va de año;2024M12;3,0
10 Comunitat Valenciana;06 Sanidad;Variación en lo que va de año;2024M11;2,8
10 Comunitat Valenciana;06 Sanidad;Variación en lo que va de año;2024M10;2,6
10 Comunitat Valenciana;06 Sanidad;Variación en lo que va de año;2024M09;2,4
10 Comunitat Valenciana;06 Sanidad;Variación en lo que va de año;2024M08;2,3
10 Comunitat Valenciana;06 Sanidad;Variación en lo que va de año;2024M07;2,1
10 Comunitat Valenciana;06 Sanidad;Variación en lo que va de año;2024M06;1,9
10 Comunitat Valenciana;06 Sanidad;Variación en lo que va de año;2024M05;1,9
10 Comunitat Valenciana;06 Sanidad;Variación en lo que va de año;2024M04;1,7
10 Comunitat Valenciana;06 Sanidad;Variación en lo que va de año;2024M03;1,3
10 Comunitat Valenciana;06 Sanidad;Variación en lo que va de año;2024M02;0,7
10 Comunitat Valenciana;06 Sanidad;Variación en lo que va de año;2024M01;0,4
10 Comunitat Valenciana;07 Transporte;Índice;2024M12;113,088
10 Comunitat Valenciana;07 Transporte;Índice;2024M11;112,649
10 Comunitat Valenciana;07 Transporte;Índice;2024M10;111,957
10 Comunitat Valenciana;07 Transporte;Índice;2024M09;111,589
10 Comunitat Valenciana;07 Transporte;Índice;2024M08;113,543
10 Comunitat Valenciana;07 Transporte;Índice;2024M07;114,652
10 Comunitat Valenciana;07 Transporte;Índice;2024M06;114,216
10 Comunitat Valenciana;07 Transporte;Índice;2024M05;114,830
10 Comunitat Valenciana;07 Transporte;Índice;2024M04;115,724
10 Comunitat Valenciana;07 Transporte;Índice;2024M03;115,146
10 Comunitat Valenciana;07 Transporte;Índice;2024M02;114,647
10 Comunitat Valenciana;07 Transporte;Índice;2024M01;112,737
10 Comunitat Valenciana;07 Transporte;Variación mensual;2024M12;0,4
10 Comunitat Valenciana;07 Transporte;Variación mensual;2024M11;0,6
10 Comunitat Valenciana;07 Transporte;Variación mensual;2024M10;0,3
10 Comunitat Valenciana;07 Transporte;Variación mensual;2024M09;-1,7
10 Comunitat Valenciana;07 Transporte;Variación mensual;2024M08;-1,0
10 Comunitat Valenciana;07 Transporte;Variación mensual;2024M07;0,4
10 Comunitat Valenciana;07 Transporte;Variación mensual;2024M06;-0,5
10 Comunitat Valenciana;07 Transporte;Variación mensual;2024M05;-0,8
10 Comunitat Valenciana;07 Transporte;Variación mensual;2024M04;0,5
10 Comunitat Valenciana;07 Transporte;Variación mensual;2024M03;0,4
10 Comunitat Valenciana;07 Transporte;Variación mensual;2024M02;1,7
10 Comunitat Valenciana;07 Transporte;Variación mensual;2024M01;0,1
10 Comunitat Valenciana;07 Transporte;Variación anual;2024M12;0,4
10 Comunitat Valenciana;07 Transporte;Variación anual;2024M11;-1,1
10 Comunitat Valenciana;07 Transporte;Variación anual;2024M10;-3,1
10 Comunitat Valenciana;07 Transporte;Variación anual;2024M09;-4,3
10 Comunitat Valenciana;07 Transporte;Variación anual;2024M08;-1,6
10 Comunitat Valenciana;07 Transporte;Variación anual;2024M07;2,3
10 Comunitat Valenciana;07 Transporte;Variación anual;2024M06;2,6
10 Comunitat Valenciana;07 Transporte;Variación anual;2024M05;3,9
10 Comunitat Valenciana;07 Transporte;Variación anual;2024M04;2,8
10 Comunitat Valenciana;07 Transporte;Variación anual;2024M03;3,1
10 Comunitat Valenciana;07 Transporte;Variación anual;2024M02;2,8
10 Comunitat Valenciana;07 Transporte;Variación anual;2024M01;0,3
10 Comunitat Valenciana;07 Transporte;Variación en lo que va de año;2024M12;0,4
10 Comunitat Valenciana;07 Transporte;Variación en lo que va de año;2024M11;0,0
10 Comunitat Valenciana;07 Transporte;Variación en lo que va de año;2024M10;-0,6
10 Comunitat Valenciana;07 Transporte;Variación en lo que va de año;2024M09;-0,9
10 Comunitat Valenciana;07 Transporte;Variación en lo que va de año;2024M08;0,8
10 Comunitat Valenciana;07 Transporte;Variación en lo que va de año;2024M07;1,8
10 Comunitat Valenciana;07 Transporte;Variación en lo que va de año;2024M06;1,4
10 Comunitat Valenciana;07 Transporte;Variación en lo que va de año;2024M05;2,0
10 Comunitat Valenciana;07 Transporte;Variación en lo que va de año;2024M04;2,8
10 Comunitat Valenciana;07 Transporte;Variación en lo que va de año;2024M03;2,2
10 Comunitat Valenciana;07 Transporte;Variación en lo que va de año;2024M02;1,8
10 Comunitat Valenciana;07 Transporte;Variación en lo que va de año;2024M01;0,1
10 Comunitat Valenciana;08 Comunicaciones;Índice;2024M12;100,027
10 Comunitat Valenciana;08 Comunicaciones;Índice;2024M11;100,049
10 Comunitat Valenciana;08 Comunicaciones;Índice;2024M10;100,050
10 Comunitat Valenciana;08 Comunicaciones;Índice;2024M09;101,026
10 Comunitat Valenciana;08 Comunicaciones;Índice;2024M08;101,138
10 Comunitat Valenciana;08 Comunicaciones;Índice;2024M07;101,244
10 Comunitat Valenciana;08 Comunicaciones;Índice;2024M06;101,765
10 Comunitat Valenciana;08 Comunicaciones;Índice;2024M05;101,736
10 Comunitat Valenciana;08 Comunicaciones;Índice;2024M04;101,859
10 Comunitat Valenciana;08 Comunicaciones;Índice;2024M03;101,781
10 Comunitat Valenciana;08 Comunicaciones;Índice;2024M02;101,897
10 Comunitat Valenciana;08 Comunicaciones;Índice;2024M01;101,996
10 Comunitat Valenciana;08 Comunicaciones;Variación mensual;2024M12;0,0
10 Comunitat Valenciana;08 Comunicaciones;Variación mensual;2024M11;0,0
10 Comunitat Valenciana;08 Comunicaciones;Variación mensual;2024M10;-1,0
10 Comunitat Valenciana;08 Comunicaciones;Variación mensual;2024M09;-0,1
10 Comunitat Valenciana;08 Comunicaciones;Variación mensual;2024M08;-0,1
10 Comunitat Valenciana;08 Comunicaciones;Variación mensual;2024M07;-0,5
10 Comunitat Valenciana;08 Comunicaciones;Variación mensual;2024M06;0,0
10 Comunitat Valenciana;08 Comunicaciones;Variación mensual;2024M05;-0,1
10 Comunitat Valenciana;08 Comunicaciones;Variación mensual;2024M04;0,1
10 Comunitat Valenciana;08 Comunicaciones;Variación mensual;2024M03;-0,1
10 Comunitat Valenciana;08 Comunicaciones;Variación mensual;2024M02;-0,1
10 Comunitat Valenciana;08 Comunicaciones;Variación mensual;2024M01;1,8
10 Comunitat Valenciana;08 Comunicaciones;Variación anual;2024M12;-0,1
10 Comunitat Valenciana;08 Comunicaciones;Variación anual;2024M11;-0,2
10 Comunitat Valenciana;08 Comunicaciones;Variación anual;2024M10;-0,4
10 Comunitat Valenciana;08 Comunicaciones;Variación anual;2024M09;-0,5
10 Comunitat Valenciana;08 Comunicaciones;Variación anual;2024M08;-0,6
10 Comunitat Valenciana;08 Comunicaciones;Variación anual;2024M07;-0,4
10 Comunitat Valenciana;08 Comunicaciones;Variación anual;2024M06;-0,1
10 Comunitat Valenciana;08 Comunicaciones;Variación anual;2024M05;-0,5
10 Comunitat Valenciana;08 Comunicaciones;Variación anual;2024M04;-0,4
10 Comunitat Valenciana;08 Comunicaciones;Variación anual;2024M03;0,1
10 Comunitat Valenciana;08 Comunicaciones;Variación anual;2024M02;0,1
10 Comunitat Valenciana;08 Comunicaciones;Variación anual;2024M01;0,3
10 Comunitat Valenciana;08 Comunicaciones;Variación en lo que va de año;2024M12;-0,1
10 Comunitat Valenciana;08 Comunicaciones;Variación en lo que va de año;2024M11;-0,1
10 Comunitat Valenciana;08 Comunicaciones;Variación en lo que va de año;2024M10;-0,1
10 Comunitat Valenciana;08 Comunicaciones;Variación en lo que va de año;2024M09;0,9
10 Comunitat Valenciana;08 Comunicaciones;Variación en lo que va de año;2024M08;1,0
10 Comunitat Valenciana;08 Comunicaciones;Variación en lo que va de año;2024M07;1,1
10 Comunitat Valenciana;08 Comunicaciones;Variación en lo que va de año;2024M06;1,6
10 Comunitat Valenciana;08 Comunicaciones;Variación en lo que va de año;2024M05;1,6
10 Comunitat Valenciana;08 Comunicaciones;Variación en lo que va de año;2024M04;1,7
10 Comunitat Valenciana;08 Comunicaciones;Variación en lo que va de año;2024M03;1,6
10 Comunitat Valenciana;08 Comunicaciones;Variación en lo que va de año;2024M02;1,7
10 Comunitat Valenciana;08 Comunicaciones;Variación en lo que va de año;2024M01;1,8
10 Comunitat Valenciana;09 Ocio y cultura;Índice;2024M12;110,520
10 Comunitat Valenciana;09 Ocio y cultura;Índice;2024M11;107,172
10 Comunitat Valenciana;09 Ocio y cultura;Índice;2024M10;108,696
10 Comunitat Valenciana;09 Ocio y cultura;Índice;2024M09;109,535
10 Comunitat Valenciana;09 Ocio y cultura;Índice;2024M08;113,404
10 Comunitat Valenciana;09 Ocio y cultura;Índice;2024M07;112,038
10 Comunitat Valenciana;09 Ocio y cultura;Índice;2024M06;110,424
10 Comunitat Valenciana;09 Ocio y cultura;Índice;2024M05;108,168
10 Comunitat Valenciana;09 Ocio y cultura;Índice;2024M04;107,451
10 Comunitat Valenciana;09 Ocio y cultura;Índice;2024M03;108,311
10 Comunitat Valenciana;09 Ocio y cultura;Índice;2024M02;106,356
10 Comunitat Valenciana;09 Ocio y cultura;Índice;2024M01;105,069
10 Comunitat Valenciana;09 Ocio y cultura;Variación mensual;2024M12;3,1
10 Comunitat Valenciana;09 Ocio y cultura;Variación mensual;2024M11;-1,4
10 Comunitat Valenciana;09 Ocio y cultura;Variación mensual;2024M10;-0,8
10 Comunitat Valenciana;09 Ocio y cultura;Variación mensual;2024M09;-3,4
10 Comunitat Valenciana;09 Ocio y cultura;Variación mensual;2024M08;1,2
10 Comunitat Valenciana;09 Ocio y cultura;Variación mensual;2024M07;1,5
10 Comunitat Valenciana;09 Ocio y cultura;Variación mensual;2024M06;2,1
10 Comunitat Valenciana;09 Ocio y cultura;Variación mensual;2024M05;0,7
10 Comunitat Valenciana;09 Ocio y cultura;Variación mensual;2024M04;-0,8
10 Comunitat Valenciana;09 Ocio y cultura;Variación mensual;2024M03;1,8
10 Comunitat Valenciana;09 Ocio y cultura;Variación mensual;2024M02;1,2
10 Comunitat Valenciana;09 Ocio y cultura;Variación mensual;2024M01;-3,1
10 Comunitat Valenciana;09 Ocio y cultura;Variación anual;2024M12;2,0
10 Comunitat Valenciana;09 Ocio y cultura;Variación anual;2024M11;1,5
10 Comunitat Valenciana;09 Ocio y cultura;Variación anual;2024M10;1,8
10 Comunitat Valenciana;09 Ocio y cultura;Variación anual;2024M09;1,5
10 Comunitat Valenciana;09 Ocio y cultura;Variación anual;2024M08;1,8
10 Comunitat Valenciana;09 Ocio y cultura;Variación anual;2024M07;1,4
10 Comunitat Valenciana;09 Ocio y cultura;Variación anual;2024M06;2,7
10 Comunitat Valenciana;09 Ocio y cultura;Variación anual;2024M05;2,4
10 Comunitat Valenciana;09 Ocio y cultura;Variación anual;2024M04;1,4
10 Comunitat Valenciana;09 Ocio y cultura;Variación anual;2024M03;3,4
10 Comunitat Valenciana;09 Ocio y cultura;Variación anual;2024M02;2,4
10 Comunitat Valenciana;09 Ocio y cultura;Variación anual;2024M01;2,9
10 Comunitat Valenciana;09 Ocio y cultura;Variación en lo que va de año;2024M12;2,0
10 Comunitat Valenciana;09 Ocio y cultura;Variación en lo que va de año;2024M11;-1,1
10 Comunitat Valenciana;09 Ocio y cultura;Variación en lo que va de año;2024M10;0,3
10 Comunitat Valenciana;09 Ocio y cultura;Variación en lo que va de año;2024M09;1,1
10 Comunitat Valenciana;09 Ocio y cultura;Variación en lo que va de año;2024M08;4,6
10 Comunitat Valenciana;09 Ocio y cultura;Variación en lo que va de año;2024M07;3,4
10 Comunitat Valenciana;09 Ocio y cultura;Variación en lo que va de año;2024M06;1,9
10 Comunitat Valenciana;09 Ocio y cultura;Variación en lo que va de año;2024M05;-0,2
10 Comunitat Valenciana;09 Ocio y cultura;Variación en lo que va de año;2024M04;-0,9
10 Comunitat Valenciana;09 Ocio y cultura;Variación en lo que va de año;2024M03;-0,1
10 Comunitat Valenciana;09 Ocio y cultura;Variación en lo que va de año;2024M02;-1,9
10 Comunitat Valenciana;09 Ocio y cultura;Variación en lo que va de año;2024M01;-3,1
10 Comunitat Valenciana;10 Enseñanza;Índice;2024M12;107,977
10 Comunitat Valenciana;10 Enseñanza;Índice;2024M11;107,977
10 Comunitat Valenciana;10 Enseñanza;Índice;2024M10;107,710
10 Comunitat Valenciana;10 Enseñanza;Índice;2024M09;106,034
10 Comunitat Valenciana;10 Enseñanza;Índice;2024M08;104,514
10 Comunitat Valenciana;10 Enseñanza;Índice;2024M07;104,514
10 Comunitat Valenciana;10 Enseñanza;Índice;2024M06;104,514
10 Comunitat Valenciana;10 Enseñanza;Índice;2024M05;104,587
10 Comunitat Valenciana;10 Enseñanza;Índice;2024M04;104,587
10 Comunitat Valenciana;10 Enseñanza;Índice;2024M03;104,587
10 Comunitat Valenciana;10 Enseñanza;Índice;2024M02;104,587
10 Comunitat Valenciana;10 Enseñanza;Índice;2024M01;104,449
10 Comunitat Valenciana;10 Enseñanza;Variación mensual;2024M12;0,0
10 Comunitat Valenciana;10 Enseñanza;Variación mensual;2024M11;0,2
10 Comunitat Valenciana;10 Enseñanza;Variación mensual;2024M10;1,6
10 Comunitat Valenciana;10 Enseñanza;Variación mensual;2024M09;1,5
10 Comunitat Valenciana;10 Enseñanza;Variación mensual;2024M08;0,0
10 Comunitat Valenciana;10 Enseñanza;Variación mensual;2024M07;0,0
10 Comunitat Valenciana;10 Enseñanza;Variación mensual;2024M06;-0,1
10 Comunitat Valenciana;10 Enseñanza;Variación mensual;2024M05;0,0
10 Comunitat Valenciana;10 Enseñanza;Variación mensual;2024M04;0,0
10 Comunitat Valenciana;10 Enseñanza;Variación mensual;2024M03;0,0
10 Comunitat Valenciana;10 Enseñanza;Variación mensual;2024M02;0,1
10 Comunitat Valenciana;10 Enseñanza;Variación mensual;2024M01;0,0
10 Comunitat Valenciana;10 Enseñanza;Variación anual;2024M12;3,4
10 Comunitat Valenciana;10 Enseñanza;Variación anual;2024M11;3,6
10 Comunitat Valenciana;10 Enseñanza;Variación anual;2024M10;3,3
10 Comunitat Valenciana;10 Enseñanza;Variación anual;2024M09;1,7
10 Comunitat Valenciana;10 Enseñanza;Variación anual;2024M08;2,1
10 Comunitat Valenciana;10 Enseñanza;Variación anual;2024M07;2,1
10 Comunitat Valenciana;10 Enseñanza;Variación anual;2024M06;2,2
10 Comunitat Valenciana;10 Enseñanza;Variación anual;2024M05;2,2
10 Comunitat Valenciana;10 Enseñanza;Variación anual;2024M04;2,2
10 Comunitat Valenciana;10 Enseñanza;Variación anual;2024M03;2,2
10 Comunitat Valenciana;10 Enseñanza;Variación anual;2024M02;2,2
10 Comunitat Valenciana;10 Enseñanza;Variación anual;2024M01;2,1
10 Comunitat Valenciana;10 Enseñanza;Variación en lo que va de año;2024M12;3,4
10 Comunitat Valenciana;10 Enseñanza;Variación en lo que va de año;2024M11;3,4
10 Comunitat Valenciana;10 Enseñanza;Variación en lo que va de año;2024M10;3,1
10 Comunitat Valenciana;10 Enseñanza;Variación en lo que va de año;2024M09;1,5
10 Comunitat Valenciana;10 Enseñanza;Variación en lo que va de año;2024M08;0,1
10 Comunitat Valenciana;10 Enseñanza;Variación en lo que va de año;2024M07;0,1
10 Comunitat Valenciana;10 Enseñanza;Variación en lo que va de año;2024M06;0,1
10 Comunitat Valenciana;10 Enseñanza;Variación en lo que va de año;2024M05;0,1
10 Comunitat Valenciana;10 Enseñanza;Variación en lo que va de año;2024M04;0,1
10 Comunitat Valenciana;10 Enseñanza;Variación en lo que va de año;2024M03;0,1
10 Comunitat Valenciana;10 Enseñanza;Variación en lo que va de año;2024M02;0,1
10 Comunitat Valenciana;10 Enseñanza;Variación en lo que va de año;2024M01;0,0
10 Comunitat Valenciana;11 Restaurantes y hoteles;Índice;2024M12;121,246
10 Comunitat Valenciana;11 Restaurantes y hoteles;Índice;2024M11;121,266
10 Comunitat Valenciana;11 Restaurantes y hoteles;Índice;2024M10;121,489
10 Comunitat Valenciana;11 Restaurantes y hoteles;Índice;2024M09;122,285
10 Comunitat Valenciana;11 Restaurantes y hoteles;Índice;2024M08;122,843
10 Comunitat Valenciana;11 Restaurantes y hoteles;Índice;2024M07;122,508
10 Comunitat Valenciana;11 Restaurantes y hoteles;Índice;2024M06;121,142
10 Comunitat Valenciana;11 Restaurantes y hoteles;Índice;2024M05;119,656
10 Comunitat Valenciana;11 Restaurantes y hoteles;Índice;2024M04;118,873
10 Comunitat Valenciana;11 Restaurantes y hoteles;Índice;2024M03;118,062
10 Comunitat Valenciana;11 Restaurantes y hoteles;Índice;2024M02;117,091
10 Comunitat Valenciana;11 Restaurantes y hoteles;Índice;2024M01;116,400
10 Comunitat Valenciana;11 Restaurantes y hoteles;Variación mensual;2024M12;0,0
10 Comunitat Valenciana;11 Restaurantes y hoteles;Variación mensual;2024M11;-0,2
10 Comunitat Valenciana;11 Restaurantes y hoteles;Variación mensual;2024M10;-0,7
10 Comunitat Valenciana;11 Restaurantes y hoteles;Variación mensual;2024M09;-0,5
10 Comunitat Valenciana;11 Restaurantes y hoteles;Variación mensual;2024M08;0,3
10 Comunitat Valenciana;11 Restaurantes y hoteles;Variación mensual;2024M07;1,1
10 Comunitat Valenciana;11 Restaurantes y hoteles;Variación mensual;2024M06;1,2
10 Comunitat Valenciana;11 Restaurantes y hoteles;Variación mensual;2024M05;0,7
10 Comunitat Valenciana;11 Restaurantes y hoteles;Variación mensual;2024M04;0,7
10 Comunitat Valenciana;11 Restaurantes y hoteles;Variación mensual;2024M03;0,8
10 Comunitat Valenciana;11 Restaurantes y hoteles;Variación mensual;2024M02;0,6
10 Comunitat Valenciana;11 Restaurantes y hoteles;Variación mensual;2024M01;0,2
10 Comunitat Valenciana;11 Restaurantes y hoteles;Variación anual;2024M12;4,4
10 Comunitat Valenciana;11 Restaurantes y hoteles;Variación anual;2024M11;4,3
10 Comunitat Valenciana;11 Restaurantes y hoteles;Variación anual;2024M10;4,4
10 Comunitat Valenciana;11 Restaurantes y hoteles;Variación anual;2024M09;5,1
10 Comunitat Valenciana;11 Restaurantes y hoteles;Variación anual;2024M08;4,4
10 Comunitat Valenciana;11 Restaurantes y hoteles;Variación anual;2024M07;5,1
10 Comunitat Valenciana;11 Restaurantes y hoteles;Variación anual;2024M06;5,1
10 Comunitat Valenciana;11 Restaurantes y hoteles;Variación anual;2024M05;5,5
10 Comunitat Valenciana;11 Restaurantes y hoteles;Variación anual;2024M04;5,3
10 Comunitat Valenciana;11 Restaurantes y hoteles;Variación anual;2024M03;5,4
10 Comunitat Valenciana;11 Restaurantes y hoteles;Variación anual;2024M02;5,4
10 Comunitat Valenciana;11 Restaurantes y hoteles;Variación anual;2024M01;5,9
10 Comunitat Valenciana;11 Restaurantes y hoteles;Variación en lo que va de año;2024M12;4,4
10 Comunitat Valenciana;11 Restaurantes y hoteles;Variación en lo que va de año;2024M11;4,4
10 Comunitat Valenciana;11 Restaurantes y hoteles;Variación en lo que va de año;2024M10;4,6
10 Comunitat Valenciana;11 Restaurantes y hoteles;Variación en lo que va de año;2024M09;5,3
10 Comunitat Valenciana;11 Restaurantes y hoteles;Variación en lo que va de año;2024M08;5,7
10 Comunitat Valenciana;11 Restaurantes y hoteles;Variación en lo que va de año;2024M07;5,5
10 Comunitat Valenciana;11 Restaurantes y hoteles;Variación en lo que va de año;2024M06;4,3
10 Comunitat Valenciana;11 Restaurantes y hoteles;Variación en lo que va de año;2024M05;3,0
10 Comunitat Valenciana;11 Restaurantes y hoteles;Variación en lo que va de año;2024M04;2,3
10 Comunitat Valenciana;11 Restaurantes y hoteles;Variación en lo que va de año;2024M03;1,6
10 Comunitat Valenciana;11 Restaurantes y hoteles;Variación en lo que va de año;2024M02;0,8
10 Comunitat Valenciana;11 Restaurantes y hoteles;Variación en lo que va de año;2024M01;0,2
10 Comunitat Valenciana;12 Otros bienes y servicios;Índice;2024M12;113,692
10 Comunitat Valenciana;12 Otros bienes y servicios;Índice;2024M11;113,462
10 Comunitat Valenciana;12 Otros bienes y servicios;Índice;2024M10;112,952
10 Comunitat Valenciana;12 Otros bienes y servicios;Índice;2024M09;112,524
10 Comunitat Valenciana;12 Otros bienes y servicios;Índice;2024M08;112,758
10 Comunitat Valenciana;12 Otros bienes y servicios;Índice;2024M07;112,428
10 Comunitat Valenciana;12 Otros bienes y servicios;Índice;2024M06;112,933
10 Comunitat Valenciana;12 Otros bienes y servicios;Índice;2024M05;111,656
10 Comunitat Valenciana;12 Otros bienes y servicios;Índice;2024M04;111,505
10 Comunitat Valenciana;12 Otros bienes y servicios;Índice;2024M03;111,252
10 Comunitat Valenciana;12 Otros bienes y servicios;Índice;2024M02;110,983
10 Comunitat Valenciana;12 Otros bienes y servicios;Índice;2024M01;110,150
10 Comunitat Valenciana;12 Otros bienes y servicios;Variación mensual;2024M12;0,2
10 Comunitat Valenciana;12 Otros bienes y servicios;Variación mensual;2024M11;0,5
10 Comunitat Valenciana;12 Otros bienes y servicios;Variación mensual;2024M10;0,4
10 Comunitat Valenciana;12 Otros bienes y servicios;Variación mensual;2024M09;-0,2
10 Comunitat Valenciana;12 Otros bienes y servicios;Variación mensual;2024M08;0,3
10 Comunitat Valenciana;12 Otros bienes y servicios;Variación mensual;2024M07;-0,4
10 Comunitat Valenciana;12 Otros bienes y servicios;Variación mensual;2024M06;1,1
10 Comunitat Valenciana;12 Otros bienes y servicios;Variación mensual;2024M05;0,1
10 Comunitat Valenciana;12 Otros bienes y servicios;Variación mensual;2024M04;0,2
10 Comunitat Valenciana;12 Otros bienes y servicios;Variación mensual;2024M03;0,2
10 Comunitat Valenciana;12 Otros bienes y servicios;Variación mensual;2024M02;0,8
10 Comunitat Valenciana;12 Otros bienes y servicios;Variación mensual;2024M01;0,2
10 Comunitat Valenciana;12 Otros bienes y servicios;Variación anual;2024M12;3,4
10 Comunitat Valenciana;12 Otros bienes y servicios;Variación anual;2024M11;3,3
10 Comunitat Valenciana;12 Otros bienes y servicios;Variación anual;2024M10;2,9
10 Comunitat Valenciana;12 Otros bienes y servicios;Variación anual;2024M09;2,7
10 Comunitat Valenciana;12 Otros bienes y servicios;Variación anual;2024M08;2,9
10 Comunitat Valenciana;12 Otros bienes y servicios;Variación anual;2024M07;3,2
10 Comunitat Valenciana;12 Otros bienes y servicios;Variación anual;2024M06;3,4
10 Comunitat Valenciana;12 Otros bienes y servicios;Variación anual;2024M05;2,9
10 Comunitat Valenciana;12 Otros bienes y servicios;Variación anual;2024M04;2,9
10 Comunitat Valenciana;12 Otros bienes y servicios;Variación anual;2024M03;3,1
10 Comunitat Valenciana;12 Otros bienes y servicios;Variación anual;2024M02;3,8
10 Comunitat Valenciana;12 Otros bienes y servicios;Variación anual;2024M01;3,4
10 Comunitat Valenciana;12 Otros bienes y servicios;Variación en lo que va de año;2024M12;3,4
10 Comunitat Valenciana;12 Otros bienes y servicios;Variación en lo que va de año;2024M11;3,2
10 Comunitat Valenciana;12 Otros bienes y servicios;Variación en lo que va de año;2024M10;2,7
10 Comunitat Valenciana;12 Otros bienes y servicios;Variación en lo que va de año;2024M09;2,4
10 Comunitat Valenciana;12 Otros bienes y servicios;Variación en lo que va de año;2024M08;2,6
10 Comunitat Valenciana;12 Otros bienes y servicios;Variación en lo que va de año;2024M07;2,3
10 Comunitat Valenciana;12 Otros bienes y servicios;Variación en lo que va de año;2024M06;2,7
10 Comunitat Valenciana;12 Otros bienes y servicios;Variación en lo que va de año;2024M05;1,6
10 Comunitat Valenciana;12 Otros bienes y servicios;Variación en lo que va de año;2024M04;1,4
10 Comunitat Valenciana;12 Otros bienes y servicios;Variación en lo que va de año;2024M03;1,2
10 Comunitat Valenciana;12 Otros bienes y servicios;Variación en lo que va de año;2024M02;0,9
10 Comunitat Valenciana;12 Otros bienes y servicios;Variación en lo que va de año;2024M01;0,2
11 Extremadura;01 Alimentos y bebidas no alcohólicas;Índice;2024M12;132,131
11 Extremadura;01 Alimentos y bebidas no alcohólicas;Índice;2024M11;131,995
11 Extremadura;01 Alimentos y bebidas no alcohólicas;Índice;2024M10;133,182
11 Extremadura;01 Alimentos y bebidas no alcohólicas;Índice;2024M09;130,899
11 Extremadura;01 Alimentos y bebidas no alcohólicas;Índice;2024M08;131,192
11 Extremadura;01 Alimentos y bebidas no alcohólicas;Índice;2024M07;131,601
11 Extremadura;01 Alimentos y bebidas no alcohólicas;Índice;2024M06;132,436
11 Extremadura;01 Alimentos y bebidas no alcohólicas;Índice;2024M05;132,292
11 Extremadura;01 Alimentos y bebidas no alcohólicas;Índice;2024M04;132,183
11 Extremadura;01 Alimentos y bebidas no alcohólicas;Índice;2024M03;131,068
11 Extremadura;01 Alimentos y bebidas no alcohólicas;Índice;2024M02;131,113
11 Extremadura;01 Alimentos y bebidas no alcohólicas;Índice;2024M01;131,086
11 Extremadura;01 Alimentos y bebidas no alcohólicas;Variación mensual;2024M12;0,1
11 Extremadura;01 Alimentos y bebidas no alcohólicas;Variación mensual;2024M11;-0,9
11 Extremadura;01 Alimentos y bebidas no alcohólicas;Variación mensual;2024M10;1,7
11 Extremadura;01 Alimentos y bebidas no alcohólicas;Variación mensual;2024M09;-0,2
11 Extremadura;01 Alimentos y bebidas no alcohólicas;Variación mensual;2024M08;-0,3
11 Extremadura;01 Alimentos y bebidas no alcohólicas;Variación mensual;2024M07;-0,6
11 Extremadura;01 Alimentos y bebidas no alcohólicas;Variación mensual;2024M06;0,1
11 Extremadura;01 Alimentos y bebidas no alcohólicas;Variación mensual;2024M05;0,1
11 Extremadura;01 Alimentos y bebidas no alcohólicas;Variación mensual;2024M04;0,9
11 Extremadura;01 Alimentos y bebidas no alcohólicas;Variación mensual;2024M03;0,0
11 Extremadura;01 Alimentos y bebidas no alcohólicas;Variación mensual;2024M02;0,0
11 Extremadura;01 Alimentos y bebidas no alcohólicas;Variación mensual;2024M01;0,4
11 Extremadura;01 Alimentos y bebidas no alcohólicas;Variación anual;2024M12;1,2
11 Extremadura;01 Alimentos y bebidas no alcohólicas;Variación anual;2024M11;1,3
11 Extremadura;01 Alimentos y bebidas no alcohólicas;Variación anual;2024M10;1,9
11 Extremadura;01 Alimentos y bebidas no alcohólicas;Variación anual;2024M09;1,9
11 Extremadura;01 Alimentos y bebidas no alcohólicas;Variación anual;2024M08;2,7
11 Extremadura;01 Alimentos y bebidas no alcohólicas;Variación anual;2024M07;2,9
11 Extremadura;01 Alimentos y bebidas no alcohólicas;Variación anual;2024M06;4,2
11 Extremadura;01 Alimentos y bebidas no alcohólicas;Variación anual;2024M05;4,2
11 Extremadura;01 Alimentos y bebidas no alcohólicas;Variación anual;2024M04;4,8
11 Extremadura;01 Alimentos y bebidas no alcohólicas;Variación anual;2024M03;3,9
11 Extremadura;01 Alimentos y bebidas no alcohólicas;Variación anual;2024M02;5,6
11 Extremadura;01 Alimentos y bebidas no alcohólicas;Variación anual;2024M01;7,5
11 Extremadura;01 Alimentos y bebidas no alcohólicas;Variación en lo que va de año;2024M12;1,2
11 Extremadura;01 Alimentos y bebidas no alcohólicas;Variación en lo que va de año;2024M11;1,1
11 Extremadura;01 Alimentos y bebidas no alcohólicas;Variación en lo que va de año;2024M10;2,0
11 Extremadura;01 Alimentos y bebidas no alcohólicas;Variación en lo que va de año;2024M09;0,3
11 Extremadura;01 Alimentos y bebidas no alcohólicas;Variación en lo que va de año;2024M08;0,5
11 Extremadura;01 Alimentos y bebidas no alcohólicas;Variación en lo que va de año;2024M07;0,8
11 Extremadura;01 Alimentos y bebidas no alcohólicas;Variación en lo que va de año;2024M06;1,4
11 Extremadura;01 Alimentos y bebidas no alcohólicas;Variación en lo que va de año;2024M05;1,3
11 Extremadura;01 Alimentos y bebidas no alcohólicas;Variación en lo que va de año;2024M04;1,3
11 Extremadura;01 Alimentos y bebidas no alcohólicas;Variación en lo que va de año;2024M03;0,4
11 Extremadura;01 Alimentos y bebidas no alcohólicas;Variación en lo que va de año;2024M02;0,4
11 Extremadura;01 Alimentos y bebidas no alcohólicas;Variación en lo que va de año;2024M01;0,4
11 Extremadura;02 Bebidas alcohólicas y tabaco;Índice;2024M12;118,340
11 Extremadura;02 Bebidas alcohólicas y tabaco;Índice;2024M11;117,203
11 Extremadura;02 Bebidas alcohólicas y tabaco;Índice;2024M10;116,702
11 Extremadura;02 Bebidas alcohólicas y tabaco;Índice;2024M09;116,811
11 Extremadura;02 Bebidas alcohólicas y tabaco;Índice;2024M08;117,093
11 Extremadura;02 Bebidas alcohólicas y tabaco;Índice;2024M07;117,346
11 Extremadura;02 Bebidas alcohólicas y tabaco;Índice;2024M06;117,377
11 Extremadura;02 Bebidas alcohólicas y tabaco;Índice;2024M05;117,499
11 Extremadura;02 Bebidas alcohólicas y tabaco;Índice;2024M04;117,430
11 Extremadura;02 Bebidas alcohólicas y tabaco;Índice;2024M03;116,629
11 Extremadura;02 Bebidas alcohólicas y tabaco;Índice;2024M02;116,555
11 Extremadura;02 Bebidas alcohólicas y tabaco;Índice;2024M01;114,788
11 Extremadura;02 Bebidas alcohólicas y tabaco;Variación mensual;2024M12;1,0
11 Extremadura;02 Bebidas alcohólicas y tabaco;Variación mensual;2024M11;0,4
11 Extremadura;02 Bebidas alcohólicas y tabaco;Variación mensual;2024M10;-0,1
11 Extremadura;02 Bebidas alcohólicas y tabaco;Variación mensual;2024M09;-0,2
11 Extremadura;02 Bebidas alcohólicas y tabaco;Variación mensual;2024M08;-0,2
11 Extremadura;02 Bebidas alcohólicas y tabaco;Variación mensual;2024M07;0,0
11 Extremadura;02 Bebidas alcohólicas y tabaco;Variación mensual;2024M06;-0,1
11 Extremadura;02 Bebidas alcohólicas y tabaco;Variación mensual;2024M05;0,1
11 Extremadura;02 Bebidas alcohólicas y tabaco;Variación mensual;2024M04;0,7
11 Extremadura;02 Bebidas alcohólicas y tabaco;Variación mensual;2024M03;0,1
11 Extremadura;02 Bebidas alcohólicas y tabaco;Variación mensual;2024M02;1,5
11 Extremadura;02 Bebidas alcohólicas y tabaco;Variación mensual;2024M01;1,9
11 Extremadura;02 Bebidas alcohólicas y tabaco;Variación anual;2024M12;5,1
11 Extremadura;02 Bebidas alcohólicas y tabaco;Variación anual;2024M11;4,1
11 Extremadura;02 Bebidas alcohólicas y tabaco;Variación anual;2024M10;3,3
11 Extremadura;02 Bebidas alcohólicas y tabaco;Variación anual;2024M09;4,0
11 Extremadura;02 Bebidas alcohólicas y tabaco;Variación anual;2024M08;4,9
11 Extremadura;02 Bebidas alcohólicas y tabaco;Variación anual;2024M07;4,9
11 Extremadura;02 Bebidas alcohólicas y tabaco;Variación anual;2024M06;4,6
11 Extremadura;02 Bebidas alcohólicas y tabaco;Variación anual;2024M05;4,9
11 Extremadura;02 Bebidas alcohólicas y tabaco;Variación anual;2024M04;5,1
11 Extremadura;02 Bebidas alcohólicas y tabaco;Variación anual;2024M03;4,8
11 Extremadura;02 Bebidas alcohólicas y tabaco;Variación anual;2024M02;4,7
11 Extremadura;02 Bebidas alcohólicas y tabaco;Variación anual;2024M01;3,9
11 Extremadura;02 Bebidas alcohólicas y tabaco;Variación en lo que va de año;2024M12;5,1
11 Extremadura;02 Bebidas alcohólicas y tabaco;Variación en lo que va de año;2024M11;4,1
11 Extremadura;02 Bebidas alcohólicas y tabaco;Variación en lo que va de año;2024M10;3,6
11 Extremadura;02 Bebidas alcohólicas y tabaco;Variación en lo que va de año;2024M09;3,7
11 Extremadura;02 Bebidas alcohólicas y tabaco;Variación en lo que va de año;2024M08;4,0
11 Extremadura;02 Bebidas alcohólicas y tabaco;Variación en lo que va de año;2024M07;4,2
11 Extremadura;02 Bebidas alcohólicas y tabaco;Variación en lo que va de año;2024M06;4,2
11 Extremadura;02 Bebidas alcohólicas y tabaco;Variación en lo que va de año;2024M05;4,3
11 Extremadura;02 Bebidas alcohólicas y tabaco;Variación en lo que va de año;2024M04;4,3
11 Extremadura;02 Bebidas alcohólicas y tabaco;Variación en lo que va de año;2024M03;3,5
11 Extremadura;02 Bebidas alcohólicas y tabaco;Variación en lo que va de año;2024M02;3,5
11 Extremadura;02 Bebidas alcohólicas y tabaco;Variación en lo que va de año;2024M01;1,9
11 Extremadura;03 Vestido y calzado;Índice;2024M12;105,568
11 Extremadura;03 Vestido y calzado;Índice;2024M11;106,496
11 Extremadura;03 Vestido y calzado;Índice;2024M10;107,157
11 Extremadura;03 Vestido y calzado;Índice;2024M09;92,248
11 Extremadura;03 Vestido y calzado;Índice;2024M08;91,882
11 Extremadura;03 Vestido y calzado;Índice;2024M07;92,884
11 Extremadura;03 Vestido y calzado;Índice;2024M06;103,426
11 Extremadura;03 Vestido y calzado;Índice;2024M05;105,136
11 Extremadura;03 Vestido y calzado;Índice;2024M04;104,527
11 Extremadura;03 Vestido y calzado;Índice;2024M03;93,379
11 Extremadura;03 Vestido y calzado;Índice;2024M02;92,314
11 Extremadura;03 Vestido y calzado;Índice;2024M01;93,395
11 Extremadura;03 Vestido y calzado;Variación mensual;2024M12;-0,9
11 Extremadura;03 Vestido y calzado;Variación mensual;2024M11;-0,6
11 Extremadura;03 Vestido y calzado;Variación mensual;2024M10;16,2
11 Extremadura;03 Vestido y calzado;Variación mensual;2024M09;0,4
11 Extremadura;03 Vestido y calzado;Variación mensual;2024M08;-1,1
11 Extremadura;03 Vestido y calzado;Variación mensual;2024M07;-10,2
11 Extremadura;03 Vestido y calzado;Variación mensual;2024M06;-1,6
11 Extremadura;03 Vestido y calzado;Variación mensual;2024M05;0,6
11 Extremadura;03 Vestido y calzado;Variación mensual;2024M04;11,9
11 Extremadura;03 Vestido y calzado;Variación mensual;2024M03;1,2
11 Extremadura;03 Vestido y calzado;Variación mensual;2024M02;-1,2
11 Extremadura;03 Vestido y calzado;Variación mensual;2024M01;-12,3
11 Extremadura;03 Vestido y calzado;Variación anual;2024M12;-0,8
11 Extremadura;03 Vestido y calzado;Variación anual;2024M11;-2,1
11 Extremadura;03 Vestido y calzado;Variación anual;2024M10;0,5
11 Extremadura;03 Vestido y calzado;Variación anual;2024M09;-1,1
11 Extremadura;03 Vestido y calzado;Variación anual;2024M08;-0,7
11 Extremadura;03 Vestido y calzado;Variación anual;2024M07;0,1
11 Extremadura;03 Vestido y calzado;Variación anual;2024M06;-0,2
11 Extremadura;03 Vestido y calzado;Variación anual;2024M05;-0,3
11 Extremadura;03 Vestido y calzado;Variación anual;2024M04;3,9
11 Extremadura;03 Vestido y calzado;Variación anual;2024M03;-1,7
11 Extremadura;03 Vestido y calzado;Variación anual;2024M02;0,0
11 Extremadura;03 Vestido y calzado;Variación anual;2024M01;0,3
11 Extremadura;03 Vestido y calzado;Variación en lo que va de año;2024M12;-0,8
11 Extremadura;03 Vestido y calzado;Variación en lo que va de año;2024M11;0,1
11 Extremadura;03 Vestido y calzado;Variación en lo que va de año;2024M10;0,7
11 Extremadura;03 Vestido y calzado;Variación en lo que va de año;2024M09;-13,3
11 Extremadura;03 Vestido y calzado;Variación en lo que va de año;2024M08;-13,7
11 Extremadura;03 Vestido y calzado;Variación en lo que va de año;2024M07;-12,7
11 Extremadura;03 Vestido y calzado;Variación en lo que va de año;2024M06;-2,8
11 Extremadura;03 Vestido y calzado;Variación en lo que va de año;2024M05;-1,2
11 Extremadura;03 Vestido y calzado;Variación en lo que va de año;2024M04;-1,8
11 Extremadura;03 Vestido y calzado;Variación en lo que va de año;2024M03;-12,3
11 Extremadura;03 Vestido y calzado;Variación en lo que va de año;2024M02;-13,3
11 Extremadura;03 Vestido y calzado;Variación en lo que va de año;2024M01;-12,3
11 Extremadura;04 Vivienda, agua, electricidad, gas y otros combustibles;Índice;2024M12;108,297
11 Extremadura;04 Vivienda, agua, electricidad, gas y otros combustibles;Índice;2024M11;107,402
11 Extremadura;04 Vivienda, agua, electricidad, gas y otros combustibles;Índice;2024M10;105,253
11 Extremadura;04 Vivienda, agua, electricidad, gas y otros combustibles;Índice;2024M09;104,608
11 Extremadura;04 Vivienda, agua, electricidad, gas y otros combustibles;Índice;2024M08;105,367
11 Extremadura;04 Vivienda, agua, electricidad, gas y otros combustibles;Índice;2024M07;103,548
11 Extremadura;04 Vivienda, agua, electricidad, gas y otros combustibles;Índice;2024M06;106,262
11 Extremadura;04 Vivienda, agua, electricidad, gas y otros combustibles;Índice;2024M05;105,036
11 Extremadura;04 Vivienda, agua, electricidad, gas y otros combustibles;Índice;2024M04;103,970
11 Extremadura;04 Vivienda, agua, electricidad, gas y otros combustibles;Índice;2024M03;103,735
11 Extremadura;04 Vivienda, agua, electricidad, gas y otros combustibles;Índice;2024M02;101,008
11 Extremadura;04 Vivienda, agua, electricidad, gas y otros combustibles;Índice;2024M01;102,826
11 Extremadura;04 Vivienda, agua, electricidad, gas y otros combustibles;Variación mensual;2024M12;0,8
11 Extremadura;04 Vivienda, agua, electricidad, gas y otros combustibles;Variación mensual;2024M11;2,0
11 Extremadura;04 Vivienda, agua, electricidad, gas y otros combustibles;Variación mensual;2024M10;0,6
11 Extremadura;04 Vivienda, agua, electricidad, gas y otros combustibles;Variación mensual;2024M09;-0,7
11 Extremadura;04 Vivienda, agua, electricidad, gas y otros combustibles;Variación mensual;2024M08;1,8
11 Extremadura;04 Vivienda, agua, electricidad, gas y otros combustibles;Variación mensual;2024M07;-2,6
11 Extremadura;04 Vivienda, agua, electricidad, gas y otros combustibles;Variación mensual;2024M06;1,2
11 Extremadura;04 Vivienda, agua, electricidad, gas y otros combustibles;Variación mensual;2024M05;1,0
11 Extremadura;04 Vivienda, agua, electricidad, gas y otros combustibles;Variación mensual;2024M04;0,2
11 Extremadura;04 Vivienda, agua, electricidad, gas y otros combustibles;Variación mensual;2024M03;2,7
11 Extremadura;04 Vivienda, agua, electricidad, gas y otros combustibles;Variación mensual;2024M02;-1,8
11 Extremadura;04 Vivienda, agua, electricidad, gas y otros combustibles;Variación mensual;2024M01;4,3
11 Extremadura;04 Vivienda, agua, electricidad, gas y otros combustibles;Variación anual;2024M12;9,9
11 Extremadura;04 Vivienda, agua, electricidad, gas y otros combustibles;Variación anual;2024M11;9,9
11 Extremadura;04 Vivienda, agua, electricidad, gas y otros combustibles;Variación anual;2024M10;5,9
11 Extremadura;04 Vivienda, agua, electricidad, gas y otros combustibles;Variación anual;2024M09;4,3
11 Extremadura;04 Vivienda, agua, electricidad, gas y otros combustibles;Variación anual;2024M08;5,6
11 Extremadura;04 Vivienda, agua, electricidad, gas y otros combustibles;Variación anual;2024M07;3,7
11 Extremadura;04 Vivienda, agua, electricidad, gas y otros combustibles;Variación anual;2024M06;6,4
11 Extremadura;04 Vivienda, agua, electricidad, gas y otros combustibles;Variación anual;2024M05;6,5
11 Extremadura;04 Vivienda, agua, electricidad, gas y otros combustibles;Variación anual;2024M04;4,9
11 Extremadura;04 Vivienda, agua, electricidad, gas y otros combustibles;Variación anual;2024M03;2,6
11 Extremadura;04 Vivienda, agua, electricidad, gas y otros combustibles;Variación anual;2024M02;-2,7
11 Extremadura;04 Vivienda, agua, electricidad, gas y otros combustibles;Variación anual;2024M01;2,9
11 Extremadura;04 Vivienda, agua, electricidad, gas y otros combustibles;Variación en lo que va de año;2024M12;9,9
11 Extremadura;04 Vivienda, agua, electricidad, gas y otros combustibles;Variación en lo que va de año;2024M11;9,0
11 Extremadura;04 Vivienda, agua, electricidad, gas y otros combustibles;Variación en lo que va de año;2024M10;6,8
11 Extremadura;04 Vivienda, agua, electricidad, gas y otros combustibles;Variación en lo que va de año;2024M09;6,2
11 Extremadura;04 Vivienda, agua, electricidad, gas y otros combustibles;Variación en lo que va de año;2024M08;6,9
11 Extremadura;04 Vivienda, agua, electricidad, gas y otros combustibles;Variación en lo que va de año;2024M07;5,1
11 Extremadura;04 Vivienda, agua, electricidad, gas y otros combustibles;Variación en lo que va de año;2024M06;7,8
11 Extremadura;04 Vivienda, agua, electricidad, gas y otros combustibles;Variación en lo que va de año;2024M05;6,6
11 Extremadura;04 Vivienda, agua, electricidad, gas y otros combustibles;Variación en lo que va de año;2024M04;5,5
11 Extremadura;04 Vivienda, agua, electricidad, gas y otros combustibles;Variación en lo que va de año;2024M03;5,3
11 Extremadura;04 Vivienda, agua, electricidad, gas y otros combustibles;Variación en lo que va de año;2024M02;2,5
11 Extremadura;04 Vivienda, agua, electricidad, gas y otros combustibles;Variación en lo que va de año;2024M01;4,3
11 Extremadura;05 Muebles, artículos del hogar y artículos para el mantenimiento corriente del hogar;Índice;2024M12;109,795
11 Extremadura;05 Muebles, artículos del hogar y artículos para el mantenimiento corriente del hogar;Índice;2024M11;109,701
11 Extremadura;05 Muebles, artículos del hogar y artículos para el mantenimiento corriente del hogar;Índice;2024M10;109,578
11 Extremadura;05 Muebles, artículos del hogar y artículos para el mantenimiento corriente del hogar;Índice;2024M09;109,110
11 Extremadura;05 Muebles, artículos del hogar y artículos para el mantenimiento corriente del hogar;Índice;2024M08;109,175
11 Extremadura;05 Muebles, artículos del hogar y artículos para el mantenimiento corriente del hogar;Índice;2024M07;108,906
11 Extremadura;05 Muebles, artículos del hogar y artículos para el mantenimiento corriente del hogar;Índice;2024M06;109,332
11 Extremadura;05 Muebles, artículos del hogar y artículos para el mantenimiento corriente del hogar;Índice;2024M05;109,222
11 Extremadura;05 Muebles, artículos del hogar y artículos para el mantenimiento corriente del hogar;Índice;2024M04;109,017
11 Extremadura;05 Muebles, artículos del hogar y artículos para el mantenimiento corriente del hogar;Índice;2024M03;109,017
11 Extremadura;05 Muebles, artículos del hogar y artículos para el mantenimiento corriente del hogar;Índice;2024M02;109,066
11 Extremadura;05 Muebles, artículos del hogar y artículos para el mantenimiento corriente del hogar;Índice;2024M01;109,397
11 Extremadura;05 Muebles, artículos del hogar y artículos para el mantenimiento corriente del hogar;Variación mensual;2024M12;0,1
11 Extremadura;05 Muebles, artículos del hogar y artículos para el mantenimiento corriente del hogar;Variación mensual;2024M11;0,1
11 Extremadura;05 Muebles, artículos del hogar y artículos para el mantenimiento corriente del hogar;Variación mensual;2024M10;0,4
11 Extremadura;05 Muebles, artículos del hogar y artículos para el mantenimiento corriente del hogar;Variación mensual;2024M09;-0,1
11 Extremadura;05 Muebles, artículos del hogar y artículos para el mantenimiento corriente del hogar;Variación mensual;2024M08;0,2
11 Extremadura;05 Muebles, artículos del hogar y artículos para el mantenimiento corriente del hogar;Variación mensual;2024M07;-0,4
11 Extremadura;05 Muebles, artículos del hogar y artículos para el mantenimiento corriente del hogar;Variación mensual;2024M06;0,1
11 Extremadura;05 Muebles, artículos del hogar y artículos para el mantenimiento corriente del hogar;Variación mensual;2024M05;0,2
11 Extremadura;05 Muebles, artículos del hogar y artículos para el mantenimiento corriente del hogar;Variación mensual;2024M04;0,0
11 Extremadura;05 Muebles, artículos del hogar y artículos para el mantenimiento corriente del hogar;Variación mensual;2024M03;0,0
11 Extremadura;05 Muebles, artículos del hogar y artículos para el mantenimiento corriente del hogar;Variación mensual;2024M02;-0,3
11 Extremadura;05 Muebles, artículos del hogar y artículos para el mantenimiento corriente del hogar;Variación mensual;2024M01;-0,2
11 Extremadura;05 Muebles, artículos del hogar y artículos para el mantenimiento corriente del hogar;Variación anual;2024M12;0,2
11 Extremadura;05 Muebles, artículos del hogar y artículos para el mantenimiento corriente del hogar;Variación anual;2024M11;0,9
11 Extremadura;05 Muebles, artículos del hogar y artículos para el mantenimiento corriente del hogar;Variación anual;2024M10;0,5
11 Extremadura;05 Muebles, artículos del hogar y artículos para el mantenimiento corriente del hogar;Variación anual;2024M09;0,0
11 Extremadura;05 Muebles, artículos del hogar y artículos para el mantenimiento corriente del hogar;Variación anual;2024M08;0,5
11 Extremadura;05 Muebles, artículos del hogar y artículos para el mantenimiento corriente del hogar;Variación anual;2024M07;0,3
11 Extremadura;05 Muebles, artículos del hogar y artículos para el mantenimiento corriente del hogar;Variación anual;2024M06;0,3
11 Extremadura;05 Muebles, artículos del hogar y artículos para el mantenimiento corriente del hogar;Variación anual;2024M05;0,1
11 Extremadura;05 Muebles, artículos del hogar y artículos para el mantenimiento corriente del hogar;Variación anual;2024M04;0,2
11 Extremadura;05 Muebles, artículos del hogar y artículos para el mantenimiento corriente del hogar;Variación anual;2024M03;0,8
11 Extremadura;05 Muebles, artículos del hogar y artículos para el mantenimiento corriente del hogar;Variación anual;2024M02;1,3
11 Extremadura;05 Muebles, artículos del hogar y artículos para el mantenimiento corriente del hogar;Variación anual;2024M01;1,9
11 Extremadura;05 Muebles, artículos del hogar y artículos para el mantenimiento corriente del hogar;Variación en lo que va de año;2024M12;0,2
11 Extremadura;05 Muebles, artículos del hogar y artículos para el mantenimiento corriente del hogar;Variación en lo que va de año;2024M11;0,1
11 Extremadura;05 Muebles, artículos del hogar y artículos para el mantenimiento corriente del hogar;Variación en lo que va de año;2024M10;0,0
11 Extremadura;05 Muebles, artículos del hogar y artículos para el mantenimiento corriente del hogar;Variación en lo que va de año;2024M09;-0,5
11 Extremadura;05 Muebles, artículos del hogar y artículos para el mantenimiento corriente del hogar;Variación en lo que va de año;2024M08;-0,4
11 Extremadura;05 Muebles, artículos del hogar y artículos para el mantenimiento corriente del hogar;Variación en lo que va de año;2024M07;-0,6
11 Extremadura;05 Muebles, artículos del hogar y artículos para el mantenimiento corriente del hogar;Variación en lo que va de año;2024M06;-0,3
11 Extremadura;05 Muebles, artículos del hogar y artículos para el mantenimiento corriente del hogar;Variación en lo que va de año;2024M05;-0,4
11 Extremadura;05 Muebles, artículos del hogar y artículos para el mantenimiento corriente del hogar;Variación en lo que va de año;2024M04;-0,5
11 Extremadura;05 Muebles, artículos del hogar y artículos para el mantenimiento corriente del hogar;Variación en lo que va de año;2024M03;-0,5
11 Extremadura;05 Muebles, artículos del hogar y artículos para el mantenimiento corriente del hogar;Variación en lo que va de año;2024M02;-0,5
11 Extremadura;05 Muebles, artículos del hogar y artículos para el mantenimiento corriente del hogar;Variación en lo que va de año;2024M01;-0,2
11 Extremadura;06 Sanidad;Índice;2024M12;102,660
11 Extremadura;06 Sanidad;Índice;2024M11;102,549
11 Extremadura;06 Sanidad;Índice;2024M10;102,525
11 Extremadura;06 Sanidad;Índice;2024M09;102,273
11 Extremadura;06 Sanidad;Índice;2024M08;101,980
11 Extremadura;06 Sanidad;Índice;2024M07;102,129
11 Extremadura;06 Sanidad;Índice;2024M06;101,901
11 Extremadura;06 Sanidad;Índice;2024M05;101,198
11 Extremadura;06 Sanidad;Índice;2024M04;100,905
11 Extremadura;06 Sanidad;Índice;2024M03;100,893
11 Extremadura;06 Sanidad;Índice;2024M02;101,263
11 Extremadura;06 Sanidad;Índice;2024M01;100,924
11 Extremadura;06 Sanidad;Variación mensual;2024M12;0,1
11 Extremadura;06 Sanidad;Variación mensual;2024M11;0,0
11 Extremadura;06 Sanidad;Variación mensual;2024M10;0,2
11 Extremadura;06 Sanidad;Variación mensual;2024M09;0,3
11 Extremadura;06 Sanidad;Variación mensual;2024M08;-0,1
11 Extremadura;06 Sanidad;Variación mensual;2024M07;0,2
11 Extremadura;06 Sanidad;Variación mensual;2024M06;0,7
11 Extremadura;06 Sanidad;Variación mensual;2024M05;0,3
11 Extremadura;06 Sanidad;Variación mensual;2024M04;0,0
11 Extremadura;06 Sanidad;Variación mensual;2024M03;-0,4
11 Extremadura;06 Sanidad;Variación mensual;2024M02;0,3
11 Extremadura;06 Sanidad;Variación mensual;2024M01;0,0
11 Extremadura;06 Sanidad;Variación anual;2024M12;1,7
11 Extremadura;06 Sanidad;Variación anual;2024M11;1,6
11 Extremadura;06 Sanidad;Variación anual;2024M10;1,8
11 Extremadura;06 Sanidad;Variación anual;2024M09;1,8
11 Extremadura;06 Sanidad;Variación anual;2024M08;1,5
11 Extremadura;06 Sanidad;Variación anual;2024M07;1,6
11 Extremadura;06 Sanidad;Variación anual;2024M06;1,3
11 Extremadura;06 Sanidad;Variación anual;2024M05;0,6
11 Extremadura;06 Sanidad;Variación anual;2024M04;0,3
11 Extremadura;06 Sanidad;Variación anual;2024M03;0,4
11 Extremadura;06 Sanidad;Variación anual;2024M02;0,8
11 Extremadura;06 Sanidad;Variación anual;2024M01;0,6
11 Extremadura;06 Sanidad;Variación en lo que va de año;2024M12;1,7
11 Extremadura;06 Sanidad;Variación en lo que va de año;2024M11;1,6
11 Extremadura;06 Sanidad;Variación en lo que va de año;2024M10;1,5
11 Extremadura;06 Sanidad;Variación en lo que va de año;2024M09;1,3
11 Extremadura;06 Sanidad;Variación en lo que va de año;2024M08;1,0
11 Extremadura;06 Sanidad;Variación en lo que va de año;2024M07;1,2
11 Extremadura;06 Sanidad;Variación en lo que va de año;2024M06;0,9
11 Extremadura;06 Sanidad;Variación en lo que va de año;2024M05;0,2
11 Extremadura;06 Sanidad;Variación en lo que va de año;2024M04;-0,1
11 Extremadura;06 Sanidad;Variación en lo que va de año;2024M03;-0,1
11 Extremadura;06 Sanidad;Variación en lo que va de año;2024M02;0,3
11 Extremadura;06 Sanidad;Variación en lo que va de año;2024M01;0,0
11 Extremadura;07 Transporte;Índice;2024M12;112,217
11 Extremadura;07 Transporte;Índice;2024M11;111,367
11 Extremadura;07 Transporte;Índice;2024M10;110,825
11 Extremadura;07 Transporte;Índice;2024M09;110,674
11 Extremadura;07 Transporte;Índice;2024M08;112,460
11 Extremadura;07 Transporte;Índice;2024M07;113,466
11 Extremadura;07 Transporte;Índice;2024M06;113,052
11 Extremadura;07 Transporte;Índice;2024M05;113,865
11 Extremadura;07 Transporte;Índice;2024M04;114,425
11 Extremadura;07 Transporte;Índice;2024M03;113,594
11 Extremadura;07 Transporte;Índice;2024M02;112,884
11 Extremadura;07 Transporte;Índice;2024M01;110,922
11 Extremadura;07 Transporte;Variación mensual;2024M12;0,8
11 Extremadura;07 Transporte;Variación mensual;2024M11;0,5
11 Extremadura;07 Transporte;Variación mensual;2024M10;0,1
11 Extremadura;07 Transporte;Variación mensual;2024M09;-1,6
11 Extremadura;07 Transporte;Variación mensual;2024M08;-0,9
11 Extremadura;07 Transporte;Variación mensual;2024M07;0,4
11 Extremadura;07 Transporte;Variación mensual;2024M06;-0,7
11 Extremadura;07 Transporte;Variación mensual;2024M05;-0,5
11 Extremadura;07 Transporte;Variación mensual;2024M04;0,7
11 Extremadura;07 Transporte;Variación mensual;2024M03;0,6
11 Extremadura;07 Transporte;Variación mensual;2024M02;1,8
11 Extremadura;07 Transporte;Variación mensual;2024M01;0,3
11 Extremadura;07 Transporte;Variación anual;2024M12;1,5
11 Extremadura;07 Transporte;Variación anual;2024M11;-0,6
11 Extremadura;07 Transporte;Variación anual;2024M10;-2,7
11 Extremadura;07 Transporte;Variación anual;2024M09;-3,9
11 Extremadura;07 Transporte;Variación anual;2024M08;-1,0
11 Extremadura;07 Transporte;Variación anual;2024M07;2,7
11 Extremadura;07 Transporte;Variación anual;2024M06;3,1
11 Extremadura;07 Transporte;Variación anual;2024M05;4,3
11 Extremadura;07 Transporte;Variación anual;2024M04;3,1
11 Extremadura;07 Transporte;Variación anual;2024M03;3,0
11 Extremadura;07 Transporte;Variación anual;2024M02;2,1
11 Extremadura;07 Transporte;Variación anual;2024M01;-2,3
11 Extremadura;07 Transporte;Variación en lo que va de año;2024M12;1,5
11 Extremadura;07 Transporte;Variación en lo que va de año;2024M11;0,7
11 Extremadura;07 Transporte;Variación en lo que va de año;2024M10;0,2
11 Extremadura;07 Transporte;Variación en lo que va de año;2024M09;0,1
11 Extremadura;07 Transporte;Variación en lo que va de año;2024M08;1,7
11 Extremadura;07 Transporte;Variación en lo que va de año;2024M07;2,6
11 Extremadura;07 Transporte;Variación en lo que va de año;2024M06;2,3
11 Extremadura;07 Transporte;Variación en lo que va de año;2024M05;3,0
11 Extremadura;07 Transporte;Variación en lo que va de año;2024M04;3,5
11 Extremadura;07 Transporte;Variación en lo que va de año;2024M03;2,8
11 Extremadura;07 Transporte;Variación en lo que va de año;2024M02;2,1
11 Extremadura;07 Transporte;Variación en lo que va de año;2024M01;0,3
11 Extremadura;08 Comunicaciones;Índice;2024M12;100,328
11 Extremadura;08 Comunicaciones;Índice;2024M11;100,349
11 Extremadura;08 Comunicaciones;Índice;2024M10;100,350
11 Extremadura;08 Comunicaciones;Índice;2024M09;101,322
11 Extremadura;08 Comunicaciones;Índice;2024M08;101,425
11 Extremadura;08 Comunicaciones;Índice;2024M07;101,522
11 Extremadura;08 Comunicaciones;Índice;2024M06;102,025
11 Extremadura;08 Comunicaciones;Índice;2024M05;101,998
11 Extremadura;08 Comunicaciones;Índice;2024M04;102,111
11 Extremadura;08 Comunicaciones;Índice;2024M03;102,021
11 Extremadura;08 Comunicaciones;Índice;2024M02;102,127
11 Extremadura;08 Comunicaciones;Índice;2024M01;102,219
11 Extremadura;08 Comunicaciones;Variación mensual;2024M12;0,0
11 Extremadura;08 Comunicaciones;Variación mensual;2024M11;0,0
11 Extremadura;08 Comunicaciones;Variación mensual;2024M10;-1,0
11 Extremadura;08 Comunicaciones;Variación mensual;2024M09;-0,1
11 Extremadura;08 Comunicaciones;Variación mensual;2024M08;-0,1
11 Extremadura;08 Comunicaciones;Variación mensual;2024M07;-0,5
11 Extremadura;08 Comunicaciones;Variación mensual;2024M06;0,0
11 Extremadura;08 Comunicaciones;Variación mensual;2024M05;-0,1
11 Extremadura;08 Comunicaciones;Variación mensual;2024M04;0,1
11 Extremadura;08 Comunicaciones;Variación mensual;2024M03;-0,1
11 Extremadura;08 Comunicaciones;Variación mensual;2024M02;-0,1
11 Extremadura;08 Comunicaciones;Variación mensual;2024M01;1,9
11 Extremadura;08 Comunicaciones;Variación anual;2024M12;0,0
11 Extremadura;08 Comunicaciones;Variación anual;2024M11;-0,1
11 Extremadura;08 Comunicaciones;Variación anual;2024M10;-0,2
11 Extremadura;08 Comunicaciones;Variación anual;2024M09;-0,4
11 Extremadura;08 Comunicaciones;Variación anual;2024M08;-0,5
11 Extremadura;08 Comunicaciones;Variación anual;2024M07;-0,3
11 Extremadura;08 Comunicaciones;Variación anual;2024M06;0,0
11 Extremadura;08 Comunicaciones;Variación anual;2024M05;-0,3
11 Extremadura;08 Comunicaciones;Variación anual;2024M04;-0,3
11 Extremadura;08 Comunicaciones;Variación anual;2024M03;0,2
11 Extremadura;08 Comunicaciones;Variación anual;2024M02;0,2
11 Extremadura;08 Comunicaciones;Variación anual;2024M01;0,4
11 Extremadura;08 Comunicaciones;Variación en lo que va de año;2024M12;0,0
11 Extremadura;08 Comunicaciones;Variación en lo que va de año;2024M11;0,0
11 Extremadura;08 Comunicaciones;Variación en lo que va de año;2024M10;0,0
11 Extremadura;08 Comunicaciones;Variación en lo que va de año;2024M09;1,0
11 Extremadura;08 Comunicaciones;Variación en lo que va de año;2024M08;1,1
11 Extremadura;08 Comunicaciones;Variación en lo que va de año;2024M07;1,2
11 Extremadura;08 Comunicaciones;Variación en lo que va de año;2024M06;1,7
11 Extremadura;08 Comunicaciones;Variación en lo que va de año;2024M05;1,7
11 Extremadura;08 Comunicaciones;Variación en lo que va de año;2024M04;1,8
11 Extremadura;08 Comunicaciones;Variación en lo que va de año;2024M03;1,7
11 Extremadura;08 Comunicaciones;Variación en lo que va de año;2024M02;1,8
11 Extremadura;08 Comunicaciones;Variación en lo que va de año;2024M01;1,9
11 Extremadura;09 Ocio y cultura;Índice;2024M12;106,193
11 Extremadura;09 Ocio y cultura;Índice;2024M11;103,146
11 Extremadura;09 Ocio y cultura;Índice;2024M10;104,649
11 Extremadura;09 Ocio y cultura;Índice;2024M09;105,124
11 Extremadura;09 Ocio y cultura;Índice;2024M08;109,247
11 Extremadura;09 Ocio y cultura;Índice;2024M07;107,749
11 Extremadura;09 Ocio y cultura;Índice;2024M06;106,279
11 Extremadura;09 Ocio y cultura;Índice;2024M05;104,442
11 Extremadura;09 Ocio y cultura;Índice;2024M04;103,824
11 Extremadura;09 Ocio y cultura;Índice;2024M03;104,409
11 Extremadura;09 Ocio y cultura;Índice;2024M02;102,933
11 Extremadura;09 Ocio y cultura;Índice;2024M01;102,408
11 Extremadura;09 Ocio y cultura;Variación mensual;2024M12;3,0
11 Extremadura;09 Ocio y cultura;Variación mensual;2024M11;-1,4
11 Extremadura;09 Ocio y cultura;Variación mensual;2024M10;-0,5
11 Extremadura;09 Ocio y cultura;Variación mensual;2024M09;-3,8
11 Extremadura;09 Ocio y cultura;Variación mensual;2024M08;1,4
11 Extremadura;09 Ocio y cultura;Variación mensual;2024M07;1,4
11 Extremadura;09 Ocio y cultura;Variación mensual;2024M06;1,8
11 Extremadura;09 Ocio y cultura;Variación mensual;2024M05;0,6
11 Extremadura;09 Ocio y cultura;Variación mensual;2024M04;-0,6
11 Extremadura;09 Ocio y cultura;Variación mensual;2024M03;1,4
11 Extremadura;09 Ocio y cultura;Variación mensual;2024M02;0,5
11 Extremadura;09 Ocio y cultura;Variación mensual;2024M01;-1,6
11 Extremadura;09 Ocio y cultura;Variación anual;2024M12;2,1
11 Extremadura;09 Ocio y cultura;Variación anual;2024M11;1,3
11 Extremadura;09 Ocio y cultura;Variación anual;2024M10;1,5
11 Extremadura;09 Ocio y cultura;Variación anual;2024M09;0,7
11 Extremadura;09 Ocio y cultura;Variación anual;2024M08;1,7
11 Extremadura;09 Ocio y cultura;Variación anual;2024M07;1,2
11 Extremadura;09 Ocio y cultura;Variación anual;2024M06;2,4
11 Extremadura;09 Ocio y cultura;Variación anual;2024M05;2,6
11 Extremadura;09 Ocio y cultura;Variación anual;2024M04;1,3
11 Extremadura;09 Ocio y cultura;Variación anual;2024M03;2,7
11 Extremadura;09 Ocio y cultura;Variación anual;2024M02;1,7
11 Extremadura;09 Ocio y cultura;Variación anual;2024M01;2,1
11 Extremadura;09 Ocio y cultura;Variación en lo que va de año;2024M12;2,1
11 Extremadura;09 Ocio y cultura;Variación en lo que va de año;2024M11;-0,8
11 Extremadura;09 Ocio y cultura;Variación en lo que va de año;2024M10;0,6
11 Extremadura;09 Ocio y cultura;Variación en lo que va de año;2024M09;1,1
11 Extremadura;09 Ocio y cultura;Variación en lo que va de año;2024M08;5,0
11 Extremadura;09 Ocio y cultura;Variación en lo que va de año;2024M07;3,6
11 Extremadura;09 Ocio y cultura;Variación en lo que va de año;2024M06;2,2
11 Extremadura;09 Ocio y cultura;Variación en lo que va de año;2024M05;0,4
11 Extremadura;09 Ocio y cultura;Variación en lo que va de año;2024M04;-0,2
11 Extremadura;09 Ocio y cultura;Variación en lo que va de año;2024M03;0,4
11 Extremadura;09 Ocio y cultura;Variación en lo que va de año;2024M02;-1,1
11 Extremadura;09 Ocio y cultura;Variación en lo que va de año;2024M01;-1,6
11 Extremadura;10 Enseñanza;Índice;2024M12;106,732
11 Extremadura;10 Enseñanza;Índice;2024M11;106,732
11 Extremadura;10 Enseñanza;Índice;2024M10;106,446
11 Extremadura;10 Enseñanza;Índice;2024M09;105,828
11 Extremadura;10 Enseñanza;Índice;2024M08;105,163
11 Extremadura;10 Enseñanza;Índice;2024M07;105,048
11 Extremadura;10 Enseñanza;Índice;2024M06;105,048
11 Extremadura;10 Enseñanza;Índice;2024M05;105,048
11 Extremadura;10 Enseñanza;Índice;2024M04;105,048
11 Extremadura;10 Enseñanza;Índice;2024M03;105,048
11 Extremadura;10 Enseñanza;Índice;2024M02;105,048
11 Extremadura;10 Enseñanza;Índice;2024M01;105,048
11 Extremadura;10 Enseñanza;Variación mensual;2024M12;0,0
11 Extremadura;10 Enseñanza;Variación mensual;2024M11;0,3
11 Extremadura;10 Enseñanza;Variación mensual;2024M10;0,6
11 Extremadura;10 Enseñanza;Variación mensual;2024M09;0,6
11 Extremadura;10 Enseñanza;Variación mensual;2024M08;0,1
11 Extremadura;10 Enseñanza;Variación mensual;2024M07;0,0
11 Extremadura;10 Enseñanza;Variación mensual;2024M06;0,0
11 Extremadura;10 Enseñanza;Variación mensual;2024M05;0,0
11 Extremadura;10 Enseñanza;Variación mensual;2024M04;0,0
11 Extremadura;10 Enseñanza;Variación mensual;2024M03;0,0
11 Extremadura;10 Enseñanza;Variación mensual;2024M02;0,0
11 Extremadura;10 Enseñanza;Variación mensual;2024M01;0,0
11 Extremadura;10 Enseñanza;Variación anual;2024M12;1,6
11 Extremadura;10 Enseñanza;Variación anual;2024M11;1,7
11 Extremadura;10 Enseñanza;Variación anual;2024M10;1,5
11 Extremadura;10 Enseñanza;Variación anual;2024M09;2,0
11 Extremadura;10 Enseñanza;Variación anual;2024M08;2,5
11 Extremadura;10 Enseñanza;Variación anual;2024M07;2,4
11 Extremadura;10 Enseñanza;Variación anual;2024M06;2,5
11 Extremadura;10 Enseñanza;Variación anual;2024M05;2,6
11 Extremadura;10 Enseñanza;Variación anual;2024M04;2,6
11 Extremadura;10 Enseñanza;Variación anual;2024M03;2,7
11 Extremadura;10 Enseñanza;Variación anual;2024M02;2,7
11 Extremadura;10 Enseñanza;Variación anual;2024M01;2,9
11 Extremadura;10 Enseñanza;Variación en lo que va de año;2024M12;1,6
11 Extremadura;10 Enseñanza;Variación en lo que va de año;2024M11;1,6
11 Extremadura;10 Enseñanza;Variación en lo que va de año;2024M10;1,3
11 Extremadura;10 Enseñanza;Variación en lo que va de año;2024M09;0,7
11 Extremadura;10 Enseñanza;Variación en lo que va de año;2024M08;0,1
11 Extremadura;10 Enseñanza;Variación en lo que va de año;2024M07;0,0
11 Extremadura;10 Enseñanza;Variación en lo que va de año;2024M06;0,0
11 Extremadura;10 Enseñanza;Variación en lo que va de año;2024M05;0,0
11 Extremadura;10 Enseñanza;Variación en lo que va de año;2024M04;0,0
11 Extremadura;10 Enseñanza;Variación en lo que va de año;2024M03;0,0
11 Extremadura;10 Enseñanza;Variación en lo que va de año;2024M02;0,0
11 Extremadura;10 Enseñanza;Variación en lo que va de año;2024M01;0,0
11 Extremadura;11 Restaurantes y hoteles;Índice;2024M12;118,234
11 Extremadura;11 Restaurantes y hoteles;Índice;2024M11;117,903
11 Extremadura;11 Restaurantes y hoteles;Índice;2024M10;118,315
11 Extremadura;11 Restaurantes y hoteles;Índice;2024M09;117,915
11 Extremadura;11 Restaurantes y hoteles;Índice;2024M08;118,024
11 Extremadura;11 Restaurantes y hoteles;Índice;2024M07;117,716
11 Extremadura;11 Restaurantes y hoteles;Índice;2024M06;118,450
11 Extremadura;11 Restaurantes y hoteles;Índice;2024M05;117,770
11 Extremadura;11 Restaurantes y hoteles;Índice;2024M04;116,958
11 Extremadura;11 Restaurantes y hoteles;Índice;2024M03;116,526
11 Extremadura;11 Restaurantes y hoteles;Índice;2024M02;115,522
11 Extremadura;11 Restaurantes y hoteles;Índice;2024M01;114,366
11 Extremadura;11 Restaurantes y hoteles;Variación mensual;2024M12;0,3
11 Extremadura;11 Restaurantes y hoteles;Variación mensual;2024M11;-0,3
11 Extremadura;11 Restaurantes y hoteles;Variación mensual;2024M10;0,3
11 Extremadura;11 Restaurantes y hoteles;Variación mensual;2024M09;-0,1
11 Extremadura;11 Restaurantes y hoteles;Variación mensual;2024M08;0,3
11 Extremadura;11 Restaurantes y hoteles;Variación mensual;2024M07;-0,6
11 Extremadura;11 Restaurantes y hoteles;Variación mensual;2024M06;0,6
11 Extremadura;11 Restaurantes y hoteles;Variación mensual;2024M05;0,7
11 Extremadura;11 Restaurantes y hoteles;Variación mensual;2024M04;0,4
11 Extremadura;11 Restaurantes y hoteles;Variación mensual;2024M03;0,9
11 Extremadura;11 Restaurantes y hoteles;Variación mensual;2024M02;1,0
11 Extremadura;11 Restaurantes y hoteles;Variación mensual;2024M01;0,1
11 Extremadura;11 Restaurantes y hoteles;Variación anual;2024M12;3,5
11 Extremadura;11 Restaurantes y hoteles;Variación anual;2024M11;3,0
11 Extremadura;11 Restaurantes y hoteles;Variación anual;2024M10;3,0
11 Extremadura;11 Restaurantes y hoteles;Variación anual;2024M09;2,9
11 Extremadura;11 Restaurantes y hoteles;Variación anual;2024M08;3,4
11 Extremadura;11 Restaurantes y hoteles;Variación anual;2024M07;3,2
11 Extremadura;11 Restaurantes y hoteles;Variación anual;2024M06;4,3
11 Extremadura;11 Restaurantes y hoteles;Variación anual;2024M05;4,8
11 Extremadura;11 Restaurantes y hoteles;Variación anual;2024M04;4,2
11 Extremadura;11 Restaurantes y hoteles;Variación anual;2024M03;9,8
11 Extremadura;11 Restaurantes y hoteles;Variación anual;2024M02;9,5
11 Extremadura;11 Restaurantes y hoteles;Variación anual;2024M01;3,7
11 Extremadura;11 Restaurantes y hoteles;Variación en lo que va de año;2024M12;3,5
11 Extremadura;11 Restaurantes y hoteles;Variación en lo que va de año;2024M11;3,2
11 Extremadura;11 Restaurantes y hoteles;Variación en lo que va de año;2024M10;3,6
11 Extremadura;11 Restaurantes y hoteles;Variación en lo que va de año;2024M09;3,2
11 Extremadura;11 Restaurantes y hoteles;Variación en lo que va de año;2024M08;3,3
11 Extremadura;11 Restaurantes y hoteles;Variación en lo que va de año;2024M07;3,0
11 Extremadura;11 Restaurantes y hoteles;Variación en lo que va de año;2024M06;3,7
11 Extremadura;11 Restaurantes y hoteles;Variación en lo que va de año;2024M05;3,1
11 Extremadura;11 Restaurantes y hoteles;Variación en lo que va de año;2024M04;2,4
11 Extremadura;11 Restaurantes y hoteles;Variación en lo que va de año;2024M03;2,0
11 Extremadura;11 Restaurantes y hoteles;Variación en lo que va de año;2024M02;1,1
11 Extremadura;11 Restaurantes y hoteles;Variación en lo que va de año;2024M01;0,1
11 Extremadura;12 Otros bienes y servicios;Índice;2024M12;113,895
11 Extremadura;12 Otros bienes y servicios;Índice;2024M11;114,113
11 Extremadura;12 Otros bienes y servicios;Índice;2024M10;113,818
11 Extremadura;12 Otros bienes y servicios;Índice;2024M09;112,819
11 Extremadura;12 Otros bienes y servicios;Índice;2024M08;113,260
11 Extremadura;12 Otros bienes y servicios;Índice;2024M07;112,745
11 Extremadura;12 Otros bienes y servicios;Índice;2024M06;113,430
11 Extremadura;12 Otros bienes y servicios;Índice;2024M05;112,176
11 Extremadura;12 Otros bienes y servicios;Índice;2024M04;111,960
11 Extremadura;12 Otros bienes y servicios;Índice;2024M03;111,663
11 Extremadura;12 Otros bienes y servicios;Índice;2024M02;111,664
11 Extremadura;12 Otros bienes y servicios;Índice;2024M01;110,389
11 Extremadura;12 Otros bienes y servicios;Variación mensual;2024M12;-0,2
11 Extremadura;12 Otros bienes y servicios;Variación mensual;2024M11;0,3
11 Extremadura;12 Otros bienes y servicios;Variación mensual;2024M10;0,9
11 Extremadura;12 Otros bienes y servicios;Variación mensual;2024M09;-0,4
11 Extremadura;12 Otros bienes y servicios;Variación mensual;2024M08;0,5
11 Extremadura;12 Otros bienes y servicios;Variación mensual;2024M07;-0,6
11 Extremadura;12 Otros bienes y servicios;Variación mensual;2024M06;1,1
11 Extremadura;12 Otros bienes y servicios;Variación mensual;2024M05;0,2
11 Extremadura;12 Otros bienes y servicios;Variación mensual;2024M04;0,3
11 Extremadura;12 Otros bienes y servicios;Variación mensual;2024M03;0,0
11 Extremadura;12 Otros bienes y servicios;Variación mensual;2024M02;1,2
11 Extremadura;12 Otros bienes y servicios;Variación mensual;2024M01;0,4
11 Extremadura;12 Otros bienes y servicios;Variación anual;2024M12;3,6
11 Extremadura;12 Otros bienes y servicios;Variación anual;2024M11;3,7
11 Extremadura;12 Otros bienes y servicios;Variación anual;2024M10;3,6
11 Extremadura;12 Otros bienes y servicios;Variación anual;2024M09;2,8
11 Extremadura;12 Otros bienes y servicios;Variación anual;2024M08;3,5
11 Extremadura;12 Otros bienes y servicios;Variación anual;2024M07;3,3
11 Extremadura;12 Otros bienes y servicios;Variación anual;2024M06;3,7
11 Extremadura;12 Otros bienes y servicios;Variación anual;2024M05;3,4
11 Extremadura;12 Otros bienes y servicios;Variación anual;2024M04;3,3
11 Extremadura;12 Otros bienes y servicios;Variación anual;2024M03;3,2
11 Extremadura;12 Otros bienes y servicios;Variación anual;2024M02;4,0
11 Extremadura;12 Otros bienes y servicios;Variación anual;2024M01;3,2
11 Extremadura;12 Otros bienes y servicios;Variación en lo que va de año;2024M12;3,6
11 Extremadura;12 Otros bienes y servicios;Variación en lo que va de año;2024M11;3,8
11 Extremadura;12 Otros bienes y servicios;Variación en lo que va de año;2024M10;3,5
11 Extremadura;12 Otros bienes y servicios;Variación en lo que va de año;2024M09;2,6
11 Extremadura;12 Otros bienes y servicios;Variación en lo que va de año;2024M08;3,0
11 Extremadura;12 Otros bienes y servicios;Variación en lo que va de año;2024M07;2,5
11 Extremadura;12 Otros bienes y servicios;Variación en lo que va de año;2024M06;3,1
11 Extremadura;12 Otros bienes y servicios;Variación en lo que va de año;2024M05;2,0
11 Extremadura;12 Otros bienes y servicios;Variación en lo que va de año;2024M04;1,8
11 Extremadura;12 Otros bienes y servicios;Variación en lo que va de año;2024M03;1,5
11 Extremadura;12 Otros bienes y servicios;Variación en lo que va de año;2024M02;1,5
11 Extremadura;12 Otros bienes y servicios;Variación en lo que va de año;2024M01;0,4
12 Galicia;01 Alimentos y bebidas no alcohólicas;Índice;2024M12;129,539
12 Galicia;01 Alimentos y bebidas no alcohólicas;Índice;2024M11;129,310
12 Galicia;01 Alimentos y bebidas no alcohólicas;Índice;2024M10;129,394
12 Galicia;01 Alimentos y bebidas no alcohólicas;Índice;2024M09;127,598
12 Galicia;01 Alimentos y bebidas no alcohólicas;Índice;2024M08;128,217
12 Galicia;01 Alimentos y bebidas no alcohólicas;Índice;2024M07;128,709
12 Galicia;01 Alimentos y bebidas no alcohólicas;Índice;2024M06;129,590
12 Galicia;01 Alimentos y bebidas no alcohólicas;Índice;2024M05;129,335
12 Galicia;01 Alimentos y bebidas no alcohólicas;Índice;2024M04;129,516
12 Galicia;01 Alimentos y bebidas no alcohólicas;Índice;2024M03;128,717
12 Galicia;01 Alimentos y bebidas no alcohólicas;Índice;2024M02;128,565
12 Galicia;01 Alimentos y bebidas no alcohólicas;Índice;2024M01;128,988
12 Galicia;01 Alimentos y bebidas no alcohólicas;Variación mensual;2024M12;0,2
12 Galicia;01 Alimentos y bebidas no alcohólicas;Variación mensual;2024M11;-0,1
12 Galicia;01 Alimentos y bebidas no alcohólicas;Variación mensual;2024M10;1,4
12 Galicia;01 Alimentos y bebidas no alcohólicas;Variación mensual;2024M09;-0,5
12 Galicia;01 Alimentos y bebidas no alcohólicas;Variación mensual;2024M08;-0,4
12 Galicia;01 Alimentos y bebidas no alcohólicas;Variación mensual;2024M07;-0,7
12 Galicia;01 Alimentos y bebidas no alcohólicas;Variación mensual;2024M06;0,2
12 Galicia;01 Alimentos y bebidas no alcohólicas;Variación mensual;2024M05;-0,1
12 Galicia;01 Alimentos y bebidas no alcohólicas;Variación mensual;2024M04;0,6
12 Galicia;01 Alimentos y bebidas no alcohólicas;Variación mensual;2024M03;0,1
12 Galicia;01 Alimentos y bebidas no alcohólicas;Variación mensual;2024M02;-0,3
12 Galicia;01 Alimentos y bebidas no alcohólicas;Variación mensual;2024M01;0,9
12 Galicia;01 Alimentos y bebidas no alcohólicas;Variación anual;2024M12;1,4
12 Galicia;01 Alimentos y bebidas no alcohólicas;Variación anual;2024M11;1,4
12 Galicia;01 Alimentos y bebidas no alcohólicas;Variación anual;2024M10;2,0
12 Galicia;01 Alimentos y bebidas no alcohólicas;Variación anual;2024M09;1,6
12 Galicia;01 Alimentos y bebidas no alcohólicas;Variación anual;2024M08;2,2
12 Galicia;01 Alimentos y bebidas no alcohólicas;Variación anual;2024M07;3,2
12 Galicia;01 Alimentos y bebidas no alcohólicas;Variación anual;2024M06;4,8
12 Galicia;01 Alimentos y bebidas no alcohólicas;Variación anual;2024M05;5,0
12 Galicia;01 Alimentos y bebidas no alcohólicas;Variación anual;2024M04;5,6
12 Galicia;01 Alimentos y bebidas no alcohólicas;Variación anual;2024M03;4,9
12 Galicia;01 Alimentos y bebidas no alcohólicas;Variación anual;2024M02;5,9
12 Galicia;01 Alimentos y bebidas no alcohólicas;Variación anual;2024M01;7,9
12 Galicia;01 Alimentos y bebidas no alcohólicas;Variación en lo que va de año;2024M12;1,4
12 Galicia;01 Alimentos y bebidas no alcohólicas;Variación en lo que va de año;2024M11;1,2
12 Galicia;01 Alimentos y bebidas no alcohólicas;Variación en lo que va de año;2024M10;1,3
12 Galicia;01 Alimentos y bebidas no alcohólicas;Variación en lo que va de año;2024M09;-0,1
12 Galicia;01 Alimentos y bebidas no alcohólicas;Variación en lo que va de año;2024M08;0,3
12 Galicia;01 Alimentos y bebidas no alcohólicas;Variación en lo que va de año;2024M07;0,7
12 Galicia;01 Alimentos y bebidas no alcohólicas;Variación en lo que va de año;2024M06;1,4
12 Galicia;01 Alimentos y bebidas no alcohólicas;Variación en lo que va de año;2024M05;1,2
12 Galicia;01 Alimentos y bebidas no alcohólicas;Variación en lo que va de año;2024M04;1,4
12 Galicia;01 Alimentos y bebidas no alcohólicas;Variación en lo que va de año;2024M03;0,7
12 Galicia;01 Alimentos y bebidas no alcohólicas;Variación en lo que va de año;2024M02;0,6
12 Galicia;01 Alimentos y bebidas no alcohólicas;Variación en lo que va de año;2024M01;0,9
12 Galicia;02 Bebidas alcohólicas y tabaco;Índice;2024M12;116,491
12 Galicia;02 Bebidas alcohólicas y tabaco;Índice;2024M11;116,285
12 Galicia;02 Bebidas alcohólicas y tabaco;Índice;2024M10;116,069
12 Galicia;02 Bebidas alcohólicas y tabaco;Índice;2024M09;116,450
12 Galicia;02 Bebidas alcohólicas y tabaco;Índice;2024M08;116,133
12 Galicia;02 Bebidas alcohólicas y tabaco;Índice;2024M07;116,618
12 Galicia;02 Bebidas alcohólicas y tabaco;Índice;2024M06;116,027
12 Galicia;02 Bebidas alcohólicas y tabaco;Índice;2024M05;116,800
12 Galicia;02 Bebidas alcohólicas y tabaco;Índice;2024M04;116,560
12 Galicia;02 Bebidas alcohólicas y tabaco;Índice;2024M03;115,494
12 Galicia;02 Bebidas alcohólicas y tabaco;Índice;2024M02;115,321
12 Galicia;02 Bebidas alcohólicas y tabaco;Índice;2024M01;114,080
12 Galicia;02 Bebidas alcohólicas y tabaco;Variación mensual;2024M12;0,2
12 Galicia;02 Bebidas alcohólicas y tabaco;Variación mensual;2024M11;0,2
12 Galicia;02 Bebidas alcohólicas y tabaco;Variación mensual;2024M10;-0,3
12 Galicia;02 Bebidas alcohólicas y tabaco;Variación mensual;2024M09;0,3
12 Galicia;02 Bebidas alcohólicas y tabaco;Variación mensual;2024M08;-0,4
12 Galicia;02 Bebidas alcohólicas y tabaco;Variación mensual;2024M07;0,5
12 Galicia;02 Bebidas alcohólicas y tabaco;Variación mensual;2024M06;-0,7
12 Galicia;02 Bebidas alcohólicas y tabaco;Variación mensual;2024M05;0,2
12 Galicia;02 Bebidas alcohólicas y tabaco;Variación mensual;2024M04;0,9
12 Galicia;02 Bebidas alcohólicas y tabaco;Variación mensual;2024M03;0,1
12 Galicia;02 Bebidas alcohólicas y tabaco;Variación mensual;2024M02;1,1
12 Galicia;02 Bebidas alcohólicas y tabaco;Variación mensual;2024M01;2,5
12 Galicia;02 Bebidas alcohólicas y tabaco;Variación anual;2024M12;4,6
12 Galicia;02 Bebidas alcohólicas y tabaco;Variación anual;2024M11;4,3
12 Galicia;02 Bebidas alcohólicas y tabaco;Variación anual;2024M10;3,0
12 Galicia;02 Bebidas alcohólicas y tabaco;Variación anual;2024M09;3,2
12 Galicia;02 Bebidas alcohólicas y tabaco;Variación anual;2024M08;3,1
12 Galicia;02 Bebidas alcohólicas y tabaco;Variación anual;2024M07;4,1
12 Galicia;02 Bebidas alcohólicas y tabaco;Variación anual;2024M06;3,0
12 Galicia;02 Bebidas alcohólicas y tabaco;Variación anual;2024M05;3,5
12 Galicia;02 Bebidas alcohólicas y tabaco;Variación anual;2024M04;3,2
12 Galicia;02 Bebidas alcohólicas y tabaco;Variación anual;2024M03;2,5
12 Galicia;02 Bebidas alcohólicas y tabaco;Variación anual;2024M02;3,8
12 Galicia;02 Bebidas alcohólicas y tabaco;Variación anual;2024M01;3,7
12 Galicia;02 Bebidas alcohólicas y tabaco;Variación en lo que va de año;2024M12;4,6
12 Galicia;02 Bebidas alcohólicas y tabaco;Variación en lo que va de año;2024M11;4,5
12 Galicia;02 Bebidas alcohólicas y tabaco;Variación en lo que va de año;2024M10;4,3
12 Galicia;02 Bebidas alcohólicas y tabaco;Variación en lo que va de año;2024M09;4,6
12 Galicia;02 Bebidas alcohólicas y tabaco;Variación en lo que va de año;2024M08;4,3
12 Galicia;02 Bebidas alcohólicas y tabaco;Variación en lo que va de año;2024M07;4,8
12 Galicia;02 Bebidas alcohólicas y tabaco;Variación en lo que va de año;2024M06;4,2
12 Galicia;02 Bebidas alcohólicas y tabaco;Variación en lo que va de año;2024M05;4,9
12 Galicia;02 Bebidas alcohólicas y tabaco;Variación en lo que va de año;2024M04;4,7
12 Galicia;02 Bebidas alcohólicas y tabaco;Variación en lo que va de año;2024M03;3,8
12 Galicia;02 Bebidas alcohólicas y tabaco;Variación en lo que va de año;2024M02;3,6
12 Galicia;02 Bebidas alcohólicas y tabaco;Variación en lo que va de año;2024M01;2,5
12 Galicia;03 Vestido y calzado;Índice;2024M12;114,012
12 Galicia;03 Vestido y calzado;Índice;2024M11;114,937
12 Galicia;03 Vestido y calzado;Índice;2024M10;109,738
12 Galicia;03 Vestido y calzado;Índice;2024M09;99,523
12 Galicia;03 Vestido y calzado;Índice;2024M08;98,227
12 Galicia;03 Vestido y calzado;Índice;2024M07;99,111
12 Galicia;03 Vestido y calzado;Índice;2024M06;110,048
12 Galicia;03 Vestido y calzado;Índice;2024M05;111,158
12 Galicia;03 Vestido y calzado;Índice;2024M04;108,460
12 Galicia;03 Vestido y calzado;Índice;2024M03;99,596
12 Galicia;03 Vestido y calzado;Índice;2024M02;98,372
12 Galicia;03 Vestido y calzado;Índice;2024M01;101,476
12 Galicia;03 Vestido y calzado;Variación mensual;2024M12;-0,8
12 Galicia;03 Vestido y calzado;Variación mensual;2024M11;4,7
12 Galicia;03 Vestido y calzado;Variación mensual;2024M10;10,3
12 Galicia;03 Vestido y calzado;Variación mensual;2024M09;1,3
12 Galicia;03 Vestido y calzado;Variación mensual;2024M08;-0,9
12 Galicia;03 Vestido y calzado;Variación mensual;2024M07;-9,9
12 Galicia;03 Vestido y calzado;Variación mensual;2024M06;-1,0
12 Galicia;03 Vestido y calzado;Variación mensual;2024M05;2,5
12 Galicia;03 Vestido y calzado;Variación mensual;2024M04;8,9
12 Galicia;03 Vestido y calzado;Variación mensual;2024M03;1,2
12 Galicia;03 Vestido y calzado;Variación mensual;2024M02;-3,1
12 Galicia;03 Vestido y calzado;Variación mensual;2024M01;-10,6
12 Galicia;03 Vestido y calzado;Variación anual;2024M12;0,5
12 Galicia;03 Vestido y calzado;Variación anual;2024M11;0,4
12 Galicia;03 Vestido y calzado;Variación anual;2024M10;0,4
12 Galicia;03 Vestido y calzado;Variación anual;2024M09;0,9
12 Galicia;03 Vestido y calzado;Variación anual;2024M08;1,1
12 Galicia;03 Vestido y calzado;Variación anual;2024M07;1,0
12 Galicia;03 Vestido y calzado;Variación anual;2024M06;1,0
12 Galicia;03 Vestido y calzado;Variación anual;2024M05;1,6
12 Galicia;03 Vestido y calzado;Variación anual;2024M04;0,4
12 Galicia;03 Vestido y calzado;Variación anual;2024M03;2,1
12 Galicia;03 Vestido y calzado;Variación anual;2024M02;2,0
12 Galicia;03 Vestido y calzado;Variación anual;2024M01;3,0
12 Galicia;03 Vestido y calzado;Variación en lo que va de año;2024M12;0,5
12 Galicia;03 Vestido y calzado;Variación en lo que va de año;2024M11;1,3
12 Galicia;03 Vestido y calzado;Variación en lo que va de año;2024M10;-3,3
12 Galicia;03 Vestido y calzado;Variación en lo que va de año;2024M09;-12,3
12 Galicia;03 Vestido y calzado;Variación en lo que va de año;2024M08;-13,4
12 Galicia;03 Vestido y calzado;Variación en lo que va de año;2024M07;-12,6
12 Galicia;03 Vestido y calzado;Variación en lo que va de año;2024M06;-3,0
12 Galicia;03 Vestido y calzado;Variación en lo que va de año;2024M05;-2,0
12 Galicia;03 Vestido y calzado;Variación en lo que va de año;2024M04;-4,4
12 Galicia;03 Vestido y calzado;Variación en lo que va de año;2024M03;-12,2
12 Galicia;03 Vestido y calzado;Variación en lo que va de año;2024M02;-13,3
12 Galicia;03 Vestido y calzado;Variación en lo que va de año;2024M01;-10,6
12 Galicia;04 Vivienda, agua, electricidad, gas y otros combustibles;Índice;2024M12;110,396
12 Galicia;04 Vivienda, agua, electricidad, gas y otros combustibles;Índice;2024M11;109,630
12 Galicia;04 Vivienda, agua, electricidad, gas y otros combustibles;Índice;2024M10;107,699
12 Galicia;04 Vivienda, agua, electricidad, gas y otros combustibles;Índice;2024M09;107,214
12 Galicia;04 Vivienda, agua, electricidad, gas y otros combustibles;Índice;2024M08;108,164
12 Galicia;04 Vivienda, agua, electricidad, gas y otros combustibles;Índice;2024M07;107,502
12 Galicia;04 Vivienda, agua, electricidad, gas y otros combustibles;Índice;2024M06;109,815
12 Galicia;04 Vivienda, agua, electricidad, gas y otros combustibles;Índice;2024M05;108,840
12 Galicia;04 Vivienda, agua, electricidad, gas y otros combustibles;Índice;2024M04;107,979
12 Galicia;04 Vivienda, agua, electricidad, gas y otros combustibles;Índice;2024M03;107,637
12 Galicia;04 Vivienda, agua, electricidad, gas y otros combustibles;Índice;2024M02;105,041
12 Galicia;04 Vivienda, agua, electricidad, gas y otros combustibles;Índice;2024M01;106,412
12 Galicia;04 Vivienda, agua, electricidad, gas y otros combustibles;Variación mensual;2024M12;0,7
12 Galicia;04 Vivienda, agua, electricidad, gas y otros combustibles;Variación mensual;2024M11;1,8
12 Galicia;04 Vivienda, agua, electricidad, gas y otros combustibles;Variación mensual;2024M10;0,5
12 Galicia;04 Vivienda, agua, electricidad, gas y otros combustibles;Variación mensual;2024M09;-0,9
12 Galicia;04 Vivienda, agua, electricidad, gas y otros combustibles;Variación mensual;2024M08;0,6
12 Galicia;04 Vivienda, agua, electricidad, gas y otros combustibles;Variación mensual;2024M07;-2,1
12 Galicia;04 Vivienda, agua, electricidad, gas y otros combustibles;Variación mensual;2024M06;0,9
12 Galicia;04 Vivienda, agua, electricidad, gas y otros combustibles;Variación mensual;2024M05;0,8
12 Galicia;04 Vivienda, agua, electricidad, gas y otros combustibles;Variación mensual;2024M04;0,3
12 Galicia;04 Vivienda, agua, electricidad, gas y otros combustibles;Variación mensual;2024M03;2,5
12 Galicia;04 Vivienda, agua, electricidad, gas y otros combustibles;Variación mensual;2024M02;-1,3
12 Galicia;04 Vivienda, agua, electricidad, gas y otros combustibles;Variación mensual;2024M01;3,4
12 Galicia;04 Vivienda, agua, electricidad, gas y otros combustibles;Variación anual;2024M12;7,2
12 Galicia;04 Vivienda, agua, electricidad, gas y otros combustibles;Variación anual;2024M11;7,2
12 Galicia;04 Vivienda, agua, electricidad, gas y otros combustibles;Variación anual;2024M10;3,5
12 Galicia;04 Vivienda, agua, electricidad, gas y otros combustibles;Variación anual;2024M09;2,3
12 Galicia;04 Vivienda, agua, electricidad, gas y otros combustibles;Variación anual;2024M08;3,9
12 Galicia;04 Vivienda, agua, electricidad, gas y otros combustibles;Variación anual;2024M07;3,4
12 Galicia;04 Vivienda, agua, electricidad, gas y otros combustibles;Variación anual;2024M06;5,7
12 Galicia;04 Vivienda, agua, electricidad, gas y otros combustibles;Variación anual;2024M05;5,7
12 Galicia;04 Vivienda, agua, electricidad, gas y otros combustibles;Variación anual;2024M04;4,4
12 Galicia;04 Vivienda, agua, electricidad, gas y otros combustibles;Variación anual;2024M03;2,1
12 Galicia;04 Vivienda, agua, electricidad, gas y otros combustibles;Variación anual;2024M02;-2,6
12 Galicia;04 Vivienda, agua, electricidad, gas y otros combustibles;Variación anual;2024M01;1,8
12 Galicia;04 Vivienda, agua, electricidad, gas y otros combustibles;Variación en lo que va de año;2024M12;7,2
12 Galicia;04 Vivienda, agua, electricidad, gas y otros combustibles;Variación en lo que va de año;2024M11;6,5
12 Galicia;04 Vivienda, agua, electricidad, gas y otros combustibles;Variación en lo que va de año;2024M10;4,6
12 Galicia;04 Vivienda, agua, electricidad, gas y otros combustibles;Variación en lo que va de año;2024M09;4,2
12 Galicia;04 Vivienda, agua, electricidad, gas y otros combustibles;Variación en lo que va de año;2024M08;5,1
12 Galicia;04 Vivienda, agua, electricidad, gas y otros combustibles;Variación en lo que va de año;2024M07;4,4
12 Galicia;04 Vivienda, agua, electricidad, gas y otros combustibles;Variación en lo que va de año;2024M06;6,7
12 Galicia;04 Vivienda, agua, electricidad, gas y otros combustibles;Variación en lo que va de año;2024M05;5,7
12 Galicia;04 Vivienda, agua, electricidad, gas y otros combustibles;Variación en lo que va de año;2024M04;4,9
12 Galicia;04 Vivienda, agua, electricidad, gas y otros combustibles;Variación en lo que va de año;2024M03;4,6
12 Galicia;04 Vivienda, agua, electricidad, gas y otros combustibles;Variación en lo que va de año;2024M02;2,0
12 Galicia;04 Vivienda, agua, electricidad, gas y otros combustibles;Variación en lo que va de año;2024M01;3,4
12 Galicia;05 Muebles, artículos del hogar y artículos para el mantenimiento corriente del hogar;Índice;2024M12;114,914
12 Galicia;05 Muebles, artículos del hogar y artículos para el mantenimiento corriente del hogar;Índice;2024M11;114,821
12 Galicia;05 Muebles, artículos del hogar y artículos para el mantenimiento corriente del hogar;Índice;2024M10;114,934
12 Galicia;05 Muebles, artículos del hogar y artículos para el mantenimiento corriente del hogar;Índice;2024M09;114,555
12 Galicia;05 Muebles, artículos del hogar y artículos para el mantenimiento corriente del hogar;Índice;2024M08;113,950
12 Galicia;05 Muebles, artículos del hogar y artículos para el mantenimiento corriente del hogar;Índice;2024M07;114,185
12 Galicia;05 Muebles, artículos del hogar y artículos para el mantenimiento corriente del hogar;Índice;2024M06;114,642
12 Galicia;05 Muebles, artículos del hogar y artículos para el mantenimiento corriente del hogar;Índice;2024M05;114,872
12 Galicia;05 Muebles, artículos del hogar y artículos para el mantenimiento corriente del hogar;Índice;2024M04;114,597
12 Galicia;05 Muebles, artículos del hogar y artículos para el mantenimiento corriente del hogar;Índice;2024M03;114,077
12 Galicia;05 Muebles, artículos del hogar y artículos para el mantenimiento corriente del hogar;Índice;2024M02;113,863
12 Galicia;05 Muebles, artículos del hogar y artículos para el mantenimiento corriente del hogar;Índice;2024M01;113,504
12 Galicia;05 Muebles, artículos del hogar y artículos para el mantenimiento corriente del hogar;Variación mensual;2024M12;0,1
12 Galicia;05 Muebles, artículos del hogar y artículos para el mantenimiento corriente del hogar;Variación mensual;2024M11;-0,1
12 Galicia;05 Muebles, artículos del hogar y artículos para el mantenimiento corriente del hogar;Variación mensual;2024M10;0,3
12 Galicia;05 Muebles, artículos del hogar y artículos para el mantenimiento corriente del hogar;Variación mensual;2024M09;0,5
12 Galicia;05 Muebles, artículos del hogar y artículos para el mantenimiento corriente del hogar;Variación mensual;2024M08;-0,2
12 Galicia;05 Muebles, artículos del hogar y artículos para el mantenimiento corriente del hogar;Variación mensual;2024M07;-0,4
12 Galicia;05 Muebles, artículos del hogar y artículos para el mantenimiento corriente del hogar;Variación mensual;2024M06;-0,2
12 Galicia;05 Muebles, artículos del hogar y artículos para el mantenimiento corriente del hogar;Variación mensual;2024M05;0,2
12 Galicia;05 Muebles, artículos del hogar y artículos para el mantenimiento corriente del hogar;Variación mensual;2024M04;0,5
12 Galicia;05 Muebles, artículos del hogar y artículos para el mantenimiento corriente del hogar;Variación mensual;2024M03;0,2
12 Galicia;05 Muebles, artículos del hogar y artículos para el mantenimiento corriente del hogar;Variación mensual;2024M02;0,3
12 Galicia;05 Muebles, artículos del hogar y artículos para el mantenimiento corriente del hogar;Variación mensual;2024M01;-0,1
12 Galicia;05 Muebles, artículos del hogar y artículos para el mantenimiento corriente del hogar;Variación anual;2024M12;1,2
12 Galicia;05 Muebles, artículos del hogar y artículos para el mantenimiento corriente del hogar;Variación anual;2024M11;1,1
12 Galicia;05 Muebles, artículos del hogar y artículos para el mantenimiento corriente del hogar;Variación anual;2024M10;1,2
12 Galicia;05 Muebles, artículos del hogar y artículos para el mantenimiento corriente del hogar;Variación anual;2024M09;1,0
12 Galicia;05 Muebles, artículos del hogar y artículos para el mantenimiento corriente del hogar;Variación anual;2024M08;0,5
12 Galicia;05 Muebles, artículos del hogar y artículos para el mantenimiento corriente del hogar;Variación anual;2024M07;1,0
12 Galicia;05 Muebles, artículos del hogar y artículos para el mantenimiento corriente del hogar;Variación anual;2024M06;1,2
12 Galicia;05 Muebles, artículos del hogar y artículos para el mantenimiento corriente del hogar;Variación anual;2024M05;1,6
12 Galicia;05 Muebles, artículos del hogar y artículos para el mantenimiento corriente del hogar;Variación anual;2024M04;1,8
12 Galicia;05 Muebles, artículos del hogar y artículos para el mantenimiento corriente del hogar;Variación anual;2024M03;2,2
12 Galicia;05 Muebles, artículos del hogar y artículos para el mantenimiento corriente del hogar;Variación anual;2024M02;2,5
12 Galicia;05 Muebles, artículos del hogar y artículos para el mantenimiento corriente del hogar;Variación anual;2024M01;2,6
12 Galicia;05 Muebles, artículos del hogar y artículos para el mantenimiento corriente del hogar;Variación en lo que va de año;2024M12;1,2
12 Galicia;05 Muebles, artículos del hogar y artículos para el mantenimiento corriente del hogar;Variación en lo que va de año;2024M11;1,1
12 Galicia;05 Muebles, artículos del hogar y artículos para el mantenimiento corriente del hogar;Variación en lo que va de año;2024M10;1,2
12 Galicia;05 Muebles, artículos del hogar y artículos para el mantenimiento corriente del hogar;Variación en lo que va de año;2024M09;0,9
12 Galicia;05 Muebles, artículos del hogar y artículos para el mantenimiento corriente del hogar;Variación en lo que va de año;2024M08;0,3
12 Galicia;05 Muebles, artículos del hogar y artículos para el mantenimiento corriente del hogar;Variación en lo que va de año;2024M07;0,5
12 Galicia;05 Muebles, artículos del hogar y artículos para el mantenimiento corriente del hogar;Variación en lo que va de año;2024M06;0,9
12 Galicia;05 Muebles, artículos del hogar y artículos para el mantenimiento corriente del hogar;Variación en lo que va de año;2024M05;1,1
12 Galicia;05 Muebles, artículos del hogar y artículos para el mantenimiento corriente del hogar;Variación en lo que va de año;2024M04;0,9
12 Galicia;05 Muebles, artículos del hogar y artículos para el mantenimiento corriente del hogar;Variación en lo que va de año;2024M03;0,4
12 Galicia;05 Muebles, artículos del hogar y artículos para el mantenimiento corriente del hogar;Variación en lo que va de año;2024M02;0,3
12 Galicia;05 Muebles, artículos del hogar y artículos para el mantenimiento corriente del hogar;Variación en lo que va de año;2024M01;-0,1
12 Galicia;06 Sanidad;Índice;2024M12;106,455
12 Galicia;06 Sanidad;Índice;2024M11;106,530
12 Galicia;06 Sanidad;Índice;2024M10;106,436
12 Galicia;06 Sanidad;Índice;2024M09;106,660
12 Galicia;06 Sanidad;Índice;2024M08;106,076
12 Galicia;06 Sanidad;Índice;2024M07;105,987
12 Galicia;06 Sanidad;Índice;2024M06;105,921
12 Galicia;06 Sanidad;Índice;2024M05;105,789
12 Galicia;06 Sanidad;Índice;2024M04;105,456
12 Galicia;06 Sanidad;Índice;2024M03;104,791
12 Galicia;06 Sanidad;Índice;2024M02;104,360
12 Galicia;06 Sanidad;Índice;2024M01;104,256
12 Galicia;06 Sanidad;Variación mensual;2024M12;-0,1
12 Galicia;06 Sanidad;Variación mensual;2024M11;0,1
12 Galicia;06 Sanidad;Variación mensual;2024M10;-0,2
12 Galicia;06 Sanidad;Variación mensual;2024M09;0,6
12 Galicia;06 Sanidad;Variación mensual;2024M08;0,1
12 Galicia;06 Sanidad;Variación mensual;2024M07;0,1
12 Galicia;06 Sanidad;Variación mensual;2024M06;0,1
12 Galicia;06 Sanidad;Variación mensual;2024M05;0,3
12 Galicia;06 Sanidad;Variación mensual;2024M04;0,6
12 Galicia;06 Sanidad;Variación mensual;2024M03;0,4
12 Galicia;06 Sanidad;Variación mensual;2024M02;0,1
12 Galicia;06 Sanidad;Variación mensual;2024M01;0,2
12 Galicia;06 Sanidad;Variación anual;2024M12;2,3
12 Galicia;06 Sanidad;Variación anual;2024M11;2,7
12 Galicia;06 Sanidad;Variación anual;2024M10;2,8
12 Galicia;06 Sanidad;Variación anual;2024M09;3,1
12 Galicia;06 Sanidad;Variación anual;2024M08;2,6
12 Galicia;06 Sanidad;Variación anual;2024M07;2,6
12 Galicia;06 Sanidad;Variación anual;2024M06;2,8
12 Galicia;06 Sanidad;Variación anual;2024M05;2,8
12 Galicia;06 Sanidad;Variación anual;2024M04;2,4
12 Galicia;06 Sanidad;Variación anual;2024M03;1,8
12 Galicia;06 Sanidad;Variación anual;2024M02;1,7
12 Galicia;06 Sanidad;Variación anual;2024M01;1,7
12 Galicia;06 Sanidad;Variación en lo que va de año;2024M12;2,3
12 Galicia;06 Sanidad;Variación en lo que va de año;2024M11;2,4
12 Galicia;06 Sanidad;Variación en lo que va de año;2024M10;2,3
12 Galicia;06 Sanidad;Variación en lo que va de año;2024M09;2,5
12 Galicia;06 Sanidad;Variación en lo que va de año;2024M08;1,9
12 Galicia;06 Sanidad;Variación en lo que va de año;2024M07;1,8
12 Galicia;06 Sanidad;Variación en lo que va de año;2024M06;1,8
12 Galicia;06 Sanidad;Variación en lo que va de año;2024M05;1,6
12 Galicia;06 Sanidad;Variación en lo que va de año;2024M04;1,3
12 Galicia;06 Sanidad;Variación en lo que va de año;2024M03;0,7
12 Galicia;06 Sanidad;Variación en lo que va de año;2024M02;0,3
12 Galicia;06 Sanidad;Variación en lo que va de año;2024M01;0,2
12 Galicia;07 Transporte;Índice;2024M12;113,744
12 Galicia;07 Transporte;Índice;2024M11;112,959
12 Galicia;07 Transporte;Índice;2024M10;112,300
12 Galicia;07 Transporte;Índice;2024M09;112,154
12 Galicia;07 Transporte;Índice;2024M08;114,287
12 Galicia;07 Transporte;Índice;2024M07;115,229
12 Galicia;07 Transporte;Índice;2024M06;114,948
12 Galicia;07 Transporte;Índice;2024M05;115,451
12 Galicia;07 Transporte;Índice;2024M04;116,226
12 Galicia;07 Transporte;Índice;2024M03;115,376
12 Galicia;07 Transporte;Índice;2024M02;114,653
12 Galicia;07 Transporte;Índice;2024M01;112,901
12 Galicia;07 Transporte;Variación mensual;2024M12;0,7
12 Galicia;07 Transporte;Variación mensual;2024M11;0,6
12 Galicia;07 Transporte;Variación mensual;2024M10;0,1
12 Galicia;07 Transporte;Variación mensual;2024M09;-1,9
12 Galicia;07 Transporte;Variación mensual;2024M08;-0,8
12 Galicia;07 Transporte;Variación mensual;2024M07;0,2
12 Galicia;07 Transporte;Variación mensual;2024M06;-0,4
12 Galicia;07 Transporte;Variación mensual;2024M05;-0,7
12 Galicia;07 Transporte;Variación mensual;2024M04;0,7
12 Galicia;07 Transporte;Variación mensual;2024M03;0,6
12 Galicia;07 Transporte;Variación mensual;2024M02;1,6
12 Galicia;07 Transporte;Variación mensual;2024M01;0,4
12 Galicia;07 Transporte;Variación anual;2024M12;1,1
12 Galicia;07 Transporte;Variación anual;2024M11;-0,9
12 Galicia;07 Transporte;Variación anual;2024M10;-2,8
12 Galicia;07 Transporte;Variación anual;2024M09;-4,0
12 Galicia;07 Transporte;Variación anual;2024M08;-0,9
12 Galicia;07 Transporte;Variación anual;2024M07;2,7
12 Galicia;07 Transporte;Variación anual;2024M06;3,2
12 Galicia;07 Transporte;Variación anual;2024M05;4,2
12 Galicia;07 Transporte;Variación anual;2024M04;3,5
12 Galicia;07 Transporte;Variación anual;2024M03;3,4
12 Galicia;07 Transporte;Variación anual;2024M02;2,6
12 Galicia;07 Transporte;Variación anual;2024M01;0,4
12 Galicia;07 Transporte;Variación en lo que va de año;2024M12;1,1
12 Galicia;07 Transporte;Variación en lo que va de año;2024M11;0,4
12 Galicia;07 Transporte;Variación en lo que va de año;2024M10;-0,1
12 Galicia;07 Transporte;Variación en lo que va de año;2024M09;-0,3
12 Galicia;07 Transporte;Variación en lo que va de año;2024M08;1,6
12 Galicia;07 Transporte;Variación en lo que va de año;2024M07;2,5
12 Galicia;07 Transporte;Variación en lo que va de año;2024M06;2,2
12 Galicia;07 Transporte;Variación en lo que va de año;2024M05;2,7
12 Galicia;07 Transporte;Variación en lo que va de año;2024M04;3,3
12 Galicia;07 Transporte;Variación en lo que va de año;2024M03;2,6
12 Galicia;07 Transporte;Variación en lo que va de año;2024M02;1,9
12 Galicia;07 Transporte;Variación en lo que va de año;2024M01;0,4
12 Galicia;08 Comunicaciones;Índice;2024M12;100,714
12 Galicia;08 Comunicaciones;Índice;2024M11;100,732
12 Galicia;08 Comunicaciones;Índice;2024M10;100,733
12 Galicia;08 Comunicaciones;Índice;2024M09;101,700
12 Galicia;08 Comunicaciones;Índice;2024M08;101,791
12 Galicia;08 Comunicaciones;Índice;2024M07;101,876
12 Galicia;08 Comunicaciones;Índice;2024M06;102,356
12 Galicia;08 Comunicaciones;Índice;2024M05;102,333
12 Galicia;08 Comunicaciones;Índice;2024M04;102,433
12 Galicia;08 Comunicaciones;Índice;2024M03;102,327
12 Galicia;08 Comunicaciones;Índice;2024M02;102,421
12 Galicia;08 Comunicaciones;Índice;2024M01;102,502
12 Galicia;08 Comunicaciones;Variación mensual;2024M12;0,0
12 Galicia;08 Comunicaciones;Variación mensual;2024M11;0,0
12 Galicia;08 Comunicaciones;Variación mensual;2024M10;-1,0
12 Galicia;08 Comunicaciones;Variación mensual;2024M09;-0,1
12 Galicia;08 Comunicaciones;Variación mensual;2024M08;-0,1
12 Galicia;08 Comunicaciones;Variación mensual;2024M07;-0,5
12 Galicia;08 Comunicaciones;Variación mensual;2024M06;0,0
12 Galicia;08 Comunicaciones;Variación mensual;2024M05;-0,1
12 Galicia;08 Comunicaciones;Variación mensual;2024M04;0,1
12 Galicia;08 Comunicaciones;Variación mensual;2024M03;-0,1
12 Galicia;08 Comunicaciones;Variación mensual;2024M02;-0,1
12 Galicia;08 Comunicaciones;Variación mensual;2024M01;1,9
12 Galicia;08 Comunicaciones;Variación anual;2024M12;0,1
12 Galicia;08 Comunicaciones;Variación anual;2024M11;0,0
12 Galicia;08 Comunicaciones;Variación anual;2024M10;-0,1
12 Galicia;08 Comunicaciones;Variación anual;2024M09;-0,2
12 Galicia;08 Comunicaciones;Variación anual;2024M08;-0,3
12 Galicia;08 Comunicaciones;Variación anual;2024M07;-0,2
12 Galicia;08 Comunicaciones;Variación anual;2024M06;0,1
12 Galicia;08 Comunicaciones;Variación anual;2024M05;-0,2
12 Galicia;08 Comunicaciones;Variación anual;2024M04;-0,1
12 Galicia;08 Comunicaciones;Variación anual;2024M03;0,4
12 Galicia;08 Comunicaciones;Variación anual;2024M02;0,4
12 Galicia;08 Comunicaciones;Variación anual;2024M01;0,5
12 Galicia;08 Comunicaciones;Variación en lo que va de año;2024M12;0,1
12 Galicia;08 Comunicaciones;Variación en lo que va de año;2024M11;0,1
12 Galicia;08 Comunicaciones;Variación en lo que va de año;2024M10;0,1
12 Galicia;08 Comunicaciones;Variación en lo que va de año;2024M09;1,1
12 Galicia;08 Comunicaciones;Variación en lo que va de año;2024M08;1,2
12 Galicia;08 Comunicaciones;Variación en lo que va de año;2024M07;1,3
12 Galicia;08 Comunicaciones;Variación en lo que va de año;2024M06;1,8
12 Galicia;08 Comunicaciones;Variación en lo que va de año;2024M05;1,7
12 Galicia;08 Comunicaciones;Variación en lo que va de año;2024M04;1,8
12 Galicia;08 Comunicaciones;Variación en lo que va de año;2024M03;1,7
12 Galicia;08 Comunicaciones;Variación en lo que va de año;2024M02;1,8
12 Galicia;08 Comunicaciones;Variación en lo que va de año;2024M01;1,9
12 Galicia;09 Ocio y cultura;Índice;2024M12;110,415
12 Galicia;09 Ocio y cultura;Índice;2024M11;107,716
12 Galicia;09 Ocio y cultura;Índice;2024M10;110,405
12 Galicia;09 Ocio y cultura;Índice;2024M09;108,796
12 Galicia;09 Ocio y cultura;Índice;2024M08;112,861
12 Galicia;09 Ocio y cultura;Índice;2024M07;111,694
12 Galicia;09 Ocio y cultura;Índice;2024M06;110,279
12 Galicia;09 Ocio y cultura;Índice;2024M05;108,159
12 Galicia;09 Ocio y cultura;Índice;2024M04;107,843
12 Galicia;09 Ocio y cultura;Índice;2024M03;108,289
12 Galicia;09 Ocio y cultura;Índice;2024M02;107,738
12 Galicia;09 Ocio y cultura;Índice;2024M01;105,753
12 Galicia;09 Ocio y cultura;Variación mensual;2024M12;2,5
12 Galicia;09 Ocio y cultura;Variación mensual;2024M11;-2,4
12 Galicia;09 Ocio y cultura;Variación mensual;2024M10;1,5
12 Galicia;09 Ocio y cultura;Variación mensual;2024M09;-3,6
12 Galicia;09 Ocio y cultura;Variación mensual;2024M08;1,0
12 Galicia;09 Ocio y cultura;Variación mensual;2024M07;1,3
12 Galicia;09 Ocio y cultura;Variación mensual;2024M06;2,0
12 Galicia;09 Ocio y cultura;Variación mensual;2024M05;0,3
12 Galicia;09 Ocio y cultura;Variación mensual;2024M04;-0,4
12 Galicia;09 Ocio y cultura;Variación mensual;2024M03;0,5
12 Galicia;09 Ocio y cultura;Variación mensual;2024M02;1,9
12 Galicia;09 Ocio y cultura;Variación mensual;2024M01;-1,4
12 Galicia;09 Ocio y cultura;Variación anual;2024M12;3,0
12 Galicia;09 Ocio y cultura;Variación anual;2024M11;2,0
12 Galicia;09 Ocio y cultura;Variación anual;2024M10;3,5
12 Galicia;09 Ocio y cultura;Variación anual;2024M09;0,8
12 Galicia;09 Ocio y cultura;Variación anual;2024M08;1,8
12 Galicia;09 Ocio y cultura;Variación anual;2024M07;1,7
12 Galicia;09 Ocio y cultura;Variación anual;2024M06;2,9
12 Galicia;09 Ocio y cultura;Variación anual;2024M05;2,7
12 Galicia;09 Ocio y cultura;Variación anual;2024M04;2,2
12 Galicia;09 Ocio y cultura;Variación anual;2024M03;3,4
12 Galicia;09 Ocio y cultura;Variación anual;2024M02;3,5
12 Galicia;09 Ocio y cultura;Variación anual;2024M01;2,9
12 Galicia;09 Ocio y cultura;Variación en lo que va de año;2024M12;3,0
12 Galicia;09 Ocio y cultura;Variación en lo que va de año;2024M11;0,5
12 Galicia;09 Ocio y cultura;Variación en lo que va de año;2024M10;3,0
12 Galicia;09 Ocio y cultura;Variación en lo que va de año;2024M09;1,5
12 Galicia;09 Ocio y cultura;Variación en lo que va de año;2024M08;5,3
12 Galicia;09 Ocio y cultura;Variación en lo que va de año;2024M07;4,2
12 Galicia;09 Ocio y cultura;Variación en lo que va de año;2024M06;2,9
12 Galicia;09 Ocio y cultura;Variación en lo que va de año;2024M05;0,9
12 Galicia;09 Ocio y cultura;Variación en lo que va de año;2024M04;0,6
12 Galicia;09 Ocio y cultura;Variación en lo que va de año;2024M03;1,0
12 Galicia;09 Ocio y cultura;Variación en lo que va de año;2024M02;0,5
12 Galicia;09 Ocio y cultura;Variación en lo que va de año;2024M01;-1,4
12 Galicia;10 Enseñanza;Índice;2024M12;105,413
12 Galicia;10 Enseñanza;Índice;2024M11;105,554
12 Galicia;10 Enseñanza;Índice;2024M10;105,472
12 Galicia;10 Enseñanza;Índice;2024M09;104,660
12 Galicia;10 Enseñanza;Índice;2024M08;103,095
12 Galicia;10 Enseñanza;Índice;2024M07;103,079
12 Galicia;10 Enseñanza;Índice;2024M06;102,960
12 Galicia;10 Enseñanza;Índice;2024M05;102,960
12 Galicia;10 Enseñanza;Índice;2024M04;102,993
12 Galicia;10 Enseñanza;Índice;2024M03;102,993
12 Galicia;10 Enseñanza;Índice;2024M02;102,856
12 Galicia;10 Enseñanza;Índice;2024M01;102,721
12 Galicia;10 Enseñanza;Variación mensual;2024M12;-0,1
12 Galicia;10 Enseñanza;Variación mensual;2024M11;0,1
12 Galicia;10 Enseñanza;Variación mensual;2024M10;0,8
12 Galicia;10 Enseñanza;Variación mensual;2024M09;1,5
12 Galicia;10 Enseñanza;Variación mensual;2024M08;0,0
12 Galicia;10 Enseñanza;Variación mensual;2024M07;0,1
12 Galicia;10 Enseñanza;Variación mensual;2024M06;0,0
12 Galicia;10 Enseñanza;Variación mensual;2024M05;0,0
12 Galicia;10 Enseñanza;Variación mensual;2024M04;0,0
12 Galicia;10 Enseñanza;Variación mensual;2024M03;0,1
12 Galicia;10 Enseñanza;Variación mensual;2024M02;0,1
12 Galicia;10 Enseñanza;Variación mensual;2024M01;0,0
12 Galicia;10 Enseñanza;Variación anual;2024M12;2,7
12 Galicia;10 Enseñanza;Variación anual;2024M11;2,9
12 Galicia;10 Enseñanza;Variación anual;2024M10;3,0
12 Galicia;10 Enseñanza;Variación anual;2024M09;3,8
12 Galicia;10 Enseñanza;Variación anual;2024M08;2,9
12 Galicia;10 Enseñanza;Variación anual;2024M07;2,9
12 Galicia;10 Enseñanza;Variación anual;2024M06;2,9
12 Galicia;10 Enseñanza;Variación anual;2024M05;2,9
12 Galicia;10 Enseñanza;Variación anual;2024M04;2,9
12 Galicia;10 Enseñanza;Variación anual;2024M03;3,0
12 Galicia;10 Enseñanza;Variación anual;2024M02;2,9
12 Galicia;10 Enseñanza;Variación anual;2024M01;2,8
12 Galicia;10 Enseñanza;Variación en lo que va de año;2024M12;2,7
12 Galicia;10 Enseñanza;Variación en lo que va de año;2024M11;2,8
12 Galicia;10 Enseñanza;Variación en lo que va de año;2024M10;2,7
12 Galicia;10 Enseñanza;Variación en lo que va de año;2024M09;1,9
12 Galicia;10 Enseñanza;Variación en lo que va de año;2024M08;0,4
12 Galicia;10 Enseñanza;Variación en lo que va de año;2024M07;0,4
12 Galicia;10 Enseñanza;Variación en lo que va de año;2024M06;0,3
12 Galicia;10 Enseñanza;Variación en lo que va de año;2024M05;0,3
12 Galicia;10 Enseñanza;Variación en lo que va de año;2024M04;0,3
12 Galicia;10 Enseñanza;Variación en lo que va de año;2024M03;0,3
12 Galicia;10 Enseñanza;Variación en lo que va de año;2024M02;0,2
12 Galicia;10 Enseñanza;Variación en lo que va de año;2024M01;0,0
12 Galicia;11 Restaurantes y hoteles;Índice;2024M12;122,350
12 Galicia;11 Restaurantes y hoteles;Índice;2024M11;122,028
12 Galicia;11 Restaurantes y hoteles;Índice;2024M10;122,475
12 Galicia;11 Restaurantes y hoteles;Índice;2024M09;123,261
12 Galicia;11 Restaurantes y hoteles;Índice;2024M08;124,683
12 Galicia;11 Restaurantes y hoteles;Índice;2024M07;123,791
12 Galicia;11 Restaurantes y hoteles;Índice;2024M06;121,689
12 Galicia;11 Restaurantes y hoteles;Índice;2024M05;120,630
12 Galicia;11 Restaurantes y hoteles;Índice;2024M04;119,954
12 Galicia;11 Restaurantes y hoteles;Índice;2024M03;119,022
12 Galicia;11 Restaurantes y hoteles;Índice;2024M02;118,094
12 Galicia;11 Restaurantes y hoteles;Índice;2024M01;117,427
12 Galicia;11 Restaurantes y hoteles;Variación mensual;2024M12;0,3
12 Galicia;11 Restaurantes y hoteles;Variación mensual;2024M11;-0,4
12 Galicia;11 Restaurantes y hoteles;Variación mensual;2024M10;-0,6
12 Galicia;11 Restaurantes y hoteles;Variación mensual;2024M09;-1,1
12 Galicia;11 Restaurantes y hoteles;Variación mensual;2024M08;0,7
12 Galicia;11 Restaurantes y hoteles;Variación mensual;2024M07;1,7
12 Galicia;11 Restaurantes y hoteles;Variación mensual;2024M06;0,9
12 Galicia;11 Restaurantes y hoteles;Variación mensual;2024M05;0,6
12 Galicia;11 Restaurantes y hoteles;Variación mensual;2024M04;0,8
12 Galicia;11 Restaurantes y hoteles;Variación mensual;2024M03;0,8
12 Galicia;11 Restaurantes y hoteles;Variación mensual;2024M02;0,6
12 Galicia;11 Restaurantes y hoteles;Variación mensual;2024M01;0,1
12 Galicia;11 Restaurantes y hoteles;Variación anual;2024M12;4,3
12 Galicia;11 Restaurantes y hoteles;Variación anual;2024M11;4,5
12 Galicia;11 Restaurantes y hoteles;Variación anual;2024M10;4,4
12 Galicia;11 Restaurantes y hoteles;Variación anual;2024M09;5,0
12 Galicia;11 Restaurantes y hoteles;Variación anual;2024M08;5,6
12 Galicia;11 Restaurantes y hoteles;Variación anual;2024M07;6,0
12 Galicia;11 Restaurantes y hoteles;Variación anual;2024M06;5,3
12 Galicia;11 Restaurantes y hoteles;Variación anual;2024M05;5,8
12 Galicia;11 Restaurantes y hoteles;Variación anual;2024M04;5,8
12 Galicia;11 Restaurantes y hoteles;Variación anual;2024M03;6,4
12 Galicia;11 Restaurantes y hoteles;Variación anual;2024M02;6,6
12 Galicia;11 Restaurantes y hoteles;Variación anual;2024M01;6,6
12 Galicia;11 Restaurantes y hoteles;Variación en lo que va de año;2024M12;4,3
12 Galicia;11 Restaurantes y hoteles;Variación en lo que va de año;2024M11;4,0
12 Galicia;11 Restaurantes y hoteles;Variación en lo que va de año;2024M10;4,4
12 Galicia;11 Restaurantes y hoteles;Variación en lo que va de año;2024M09;5,0
12 Galicia;11 Restaurantes y hoteles;Variación en lo que va de año;2024M08;6,3
12 Galicia;11 Restaurantes y hoteles;Variación en lo que va de año;2024M07;5,5
12 Galicia;11 Restaurantes y hoteles;Variación en lo que va de año;2024M06;3,7
12 Galicia;11 Restaurantes y hoteles;Variación en lo que va de año;2024M05;2,8
12 Galicia;11 Restaurantes y hoteles;Variación en lo que va de año;2024M04;2,2
12 Galicia;11 Restaurantes y hoteles;Variación en lo que va de año;2024M03;1,4
12 Galicia;11 Restaurantes y hoteles;Variación en lo que va de año;2024M02;0,6
12 Galicia;11 Restaurantes y hoteles;Variación en lo que va de año;2024M01;0,1
12 Galicia;12 Otros bienes y servicios;Índice;2024M12;114,169
12 Galicia;12 Otros bienes y servicios;Índice;2024M11;113,955
12 Galicia;12 Otros bienes y servicios;Índice;2024M10;113,894
12 Galicia;12 Otros bienes y servicios;Índice;2024M09;113,404
12 Galicia;12 Otros bienes y servicios;Índice;2024M08;113,585
12 Galicia;12 Otros bienes y servicios;Índice;2024M07;113,189
12 Galicia;12 Otros bienes y servicios;Índice;2024M06;113,687
12 Galicia;12 Otros bienes y servicios;Índice;2024M05;112,522
12 Galicia;12 Otros bienes y servicios;Índice;2024M04;112,188
12 Galicia;12 Otros bienes y servicios;Índice;2024M03;111,958
12 Galicia;12 Otros bienes y servicios;Índice;2024M02;111,434
12 Galicia;12 Otros bienes y servicios;Índice;2024M01;110,740
12 Galicia;12 Otros bienes y servicios;Variación mensual;2024M12;0,2
12 Galicia;12 Otros bienes y servicios;Variación mensual;2024M11;0,1
12 Galicia;12 Otros bienes y servicios;Variación mensual;2024M10;0,4
12 Galicia;12 Otros bienes y servicios;Variación mensual;2024M09;-0,2
12 Galicia;12 Otros bienes y servicios;Variación mensual;2024M08;0,3
12 Galicia;12 Otros bienes y servicios;Variación mensual;2024M07;-0,4
12 Galicia;12 Otros bienes y servicios;Variación mensual;2024M06;1,0
12 Galicia;12 Otros bienes y servicios;Variación mensual;2024M05;0,3
12 Galicia;12 Otros bienes y servicios;Variación mensual;2024M04;0,2
12 Galicia;12 Otros bienes y servicios;Variación mensual;2024M03;0,5
12 Galicia;12 Otros bienes y servicios;Variación mensual;2024M02;0,6
12 Galicia;12 Otros bienes y servicios;Variación mensual;2024M01;0,2
12 Galicia;12 Otros bienes y servicios;Variación anual;2024M12;3,3
12 Galicia;12 Otros bienes y servicios;Variación anual;2024M11;3,3
12 Galicia;12 Otros bienes y servicios;Variación anual;2024M10;3,3
12 Galicia;12 Otros bienes y servicios;Variación anual;2024M09;3,1
12 Galicia;12 Otros bienes y servicios;Variación anual;2024M08;3,6
12 Galicia;12 Otros bienes y servicios;Variación anual;2024M07;3,1
12 Galicia;12 Otros bienes y servicios;Variación anual;2024M06;3,6
12 Galicia;12 Otros bienes y servicios;Variación anual;2024M05;3,3
12 Galicia;12 Otros bienes y servicios;Variación anual;2024M04;2,5
12 Galicia;12 Otros bienes y servicios;Variación anual;2024M03;3,1
12 Galicia;12 Otros bienes y servicios;Variación anual;2024M02;3,6
12 Galicia;12 Otros bienes y servicios;Variación anual;2024M01;3,6
12 Galicia;12 Otros bienes y servicios;Variación en lo que va de año;2024M12;3,3
12 Galicia;12 Otros bienes y servicios;Variación en lo que va de año;2024M11;3,1
12 Galicia;12 Otros bienes y servicios;Variación en lo que va de año;2024M10;3,1
12 Galicia;12 Otros bienes y servicios;Variación en lo que va de año;2024M09;2,6
12 Galicia;12 Otros bienes y servicios;Variación en lo que va de año;2024M08;2,8
12 Galicia;12 Otros bienes y servicios;Variación en lo que va de año;2024M07;2,4
12 Galicia;12 Otros bienes y servicios;Variación en lo que va de año;2024M06;2,9
12 Galicia;12 Otros bienes y servicios;Variación en lo que va de año;2024M05;1,8
12 Galicia;12 Otros bienes y servicios;Variación en lo que va de año;2024M04;1,5
12 Galicia;12 Otros bienes y servicios;Variación en lo que va de año;2024M03;1,3
12 Galicia;12 Otros bienes y servicios;Variación en lo que va de año;2024M02;0,8
12 Galicia;12 Otros bienes y servicios;Variación en lo que va de año;2024M01;0,2
13 Madrid, Comunidad de;01 Alimentos y bebidas no alcohólicas;Índice;2024M12;130,841
13 Madrid, Comunidad de;01 Alimentos y bebidas no alcohólicas;Índice;2024M11;130,770
13 Madrid, Comunidad de;01 Alimentos y bebidas no alcohólicas;Índice;2024M10;130,661
13 Madrid, Comunidad de;01 Alimentos y bebidas no alcohólicas;Índice;2024M09;128,802
13 Madrid, Comunidad de;01 Alimentos y bebidas no alcohólicas;Índice;2024M08;128,932
13 Madrid, Comunidad de;01 Alimentos y bebidas no alcohólicas;Índice;2024M07;129,339
13 Madrid, Comunidad de;01 Alimentos y bebidas no alcohólicas;Índice;2024M06;129,736
13 Madrid, Comunidad de;01 Alimentos y bebidas no alcohólicas;Índice;2024M05;129,812
13 Madrid, Comunidad de;01 Alimentos y bebidas no alcohólicas;Índice;2024M04;129,974
13 Madrid, Comunidad de;01 Alimentos y bebidas no alcohólicas;Índice;2024M03;128,845
13 Madrid, Comunidad de;01 Alimentos y bebidas no alcohólicas;Índice;2024M02;129,196
13 Madrid, Comunidad de;01 Alimentos y bebidas no alcohólicas;Índice;2024M01;129,272
13 Madrid, Comunidad de;01 Alimentos y bebidas no alcohólicas;Variación mensual;2024M12;0,1
13 Madrid, Comunidad de;01 Alimentos y bebidas no alcohólicas;Variación mensual;2024M11;0,1
13 Madrid, Comunidad de;01 Alimentos y bebidas no alcohólicas;Variación mensual;2024M10;1,4
13 Madrid, Comunidad de;01 Alimentos y bebidas no alcohólicas;Variación mensual;2024M09;-0,1
13 Madrid, Comunidad de;01 Alimentos y bebidas no alcohólicas;Variación mensual;2024M08;-0,3
13 Madrid, Comunidad de;01 Alimentos y bebidas no alcohólicas;Variación mensual;2024M07;-0,3
13 Madrid, Comunidad de;01 Alimentos y bebidas no alcohólicas;Variación mensual;2024M06;-0,1
13 Madrid, Comunidad de;01 Alimentos y bebidas no alcohólicas;Variación mensual;2024M05;-0,1
13 Madrid, Comunidad de;01 Alimentos y bebidas no alcohólicas;Variación mensual;2024M04;0,9
13 Madrid, Comunidad de;01 Alimentos y bebidas no alcohólicas;Variación mensual;2024M03;-0,3
13 Madrid, Comunidad de;01 Alimentos y bebidas no alcohólicas;Variación mensual;2024M02;-0,1
13 Madrid, Comunidad de;01 Alimentos y bebidas no alcohólicas;Variación mensual;2024M01;0,5
13 Madrid, Comunidad de;01 Alimentos y bebidas no alcohólicas;Variación anual;2024M12;1,7
13 Madrid, Comunidad de;01 Alimentos y bebidas no alcohólicas;Variación anual;2024M11;2,0
13 Madrid, Comunidad de;01 Alimentos y bebidas no alcohólicas;Variación anual;2024M10;2,4
13 Madrid, Comunidad de;01 Alimentos y bebidas no alcohólicas;Variación anual;2024M09;1,9
13 Madrid, Comunidad de;01 Alimentos y bebidas no alcohólicas;Variación anual;2024M08;2,6
13 Madrid, Comunidad de;01 Alimentos y bebidas no alcohólicas;Variación anual;2024M07;3,2
13 Madrid, Comunidad de;01 Alimentos y bebidas no alcohólicas;Variación anual;2024M06;4,2
13 Madrid, Comunidad de;01 Alimentos y bebidas no alcohólicas;Variación anual;2024M05;4,7
13 Madrid, Comunidad de;01 Alimentos y bebidas no alcohólicas;Variación anual;2024M04;5,1
13 Madrid, Comunidad de;01 Alimentos y bebidas no alcohólicas;Variación anual;2024M03;4,6
13 Madrid, Comunidad de;01 Alimentos y bebidas no alcohólicas;Variación anual;2024M02;5,9
13 Madrid, Comunidad de;01 Alimentos y bebidas no alcohólicas;Variación anual;2024M01;7,9
13 Madrid, Comunidad de;01 Alimentos y bebidas no alcohólicas;Variación en lo que va de año;2024M12;1,7
13 Madrid, Comunidad de;01 Alimentos y bebidas no alcohólicas;Variación en lo que va de año;2024M11;1,7
13 Madrid, Comunidad de;01 Alimentos y bebidas no alcohólicas;Variación en lo que va de año;2024M10;1,6
13 Madrid, Comunidad de;01 Alimentos y bebidas no alcohólicas;Variación en lo que va de año;2024M09;0,1
13 Madrid, Comunidad de;01 Alimentos y bebidas no alcohólicas;Variación en lo que va de año;2024M08;0,2
13 Madrid, Comunidad de;01 Alimentos y bebidas no alcohólicas;Variación en lo que va de año;2024M07;0,6
13 Madrid, Comunidad de;01 Alimentos y bebidas no alcohólicas;Variación en lo que va de año;2024M06;0,9
13 Madrid, Comunidad de;01 Alimentos y bebidas no alcohólicas;Variación en lo que va de año;2024M05;0,9
13 Madrid, Comunidad de;01 Alimentos y bebidas no alcohólicas;Variación en lo que va de año;2024M04;1,0
13 Madrid, Comunidad de;01 Alimentos y bebidas no alcohólicas;Variación en lo que va de año;2024M03;0,2
13 Madrid, Comunidad de;01 Alimentos y bebidas no alcohólicas;Variación en lo que va de año;2024M02;0,4
13 Madrid, Comunidad de;01 Alimentos y bebidas no alcohólicas;Variación en lo que va de año;2024M01;0,5
13 Madrid, Comunidad de;02 Bebidas alcohólicas y tabaco;Índice;2024M12;117,135
13 Madrid, Comunidad de;02 Bebidas alcohólicas y tabaco;Índice;2024M11;116,075
13 Madrid, Comunidad de;02 Bebidas alcohólicas y tabaco;Índice;2024M10;116,092
13 Madrid, Comunidad de;02 Bebidas alcohólicas y tabaco;Índice;2024M09;116,261
13 Madrid, Comunidad de;02 Bebidas alcohólicas y tabaco;Índice;2024M08;116,300
13 Madrid, Comunidad de;02 Bebidas alcohólicas y tabaco;Índice;2024M07;116,173
13 Madrid, Comunidad de;02 Bebidas alcohólicas y tabaco;Índice;2024M06;116,182
13 Madrid, Comunidad de;02 Bebidas alcohólicas y tabaco;Índice;2024M05;116,381
13 Madrid, Comunidad de;02 Bebidas alcohólicas y tabaco;Índice;2024M04;116,207
13 Madrid, Comunidad de;02 Bebidas alcohólicas y tabaco;Índice;2024M03;116,026
13 Madrid, Comunidad de;02 Bebidas alcohólicas y tabaco;Índice;2024M02;116,001
13 Madrid, Comunidad de;02 Bebidas alcohólicas y tabaco;Índice;2024M01;114,364
13 Madrid, Comunidad de;02 Bebidas alcohólicas y tabaco;Variación mensual;2024M12;0,9
13 Madrid, Comunidad de;02 Bebidas alcohólicas y tabaco;Variación mensual;2024M11;0,0
13 Madrid, Comunidad de;02 Bebidas alcohólicas y tabaco;Variación mensual;2024M10;-0,1
13 Madrid, Comunidad de;02 Bebidas alcohólicas y tabaco;Variación mensual;2024M09;0,0
13 Madrid, Comunidad de;02 Bebidas alcohólicas y tabaco;Variación mensual;2024M08;0,1
13 Madrid, Comunidad de;02 Bebidas alcohólicas y tabaco;Variación mensual;2024M07;0,0
13 Madrid, Comunidad de;02 Bebidas alcohólicas y tabaco;Variación mensual;2024M06;-0,2
13 Madrid, Comunidad de;02 Bebidas alcohólicas y tabaco;Variación mensual;2024M05;0,1
13 Madrid, Comunidad de;02 Bebidas alcohólicas y tabaco;Variación mensual;2024M04;0,2
13 Madrid, Comunidad de;02 Bebidas alcohólicas y tabaco;Variación mensual;2024M03;0,0
13 Madrid, Comunidad de;02 Bebidas alcohólicas y tabaco;Variación mensual;2024M02;1,4
13 Madrid, Comunidad de;02 Bebidas alcohólicas y tabaco;Variación mensual;2024M01;2,5
13 Madrid, Comunidad de;02 Bebidas alcohólicas y tabaco;Variación anual;2024M12;4,9
13 Madrid, Comunidad de;02 Bebidas alcohólicas y tabaco;Variación anual;2024M11;3,2
13 Madrid, Comunidad de;02 Bebidas alcohólicas y tabaco;Variación anual;2024M10;3,4
13 Madrid, Comunidad de;02 Bebidas alcohólicas y tabaco;Variación anual;2024M09;4,0
13 Madrid, Comunidad de;02 Bebidas alcohólicas y tabaco;Variación anual;2024M08;4,1
13 Madrid, Comunidad de;02 Bebidas alcohólicas y tabaco;Variación anual;2024M07;3,9
13 Madrid, Comunidad de;02 Bebidas alcohólicas y tabaco;Variación anual;2024M06;4,0
13 Madrid, Comunidad de;02 Bebidas alcohólicas y tabaco;Variación anual;2024M05;4,4
13 Madrid, Comunidad de;02 Bebidas alcohólicas y tabaco;Variación anual;2024M04;4,3
13 Madrid, Comunidad de;02 Bebidas alcohólicas y tabaco;Variación anual;2024M03;4,3
13 Madrid, Comunidad de;02 Bebidas alcohólicas y tabaco;Variación anual;2024M02;4,8
13 Madrid, Comunidad de;02 Bebidas alcohólicas y tabaco;Variación anual;2024M01;4,2
13 Madrid, Comunidad de;02 Bebidas alcohólicas y tabaco;Variación en lo que va de año;2024M12;4,9
13 Madrid, Comunidad de;02 Bebidas alcohólicas y tabaco;Variación en lo que va de año;2024M11;4,0
13 Madrid, Comunidad de;02 Bebidas alcohólicas y tabaco;Variación en lo que va de año;2024M10;4,0
13 Madrid, Comunidad de;02 Bebidas alcohólicas y tabaco;Variación en lo que va de año;2024M09;4,2
13 Madrid, Comunidad de;02 Bebidas alcohólicas y tabaco;Variación en lo que va de año;2024M08;4,2
13 Madrid, Comunidad de;02 Bebidas alcohólicas y tabaco;Variación en lo que va de año;2024M07;4,1
13 Madrid, Comunidad de;02 Bebidas alcohólicas y tabaco;Variación en lo que va de año;2024M06;4,1
13 Madrid, Comunidad de;02 Bebidas alcohólicas y tabaco;Variación en lo que va de año;2024M05;4,3
13 Madrid, Comunidad de;02 Bebidas alcohólicas y tabaco;Variación en lo que va de año;2024M04;4,1
13 Madrid, Comunidad de;02 Bebidas alcohólicas y tabaco;Variación en lo que va de año;2024M03;3,9
13 Madrid, Comunidad de;02 Bebidas alcohólicas y tabaco;Variación en lo que va de año;2024M02;3,9
13 Madrid, Comunidad de;02 Bebidas alcohólicas y tabaco;Variación en lo que va de año;2024M01;2,5
13 Madrid, Comunidad de;03 Vestido y calzado;Índice;2024M12;111,829
13 Madrid, Comunidad de;03 Vestido y calzado;Índice;2024M11;112,952
13 Madrid, Comunidad de;03 Vestido y calzado;Índice;2024M10;109,516
13 Madrid, Comunidad de;03 Vestido y calzado;Índice;2024M09;103,318
13 Madrid, Comunidad de;03 Vestido y calzado;Índice;2024M08;98,333
13 Madrid, Comunidad de;03 Vestido y calzado;Índice;2024M07;100,028
13 Madrid, Comunidad de;03 Vestido y calzado;Índice;2024M06;108,851
13 Madrid, Comunidad de;03 Vestido y calzado;Índice;2024M05;109,589
13 Madrid, Comunidad de;03 Vestido y calzado;Índice;2024M04;107,890
13 Madrid, Comunidad de;03 Vestido y calzado;Índice;2024M03;103,401
13 Madrid, Comunidad de;03 Vestido y calzado;Índice;2024M02;99,279
13 Madrid, Comunidad de;03 Vestido y calzado;Índice;2024M01;101,735
13 Madrid, Comunidad de;03 Vestido y calzado;Variación mensual;2024M12;-1,0
13 Madrid, Comunidad de;03 Vestido y calzado;Variación mensual;2024M11;3,1
13 Madrid, Comunidad de;03 Vestido y calzado;Variación mensual;2024M10;6,0
13 Madrid, Comunidad de;03 Vestido y calzado;Variación mensual;2024M09;5,1
13 Madrid, Comunidad de;03 Vestido y calzado;Variación mensual;2024M08;-1,7
13 Madrid, Comunidad de;03 Vestido y calzado;Variación mensual;2024M07;-8,1
13 Madrid, Comunidad de;03 Vestido y calzado;Variación mensual;2024M06;-0,7
13 Madrid, Comunidad de;03 Vestido y calzado;Variación mensual;2024M05;1,6
13 Madrid, Comunidad de;03 Vestido y calzado;Variación mensual;2024M04;4,3
13 Madrid, Comunidad de;03 Vestido y calzado;Variación mensual;2024M03;4,2
13 Madrid, Comunidad de;03 Vestido y calzado;Variación mensual;2024M02;-2,4
13 Madrid, Comunidad de;03 Vestido y calzado;Variación mensual;2024M01;-9,1
13 Madrid, Comunidad de;03 Vestido y calzado;Variación anual;2024M12;-0,1
13 Madrid, Comunidad de;03 Vestido y calzado;Variación anual;2024M11;-0,4
13 Madrid, Comunidad de;03 Vestido y calzado;Variación anual;2024M10;-0,4
13 Madrid, Comunidad de;03 Vestido y calzado;Variación anual;2024M09;-1,2
13 Madrid, Comunidad de;03 Vestido y calzado;Variación anual;2024M08;-0,7
13 Madrid, Comunidad de;03 Vestido y calzado;Variación anual;2024M07;0,2
13 Madrid, Comunidad de;03 Vestido y calzado;Variación anual;2024M06;-0,4
13 Madrid, Comunidad de;03 Vestido y calzado;Variación anual;2024M05;0,3
13 Madrid, Comunidad de;03 Vestido y calzado;Variación anual;2024M04;1,4
13 Madrid, Comunidad de;03 Vestido y calzado;Variación anual;2024M03;2,3
13 Madrid, Comunidad de;03 Vestido y calzado;Variación anual;2024M02;2,4
13 Madrid, Comunidad de;03 Vestido y calzado;Variación anual;2024M01;3,5
13 Madrid, Comunidad de;03 Vestido y calzado;Variación en lo que va de año;2024M12;-0,1
13 Madrid, Comunidad de;03 Vestido y calzado;Variación en lo que va de año;2024M11;0,9
13 Madrid, Comunidad de;03 Vestido y calzado;Variación en lo que va de año;2024M10;-2,2
13 Madrid, Comunidad de;03 Vestido y calzado;Variación en lo que va de año;2024M09;-7,7
13 Madrid, Comunidad de;03 Vestido y calzado;Variación en lo que va de año;2024M08;-12,2
13 Madrid, Comunidad de;03 Vestido y calzado;Variación en lo que va de año;2024M07;-10,6
13 Madrid, Comunidad de;03 Vestido y calzado;Variación en lo que va de año;2024M06;-2,8
13 Madrid, Comunidad de;03 Vestido y calzado;Variación en lo que va de año;2024M05;-2,1
13 Madrid, Comunidad de;03 Vestido y calzado;Variación en lo que va de año;2024M04;-3,6
13 Madrid, Comunidad de;03 Vestido y calzado;Variación en lo que va de año;2024M03;-7,6
13 Madrid, Comunidad de;03 Vestido y calzado;Variación en lo que va de año;2024M02;-11,3
13 Madrid, Comunidad de;03 Vestido y calzado;Variación en lo que va de año;2024M01;-9,1
13 Madrid, Comunidad de;04 Vivienda, agua, electricidad, gas y otros combustibles;Índice;2024M12;107,602
13 Madrid, Comunidad de;04 Vivienda, agua, electricidad, gas y otros combustibles;Índice;2024M11;107,145
13 Madrid, Comunidad de;04 Vivienda, agua, electricidad, gas y otros combustibles;Índice;2024M10;105,845
13 Madrid, Comunidad de;04 Vivienda, agua, electricidad, gas y otros combustibles;Índice;2024M09;105,174
13 Madrid, Comunidad de;04 Vivienda, agua, electricidad, gas y otros combustibles;Índice;2024M08;105,587
13 Madrid, Comunidad de;04 Vivienda, agua, electricidad, gas y otros combustibles;Índice;2024M07;104,855
13 Madrid, Comunidad de;04 Vivienda, agua, electricidad, gas y otros combustibles;Índice;2024M06;106,293
13 Madrid, Comunidad de;04 Vivienda, agua, electricidad, gas y otros combustibles;Índice;2024M05;105,786
13 Madrid, Comunidad de;04 Vivienda, agua, electricidad, gas y otros combustibles;Índice;2024M04;104,953
13 Madrid, Comunidad de;04 Vivienda, agua, electricidad, gas y otros combustibles;Índice;2024M03;104,259
13 Madrid, Comunidad de;04 Vivienda, agua, electricidad, gas y otros combustibles;Índice;2024M02;102,720
13 Madrid, Comunidad de;04 Vivienda, agua, electricidad, gas y otros combustibles;Índice;2024M01;103,875
13 Madrid, Comunidad de;04 Vivienda, agua, electricidad, gas y otros combustibles;Variación mensual;2024M12;0,4
13 Madrid, Comunidad de;04 Vivienda, agua, electricidad, gas y otros combustibles;Variación mensual;2024M11;1,2
13 Madrid, Comunidad de;04 Vivienda, agua, electricidad, gas y otros combustibles;Variación mensual;2024M10;0,6
13 Madrid, Comunidad de;04 Vivienda, agua, electricidad, gas y otros combustibles;Variación mensual;2024M09;-0,4
13 Madrid, Comunidad de;04 Vivienda, agua, electricidad, gas y otros combustibles;Variación mensual;2024M08;0,7
13 Madrid, Comunidad de;04 Vivienda, agua, electricidad, gas y otros combustibles;Variación mensual;2024M07;-1,4
13 Madrid, Comunidad de;04 Vivienda, agua, electricidad, gas y otros combustibles;Variación mensual;2024M06;0,5
13 Madrid, Comunidad de;04 Vivienda, agua, electricidad, gas y otros combustibles;Variación mensual;2024M05;0,8
13 Madrid, Comunidad de;04 Vivienda, agua, electricidad, gas y otros combustibles;Variación mensual;2024M04;0,7
13 Madrid, Comunidad de;04 Vivienda, agua, electricidad, gas y otros combustibles;Variación mensual;2024M03;1,5
13 Madrid, Comunidad de;04 Vivienda, agua, electricidad, gas y otros combustibles;Variación mensual;2024M02;-1,1
13 Madrid, Comunidad de;04 Vivienda, agua, electricidad, gas y otros combustibles;Variación mensual;2024M01;2,6
13 Madrid, Comunidad de;04 Vivienda, agua, electricidad, gas y otros combustibles;Variación anual;2024M12;6,3
13 Madrid, Comunidad de;04 Vivienda, agua, electricidad, gas y otros combustibles;Variación anual;2024M11;6,2
13 Madrid, Comunidad de;04 Vivienda, agua, electricidad, gas y otros combustibles;Variación anual;2024M10;3,9
13 Madrid, Comunidad de;04 Vivienda, agua, electricidad, gas y otros combustibles;Variación anual;2024M09;2,6
13 Madrid, Comunidad de;04 Vivienda, agua, electricidad, gas y otros combustibles;Variación anual;2024M08;3,2
13 Madrid, Comunidad de;04 Vivienda, agua, electricidad, gas y otros combustibles;Variación anual;2024M07;2,0
13 Madrid, Comunidad de;04 Vivienda, agua, electricidad, gas y otros combustibles;Variación anual;2024M06;3,7
13 Madrid, Comunidad de;04 Vivienda, agua, electricidad, gas y otros combustibles;Variación anual;2024M05;3,8
13 Madrid, Comunidad de;04 Vivienda, agua, electricidad, gas y otros combustibles;Variación anual;2024M04;2,7
13 Madrid, Comunidad de;04 Vivienda, agua, electricidad, gas y otros combustibles;Variación anual;2024M03;0,2
13 Madrid, Comunidad de;04 Vivienda, agua, electricidad, gas y otros combustibles;Variación anual;2024M02;-2,8
13 Madrid, Comunidad de;04 Vivienda, agua, electricidad, gas y otros combustibles;Variación anual;2024M01;0,6
13 Madrid, Comunidad de;04 Vivienda, agua, electricidad, gas y otros combustibles;Variación en lo que va de año;2024M12;6,3
13 Madrid, Comunidad de;04 Vivienda, agua, electricidad, gas y otros combustibles;Variación en lo que va de año;2024M11;5,8
13 Madrid, Comunidad de;04 Vivienda, agua, electricidad, gas y otros combustibles;Variación en lo que va de año;2024M10;4,5
13 Madrid, Comunidad de;04 Vivienda, agua, electricidad, gas y otros combustibles;Variación en lo que va de año;2024M09;3,9
13 Madrid, Comunidad de;04 Vivienda, agua, electricidad, gas y otros combustibles;Variación en lo que va de año;2024M08;4,3
13 Madrid, Comunidad de;04 Vivienda, agua, electricidad, gas y otros combustibles;Variación en lo que va de año;2024M07;3,5
13 Madrid, Comunidad de;04 Vivienda, agua, electricidad, gas y otros combustibles;Variación en lo que va de año;2024M06;5,0
13 Madrid, Comunidad de;04 Vivienda, agua, electricidad, gas y otros combustibles;Variación en lo que va de año;2024M05;4,5
13 Madrid, Comunidad de;04 Vivienda, agua, electricidad, gas y otros combustibles;Variación en lo que va de año;2024M04;3,6
13 Madrid, Comunidad de;04 Vivienda, agua, electricidad, gas y otros combustibles;Variación en lo que va de año;2024M03;3,0
13 Madrid, Comunidad de;04 Vivienda, agua, electricidad, gas y otros combustibles;Variación en lo que va de año;2024M02;1,4
13 Madrid, Comunidad de;04 Vivienda, agua, electricidad, gas y otros combustibles;Variación en lo que va de año;2024M01;2,6
13 Madrid, Comunidad de;05 Muebles, artículos del hogar y artículos para el mantenimiento corriente del hogar;Índice;2024M12;112,344
13 Madrid, Comunidad de;05 Muebles, artículos del hogar y artículos para el mantenimiento corriente del hogar;Índice;2024M11;112,195
13 Madrid, Comunidad de;05 Muebles, artículos del hogar y artículos para el mantenimiento corriente del hogar;Índice;2024M10;111,951
13 Madrid, Comunidad de;05 Muebles, artículos del hogar y artículos para el mantenimiento corriente del hogar;Índice;2024M09;111,780
13 Madrid, Comunidad de;05 Muebles, artículos del hogar y artículos para el mantenimiento corriente del hogar;Índice;2024M08;111,522
13 Madrid, Comunidad de;05 Muebles, artículos del hogar y artículos para el mantenimiento corriente del hogar;Índice;2024M07;111,440
13 Madrid, Comunidad de;05 Muebles, artículos del hogar y artículos para el mantenimiento corriente del hogar;Índice;2024M06;111,913
13 Madrid, Comunidad de;05 Muebles, artículos del hogar y artículos para el mantenimiento corriente del hogar;Índice;2024M05;111,542
13 Madrid, Comunidad de;05 Muebles, artículos del hogar y artículos para el mantenimiento corriente del hogar;Índice;2024M04;111,126
13 Madrid, Comunidad de;05 Muebles, artículos del hogar y artículos para el mantenimiento corriente del hogar;Índice;2024M03;110,680
13 Madrid, Comunidad de;05 Muebles, artículos del hogar y artículos para el mantenimiento corriente del hogar;Índice;2024M02;110,678
13 Madrid, Comunidad de;05 Muebles, artículos del hogar y artículos para el mantenimiento corriente del hogar;Índice;2024M01;110,775
13 Madrid, Comunidad de;05 Muebles, artículos del hogar y artículos para el mantenimiento corriente del hogar;Variación mensual;2024M12;0,1
13 Madrid, Comunidad de;05 Muebles, artículos del hogar y artículos para el mantenimiento corriente del hogar;Variación mensual;2024M11;0,2
13 Madrid, Comunidad de;05 Muebles, artículos del hogar y artículos para el mantenimiento corriente del hogar;Variación mensual;2024M10;0,2
13 Madrid, Comunidad de;05 Muebles, artículos del hogar y artículos para el mantenimiento corriente del hogar;Variación mensual;2024M09;0,2
13 Madrid, Comunidad de;05 Muebles, artículos del hogar y artículos para el mantenimiento corriente del hogar;Variación mensual;2024M08;0,1
13 Madrid, Comunidad de;05 Muebles, artículos del hogar y artículos para el mantenimiento corriente del hogar;Variación mensual;2024M07;-0,4
13 Madrid, Comunidad de;05 Muebles, artículos del hogar y artículos para el mantenimiento corriente del hogar;Variación mensual;2024M06;0,3
13 Madrid, Comunidad de;05 Muebles, artículos del hogar y artículos para el mantenimiento corriente del hogar;Variación mensual;2024M05;0,4
13 Madrid, Comunidad de;05 Muebles, artículos del hogar y artículos para el mantenimiento corriente del hogar;Variación mensual;2024M04;0,4
13 Madrid, Comunidad de;05 Muebles, artículos del hogar y artículos para el mantenimiento corriente del hogar;Variación mensual;2024M03;0,0
13 Madrid, Comunidad de;05 Muebles, artículos del hogar y artículos para el mantenimiento corriente del hogar;Variación mensual;2024M02;-0,1
13 Madrid, Comunidad de;05 Muebles, artículos del hogar y artículos para el mantenimiento corriente del hogar;Variación mensual;2024M01;0,0
13 Madrid, Comunidad de;05 Muebles, artículos del hogar y artículos para el mantenimiento corriente del hogar;Variación anual;2024M12;1,4
13 Madrid, Comunidad de;05 Muebles, artículos del hogar y artículos para el mantenimiento corriente del hogar;Variación anual;2024M11;1,2
13 Madrid, Comunidad de;05 Muebles, artículos del hogar y artículos para el mantenimiento corriente del hogar;Variación anual;2024M10;1,1
13 Madrid, Comunidad de;05 Muebles, artículos del hogar y artículos para el mantenimiento corriente del hogar;Variación anual;2024M09;1,1
13 Madrid, Comunidad de;05 Muebles, artículos del hogar y artículos para el mantenimiento corriente del hogar;Variación anual;2024M08;0,9
13 Madrid, Comunidad de;05 Muebles, artículos del hogar y artículos para el mantenimiento corriente del hogar;Variación anual;2024M07;1,0
13 Madrid, Comunidad de;05 Muebles, artículos del hogar y artículos para el mantenimiento corriente del hogar;Variación anual;2024M06;0,8
13 Madrid, Comunidad de;05 Muebles, artículos del hogar y artículos para el mantenimiento corriente del hogar;Variación anual;2024M05;0,5
13 Madrid, Comunidad de;05 Muebles, artículos del hogar y artículos para el mantenimiento corriente del hogar;Variación anual;2024M04;0,3
13 Madrid, Comunidad de;05 Muebles, artículos del hogar y artículos para el mantenimiento corriente del hogar;Variación anual;2024M03;0,5
13 Madrid, Comunidad de;05 Muebles, artículos del hogar y artículos para el mantenimiento corriente del hogar;Variación anual;2024M02;1,0
13 Madrid, Comunidad de;05 Muebles, artículos del hogar y artículos para el mantenimiento corriente del hogar;Variación anual;2024M01;1,3
13 Madrid, Comunidad de;05 Muebles, artículos del hogar y artículos para el mantenimiento corriente del hogar;Variación en lo que va de año;2024M12;1,4
13 Madrid, Comunidad de;05 Muebles, artículos del hogar y artículos para el mantenimiento corriente del hogar;Variación en lo que va de año;2024M11;1,3
13 Madrid, Comunidad de;05 Muebles, artículos del hogar y artículos para el mantenimiento corriente del hogar;Variación en lo que va de año;2024M10;1,1
13 Madrid, Comunidad de;05 Muebles, artículos del hogar y artículos para el mantenimiento corriente del hogar;Variación en lo que va de año;2024M09;0,9
13 Madrid, Comunidad de;05 Muebles, artículos del hogar y artículos para el mantenimiento corriente del hogar;Variación en lo que va de año;2024M08;0,7
13 Madrid, Comunidad de;05 Muebles, artículos del hogar y artículos para el mantenimiento corriente del hogar;Variación en lo que va de año;2024M07;0,6
13 Madrid, Comunidad de;05 Muebles, artículos del hogar y artículos para el mantenimiento corriente del hogar;Variación en lo que va de año;2024M06;1,0
13 Madrid, Comunidad de;05 Muebles, artículos del hogar y artículos para el mantenimiento corriente del hogar;Variación en lo que va de año;2024M05;0,7
13 Madrid, Comunidad de;05 Muebles, artículos del hogar y artículos para el mantenimiento corriente del hogar;Variación en lo que va de año;2024M04;0,3
13 Madrid, Comunidad de;05 Muebles, artículos del hogar y artículos para el mantenimiento corriente del hogar;Variación en lo que va de año;2024M03;-0,1
13 Madrid, Comunidad de;05 Muebles, artículos del hogar y artículos para el mantenimiento corriente del hogar;Variación en lo que va de año;2024M02;-0,1
13 Madrid, Comunidad de;05 Muebles, artículos del hogar y artículos para el mantenimiento corriente del hogar;Variación en lo que va de año;2024M01;0,0
13 Madrid, Comunidad de;06 Sanidad;Índice;2024M12;102,460
13 Madrid, Comunidad de;06 Sanidad;Índice;2024M11;101,984
13 Madrid, Comunidad de;06 Sanidad;Índice;2024M10;102,222
13 Madrid, Comunidad de;06 Sanidad;Índice;2024M09;102,291
13 Madrid, Comunidad de;06 Sanidad;Índice;2024M08;102,170
13 Madrid, Comunidad de;06 Sanidad;Índice;2024M07;102,205
13 Madrid, Comunidad de;06 Sanidad;Índice;2024M06;101,606
13 Madrid, Comunidad de;06 Sanidad;Índice;2024M05;101,742
13 Madrid, Comunidad de;06 Sanidad;Índice;2024M04;101,191
13 Madrid, Comunidad de;06 Sanidad;Índice;2024M03;101,257
13 Madrid, Comunidad de;06 Sanidad;Índice;2024M02;101,118
13 Madrid, Comunidad de;06 Sanidad;Índice;2024M01;100,860
13 Madrid, Comunidad de;06 Sanidad;Variación mensual;2024M12;0,5
13 Madrid, Comunidad de;06 Sanidad;Variación mensual;2024M11;-0,2
13 Madrid, Comunidad de;06 Sanidad;Variación mensual;2024M10;-0,1
13 Madrid, Comunidad de;06 Sanidad;Variación mensual;2024M09;0,1
13 Madrid, Comunidad de;06 Sanidad;Variación mensual;2024M08;0,0
13 Madrid, Comunidad de;06 Sanidad;Variación mensual;2024M07;0,6
13 Madrid, Comunidad de;06 Sanidad;Variación mensual;2024M06;-0,1
13 Madrid, Comunidad de;06 Sanidad;Variación mensual;2024M05;0,5
13 Madrid, Comunidad de;06 Sanidad;Variación mensual;2024M04;-0,1
13 Madrid, Comunidad de;06 Sanidad;Variación mensual;2024M03;0,1
13 Madrid, Comunidad de;06 Sanidad;Variación mensual;2024M02;0,3
13 Madrid, Comunidad de;06 Sanidad;Variación mensual;2024M01;0,3
13 Madrid, Comunidad de;06 Sanidad;Variación anual;2024M12;1,9
13 Madrid, Comunidad de;06 Sanidad;Variación anual;2024M11;1,1
13 Madrid, Comunidad de;06 Sanidad;Variación anual;2024M10;1,5
13 Madrid, Comunidad de;06 Sanidad;Variación anual;2024M09;1,1
13 Madrid, Comunidad de;06 Sanidad;Variación anual;2024M08;1,4
13 Madrid, Comunidad de;06 Sanidad;Variación anual;2024M07;1,5
13 Madrid, Comunidad de;06 Sanidad;Variación anual;2024M06;1,0
13 Madrid, Comunidad de;06 Sanidad;Variación anual;2024M05;1,4
13 Madrid, Comunidad de;06 Sanidad;Variación anual;2024M04;0,9
13 Madrid, Comunidad de;06 Sanidad;Variación anual;2024M03;1,1
13 Madrid, Comunidad de;06 Sanidad;Variación anual;2024M02;1,2
13 Madrid, Comunidad de;06 Sanidad;Variación anual;2024M01;1,0
13 Madrid, Comunidad de;06 Sanidad;Variación en lo que va de año;2024M12;1,9
13 Madrid, Comunidad de;06 Sanidad;Variación en lo que va de año;2024M11;1,4
13 Madrid, Comunidad de;06 Sanidad;Variación en lo que va de año;2024M10;1,7
13 Madrid, Comunidad de;06 Sanidad;Variación en lo que va de año;2024M09;1,8
13 Madrid, Comunidad de;06 Sanidad;Variación en lo que va de año;2024M08;1,6
13 Madrid, Comunidad de;06 Sanidad;Variación en lo que va de año;2024M07;1,7
13 Madrid, Comunidad de;06 Sanidad;Variación en lo que va de año;2024M06;1,1
13 Madrid, Comunidad de;06 Sanidad;Variación en lo que va de año;2024M05;1,2
13 Madrid, Comunidad de;06 Sanidad;Variación en lo que va de año;2024M04;0,7
13 Madrid, Comunidad de;06 Sanidad;Variación en lo que va de año;2024M03;0,7
13 Madrid, Comunidad de;06 Sanidad;Variación en lo que va de año;2024M02;0,6
13 Madrid, Comunidad de;06 Sanidad;Variación en lo que va de año;2024M01;0,3
13 Madrid, Comunidad de;07 Transporte;Índice;2024M12;106,560
13 Madrid, Comunidad de;07 Transporte;Índice;2024M11;106,217
13 Madrid, Comunidad de;07 Transporte;Índice;2024M10;105,609
13 Madrid, Comunidad de;07 Transporte;Índice;2024M09;105,385
13 Madrid, Comunidad de;07 Transporte;Índice;2024M08;107,298
13 Madrid, Comunidad de;07 Transporte;Índice;2024M07;108,119
13 Madrid, Comunidad de;07 Transporte;Índice;2024M06;107,879
13 Madrid, Comunidad de;07 Transporte;Índice;2024M05;108,171
13 Madrid, Comunidad de;07 Transporte;Índice;2024M04;108,886
13 Madrid, Comunidad de;07 Transporte;Índice;2024M03;108,178
13 Madrid, Comunidad de;07 Transporte;Índice;2024M02;107,654
13 Madrid, Comunidad de;07 Transporte;Índice;2024M01;105,921
13 Madrid, Comunidad de;07 Transporte;Variación mensual;2024M12;0,3
13 Madrid, Comunidad de;07 Transporte;Variación mensual;2024M11;0,6
13 Madrid, Comunidad de;07 Transporte;Variación mensual;2024M10;0,2
13 Madrid, Comunidad de;07 Transporte;Variación mensual;2024M09;-1,8
13 Madrid, Comunidad de;07 Transporte;Variación mensual;2024M08;-0,8
13 Madrid, Comunidad de;07 Transporte;Variación mensual;2024M07;0,2
13 Madrid, Comunidad de;07 Transporte;Variación mensual;2024M06;-0,3
13 Madrid, Comunidad de;07 Transporte;Variación mensual;2024M05;-0,7
13 Madrid, Comunidad de;07 Transporte;Variación mensual;2024M04;0,7
13 Madrid, Comunidad de;07 Transporte;Variación mensual;2024M03;0,5
13 Madrid, Comunidad de;07 Transporte;Variación mensual;2024M02;1,6
13 Madrid, Comunidad de;07 Transporte;Variación mensual;2024M01;-0,1
13 Madrid, Comunidad de;07 Transporte;Variación anual;2024M12;0,5
13 Madrid, Comunidad de;07 Transporte;Variación anual;2024M11;-1,2
13 Madrid, Comunidad de;07 Transporte;Variación anual;2024M10;-3,2
13 Madrid, Comunidad de;07 Transporte;Variación anual;2024M09;-4,3
13 Madrid, Comunidad de;07 Transporte;Variación anual;2024M08;-1,6
13 Madrid, Comunidad de;07 Transporte;Variación anual;2024M07;2,0
13 Madrid, Comunidad de;07 Transporte;Variación anual;2024M06;2,3
13 Madrid, Comunidad de;07 Transporte;Variación anual;2024M05;3,2
13 Madrid, Comunidad de;07 Transporte;Variación anual;2024M04;2,1
13 Madrid, Comunidad de;07 Transporte;Variación anual;2024M03;1,9
13 Madrid, Comunidad de;07 Transporte;Variación anual;2024M02;1,6
13 Madrid, Comunidad de;07 Transporte;Variación anual;2024M01;-2,4
13 Madrid, Comunidad de;07 Transporte;Variación en lo que va de año;2024M12;0,5
13 Madrid, Comunidad de;07 Transporte;Variación en lo que va de año;2024M11;0,2
13 Madrid, Comunidad de;07 Transporte;Variación en lo que va de año;2024M10;-0,4
13 Madrid, Comunidad de;07 Transporte;Variación en lo que va de año;2024M09;-0,6
13 Madrid, Comunidad de;07 Transporte;Variación en lo que va de año;2024M08;1,2
13 Madrid, Comunidad de;07 Transporte;Variación en lo que va de año;2024M07;2,0
13 Madrid, Comunidad de;07 Transporte;Variación en lo que va de año;2024M06;1,7
13 Madrid, Comunidad de;07 Transporte;Variación en lo que va de año;2024M05;2,0
13 Madrid, Comunidad de;07 Transporte;Variación en lo que va de año;2024M04;2,7
13 Madrid, Comunidad de;07 Transporte;Variación en lo que va de año;2024M03;2,0
13 Madrid, Comunidad de;07 Transporte;Variación en lo que va de año;2024M02;1,5
13 Madrid, Comunidad de;07 Transporte;Variación en lo que va de año;2024M01;-0,1
13 Madrid, Comunidad de;08 Comunicaciones;Índice;2024M12;101,377
13 Madrid, Comunidad de;08 Comunicaciones;Índice;2024M11;101,390
13 Madrid, Comunidad de;08 Comunicaciones;Índice;2024M10;101,391
13 Madrid, Comunidad de;08 Comunicaciones;Índice;2024M09;102,350
13 Madrid, Comunidad de;08 Comunicaciones;Índice;2024M08;102,420
13 Madrid, Comunidad de;08 Comunicaciones;Índice;2024M07;102,487
13 Madrid, Comunidad de;08 Comunicaciones;Índice;2024M06;102,926
13 Madrid, Comunidad de;08 Comunicaciones;Índice;2024M05;102,908
13 Madrid, Comunidad de;08 Comunicaciones;Índice;2024M04;102,985
13 Madrid, Comunidad de;08 Comunicaciones;Índice;2024M03;102,854
13 Madrid, Comunidad de;08 Comunicaciones;Índice;2024M02;102,926
13 Madrid, Comunidad de;08 Comunicaciones;Índice;2024M01;102,989
13 Madrid, Comunidad de;08 Comunicaciones;Variación mensual;2024M12;0,0
13 Madrid, Comunidad de;08 Comunicaciones;Variación mensual;2024M11;0,0
13 Madrid, Comunidad de;08 Comunicaciones;Variación mensual;2024M10;-0,9
13 Madrid, Comunidad de;08 Comunicaciones;Variación mensual;2024M09;-0,1
13 Madrid, Comunidad de;08 Comunicaciones;Variación mensual;2024M08;-0,1
13 Madrid, Comunidad de;08 Comunicaciones;Variación mensual;2024M07;-0,4
13 Madrid, Comunidad de;08 Comunicaciones;Variación mensual;2024M06;0,0
13 Madrid, Comunidad de;08 Comunicaciones;Variación mensual;2024M05;-0,1
13 Madrid, Comunidad de;08 Comunicaciones;Variación mensual;2024M04;0,1
13 Madrid, Comunidad de;08 Comunicaciones;Variación mensual;2024M03;-0,1
13 Madrid, Comunidad de;08 Comunicaciones;Variación mensual;2024M02;-0,1
13 Madrid, Comunidad de;08 Comunicaciones;Variación mensual;2024M01;2,0
13 Madrid, Comunidad de;08 Comunicaciones;Variación anual;2024M12;0,4
13 Madrid, Comunidad de;08 Comunicaciones;Variación anual;2024M11;0,3
13 Madrid, Comunidad de;08 Comunicaciones;Variación anual;2024M10;0,2
13 Madrid, Comunidad de;08 Comunicaciones;Variación anual;2024M09;0,0
13 Madrid, Comunidad de;08 Comunicaciones;Variación anual;2024M08;0,0
13 Madrid, Comunidad de;08 Comunicaciones;Variación anual;2024M07;0,1
13 Madrid, Comunidad de;08 Comunicaciones;Variación anual;2024M06;0,3
13 Madrid, Comunidad de;08 Comunicaciones;Variación anual;2024M05;0,1
13 Madrid, Comunidad de;08 Comunicaciones;Variación anual;2024M04;0,1
13 Madrid, Comunidad de;08 Comunicaciones;Variación anual;2024M03;0,6
13 Madrid, Comunidad de;08 Comunicaciones;Variación anual;2024M02;0,6
13 Madrid, Comunidad de;08 Comunicaciones;Variación anual;2024M01;0,8
13 Madrid, Comunidad de;08 Comunicaciones;Variación en lo que va de año;2024M12;0,4
13 Madrid, Comunidad de;08 Comunicaciones;Variación en lo que va de año;2024M11;0,4
13 Madrid, Comunidad de;08 Comunicaciones;Variación en lo que va de año;2024M10;0,4
13 Madrid, Comunidad de;08 Comunicaciones;Variación en lo que va de año;2024M09;1,3
13 Madrid, Comunidad de;08 Comunicaciones;Variación en lo que va de año;2024M08;1,4
13 Madrid, Comunidad de;08 Comunicaciones;Variación en lo que va de año;2024M07;1,5
13 Madrid, Comunidad de;08 Comunicaciones;Variación en lo que va de año;2024M06;1,9
13 Madrid, Comunidad de;08 Comunicaciones;Variación en lo que va de año;2024M05;1,9
13 Madrid, Comunidad de;08 Comunicaciones;Variación en lo que va de año;2024M04;2,0
13 Madrid, Comunidad de;08 Comunicaciones;Variación en lo que va de año;2024M03;1,8
13 Madrid, Comunidad de;08 Comunicaciones;Variación en lo que va de año;2024M02;1,9
13 Madrid, Comunidad de;08 Comunicaciones;Variación en lo que va de año;2024M01;2,0
13 Madrid, Comunidad de;09 Ocio y cultura;Índice;2024M12;113,246
13 Madrid, Comunidad de;09 Ocio y cultura;Índice;2024M11;109,152
13 Madrid, Comunidad de;09 Ocio y cultura;Índice;2024M10;111,282
13 Madrid, Comunidad de;09 Ocio y cultura;Índice;2024M09;111,602
13 Madrid, Comunidad de;09 Ocio y cultura;Índice;2024M08;116,440
13 Madrid, Comunidad de;09 Ocio y cultura;Índice;2024M07;114,614
13 Madrid, Comunidad de;09 Ocio y cultura;Índice;2024M06;112,630
13 Madrid, Comunidad de;09 Ocio y cultura;Índice;2024M05;110,032
13 Madrid, Comunidad de;09 Ocio y cultura;Índice;2024M04;110,592
13 Madrid, Comunidad de;09 Ocio y cultura;Índice;2024M03;111,013
13 Madrid, Comunidad de;09 Ocio y cultura;Índice;2024M02;108,396
13 Madrid, Comunidad de;09 Ocio y cultura;Índice;2024M01;107,054
13 Madrid, Comunidad de;09 Ocio y cultura;Variación mensual;2024M12;3,8
13 Madrid, Comunidad de;09 Ocio y cultura;Variación mensual;2024M11;-1,9
13 Madrid, Comunidad de;09 Ocio y cultura;Variación mensual;2024M10;-0,3
13 Madrid, Comunidad de;09 Ocio y cultura;Variación mensual;2024M09;-4,2
13 Madrid, Comunidad de;09 Ocio y cultura;Variación mensual;2024M08;1,6
13 Madrid, Comunidad de;09 Ocio y cultura;Variación mensual;2024M07;1,8
13 Madrid, Comunidad de;09 Ocio y cultura;Variación mensual;2024M06;2,4
13 Madrid, Comunidad de;09 Ocio y cultura;Variación mensual;2024M05;-0,5
13 Madrid, Comunidad de;09 Ocio y cultura;Variación mensual;2024M04;-0,4
13 Madrid, Comunidad de;09 Ocio y cultura;Variación mensual;2024M03;2,4
13 Madrid, Comunidad de;09 Ocio y cultura;Variación mensual;2024M02;1,3
13 Madrid, Comunidad de;09 Ocio y cultura;Variación mensual;2024M01;-2,2
13 Madrid, Comunidad de;09 Ocio y cultura;Variación anual;2024M12;3,5
13 Madrid, Comunidad de;09 Ocio y cultura;Variación anual;2024M11;2,3
13 Madrid, Comunidad de;09 Ocio y cultura;Variación anual;2024M10;3,0
13 Madrid, Comunidad de;09 Ocio y cultura;Variación anual;2024M09;1,2
13 Madrid, Comunidad de;09 Ocio y cultura;Variación anual;2024M08;2,1
13 Madrid, Comunidad de;09 Ocio y cultura;Variación anual;2024M07;1,5
13 Madrid, Comunidad de;09 Ocio y cultura;Variación anual;2024M06;3,3
13 Madrid, Comunidad de;09 Ocio y cultura;Variación anual;2024M05;3,4
13 Madrid, Comunidad de;09 Ocio y cultura;Variación anual;2024M04;3,4
13 Madrid, Comunidad de;09 Ocio y cultura;Variación anual;2024M03;5,3
13 Madrid, Comunidad de;09 Ocio y cultura;Variación anual;2024M02;3,7
13 Madrid, Comunidad de;09 Ocio y cultura;Variación anual;2024M01;3,1
13 Madrid, Comunidad de;09 Ocio y cultura;Variación en lo que va de año;2024M12;3,5
13 Madrid, Comunidad de;09 Ocio y cultura;Variación en lo que va de año;2024M11;-0,2
13 Madrid, Comunidad de;09 Ocio y cultura;Variación en lo que va de año;2024M10;1,7
13 Madrid, Comunidad de;09 Ocio y cultura;Variación en lo que va de año;2024M09;2,0
13 Madrid, Comunidad de;09 Ocio y cultura;Variación en lo que va de año;2024M08;6,4
13 Madrid, Comunidad de;09 Ocio y cultura;Variación en lo que va de año;2024M07;4,8
13 Madrid, Comunidad de;09 Ocio y cultura;Variación en lo que va de año;2024M06;2,9
13 Madrid, Comunidad de;09 Ocio y cultura;Variación en lo que va de año;2024M05;0,6
13 Madrid, Comunidad de;09 Ocio y cultura;Variación en lo que va de año;2024M04;1,1
13 Madrid, Comunidad de;09 Ocio y cultura;Variación en lo que va de año;2024M03;1,5
13 Madrid, Comunidad de;09 Ocio y cultura;Variación en lo que va de año;2024M02;-0,9
13 Madrid, Comunidad de;09 Ocio y cultura;Variación en lo que va de año;2024M01;-2,2
13 Madrid, Comunidad de;10 Enseñanza;Índice;2024M12;108,399
13 Madrid, Comunidad de;10 Enseñanza;Índice;2024M11;108,439
13 Madrid, Comunidad de;10 Enseñanza;Índice;2024M10;108,305
13 Madrid, Comunidad de;10 Enseñanza;Índice;2024M09;107,590
13 Madrid, Comunidad de;10 Enseñanza;Índice;2024M08;105,926
13 Madrid, Comunidad de;10 Enseñanza;Índice;2024M07;105,926
13 Madrid, Comunidad de;10 Enseñanza;Índice;2024M06;105,890
13 Madrid, Comunidad de;10 Enseñanza;Índice;2024M05;105,890
13 Madrid, Comunidad de;10 Enseñanza;Índice;2024M04;105,890
13 Madrid, Comunidad de;10 Enseñanza;Índice;2024M03;105,881
13 Madrid, Comunidad de;10 Enseñanza;Índice;2024M02;105,671
13 Madrid, Comunidad de;10 Enseñanza;Índice;2024M01;105,659
13 Madrid, Comunidad de;10 Enseñanza;Variación mensual;2024M12;0,0
13 Madrid, Comunidad de;10 Enseñanza;Variación mensual;2024M11;0,1
13 Madrid, Comunidad de;10 Enseñanza;Variación mensual;2024M10;0,7
13 Madrid, Comunidad de;10 Enseñanza;Variación mensual;2024M09;1,6
13 Madrid, Comunidad de;10 Enseñanza;Variación mensual;2024M08;0,0
13 Madrid, Comunidad de;10 Enseñanza;Variación mensual;2024M07;0,0
13 Madrid, Comunidad de;10 Enseñanza;Variación mensual;2024M06;0,0
13 Madrid, Comunidad de;10 Enseñanza;Variación mensual;2024M05;0,0
13 Madrid, Comunidad de;10 Enseñanza;Variación mensual;2024M04;0,0
13 Madrid, Comunidad de;10 Enseñanza;Variación mensual;2024M03;0,2
13 Madrid, Comunidad de;10 Enseñanza;Variación mensual;2024M02;0,0
13 Madrid, Comunidad de;10 Enseñanza;Variación mensual;2024M01;0,0
13 Madrid, Comunidad de;10 Enseñanza;Variación anual;2024M12;2,6
13 Madrid, Comunidad de;10 Enseñanza;Variación anual;2024M11;2,7
13 Madrid, Comunidad de;10 Enseñanza;Variación anual;2024M10;2,8
13 Madrid, Comunidad de;10 Enseñanza;Variación anual;2024M09;3,0
13 Madrid, Comunidad de;10 Enseñanza;Variación anual;2024M08;3,6
13 Madrid, Comunidad de;10 Enseñanza;Variación anual;2024M07;3,6
13 Madrid, Comunidad de;10 Enseñanza;Variación anual;2024M06;3,6
13 Madrid, Comunidad de;10 Enseñanza;Variación anual;2024M05;3,6
13 Madrid, Comunidad de;10 Enseñanza;Variación anual;2024M04;3,6
13 Madrid, Comunidad de;10 Enseñanza;Variación anual;2024M03;3,5
13 Madrid, Comunidad de;10 Enseñanza;Variación anual;2024M02;3,3
13 Madrid, Comunidad de;10 Enseñanza;Variación anual;2024M01;3,3
13 Madrid, Comunidad de;10 Enseñanza;Variación en lo que va de año;2024M12;2,6
13 Madrid, Comunidad de;10 Enseñanza;Variación en lo que va de año;2024M11;2,7
13 Madrid, Comunidad de;10 Enseñanza;Variación en lo que va de año;2024M10;2,5
13 Madrid, Comunidad de;10 Enseñanza;Variación en lo que va de año;2024M09;1,8
13 Madrid, Comunidad de;10 Enseñanza;Variación en lo que va de año;2024M08;0,3
13 Madrid, Comunidad de;10 Enseñanza;Variación en lo que va de año;2024M07;0,3
13 Madrid, Comunidad de;10 Enseñanza;Variación en lo que va de año;2024M06;0,2
13 Madrid, Comunidad de;10 Enseñanza;Variación en lo que va de año;2024M05;0,2
13 Madrid, Comunidad de;10 Enseñanza;Variación en lo que va de año;2024M04;0,2
13 Madrid, Comunidad de;10 Enseñanza;Variación en lo que va de año;2024M03;0,2
13 Madrid, Comunidad de;10 Enseñanza;Variación en lo que va de año;2024M02;0,0
13 Madrid, Comunidad de;10 Enseñanza;Variación en lo que va de año;2024M01;0,0
13 Madrid, Comunidad de;11 Restaurantes y hoteles;Índice;2024M12;121,093
13 Madrid, Comunidad de;11 Restaurantes y hoteles;Índice;2024M11;120,903
13 Madrid, Comunidad de;11 Restaurantes y hoteles;Índice;2024M10;121,995
13 Madrid, Comunidad de;11 Restaurantes y hoteles;Índice;2024M09;120,951
13 Madrid, Comunidad de;11 Restaurantes y hoteles;Índice;2024M08;118,963
13 Madrid, Comunidad de;11 Restaurantes y hoteles;Índice;2024M07;120,017
13 Madrid, Comunidad de;11 Restaurantes y hoteles;Índice;2024M06;121,012
13 Madrid, Comunidad de;11 Restaurantes y hoteles;Índice;2024M05;120,451
13 Madrid, Comunidad de;11 Restaurantes y hoteles;Índice;2024M04;119,485
13 Madrid, Comunidad de;11 Restaurantes y hoteles;Índice;2024M03;118,315
13 Madrid, Comunidad de;11 Restaurantes y hoteles;Índice;2024M02;116,442
13 Madrid, Comunidad de;11 Restaurantes y hoteles;Índice;2024M01;115,324
13 Madrid, Comunidad de;11 Restaurantes y hoteles;Variación mensual;2024M12;0,2
13 Madrid, Comunidad de;11 Restaurantes y hoteles;Variación mensual;2024M11;-0,9
13 Madrid, Comunidad de;11 Restaurantes y hoteles;Variación mensual;2024M10;0,9
13 Madrid, Comunidad de;11 Restaurantes y hoteles;Variación mensual;2024M09;1,7
13 Madrid, Comunidad de;11 Restaurantes y hoteles;Variación mensual;2024M08;-0,9
13 Madrid, Comunidad de;11 Restaurantes y hoteles;Variación mensual;2024M07;-0,8
13 Madrid, Comunidad de;11 Restaurantes y hoteles;Variación mensual;2024M06;0,5
13 Madrid, Comunidad de;11 Restaurantes y hoteles;Variación mensual;2024M05;0,8
13 Madrid, Comunidad de;11 Restaurantes y hoteles;Variación mensual;2024M04;1,0
13 Madrid, Comunidad de;11 Restaurantes y hoteles;Variación mensual;2024M03;1,6
13 Madrid, Comunidad de;11 Restaurantes y hoteles;Variación mensual;2024M02;1,0
13 Madrid, Comunidad de;11 Restaurantes y hoteles;Variación mensual;2024M01;-0,5
13 Madrid, Comunidad de;11 Restaurantes y hoteles;Variación anual;2024M12;4,5
13 Madrid, Comunidad de;11 Restaurantes y hoteles;Variación anual;2024M11;4,4
13 Madrid, Comunidad de;11 Restaurantes y hoteles;Variación anual;2024M10;4,5
13 Madrid, Comunidad de;11 Restaurantes y hoteles;Variación anual;2024M09;4,9
13 Madrid, Comunidad de;11 Restaurantes y hoteles;Variación anual;2024M08;5,2
13 Madrid, Comunidad de;11 Restaurantes y hoteles;Variación anual;2024M07;5,4
13 Madrid, Comunidad de;11 Restaurantes y hoteles;Variación anual;2024M06;6,2
13 Madrid, Comunidad de;11 Restaurantes y hoteles;Variación anual;2024M05;6,1
13 Madrid, Comunidad de;11 Restaurantes y hoteles;Variación anual;2024M04;5,3
13 Madrid, Comunidad de;11 Restaurantes y hoteles;Variación anual;2024M03;6,2
13 Madrid, Comunidad de;11 Restaurantes y hoteles;Variación anual;2024M02;5,1
13 Madrid, Comunidad de;11 Restaurantes y hoteles;Variación anual;2024M01;4,9
13 Madrid, Comunidad de;11 Restaurantes y hoteles;Variación en lo que va de año;2024M12;4,5
13 Madrid, Comunidad de;11 Restaurantes y hoteles;Variación en lo que va de año;2024M11;4,3
13 Madrid, Comunidad de;11 Restaurantes y hoteles;Variación en lo que va de año;2024M10;5,3
13 Madrid, Comunidad de;11 Restaurantes y hoteles;Variación en lo que va de año;2024M09;4,4
13 Madrid, Comunidad de;11 Restaurantes y hoteles;Variación en lo que va de año;2024M08;2,6
13 Madrid, Comunidad de;11 Restaurantes y hoteles;Variación en lo que va de año;2024M07;3,5
13 Madrid, Comunidad de;11 Restaurantes y hoteles;Variación en lo que va de año;2024M06;4,4
13 Madrid, Comunidad de;11 Restaurantes y hoteles;Variación en lo que va de año;2024M05;3,9
13 Madrid, Comunidad de;11 Restaurantes y hoteles;Variación en lo que va de año;2024M04;3,1
13 Madrid, Comunidad de;11 Restaurantes y hoteles;Variación en lo que va de año;2024M03;2,1
13 Madrid, Comunidad de;11 Restaurantes y hoteles;Variación en lo que va de año;2024M02;0,5
13 Madrid, Comunidad de;11 Restaurantes y hoteles;Variación en lo que va de año;2024M01;-0,5
13 Madrid, Comunidad de;12 Otros bienes y servicios;Índice;2024M12;113,395
13 Madrid, Comunidad de;12 Otros bienes y servicios;Índice;2024M11;113,256
13 Madrid, Comunidad de;12 Otros bienes y servicios;Índice;2024M10;113,174
13 Madrid, Comunidad de;12 Otros bienes y servicios;Índice;2024M09;112,684
13 Madrid, Comunidad de;12 Otros bienes y servicios;Índice;2024M08;112,699
13 Madrid, Comunidad de;12 Otros bienes y servicios;Índice;2024M07;112,559
13 Madrid, Comunidad de;12 Otros bienes y servicios;Índice;2024M06;112,925
13 Madrid, Comunidad de;12 Otros bienes y servicios;Índice;2024M05;111,567
13 Madrid, Comunidad de;12 Otros bienes y servicios;Índice;2024M04;111,332
13 Madrid, Comunidad de;12 Otros bienes y servicios;Índice;2024M03;111,008
13 Madrid, Comunidad de;12 Otros bienes y servicios;Índice;2024M02;110,986
13 Madrid, Comunidad de;12 Otros bienes y servicios;Índice;2024M01;109,992
13 Madrid, Comunidad de;12 Otros bienes y servicios;Variación mensual;2024M12;0,1
13 Madrid, Comunidad de;12 Otros bienes y servicios;Variación mensual;2024M11;0,1
13 Madrid, Comunidad de;12 Otros bienes y servicios;Variación mensual;2024M10;0,4
13 Madrid, Comunidad de;12 Otros bienes y servicios;Variación mensual;2024M09;0,0
13 Madrid, Comunidad de;12 Otros bienes y servicios;Variación mensual;2024M08;0,1
13 Madrid, Comunidad de;12 Otros bienes y servicios;Variación mensual;2024M07;-0,3
13 Madrid, Comunidad de;12 Otros bienes y servicios;Variación mensual;2024M06;1,2
13 Madrid, Comunidad de;12 Otros bienes y servicios;Variación mensual;2024M05;0,2
13 Madrid, Comunidad de;12 Otros bienes y servicios;Variación mensual;2024M04;0,3
13 Madrid, Comunidad de;12 Otros bienes y servicios;Variación mensual;2024M03;0,0
13 Madrid, Comunidad de;12 Otros bienes y servicios;Variación mensual;2024M02;0,9
13 Madrid, Comunidad de;12 Otros bienes y servicios;Variación mensual;2024M01;0,5
13 Madrid, Comunidad de;12 Otros bienes y servicios;Variación anual;2024M12;3,6
13 Madrid, Comunidad de;12 Otros bienes y servicios;Variación anual;2024M11;3,5
13 Madrid, Comunidad de;12 Otros bienes y servicios;Variación anual;2024M10;3,6
13 Madrid, Comunidad de;12 Otros bienes y servicios;Variación anual;2024M09;3,2
13 Madrid, Comunidad de;12 Otros bienes y servicios;Variación anual;2024M08;3,1
13 Madrid, Comunidad de;12 Otros bienes y servicios;Variación anual;2024M07;3,2
13 Madrid, Comunidad de;12 Otros bienes y servicios;Variación anual;2024M06;3,5
13 Madrid, Comunidad de;12 Otros bienes y servicios;Variación anual;2024M05;3,0
13 Madrid, Comunidad de;12 Otros bienes y servicios;Variación anual;2024M04;2,8
13 Madrid, Comunidad de;12 Otros bienes y servicios;Variación anual;2024M03;2,9
13 Madrid, Comunidad de;12 Otros bienes y servicios;Variación anual;2024M02;3,3
13 Madrid, Comunidad de;12 Otros bienes y servicios;Variación anual;2024M01;3,0
13 Madrid, Comunidad de;12 Otros bienes y servicios;Variación en lo que va de año;2024M12;3,6
13 Madrid, Comunidad de;12 Otros bienes y servicios;Variación en lo que va de año;2024M11;3,5
13 Madrid, Comunidad de;12 Otros bienes y servicios;Variación en lo que va de año;2024M10;3,4
13 Madrid, Comunidad de;12 Otros bienes y servicios;Variación en lo que va de año;2024M09;2,9
13 Madrid, Comunidad de;12 Otros bienes y servicios;Variación en lo que va de año;2024M08;2,9
13 Madrid, Comunidad de;12 Otros bienes y servicios;Variación en lo que va de año;2024M07;2,8
13 Madrid, Comunidad de;12 Otros bienes y servicios;Variación en lo que va de año;2024M06;3,2
13 Madrid, Comunidad de;12 Otros bienes y servicios;Variación en lo que va de año;2024M05;1,9
13 Madrid, Comunidad de;12 Otros bienes y servicios;Variación en lo que va de año;2024M04;1,7
13 Madrid, Comunidad de;12 Otros bienes y servicios;Variación en lo que va de año;2024M03;1,4
13 Madrid, Comunidad de;12 Otros bienes y servicios;Variación en lo que va de año;2024M02;1,4
13 Madrid, Comunidad de;12 Otros bienes y servicios;Variación en lo que va de año;2024M01;0,5
14 Murcia, Región de;01 Alimentos y bebidas no alcohólicas;Índice;2024M12;130,070
14 Murcia, Región de;01 Alimentos y bebidas no alcohólicas;Índice;2024M11;129,766
14 Murcia, Región de;01 Alimentos y bebidas no alcohólicas;Índice;2024M10;130,382
14 Murcia, Región de;01 Alimentos y bebidas no alcohólicas;Índice;2024M09;128,385
14 Murcia, Región de;01 Alimentos y bebidas no alcohólicas;Índice;2024M08;129,156
14 Murcia, Región de;01 Alimentos y bebidas no alcohólicas;Índice;2024M07;129,659
14 Murcia, Región de;01 Alimentos y bebidas no alcohólicas;Índice;2024M06;130,504
14 Murcia, Región de;01 Alimentos y bebidas no alcohólicas;Índice;2024M05;130,559
14 Murcia, Región de;01 Alimentos y bebidas no alcohólicas;Índice;2024M04;129,847
14 Murcia, Región de;01 Alimentos y bebidas no alcohólicas;Índice;2024M03;129,662
14 Murcia, Región de;01 Alimentos y bebidas no alcohólicas;Índice;2024M02;129,189
14 Murcia, Región de;01 Alimentos y bebidas no alcohólicas;Índice;2024M01;129,334
14 Murcia, Región de;01 Alimentos y bebidas no alcohólicas;Variación mensual;2024M12;0,2
14 Murcia, Región de;01 Alimentos y bebidas no alcohólicas;Variación mensual;2024M11;-0,5
14 Murcia, Región de;01 Alimentos y bebidas no alcohólicas;Variación mensual;2024M10;1,6
14 Murcia, Región de;01 Alimentos y bebidas no alcohólicas;Variación mensual;2024M09;-0,6
14 Murcia, Región de;01 Alimentos y bebidas no alcohólicas;Variación mensual;2024M08;-0,4
14 Murcia, Región de;01 Alimentos y bebidas no alcohólicas;Variación mensual;2024M07;-0,6
14 Murcia, Región de;01 Alimentos y bebidas no alcohólicas;Variación mensual;2024M06;0,0
14 Murcia, Región de;01 Alimentos y bebidas no alcohólicas;Variación mensual;2024M05;0,5
14 Murcia, Región de;01 Alimentos y bebidas no alcohólicas;Variación mensual;2024M04;0,1
14 Murcia, Región de;01 Alimentos y bebidas no alcohólicas;Variación mensual;2024M03;0,4
14 Murcia, Región de;01 Alimentos y bebidas no alcohólicas;Variación mensual;2024M02;-0,1
14 Murcia, Región de;01 Alimentos y bebidas no alcohólicas;Variación mensual;2024M01;0,6
14 Murcia, Región de;01 Alimentos y bebidas no alcohólicas;Variación anual;2024M12;1,1
14 Murcia, Región de;01 Alimentos y bebidas no alcohólicas;Variación anual;2024M11;0,8
14 Murcia, Región de;01 Alimentos y bebidas no alcohólicas;Variación anual;2024M10;0,5
14 Murcia, Región de;01 Alimentos y bebidas no alcohólicas;Variación anual;2024M09;0,9
14 Murcia, Región de;01 Alimentos y bebidas no alcohólicas;Variación anual;2024M08;2,5
14 Murcia, Región de;01 Alimentos y bebidas no alcohólicas;Variación anual;2024M07;2,7
14 Murcia, Región de;01 Alimentos y bebidas no alcohólicas;Variación anual;2024M06;3,8
14 Murcia, Región de;01 Alimentos y bebidas no alcohólicas;Variación anual;2024M05;4,2
14 Murcia, Región de;01 Alimentos y bebidas no alcohólicas;Variación anual;2024M04;3,9
14 Murcia, Región de;01 Alimentos y bebidas no alcohólicas;Variación anual;2024M03;4,0
14 Murcia, Región de;01 Alimentos y bebidas no alcohólicas;Variación anual;2024M02;4,9
14 Murcia, Región de;01 Alimentos y bebidas no alcohólicas;Variación anual;2024M01;7,4
14 Murcia, Región de;01 Alimentos y bebidas no alcohólicas;Variación en lo que va de año;2024M12;1,1
14 Murcia, Región de;01 Alimentos y bebidas no alcohólicas;Variación en lo que va de año;2024M11;0,9
14 Murcia, Región de;01 Alimentos y bebidas no alcohólicas;Variación en lo que va de año;2024M10;1,4
14 Murcia, Región de;01 Alimentos y bebidas no alcohólicas;Variación en lo que va de año;2024M09;-0,2
14 Murcia, Región de;01 Alimentos y bebidas no alcohólicas;Variación en lo que va de año;2024M08;0,4
14 Murcia, Región de;01 Alimentos y bebidas no alcohólicas;Variación en lo que va de año;2024M07;0,8
14 Murcia, Región de;01 Alimentos y bebidas no alcohólicas;Variación en lo que va de año;2024M06;1,5
14 Murcia, Región de;01 Alimentos y bebidas no alcohólicas;Variación en lo que va de año;2024M05;1,5
14 Murcia, Región de;01 Alimentos y bebidas no alcohólicas;Variación en lo que va de año;2024M04;1,0
14 Murcia, Región de;01 Alimentos y bebidas no alcohólicas;Variación en lo que va de año;2024M03;0,8
14 Murcia, Región de;01 Alimentos y bebidas no alcohólicas;Variación en lo que va de año;2024M02;0,5
14 Murcia, Región de;01 Alimentos y bebidas no alcohólicas;Variación en lo que va de año;2024M01;0,6
14 Murcia, Región de;02 Bebidas alcohólicas y tabaco;Índice;2024M12;118,375
14 Murcia, Región de;02 Bebidas alcohólicas y tabaco;Índice;2024M11;116,744
14 Murcia, Región de;02 Bebidas alcohólicas y tabaco;Índice;2024M10;117,484
14 Murcia, Región de;02 Bebidas alcohólicas y tabaco;Índice;2024M09;116,575
14 Murcia, Región de;02 Bebidas alcohólicas y tabaco;Índice;2024M08;115,642
14 Murcia, Región de;02 Bebidas alcohólicas y tabaco;Índice;2024M07;116,696
14 Murcia, Región de;02 Bebidas alcohólicas y tabaco;Índice;2024M06;116,476
14 Murcia, Región de;02 Bebidas alcohólicas y tabaco;Índice;2024M05;116,557
14 Murcia, Región de;02 Bebidas alcohólicas y tabaco;Índice;2024M04;117,093
14 Murcia, Región de;02 Bebidas alcohólicas y tabaco;Índice;2024M03;116,905
14 Murcia, Región de;02 Bebidas alcohólicas y tabaco;Índice;2024M02;115,825
14 Murcia, Región de;02 Bebidas alcohólicas y tabaco;Índice;2024M01;115,737
14 Murcia, Región de;02 Bebidas alcohólicas y tabaco;Variación mensual;2024M12;1,4
14 Murcia, Región de;02 Bebidas alcohólicas y tabaco;Variación mensual;2024M11;-0,6
14 Murcia, Región de;02 Bebidas alcohólicas y tabaco;Variación mensual;2024M10;0,8
14 Murcia, Región de;02 Bebidas alcohólicas y tabaco;Variación mensual;2024M09;0,8
14 Murcia, Región de;02 Bebidas alcohólicas y tabaco;Variación mensual;2024M08;-0,9
14 Murcia, Región de;02 Bebidas alcohólicas y tabaco;Variación mensual;2024M07;0,2
14 Murcia, Región de;02 Bebidas alcohólicas y tabaco;Variación mensual;2024M06;-0,1
14 Murcia, Región de;02 Bebidas alcohólicas y tabaco;Variación mensual;2024M05;-0,5
14 Murcia, Región de;02 Bebidas alcohólicas y tabaco;Variación mensual;2024M04;0,2
14 Murcia, Región de;02 Bebidas alcohólicas y tabaco;Variación mensual;2024M03;0,9
14 Murcia, Región de;02 Bebidas alcohólicas y tabaco;Variación mensual;2024M02;0,1
14 Murcia, Región de;02 Bebidas alcohólicas y tabaco;Variación mensual;2024M01;3,1
14 Murcia, Región de;02 Bebidas alcohólicas y tabaco;Variación anual;2024M12;5,4
14 Murcia, Región de;02 Bebidas alcohólicas y tabaco;Variación anual;2024M11;3,5
14 Murcia, Región de;02 Bebidas alcohólicas y tabaco;Variación anual;2024M10;3,3
14 Murcia, Región de;02 Bebidas alcohólicas y tabaco;Variación anual;2024M09;3,0
14 Murcia, Región de;02 Bebidas alcohólicas y tabaco;Variación anual;2024M08;1,7
14 Murcia, Región de;02 Bebidas alcohólicas y tabaco;Variación anual;2024M07;3,3
14 Murcia, Región de;02 Bebidas alcohólicas y tabaco;Variación anual;2024M06;3,3
14 Murcia, Región de;02 Bebidas alcohólicas y tabaco;Variación anual;2024M05;4,1
14 Murcia, Región de;02 Bebidas alcohólicas y tabaco;Variación anual;2024M04;4,3
14 Murcia, Región de;02 Bebidas alcohólicas y tabaco;Variación anual;2024M03;4,7
14 Murcia, Región de;02 Bebidas alcohólicas y tabaco;Variación anual;2024M02;4,1
14 Murcia, Región de;02 Bebidas alcohólicas y tabaco;Variación anual;2024M01;4,6
14 Murcia, Región de;02 Bebidas alcohólicas y tabaco;Variación en lo que va de año;2024M12;5,4
14 Murcia, Región de;02 Bebidas alcohólicas y tabaco;Variación en lo que va de año;2024M11;4,0
14 Murcia, Región de;02 Bebidas alcohólicas y tabaco;Variación en lo que va de año;2024M10;4,6
14 Murcia, Región de;02 Bebidas alcohólicas y tabaco;Variación en lo que va de año;2024M09;3,8
14 Murcia, Región de;02 Bebidas alcohólicas y tabaco;Variación en lo que va de año;2024M08;3,0
14 Murcia, Región de;02 Bebidas alcohólicas y tabaco;Variación en lo que va de año;2024M07;3,9
14 Murcia, Región de;02 Bebidas alcohólicas y tabaco;Variación en lo que va de año;2024M06;3,8
14 Murcia, Región de;02 Bebidas alcohólicas y tabaco;Variación en lo que va de año;2024M05;3,8
14 Murcia, Región de;02 Bebidas alcohólicas y tabaco;Variación en lo que va de año;2024M04;4,3
14 Murcia, Región de;02 Bebidas alcohólicas y tabaco;Variación en lo que va de año;2024M03;4,1
14 Murcia, Región de;02 Bebidas alcohólicas y tabaco;Variación en lo que va de año;2024M02;3,2
14 Murcia, Región de;02 Bebidas alcohólicas y tabaco;Variación en lo que va de año;2024M01;3,1
14 Murcia, Región de;03 Vestido y calzado;Índice;2024M12;111,807
14 Murcia, Región de;03 Vestido y calzado;Índice;2024M11;112,702
14 Murcia, Región de;03 Vestido y calzado;Índice;2024M10;105,571
14 Murcia, Región de;03 Vestido y calzado;Índice;2024M09;100,011
14 Murcia, Región de;03 Vestido y calzado;Índice;2024M08;99,619
14 Murcia, Región de;03 Vestido y calzado;Índice;2024M07;99,844
14 Murcia, Región de;03 Vestido y calzado;Índice;2024M06;112,517
14 Murcia, Región de;03 Vestido y calzado;Índice;2024M05;114,041
14 Murcia, Región de;03 Vestido y calzado;Índice;2024M04;108,955
14 Murcia, Región de;03 Vestido y calzado;Índice;2024M03;101,749
14 Murcia, Región de;03 Vestido y calzado;Índice;2024M02;101,011
14 Murcia, Región de;03 Vestido y calzado;Índice;2024M01;102,045
14 Murcia, Región de;03 Vestido y calzado;Variación mensual;2024M12;-0,8
14 Murcia, Región de;03 Vestido y calzado;Variación mensual;2024M11;6,8
14 Murcia, Región de;03 Vestido y calzado;Variación mensual;2024M10;5,6
14 Murcia, Región de;03 Vestido y calzado;Variación mensual;2024M09;0,4
14 Murcia, Región de;03 Vestido y calzado;Variación mensual;2024M08;-0,2
14 Murcia, Región de;03 Vestido y calzado;Variación mensual;2024M07;-11,3
14 Murcia, Región de;03 Vestido y calzado;Variación mensual;2024M06;-1,3
14 Murcia, Región de;03 Vestido y calzado;Variación mensual;2024M05;4,7
14 Murcia, Región de;03 Vestido y calzado;Variación mensual;2024M04;7,1
14 Murcia, Región de;03 Vestido y calzado;Variación mensual;2024M03;0,7
14 Murcia, Región de;03 Vestido y calzado;Variación mensual;2024M02;-1,0
14 Murcia, Región de;03 Vestido y calzado;Variación mensual;2024M01;-9,6
14 Murcia, Región de;03 Vestido y calzado;Variación anual;2024M12;-0,9
14 Murcia, Región de;03 Vestido y calzado;Variación anual;2024M11;-1,6
14 Murcia, Región de;03 Vestido y calzado;Variación anual;2024M10;-0,2
14 Murcia, Región de;03 Vestido y calzado;Variación anual;2024M09;-0,4
14 Murcia, Región de;03 Vestido y calzado;Variación anual;2024M08;-0,1
14 Murcia, Región de;03 Vestido y calzado;Variación anual;2024M07;-0,4
14 Murcia, Región de;03 Vestido y calzado;Variación anual;2024M06;3,8
14 Murcia, Región de;03 Vestido y calzado;Variación anual;2024M05;2,1
14 Murcia, Región de;03 Vestido y calzado;Variación anual;2024M04;-0,8
14 Murcia, Región de;03 Vestido y calzado;Variación anual;2024M03;-0,3
14 Murcia, Región de;03 Vestido y calzado;Variación anual;2024M02;0,5
14 Murcia, Región de;03 Vestido y calzado;Variación anual;2024M01;0,6
14 Murcia, Región de;03 Vestido y calzado;Variación en lo que va de año;2024M12;-0,9
14 Murcia, Región de;03 Vestido y calzado;Variación en lo que va de año;2024M11;-0,2
14 Murcia, Región de;03 Vestido y calzado;Variación en lo que va de año;2024M10;-6,5
14 Murcia, Región de;03 Vestido y calzado;Variación en lo que va de año;2024M09;-11,4
14 Murcia, Región de;03 Vestido y calzado;Variación en lo que va de año;2024M08;-11,7
14 Murcia, Región de;03 Vestido y calzado;Variación en lo que va de año;2024M07;-11,5
14 Murcia, Región de;03 Vestido y calzado;Variación en lo que va de año;2024M06;-0,3
14 Murcia, Región de;03 Vestido y calzado;Variación en lo que va de año;2024M05;1,0
14 Murcia, Región de;03 Vestido y calzado;Variación en lo que va de año;2024M04;-3,5
14 Murcia, Región de;03 Vestido y calzado;Variación en lo que va de año;2024M03;-9,9
14 Murcia, Región de;03 Vestido y calzado;Variación en lo que va de año;2024M02;-10,5
14 Murcia, Región de;03 Vestido y calzado;Variación en lo que va de año;2024M01;-9,6
14 Murcia, Región de;04 Vivienda, agua, electricidad, gas y otros combustibles;Índice;2024M12;107,687
14 Murcia, Región de;04 Vivienda, agua, electricidad, gas y otros combustibles;Índice;2024M11;107,081
14 Murcia, Región de;04 Vivienda, agua, electricidad, gas y otros combustibles;Índice;2024M10;105,398
14 Murcia, Región de;04 Vivienda, agua, electricidad, gas y otros combustibles;Índice;2024M09;104,941
14 Murcia, Región de;04 Vivienda, agua, electricidad, gas y otros combustibles;Índice;2024M08;105,036
14 Murcia, Región de;04 Vivienda, agua, electricidad, gas y otros combustibles;Índice;2024M07;104,420
14 Murcia, Región de;04 Vivienda, agua, electricidad, gas y otros combustibles;Índice;2024M06;106,546
14 Murcia, Región de;04 Vivienda, agua, electricidad, gas y otros combustibles;Índice;2024M05;105,652
14 Murcia, Región de;04 Vivienda, agua, electricidad, gas y otros combustibles;Índice;2024M04;104,829
14 Murcia, Región de;04 Vivienda, agua, electricidad, gas y otros combustibles;Índice;2024M03;104,419
14 Murcia, Región de;04 Vivienda, agua, electricidad, gas y otros combustibles;Índice;2024M02;102,195
14 Murcia, Región de;04 Vivienda, agua, electricidad, gas y otros combustibles;Índice;2024M01;103,605
14 Murcia, Región de;04 Vivienda, agua, electricidad, gas y otros combustibles;Variación mensual;2024M12;0,6
14 Murcia, Región de;04 Vivienda, agua, electricidad, gas y otros combustibles;Variación mensual;2024M11;1,6
14 Murcia, Región de;04 Vivienda, agua, electricidad, gas y otros combustibles;Variación mensual;2024M10;0,4
14 Murcia, Región de;04 Vivienda, agua, electricidad, gas y otros combustibles;Variación mensual;2024M09;-0,1
14 Murcia, Región de;04 Vivienda, agua, electricidad, gas y otros combustibles;Variación mensual;2024M08;0,6
14 Murcia, Región de;04 Vivienda, agua, electricidad, gas y otros combustibles;Variación mensual;2024M07;-2,0
14 Murcia, Región de;04 Vivienda, agua, electricidad, gas y otros combustibles;Variación mensual;2024M06;0,8
14 Murcia, Región de;04 Vivienda, agua, electricidad, gas y otros combustibles;Variación mensual;2024M05;0,8
14 Murcia, Región de;04 Vivienda, agua, electricidad, gas y otros combustibles;Variación mensual;2024M04;0,4
14 Murcia, Región de;04 Vivienda, agua, electricidad, gas y otros combustibles;Variación mensual;2024M03;2,2
14 Murcia, Región de;04 Vivienda, agua, electricidad, gas y otros combustibles;Variación mensual;2024M02;-1,4
14 Murcia, Región de;04 Vivienda, agua, electricidad, gas y otros combustibles;Variación mensual;2024M01;3,9
14 Murcia, Región de;04 Vivienda, agua, electricidad, gas y otros combustibles;Variación anual;2024M12;8,0
14 Murcia, Región de;04 Vivienda, agua, electricidad, gas y otros combustibles;Variación anual;2024M11;8,1
14 Murcia, Región de;04 Vivienda, agua, electricidad, gas y otros combustibles;Variación anual;2024M10;5,1
14 Murcia, Región de;04 Vivienda, agua, electricidad, gas y otros combustibles;Variación anual;2024M09;3,9
14 Murcia, Región de;04 Vivienda, agua, electricidad, gas y otros combustibles;Variación anual;2024M08;4,3
14 Murcia, Región de;04 Vivienda, agua, electricidad, gas y otros combustibles;Variación anual;2024M07;3,7
14 Murcia, Región de;04 Vivienda, agua, electricidad, gas y otros combustibles;Variación anual;2024M06;5,7
14 Murcia, Región de;04 Vivienda, agua, electricidad, gas y otros combustibles;Variación anual;2024M05;5,9
14 Murcia, Región de;04 Vivienda, agua, electricidad, gas y otros combustibles;Variación anual;2024M04;4,7
14 Murcia, Región de;04 Vivienda, agua, electricidad, gas y otros combustibles;Variación anual;2024M03;2,8
14 Murcia, Región de;04 Vivienda, agua, electricidad, gas y otros combustibles;Variación anual;2024M02;-1,6
14 Murcia, Región de;04 Vivienda, agua, electricidad, gas y otros combustibles;Variación anual;2024M01;2,9
14 Murcia, Región de;04 Vivienda, agua, electricidad, gas y otros combustibles;Variación en lo que va de año;2024M12;8,0
14 Murcia, Región de;04 Vivienda, agua, electricidad, gas y otros combustibles;Variación en lo que va de año;2024M11;7,4
14 Murcia, Región de;04 Vivienda, agua, electricidad, gas y otros combustibles;Variación en lo que va de año;2024M10;5,7
14 Murcia, Región de;04 Vivienda, agua, electricidad, gas y otros combustibles;Variación en lo que va de año;2024M09;5,3
14 Murcia, Región de;04 Vivienda, agua, electricidad, gas y otros combustibles;Variación en lo que va de año;2024M08;5,4
14 Murcia, Región de;04 Vivienda, agua, electricidad, gas y otros combustibles;Variación en lo que va de año;2024M07;4,7
14 Murcia, Región de;04 Vivienda, agua, electricidad, gas y otros combustibles;Variación en lo que va de año;2024M06;6,9
14 Murcia, Región de;04 Vivienda, agua, electricidad, gas y otros combustibles;Variación en lo que va de año;2024M05;6,0
14 Murcia, Región de;04 Vivienda, agua, electricidad, gas y otros combustibles;Variación en lo que va de año;2024M04;5,2
14 Murcia, Región de;04 Vivienda, agua, electricidad, gas y otros combustibles;Variación en lo que va de año;2024M03;4,7
14 Murcia, Región de;04 Vivienda, agua, electricidad, gas y otros combustibles;Variación en lo que va de año;2024M02;2,5
14 Murcia, Región de;04 Vivienda, agua, electricidad, gas y otros combustibles;Variación en lo que va de año;2024M01;3,9
14 Murcia, Región de;05 Muebles, artículos del hogar y artículos para el mantenimiento corriente del hogar;Índice;2024M12;113,524
14 Murcia, Región de;05 Muebles, artículos del hogar y artículos para el mantenimiento corriente del hogar;Índice;2024M11;113,749
14 Murcia, Región de;05 Muebles, artículos del hogar y artículos para el mantenimiento corriente del hogar;Índice;2024M10;113,638
14 Murcia, Región de;05 Muebles, artículos del hogar y artículos para el mantenimiento corriente del hogar;Índice;2024M09;113,417
14 Murcia, Región de;05 Muebles, artículos del hogar y artículos para el mantenimiento corriente del hogar;Índice;2024M08;113,081
14 Murcia, Región de;05 Muebles, artículos del hogar y artículos para el mantenimiento corriente del hogar;Índice;2024M07;113,405
14 Murcia, Región de;05 Muebles, artículos del hogar y artículos para el mantenimiento corriente del hogar;Índice;2024M06;113,892
14 Murcia, Región de;05 Muebles, artículos del hogar y artículos para el mantenimiento corriente del hogar;Índice;2024M05;113,860
14 Murcia, Región de;05 Muebles, artículos del hogar y artículos para el mantenimiento corriente del hogar;Índice;2024M04;113,540
14 Murcia, Región de;05 Muebles, artículos del hogar y artículos para el mantenimiento corriente del hogar;Índice;2024M03;113,625
14 Murcia, Región de;05 Muebles, artículos del hogar y artículos para el mantenimiento corriente del hogar;Índice;2024M02;113,504
14 Murcia, Región de;05 Muebles, artículos del hogar y artículos para el mantenimiento corriente del hogar;Índice;2024M01;113,685
14 Murcia, Región de;05 Muebles, artículos del hogar y artículos para el mantenimiento corriente del hogar;Variación mensual;2024M12;-0,2
14 Murcia, Región de;05 Muebles, artículos del hogar y artículos para el mantenimiento corriente del hogar;Variación mensual;2024M11;0,1
14 Murcia, Región de;05 Muebles, artículos del hogar y artículos para el mantenimiento corriente del hogar;Variación mensual;2024M10;0,2
14 Murcia, Región de;05 Muebles, artículos del hogar y artículos para el mantenimiento corriente del hogar;Variación mensual;2024M09;0,3
14 Murcia, Región de;05 Muebles, artículos del hogar y artículos para el mantenimiento corriente del hogar;Variación mensual;2024M08;-0,3
14 Murcia, Región de;05 Muebles, artículos del hogar y artículos para el mantenimiento corriente del hogar;Variación mensual;2024M07;-0,4
14 Murcia, Región de;05 Muebles, artículos del hogar y artículos para el mantenimiento corriente del hogar;Variación mensual;2024M06;0,0
14 Murcia, Región de;05 Muebles, artículos del hogar y artículos para el mantenimiento corriente del hogar;Variación mensual;2024M05;0,3
14 Murcia, Región de;05 Muebles, artículos del hogar y artículos para el mantenimiento corriente del hogar;Variación mensual;2024M04;-0,1
14 Murcia, Región de;05 Muebles, artículos del hogar y artículos para el mantenimiento corriente del hogar;Variación mensual;2024M03;0,1
14 Murcia, Región de;05 Muebles, artículos del hogar y artículos para el mantenimiento corriente del hogar;Variación mensual;2024M02;-0,2
14 Murcia, Región de;05 Muebles, artículos del hogar y artículos para el mantenimiento corriente del hogar;Variación mensual;2024M01;-0,1
14 Murcia, Región de;05 Muebles, artículos del hogar y artículos para el mantenimiento corriente del hogar;Variación anual;2024M12;-0,3
14 Murcia, Región de;05 Muebles, artículos del hogar y artículos para el mantenimiento corriente del hogar;Variación anual;2024M11;0,0
14 Murcia, Región de;05 Muebles, artículos del hogar y artículos para el mantenimiento corriente del hogar;Variación anual;2024M10;-0,2
14 Murcia, Región de;05 Muebles, artículos del hogar y artículos para el mantenimiento corriente del hogar;Variación anual;2024M09;-0,3
14 Murcia, Región de;05 Muebles, artículos del hogar y artículos para el mantenimiento corriente del hogar;Variación anual;2024M08;-0,2
14 Murcia, Región de;05 Muebles, artículos del hogar y artículos para el mantenimiento corriente del hogar;Variación anual;2024M07;-0,2
14 Murcia, Región de;05 Muebles, artículos del hogar y artículos para el mantenimiento corriente del hogar;Variación anual;2024M06;-0,4
14 Murcia, Región de;05 Muebles, artículos del hogar y artículos para el mantenimiento corriente del hogar;Variación anual;2024M05;-0,5
14 Murcia, Región de;05 Muebles, artículos del hogar y artículos para el mantenimiento corriente del hogar;Variación anual;2024M04;-0,8
14 Murcia, Región de;05 Muebles, artículos del hogar y artículos para el mantenimiento corriente del hogar;Variación anual;2024M03;0,2
14 Murcia, Región de;05 Muebles, artículos del hogar y artículos para el mantenimiento corriente del hogar;Variación anual;2024M02;0,5
14 Murcia, Región de;05 Muebles, artículos del hogar y artículos para el mantenimiento corriente del hogar;Variación anual;2024M01;0,9
14 Murcia, Región de;05 Muebles, artículos del hogar y artículos para el mantenimiento corriente del hogar;Variación en lo que va de año;2024M12;-0,3
14 Murcia, Región de;05 Muebles, artículos del hogar y artículos para el mantenimiento corriente del hogar;Variación en lo que va de año;2024M11;-0,1
14 Murcia, Región de;05 Muebles, artículos del hogar y artículos para el mantenimiento corriente del hogar;Variación en lo que va de año;2024M10;-0,2
14 Murcia, Región de;05 Muebles, artículos del hogar y artículos para el mantenimiento corriente del hogar;Variación en lo que va de año;2024M09;-0,4
14 Murcia, Región de;05 Muebles, artículos del hogar y artículos para el mantenimiento corriente del hogar;Variación en lo que va de año;2024M08;-0,7
14 Murcia, Región de;05 Muebles, artículos del hogar y artículos para el mantenimiento corriente del hogar;Variación en lo que va de año;2024M07;-0,4
14 Murcia, Región de;05 Muebles, artículos del hogar y artículos para el mantenimiento corriente del hogar;Variación en lo que va de año;2024M06;0,0
14 Murcia, Región de;05 Muebles, artículos del hogar y artículos para el mantenimiento corriente del hogar;Variación en lo que va de año;2024M05;0,0
14 Murcia, Región de;05 Muebles, artículos del hogar y artículos para el mantenimiento corriente del hogar;Variación en lo que va de año;2024M04;-0,3
14 Murcia, Región de;05 Muebles, artículos del hogar y artículos para el mantenimiento corriente del hogar;Variación en lo que va de año;2024M03;-0,2
14 Murcia, Región de;05 Muebles, artículos del hogar y artículos para el mantenimiento corriente del hogar;Variación en lo que va de año;2024M02;-0,3
14 Murcia, Región de;05 Muebles, artículos del hogar y artículos para el mantenimiento corriente del hogar;Variación en lo que va de año;2024M01;-0,1
14 Murcia, Región de;06 Sanidad;Índice;2024M12;106,755
14 Murcia, Región de;06 Sanidad;Índice;2024M11;106,888
14 Murcia, Región de;06 Sanidad;Índice;2024M10;106,618
14 Murcia, Región de;06 Sanidad;Índice;2024M09;106,628
14 Murcia, Región de;06 Sanidad;Índice;2024M08;106,752
14 Murcia, Región de;06 Sanidad;Índice;2024M07;106,395
14 Murcia, Región de;06 Sanidad;Índice;2024M06;106,460
14 Murcia, Región de;06 Sanidad;Índice;2024M05;106,208
14 Murcia, Región de;06 Sanidad;Índice;2024M04;105,820
14 Murcia, Región de;06 Sanidad;Índice;2024M03;105,113
14 Murcia, Región de;06 Sanidad;Índice;2024M02;105,078
14 Murcia, Región de;06 Sanidad;Índice;2024M01;104,173
14 Murcia, Región de;06 Sanidad;Variación mensual;2024M12;-0,1
14 Murcia, Región de;06 Sanidad;Variación mensual;2024M11;0,3
14 Murcia, Región de;06 Sanidad;Variación mensual;2024M10;0,0
14 Murcia, Región de;06 Sanidad;Variación mensual;2024M09;-0,1
14 Murcia, Región de;06 Sanidad;Variación mensual;2024M08;0,3
14 Murcia, Región de;06 Sanidad;Variación mensual;2024M07;-0,1
14 Murcia, Región de;06 Sanidad;Variación mensual;2024M06;0,2
14 Murcia, Región de;06 Sanidad;Variación mensual;2024M05;0,4
14 Murcia, Región de;06 Sanidad;Variación mensual;2024M04;0,7
14 Murcia, Región de;06 Sanidad;Variación mensual;2024M03;0,0
14 Murcia, Región de;06 Sanidad;Variación mensual;2024M02;0,9
14 Murcia, Región de;06 Sanidad;Variación mensual;2024M01;0,1
14 Murcia, Región de;06 Sanidad;Variación anual;2024M12;2,6
14 Murcia, Región de;06 Sanidad;Variación anual;2024M11;3,0
14 Murcia, Región de;06 Sanidad;Variación anual;2024M10;2,9
14 Murcia, Región de;06 Sanidad;Variación anual;2024M09;3,5
14 Murcia, Región de;06 Sanidad;Variación anual;2024M08;3,0
14 Murcia, Región de;06 Sanidad;Variación anual;2024M07;2,9
14 Murcia, Región de;06 Sanidad;Variación anual;2024M06;2,9
14 Murcia, Región de;06 Sanidad;Variación anual;2024M05;2,8
14 Murcia, Región de;06 Sanidad;Variación anual;2024M04;2,4
14 Murcia, Región de;06 Sanidad;Variación anual;2024M03;2,0
14 Murcia, Región de;06 Sanidad;Variación anual;2024M02;2,1
14 Murcia, Región de;06 Sanidad;Variación anual;2024M01;1,7
14 Murcia, Región de;06 Sanidad;Variación en lo que va de año;2024M12;2,6
14 Murcia, Región de;06 Sanidad;Variación en lo que va de año;2024M11;2,7
14 Murcia, Región de;06 Sanidad;Variación en lo que va de año;2024M10;2,5
14 Murcia, Región de;06 Sanidad;Variación en lo que va de año;2024M09;2,5
14 Murcia, Región de;06 Sanidad;Variación en lo que va de año;2024M08;2,6
14 Murcia, Región de;06 Sanidad;Variación en lo que va de año;2024M07;2,2
14 Murcia, Región de;06 Sanidad;Variación en lo que va de año;2024M06;2,3
14 Murcia, Región de;06 Sanidad;Variación en lo que va de año;2024M05;2,1
14 Murcia, Región de;06 Sanidad;Variación en lo que va de año;2024M04;1,7
14 Murcia, Región de;06 Sanidad;Variación en lo que va de año;2024M03;1,0
14 Murcia, Región de;06 Sanidad;Variación en lo que va de año;2024M02;1,0
14 Murcia, Región de;06 Sanidad;Variación en lo que va de año;2024M01;0,1
14 Murcia, Región de;07 Transporte;Índice;2024M12;113,089
14 Murcia, Región de;07 Transporte;Índice;2024M11;112,769
14 Murcia, Región de;07 Transporte;Índice;2024M10;112,289
14 Murcia, Región de;07 Transporte;Índice;2024M09;112,210
14 Murcia, Región de;07 Transporte;Índice;2024M08;114,083
14 Murcia, Región de;07 Transporte;Índice;2024M07;115,351
14 Murcia, Región de;07 Transporte;Índice;2024M06;115,027
14 Murcia, Región de;07 Transporte;Índice;2024M05;115,788
14 Murcia, Región de;07 Transporte;Índice;2024M04;116,719
14 Murcia, Región de;07 Transporte;Índice;2024M03;115,778
14 Murcia, Región de;07 Transporte;Índice;2024M02;115,128
14 Murcia, Región de;07 Transporte;Índice;2024M01;113,118
14 Murcia, Región de;07 Transporte;Variación mensual;2024M12;0,3
14 Murcia, Región de;07 Transporte;Variación mensual;2024M11;0,4
14 Murcia, Región de;07 Transporte;Variación mensual;2024M10;0,1
14 Murcia, Región de;07 Transporte;Variación mensual;2024M09;-1,6
14 Murcia, Región de;07 Transporte;Variación mensual;2024M08;-1,1
14 Murcia, Región de;07 Transporte;Variación mensual;2024M07;0,3
14 Murcia, Región de;07 Transporte;Variación mensual;2024M06;-0,7
14 Murcia, Región de;07 Transporte;Variación mensual;2024M05;-0,8
14 Murcia, Región de;07 Transporte;Variación mensual;2024M04;0,8
14 Murcia, Región de;07 Transporte;Variación mensual;2024M03;0,6
14 Murcia, Región de;07 Transporte;Variación mensual;2024M02;1,8
14 Murcia, Región de;07 Transporte;Variación mensual;2024M01;1,7
14 Murcia, Región de;07 Transporte;Variación anual;2024M12;1,7
14 Murcia, Región de;07 Transporte;Variación anual;2024M11;-0,7
14 Murcia, Región de;07 Transporte;Variación anual;2024M10;-2,9
14 Murcia, Región de;07 Transporte;Variación anual;2024M09;-4,0
14 Murcia, Región de;07 Transporte;Variación anual;2024M08;-1,2
14 Murcia, Región de;07 Transporte;Variación anual;2024M07;2,9
14 Murcia, Región de;07 Transporte;Variación anual;2024M06;3,4
14 Murcia, Región de;07 Transporte;Variación anual;2024M05;4,7
14 Murcia, Región de;07 Transporte;Variación anual;2024M04;3,9
14 Murcia, Región de;07 Transporte;Variación anual;2024M03;4,0
14 Murcia, Región de;07 Transporte;Variación anual;2024M02;3,2
14 Murcia, Región de;07 Transporte;Variación anual;2024M01;0,6
14 Murcia, Región de;07 Transporte;Variación en lo que va de año;2024M12;1,7
14 Murcia, Región de;07 Transporte;Variación en lo que va de año;2024M11;1,4
14 Murcia, Región de;07 Transporte;Variación en lo que va de año;2024M10;1,0
14 Murcia, Región de;07 Transporte;Variación en lo que va de año;2024M09;0,9
14 Murcia, Región de;07 Transporte;Variación en lo que va de año;2024M08;2,6
14 Murcia, Región de;07 Transporte;Variación en lo que va de año;2024M07;3,7
14 Murcia, Región de;07 Transporte;Variación en lo que va de año;2024M06;3,5
14 Murcia, Región de;07 Transporte;Variación en lo que va de año;2024M05;4,1
14 Murcia, Región de;07 Transporte;Variación en lo que va de año;2024M04;5,0
14 Murcia, Región de;07 Transporte;Variación en lo que va de año;2024M03;4,1
14 Murcia, Región de;07 Transporte;Variación en lo que va de año;2024M02;3,5
14 Murcia, Región de;07 Transporte;Variación en lo que va de año;2024M01;1,7
14 Murcia, Región de;08 Comunicaciones;Índice;2024M12;100,564
14 Murcia, Región de;08 Comunicaciones;Índice;2024M11;100,583
14 Murcia, Región de;08 Comunicaciones;Índice;2024M10;100,584
14 Murcia, Región de;08 Comunicaciones;Índice;2024M09;101,553
14 Murcia, Región de;08 Comunicaciones;Índice;2024M08;101,649
14 Murcia, Región de;08 Comunicaciones;Índice;2024M07;101,739
14 Murcia, Región de;08 Comunicaciones;Índice;2024M06;102,228
14 Murcia, Región de;08 Comunicaciones;Índice;2024M05;102,204
14 Murcia, Región de;08 Comunicaciones;Índice;2024M04;102,309
14 Murcia, Región de;08 Comunicaciones;Índice;2024M03;102,210
14 Murcia, Región de;08 Comunicaciones;Índice;2024M02;102,308
14 Murcia, Región de;08 Comunicaciones;Índice;2024M01;102,393
14 Murcia, Región de;08 Comunicaciones;Variación mensual;2024M12;0,0
14 Murcia, Región de;08 Comunicaciones;Variación mensual;2024M11;0,0
14 Murcia, Región de;08 Comunicaciones;Variación mensual;2024M10;-1,0
14 Murcia, Región de;08 Comunicaciones;Variación mensual;2024M09;-0,1
14 Murcia, Región de;08 Comunicaciones;Variación mensual;2024M08;-0,1
14 Murcia, Región de;08 Comunicaciones;Variación mensual;2024M07;-0,5
14 Murcia, Región de;08 Comunicaciones;Variación mensual;2024M06;0,0
14 Murcia, Región de;08 Comunicaciones;Variación mensual;2024M05;-0,1
14 Murcia, Región de;08 Comunicaciones;Variación mensual;2024M04;0,1
14 Murcia, Región de;08 Comunicaciones;Variación mensual;2024M03;-0,1
14 Murcia, Región de;08 Comunicaciones;Variación mensual;2024M02;-0,1
14 Murcia, Región de;08 Comunicaciones;Variación mensual;2024M01;1,9
14 Murcia, Región de;08 Comunicaciones;Variación anual;2024M12;0,1
14 Murcia, Región de;08 Comunicaciones;Variación anual;2024M11;0,0
14 Murcia, Región de;08 Comunicaciones;Variación anual;2024M10;-0,1
14 Murcia, Región de;08 Comunicaciones;Variación anual;2024M09;-0,3
14 Murcia, Región de;08 Comunicaciones;Variación anual;2024M08;-0,4
14 Murcia, Región de;08 Comunicaciones;Variación anual;2024M07;-0,2
14 Murcia, Región de;08 Comunicaciones;Variación anual;2024M06;0,1
14 Murcia, Región de;08 Comunicaciones;Variación anual;2024M05;-0,3
14 Murcia, Región de;08 Comunicaciones;Variación anual;2024M04;-0,2
14 Murcia, Región de;08 Comunicaciones;Variación anual;2024M03;0,3
14 Murcia, Región de;08 Comunicaciones;Variación anual;2024M02;0,3
14 Murcia, Región de;08 Comunicaciones;Variación anual;2024M01;0,5
14 Murcia, Región de;08 Comunicaciones;Variación en lo que va de año;2024M12;0,1
14 Murcia, Región de;08 Comunicaciones;Variación en lo que va de año;2024M11;0,1
14 Murcia, Región de;08 Comunicaciones;Variación en lo que va de año;2024M10;0,1
14 Murcia, Región de;08 Comunicaciones;Variación en lo que va de año;2024M09;1,1
14 Murcia, Región de;08 Comunicaciones;Variación en lo que va de año;2024M08;1,2
14 Murcia, Región de;08 Comunicaciones;Variación en lo que va de año;2024M07;1,2
14 Murcia, Región de;08 Comunicaciones;Variación en lo que va de año;2024M06;1,7
14 Murcia, Región de;08 Comunicaciones;Variación en lo que va de año;2024M05;1,7
14 Murcia, Región de;08 Comunicaciones;Variación en lo que va de año;2024M04;1,8
14 Murcia, Región de;08 Comunicaciones;Variación en lo que va de año;2024M03;1,7
14 Murcia, Región de;08 Comunicaciones;Variación en lo que va de año;2024M02;1,8
14 Murcia, Región de;08 Comunicaciones;Variación en lo que va de año;2024M01;1,9
14 Murcia, Región de;09 Ocio y cultura;Índice;2024M12;111,976
14 Murcia, Región de;09 Ocio y cultura;Índice;2024M11;108,544
14 Murcia, Región de;09 Ocio y cultura;Índice;2024M10;110,014
14 Murcia, Región de;09 Ocio y cultura;Índice;2024M09;110,575
14 Murcia, Región de;09 Ocio y cultura;Índice;2024M08;115,887
14 Murcia, Región de;09 Ocio y cultura;Índice;2024M07;114,151
14 Murcia, Región de;09 Ocio y cultura;Índice;2024M06;111,649
14 Murcia, Región de;09 Ocio y cultura;Índice;2024M05;108,567
14 Murcia, Región de;09 Ocio y cultura;Índice;2024M04;108,402
14 Murcia, Región de;09 Ocio y cultura;Índice;2024M03;109,330
14 Murcia, Región de;09 Ocio y cultura;Índice;2024M02;107,180
14 Murcia, Región de;09 Ocio y cultura;Índice;2024M01;106,196
14 Murcia, Región de;09 Ocio y cultura;Variación mensual;2024M12;3,2
14 Murcia, Región de;09 Ocio y cultura;Variación mensual;2024M11;-1,3
14 Murcia, Región de;09 Ocio y cultura;Variación mensual;2024M10;-0,5
14 Murcia, Región de;09 Ocio y cultura;Variación mensual;2024M09;-4,6
14 Murcia, Región de;09 Ocio y cultura;Variación mensual;2024M08;1,5
14 Murcia, Región de;09 Ocio y cultura;Variación mensual;2024M07;2,2
14 Murcia, Región de;09 Ocio y cultura;Variación mensual;2024M06;2,8
14 Murcia, Región de;09 Ocio y cultura;Variación mensual;2024M05;0,2
14 Murcia, Región de;09 Ocio y cultura;Variación mensual;2024M04;-0,8
14 Murcia, Región de;09 Ocio y cultura;Variación mensual;2024M03;2,0
14 Murcia, Región de;09 Ocio y cultura;Variación mensual;2024M02;0,9
14 Murcia, Región de;09 Ocio y cultura;Variación mensual;2024M01;-2,3
14 Murcia, Región de;09 Ocio y cultura;Variación anual;2024M12;3,1
14 Murcia, Región de;09 Ocio y cultura;Variación anual;2024M11;2,4
14 Murcia, Región de;09 Ocio y cultura;Variación anual;2024M10;2,4
14 Murcia, Región de;09 Ocio y cultura;Variación anual;2024M09;0,8
14 Murcia, Región de;09 Ocio y cultura;Variación anual;2024M08;2,1
14 Murcia, Región de;09 Ocio y cultura;Variación anual;2024M07;1,6
14 Murcia, Región de;09 Ocio y cultura;Variación anual;2024M06;2,8
14 Murcia, Región de;09 Ocio y cultura;Variación anual;2024M05;2,7
14 Murcia, Región de;09 Ocio y cultura;Variación anual;2024M04;2,1
14 Murcia, Región de;09 Ocio y cultura;Variación anual;2024M03;4,1
14 Murcia, Región de;09 Ocio y cultura;Variación anual;2024M02;2,7
14 Murcia, Región de;09 Ocio y cultura;Variación anual;2024M01;3,5
14 Murcia, Región de;09 Ocio y cultura;Variación en lo que va de año;2024M12;3,1
14 Murcia, Región de;09 Ocio y cultura;Variación en lo que va de año;2024M11;-0,1
14 Murcia, Región de;09 Ocio y cultura;Variación en lo que va de año;2024M10;1,3
14 Murcia, Región de;09 Ocio y cultura;Variación en lo que va de año;2024M09;1,8
14 Murcia, Región de;09 Ocio y cultura;Variación en lo que va de año;2024M08;6,7
14 Murcia, Región de;09 Ocio y cultura;Variación en lo que va de año;2024M07;5,1
14 Murcia, Región de;09 Ocio y cultura;Variación en lo que va de año;2024M06;2,8
14 Murcia, Región de;09 Ocio y cultura;Variación en lo que va de año;2024M05;-0,1
14 Murcia, Región de;09 Ocio y cultura;Variación en lo que va de año;2024M04;-0,2
14 Murcia, Región de;09 Ocio y cultura;Variación en lo que va de año;2024M03;0,6
14 Murcia, Región de;09 Ocio y cultura;Variación en lo que va de año;2024M02;-1,3
14 Murcia, Región de;09 Ocio y cultura;Variación en lo que va de año;2024M01;-2,3
14 Murcia, Región de;10 Enseñanza;Índice;2024M12;107,261
14 Murcia, Región de;10 Enseñanza;Índice;2024M11;107,454
14 Murcia, Región de;10 Enseñanza;Índice;2024M10;107,454
14 Murcia, Región de;10 Enseñanza;Índice;2024M09;106,840
14 Murcia, Región de;10 Enseñanza;Índice;2024M08;105,569
14 Murcia, Región de;10 Enseñanza;Índice;2024M07;105,569
14 Murcia, Región de;10 Enseñanza;Índice;2024M06;105,504
14 Murcia, Región de;10 Enseñanza;Índice;2024M05;105,504
14 Murcia, Región de;10 Enseñanza;Índice;2024M04;105,280
14 Murcia, Región de;10 Enseñanza;Índice;2024M03;105,280
14 Murcia, Región de;10 Enseñanza;Índice;2024M02;105,280
14 Murcia, Región de;10 Enseñanza;Índice;2024M01;105,000
14 Murcia, Región de;10 Enseñanza;Variación mensual;2024M12;-0,2
14 Murcia, Región de;10 Enseñanza;Variación mensual;2024M11;0,0
14 Murcia, Región de;10 Enseñanza;Variación mensual;2024M10;0,6
14 Murcia, Región de;10 Enseñanza;Variación mensual;2024M09;1,2
14 Murcia, Región de;10 Enseñanza;Variación mensual;2024M08;0,0
14 Murcia, Región de;10 Enseñanza;Variación mensual;2024M07;0,1
14 Murcia, Región de;10 Enseñanza;Variación mensual;2024M06;0,0
14 Murcia, Región de;10 Enseñanza;Variación mensual;2024M05;0,2
14 Murcia, Región de;10 Enseñanza;Variación mensual;2024M04;0,0
14 Murcia, Región de;10 Enseñanza;Variación mensual;2024M03;0,0
14 Murcia, Región de;10 Enseñanza;Variación mensual;2024M02;0,3
14 Murcia, Región de;10 Enseñanza;Variación mensual;2024M01;0,0
14 Murcia, Región de;10 Enseñanza;Variación anual;2024M12;2,2
14 Murcia, Región de;10 Enseñanza;Variación anual;2024M11;2,4
14 Murcia, Región de;10 Enseñanza;Variación anual;2024M10;2,9
14 Murcia, Región de;10 Enseñanza;Variación anual;2024M09;4,5
14 Murcia, Región de;10 Enseñanza;Variación anual;2024M08;3,3
14 Murcia, Región de;10 Enseñanza;Variación anual;2024M07;3,3
14 Murcia, Región de;10 Enseñanza;Variación anual;2024M06;3,3
14 Murcia, Región de;10 Enseñanza;Variación anual;2024M05;3,2
14 Murcia, Región de;10 Enseñanza;Variación anual;2024M04;3,0
14 Murcia, Región de;10 Enseñanza;Variación anual;2024M03;3,0
14 Murcia, Región de;10 Enseñanza;Variación anual;2024M02;3,0
14 Murcia, Región de;10 Enseñanza;Variación anual;2024M01;2,9
14 Murcia, Región de;10 Enseñanza;Variación en lo que va de año;2024M12;2,2
14 Murcia, Región de;10 Enseñanza;Variación en lo que va de año;2024M11;2,3
14 Murcia, Región de;10 Enseñanza;Variación en lo que va de año;2024M10;2,3
14 Murcia, Región de;10 Enseñanza;Variación en lo que va de año;2024M09;1,8
14 Murcia, Región de;10 Enseñanza;Variación en lo que va de año;2024M08;0,5
14 Murcia, Región de;10 Enseñanza;Variación en lo que va de año;2024M07;0,5
14 Murcia, Región de;10 Enseñanza;Variación en lo que va de año;2024M06;0,5
14 Murcia, Región de;10 Enseñanza;Variación en lo que va de año;2024M05;0,5
14 Murcia, Región de;10 Enseñanza;Variación en lo que va de año;2024M04;0,3
14 Murcia, Región de;10 Enseñanza;Variación en lo que va de año;2024M03;0,3
14 Murcia, Región de;10 Enseñanza;Variación en lo que va de año;2024M02;0,3
14 Murcia, Región de;10 Enseñanza;Variación en lo que va de año;2024M01;0,0
14 Murcia, Región de;11 Restaurantes y hoteles;Índice;2024M12;119,064
14 Murcia, Región de;11 Restaurantes y hoteles;Índice;2024M11;119,386
14 Murcia, Región de;11 Restaurantes y hoteles;Índice;2024M10;119,656
14 Murcia, Región de;11 Restaurantes y hoteles;Índice;2024M09;119,159
14 Murcia, Región de;11 Restaurantes y hoteles;Índice;2024M08;119,186
14 Murcia, Región de;11 Restaurantes y hoteles;Índice;2024M07;118,771
14 Murcia, Región de;11 Restaurantes y hoteles;Índice;2024M06;118,732
14 Murcia, Región de;11 Restaurantes y hoteles;Índice;2024M05;118,627
14 Murcia, Región de;11 Restaurantes y hoteles;Índice;2024M04;117,550
14 Murcia, Región de;11 Restaurantes y hoteles;Índice;2024M03;116,714
14 Murcia, Región de;11 Restaurantes y hoteles;Índice;2024M02;115,854
14 Murcia, Región de;11 Restaurantes y hoteles;Índice;2024M01;115,427
14 Murcia, Región de;11 Restaurantes y hoteles;Variación mensual;2024M12;-0,3
14 Murcia, Región de;11 Restaurantes y hoteles;Variación mensual;2024M11;-0,2
14 Murcia, Región de;11 Restaurantes y hoteles;Variación mensual;2024M10;0,4
14 Murcia, Región de;11 Restaurantes y hoteles;Variación mensual;2024M09;0,0
14 Murcia, Región de;11 Restaurantes y hoteles;Variación mensual;2024M08;0,4
14 Murcia, Región de;11 Restaurantes y hoteles;Variación mensual;2024M07;0,0
14 Murcia, Región de;11 Restaurantes y hoteles;Variación mensual;2024M06;0,1
14 Murcia, Región de;11 Restaurantes y hoteles;Variación mensual;2024M05;0,9
14 Murcia, Región de;11 Restaurantes y hoteles;Variación mensual;2024M04;0,7
14 Murcia, Región de;11 Restaurantes y hoteles;Variación mensual;2024M03;0,7
14 Murcia, Región de;11 Restaurantes y hoteles;Variación mensual;2024M02;0,4
14 Murcia, Región de;11 Restaurantes y hoteles;Variación mensual;2024M01;0,4
14 Murcia, Región de;11 Restaurantes y hoteles;Variación anual;2024M12;3,5
14 Murcia, Región de;11 Restaurantes y hoteles;Variación anual;2024M11;4,3
14 Murcia, Región de;11 Restaurantes y hoteles;Variación anual;2024M10;4,1
14 Murcia, Región de;11 Restaurantes y hoteles;Variación anual;2024M09;3,6
14 Murcia, Región de;11 Restaurantes y hoteles;Variación anual;2024M08;3,9
14 Murcia, Región de;11 Restaurantes y hoteles;Variación anual;2024M07;4,1
14 Murcia, Región de;11 Restaurantes y hoteles;Variación anual;2024M06;4,5
14 Murcia, Región de;11 Restaurantes y hoteles;Variación anual;2024M05;5,5
14 Murcia, Región de;11 Restaurantes y hoteles;Variación anual;2024M04;4,8
14 Murcia, Región de;11 Restaurantes y hoteles;Variación anual;2024M03;4,9
14 Murcia, Región de;11 Restaurantes y hoteles;Variación anual;2024M02;4,9
14 Murcia, Región de;11 Restaurantes y hoteles;Variación anual;2024M01;5,7
14 Murcia, Región de;11 Restaurantes y hoteles;Variación en lo que va de año;2024M12;3,5
14 Murcia, Región de;11 Restaurantes y hoteles;Variación en lo que va de año;2024M11;3,8
14 Murcia, Región de;11 Restaurantes y hoteles;Variación en lo que va de año;2024M10;4,1
14 Murcia, Región de;11 Restaurantes y hoteles;Variación en lo que va de año;2024M09;3,6
14 Murcia, Región de;11 Restaurantes y hoteles;Variación en lo que va de año;2024M08;3,6
14 Murcia, Región de;11 Restaurantes y hoteles;Variación en lo que va de año;2024M07;3,3
14 Murcia, Región de;11 Restaurantes y hoteles;Variación en lo que va de año;2024M06;3,2
14 Murcia, Región de;11 Restaurantes y hoteles;Variación en lo que va de año;2024M05;3,2
14 Murcia, Región de;11 Restaurantes y hoteles;Variación en lo que va de año;2024M04;2,2
14 Murcia, Región de;11 Restaurantes y hoteles;Variación en lo que va de año;2024M03;1,5
14 Murcia, Región de;11 Restaurantes y hoteles;Variación en lo que va de año;2024M02;0,7
14 Murcia, Región de;11 Restaurantes y hoteles;Variación en lo que va de año;2024M01;0,4
14 Murcia, Región de;12 Otros bienes y servicios;Índice;2024M12;112,263
14 Murcia, Región de;12 Otros bienes y servicios;Índice;2024M11;112,438
14 Murcia, Región de;12 Otros bienes y servicios;Índice;2024M10;111,881
14 Murcia, Región de;12 Otros bienes y servicios;Índice;2024M09;111,602
14 Murcia, Región de;12 Otros bienes y servicios;Índice;2024M08;111,307
14 Murcia, Región de;12 Otros bienes y servicios;Índice;2024M07;111,179
14 Murcia, Región de;12 Otros bienes y servicios;Índice;2024M06;111,549
14 Murcia, Región de;12 Otros bienes y servicios;Índice;2024M05;110,689
14 Murcia, Región de;12 Otros bienes y servicios;Índice;2024M04;110,431
14 Murcia, Región de;12 Otros bienes y servicios;Índice;2024M03;110,226
14 Murcia, Región de;12 Otros bienes y servicios;Índice;2024M02;110,021
14 Murcia, Región de;12 Otros bienes y servicios;Índice;2024M01;109,325
14 Murcia, Región de;12 Otros bienes y servicios;Variación mensual;2024M12;-0,2
14 Murcia, Región de;12 Otros bienes y servicios;Variación mensual;2024M11;0,5
14 Murcia, Región de;12 Otros bienes y servicios;Variación mensual;2024M10;0,2
14 Murcia, Región de;12 Otros bienes y servicios;Variación mensual;2024M09;0,3
14 Murcia, Región de;12 Otros bienes y servicios;Variación mensual;2024M08;0,1
14 Murcia, Región de;12 Otros bienes y servicios;Variación mensual;2024M07;-0,3
14 Murcia, Región de;12 Otros bienes y servicios;Variación mensual;2024M06;0,8
14 Murcia, Región de;12 Otros bienes y servicios;Variación mensual;2024M05;0,2
14 Murcia, Región de;12 Otros bienes y servicios;Variación mensual;2024M04;0,2
14 Murcia, Región de;12 Otros bienes y servicios;Variación mensual;2024M03;0,2
14 Murcia, Región de;12 Otros bienes y servicios;Variación mensual;2024M02;0,6
14 Murcia, Región de;12 Otros bienes y servicios;Variación mensual;2024M01;-0,2
14 Murcia, Región de;12 Otros bienes y servicios;Variación anual;2024M12;2,5
14 Murcia, Región de;12 Otros bienes y servicios;Variación anual;2024M11;2,9
14 Murcia, Región de;12 Otros bienes y servicios;Variación anual;2024M10;2,6
14 Murcia, Región de;12 Otros bienes y servicios;Variación anual;2024M09;2,4
14 Murcia, Región de;12 Otros bienes y servicios;Variación anual;2024M08;2,3
14 Murcia, Región de;12 Otros bienes y servicios;Variación anual;2024M07;2,5
14 Murcia, Región de;12 Otros bienes y servicios;Variación anual;2024M06;2,6
14 Murcia, Región de;12 Otros bienes y servicios;Variación anual;2024M05;2,6
14 Murcia, Región de;12 Otros bienes y servicios;Variación anual;2024M04;2,5
14 Murcia, Región de;12 Otros bienes y servicios;Variación anual;2024M03;2,6
14 Murcia, Región de;12 Otros bienes y servicios;Variación anual;2024M02;2,8
14 Murcia, Región de;12 Otros bienes y servicios;Variación anual;2024M01;3,1
14 Murcia, Región de;12 Otros bienes y servicios;Variación en lo que va de año;2024M12;2,5
14 Murcia, Región de;12 Otros bienes y servicios;Variación en lo que va de año;2024M11;2,7
14 Murcia, Región de;12 Otros bienes y servicios;Variación en lo que va de año;2024M10;2,2
14 Murcia, Región de;12 Otros bienes y servicios;Variación en lo que va de año;2024M09;1,9
14 Murcia, Región de;12 Otros bienes y servicios;Variación en lo que va de año;2024M08;1,6
14 Murcia, Región de;12 Otros bienes y servicios;Variación en lo que va de año;2024M07;1,5
14 Murcia, Región de;12 Otros bienes y servicios;Variación en lo que va de año;2024M06;1,8
14 Murcia, Región de;12 Otros bienes y servicios;Variación en lo que va de año;2024M05;1,1
14 Murcia, Región de;12 Otros bienes y servicios;Variación en lo que va de año;2024M04;0,8
14 Murcia, Región de;12 Otros bienes y servicios;Variación en lo que va de año;2024M03;0,6
14 Murcia, Región de;12 Otros bienes y servicios;Variación en lo que va de año;2024M02;0,5
14 Murcia, Región de;12 Otros bienes y servicios;Variación en lo que va de año;2024M01;-0,2
15 Navarra, Comunidad Foral de;01 Alimentos y bebidas no alcohólicas;Índice;2024M12;130,471
15 Navarra, Comunidad Foral de;01 Alimentos y bebidas no alcohólicas;Índice;2024M11;130,968
15 Navarra, Comunidad Foral de;01 Alimentos y bebidas no alcohólicas;Índice;2024M10;130,696
15 Navarra, Comunidad Foral de;01 Alimentos y bebidas no alcohólicas;Índice;2024M09;128,354
15 Navarra, Comunidad Foral de;01 Alimentos y bebidas no alcohólicas;Índice;2024M08;129,157
15 Navarra, Comunidad Foral de;01 Alimentos y bebidas no alcohólicas;Índice;2024M07;129,365
15 Navarra, Comunidad Foral de;01 Alimentos y bebidas no alcohólicas;Índice;2024M06;129,523
15 Navarra, Comunidad Foral de;01 Alimentos y bebidas no alcohólicas;Índice;2024M05;129,545
15 Navarra, Comunidad Foral de;01 Alimentos y bebidas no alcohólicas;Índice;2024M04;129,280
15 Navarra, Comunidad Foral de;01 Alimentos y bebidas no alcohólicas;Índice;2024M03;128,203
15 Navarra, Comunidad Foral de;01 Alimentos y bebidas no alcohólicas;Índice;2024M02;128,595
15 Navarra, Comunidad Foral de;01 Alimentos y bebidas no alcohólicas;Índice;2024M01;128,631
15 Navarra, Comunidad Foral de;01 Alimentos y bebidas no alcohólicas;Variación mensual;2024M12;-0,4
15 Navarra, Comunidad Foral de;01 Alimentos y bebidas no alcohólicas;Variación mensual;2024M11;0,2
15 Navarra, Comunidad Foral de;01 Alimentos y bebidas no alcohólicas;Variación mensual;2024M10;1,8
15 Navarra, Comunidad Foral de;01 Alimentos y bebidas no alcohólicas;Variación mensual;2024M09;-0,6
15 Navarra, Comunidad Foral de;01 Alimentos y bebidas no alcohólicas;Variación mensual;2024M08;-0,2
15 Navarra, Comunidad Foral de;01 Alimentos y bebidas no alcohólicas;Variación mensual;2024M07;-0,1
15 Navarra, Comunidad Foral de;01 Alimentos y bebidas no alcohólicas;Variación mensual;2024M06;0,0
15 Navarra, Comunidad Foral de;01 Alimentos y bebidas no alcohólicas;Variación mensual;2024M05;0,2
15 Navarra, Comunidad Foral de;01 Alimentos y bebidas no alcohólicas;Variación mensual;2024M04;0,8
15 Navarra, Comunidad Foral de;01 Alimentos y bebidas no alcohólicas;Variación mensual;2024M03;-0,3
15 Navarra, Comunidad Foral de;01 Alimentos y bebidas no alcohólicas;Variación mensual;2024M02;0,0
15 Navarra, Comunidad Foral de;01 Alimentos y bebidas no alcohólicas;Variación mensual;2024M01;0,6
15 Navarra, Comunidad Foral de;01 Alimentos y bebidas no alcohólicas;Variación anual;2024M12;2,0
15 Navarra, Comunidad Foral de;01 Alimentos y bebidas no alcohólicas;Variación anual;2024M11;2,0
15 Navarra, Comunidad Foral de;01 Alimentos y bebidas no alcohólicas;Variación anual;2024M10;2,4
15 Navarra, Comunidad Foral de;01 Alimentos y bebidas no alcohólicas;Variación anual;2024M09;2,2
15 Navarra, Comunidad Foral de;01 Alimentos y bebidas no alcohólicas;Variación anual;2024M08;3,0
15 Navarra, Comunidad Foral de;01 Alimentos y bebidas no alcohólicas;Variación anual;2024M07;3,2
15 Navarra, Comunidad Foral de;01 Alimentos y bebidas no alcohólicas;Variación anual;2024M06;4,1
15 Navarra, Comunidad Foral de;01 Alimentos y bebidas no alcohólicas;Variación anual;2024M05;4,5
15 Navarra, Comunidad Foral de;01 Alimentos y bebidas no alcohólicas;Variación anual;2024M04;4,5
15 Navarra, Comunidad Foral de;01 Alimentos y bebidas no alcohólicas;Variación anual;2024M03;4,5
15 Navarra, Comunidad Foral de;01 Alimentos y bebidas no alcohólicas;Variación anual;2024M02;6,1
15 Navarra, Comunidad Foral de;01 Alimentos y bebidas no alcohólicas;Variación anual;2024M01;7,2
15 Navarra, Comunidad Foral de;01 Alimentos y bebidas no alcohólicas;Variación en lo que va de año;2024M12;2,0
15 Navarra, Comunidad Foral de;01 Alimentos y bebidas no alcohólicas;Variación en lo que va de año;2024M11;2,4
15 Navarra, Comunidad Foral de;01 Alimentos y bebidas no alcohólicas;Variación en lo que va de año;2024M10;2,2
15 Navarra, Comunidad Foral de;01 Alimentos y bebidas no alcohólicas;Variación en lo que va de año;2024M09;0,4
15 Navarra, Comunidad Foral de;01 Alimentos y bebidas no alcohólicas;Variación en lo que va de año;2024M08;1,0
15 Navarra, Comunidad Foral de;01 Alimentos y bebidas no alcohólicas;Variación en lo que va de año;2024M07;1,2
15 Navarra, Comunidad Foral de;01 Alimentos y bebidas no alcohólicas;Variación en lo que va de año;2024M06;1,3
15 Navarra, Comunidad Foral de;01 Alimentos y bebidas no alcohólicas;Variación en lo que va de año;2024M05;1,3
15 Navarra, Comunidad Foral de;01 Alimentos y bebidas no alcohólicas;Variación en lo que va de año;2024M04;1,1
15 Navarra, Comunidad Foral de;01 Alimentos y bebidas no alcohólicas;Variación en lo que va de año;2024M03;0,3
15 Navarra, Comunidad Foral de;01 Alimentos y bebidas no alcohólicas;Variación en lo que va de año;2024M02;0,6
15 Navarra, Comunidad Foral de;01 Alimentos y bebidas no alcohólicas;Variación en lo que va de año;2024M01;0,6
15 Navarra, Comunidad Foral de;02 Bebidas alcohólicas y tabaco;Índice;2024M12;117,879
15 Navarra, Comunidad Foral de;02 Bebidas alcohólicas y tabaco;Índice;2024M11;116,237
15 Navarra, Comunidad Foral de;02 Bebidas alcohólicas y tabaco;Índice;2024M10;116,478
15 Navarra, Comunidad Foral de;02 Bebidas alcohólicas y tabaco;Índice;2024M09;116,187
15 Navarra, Comunidad Foral de;02 Bebidas alcohólicas y tabaco;Índice;2024M08;115,787
15 Navarra, Comunidad Foral de;02 Bebidas alcohólicas y tabaco;Índice;2024M07;115,864
15 Navarra, Comunidad Foral de;02 Bebidas alcohólicas y tabaco;Índice;2024M06;115,731
15 Navarra, Comunidad Foral de;02 Bebidas alcohólicas y tabaco;Índice;2024M05;115,641
15 Navarra, Comunidad Foral de;02 Bebidas alcohólicas y tabaco;Índice;2024M04;115,258
15 Navarra, Comunidad Foral de;02 Bebidas alcohólicas y tabaco;Índice;2024M03;115,818
15 Navarra, Comunidad Foral de;02 Bebidas alcohólicas y tabaco;Índice;2024M02;115,917
15 Navarra, Comunidad Foral de;02 Bebidas alcohólicas y tabaco;Índice;2024M01;113,666
15 Navarra, Comunidad Foral de;02 Bebidas alcohólicas y tabaco;Variación mensual;2024M12;1,4
15 Navarra, Comunidad Foral de;02 Bebidas alcohólicas y tabaco;Variación mensual;2024M11;-0,2
15 Navarra, Comunidad Foral de;02 Bebidas alcohólicas y tabaco;Variación mensual;2024M10;0,3
15 Navarra, Comunidad Foral de;02 Bebidas alcohólicas y tabaco;Variación mensual;2024M09;0,3
15 Navarra, Comunidad Foral de;02 Bebidas alcohólicas y tabaco;Variación mensual;2024M08;-0,1
15 Navarra, Comunidad Foral de;02 Bebidas alcohólicas y tabaco;Variación mensual;2024M07;0,1
15 Navarra, Comunidad Foral de;02 Bebidas alcohólicas y tabaco;Variación mensual;2024M06;0,1
15 Navarra, Comunidad Foral de;02 Bebidas alcohólicas y tabaco;Variación mensual;2024M05;0,3
15 Navarra, Comunidad Foral de;02 Bebidas alcohólicas y tabaco;Variación mensual;2024M04;-0,5
15 Navarra, Comunidad Foral de;02 Bebidas alcohólicas y tabaco;Variación mensual;2024M03;-0,1
15 Navarra, Comunidad Foral de;02 Bebidas alcohólicas y tabaco;Variación mensual;2024M02;2,0
15 Navarra, Comunidad Foral de;02 Bebidas alcohólicas y tabaco;Variación mensual;2024M01;1,5
15 Navarra, Comunidad Foral de;02 Bebidas alcohólicas y tabaco;Variación anual;2024M12;5,2
15 Navarra, Comunidad Foral de;02 Bebidas alcohólicas y tabaco;Variación anual;2024M11;2,8
15 Navarra, Comunidad Foral de;02 Bebidas alcohólicas y tabaco;Variación anual;2024M10;3,0
15 Navarra, Comunidad Foral de;02 Bebidas alcohólicas y tabaco;Variación anual;2024M09;2,8
15 Navarra, Comunidad Foral de;02 Bebidas alcohólicas y tabaco;Variación anual;2024M08;3,3
15 Navarra, Comunidad Foral de;02 Bebidas alcohólicas y tabaco;Variación anual;2024M07;3,0
15 Navarra, Comunidad Foral de;02 Bebidas alcohólicas y tabaco;Variación anual;2024M06;3,3
15 Navarra, Comunidad Foral de;02 Bebidas alcohólicas y tabaco;Variación anual;2024M05;3,2
15 Navarra, Comunidad Foral de;02 Bebidas alcohólicas y tabaco;Variación anual;2024M04;3,0
15 Navarra, Comunidad Foral de;02 Bebidas alcohólicas y tabaco;Variación anual;2024M03;4,5
15 Navarra, Comunidad Foral de;02 Bebidas alcohólicas y tabaco;Variación anual;2024M02;5,1
15 Navarra, Comunidad Foral de;02 Bebidas alcohólicas y tabaco;Variación anual;2024M01;4,0
15 Navarra, Comunidad Foral de;02 Bebidas alcohólicas y tabaco;Variación en lo que va de año;2024M12;5,2
15 Navarra, Comunidad Foral de;02 Bebidas alcohólicas y tabaco;Variación en lo que va de año;2024M11;3,8
15 Navarra, Comunidad Foral de;02 Bebidas alcohólicas y tabaco;Variación en lo que va de año;2024M10;4,0
15 Navarra, Comunidad Foral de;02 Bebidas alcohólicas y tabaco;Variación en lo que va de año;2024M09;3,7
15 Navarra, Comunidad Foral de;02 Bebidas alcohólicas y tabaco;Variación en lo que va de año;2024M08;3,4
15 Navarra, Comunidad Foral de;02 Bebidas alcohólicas y tabaco;Variación en lo que va de año;2024M07;3,4
15 Navarra, Comunidad Foral de;02 Bebidas alcohólicas y tabaco;Variación en lo que va de año;2024M06;3,3
15 Navarra, Comunidad Foral de;02 Bebidas alcohólicas y tabaco;Variación en lo que va de año;2024M05;3,2
15 Navarra, Comunidad Foral de;02 Bebidas alcohólicas y tabaco;Variación en lo que va de año;2024M04;2,9
15 Navarra, Comunidad Foral de;02 Bebidas alcohólicas y tabaco;Variación en lo que va de año;2024M03;3,4
15 Navarra, Comunidad Foral de;02 Bebidas alcohólicas y tabaco;Variación en lo que va de año;2024M02;3,5
15 Navarra, Comunidad Foral de;02 Bebidas alcohólicas y tabaco;Variación en lo que va de año;2024M01;1,5
15 Navarra, Comunidad Foral de;03 Vestido y calzado;Índice;2024M12;117,465
15 Navarra, Comunidad Foral de;03 Vestido y calzado;Índice;2024M11;118,906
15 Navarra, Comunidad Foral de;03 Vestido y calzado;Índice;2024M10;117,879
15 Navarra, Comunidad Foral de;03 Vestido y calzado;Índice;2024M09;104,136
15 Navarra, Comunidad Foral de;03 Vestido y calzado;Índice;2024M08;102,795
15 Navarra, Comunidad Foral de;03 Vestido y calzado;Índice;2024M07;102,947
15 Navarra, Comunidad Foral de;03 Vestido y calzado;Índice;2024M06;114,806
15 Navarra, Comunidad Foral de;03 Vestido y calzado;Índice;2024M05;115,503
15 Navarra, Comunidad Foral de;03 Vestido y calzado;Índice;2024M04;113,730
15 Navarra, Comunidad Foral de;03 Vestido y calzado;Índice;2024M03;103,499
15 Navarra, Comunidad Foral de;03 Vestido y calzado;Índice;2024M02;102,178
15 Navarra, Comunidad Foral de;03 Vestido y calzado;Índice;2024M01;102,072
15 Navarra, Comunidad Foral de;03 Vestido y calzado;Variación mensual;2024M12;-1,2
15 Navarra, Comunidad Foral de;03 Vestido y calzado;Variación mensual;2024M11;0,9
15 Navarra, Comunidad Foral de;03 Vestido y calzado;Variación mensual;2024M10;13,2
15 Navarra, Comunidad Foral de;03 Vestido y calzado;Variación mensual;2024M09;1,3
15 Navarra, Comunidad Foral de;03 Vestido y calzado;Variación mensual;2024M08;-0,1
15 Navarra, Comunidad Foral de;03 Vestido y calzado;Variación mensual;2024M07;-10,3
15 Navarra, Comunidad Foral de;03 Vestido y calzado;Variación mensual;2024M06;-0,6
15 Navarra, Comunidad Foral de;03 Vestido y calzado;Variación mensual;2024M05;1,6
15 Navarra, Comunidad Foral de;03 Vestido y calzado;Variación mensual;2024M04;9,9
15 Navarra, Comunidad Foral de;03 Vestido y calzado;Variación mensual;2024M03;1,3
15 Navarra, Comunidad Foral de;03 Vestido y calzado;Variación mensual;2024M02;0,1
15 Navarra, Comunidad Foral de;03 Vestido y calzado;Variación mensual;2024M01;-11,4
15 Navarra, Comunidad Foral de;03 Vestido y calzado;Variación anual;2024M12;2,0
15 Navarra, Comunidad Foral de;03 Vestido y calzado;Variación anual;2024M11;2,1
15 Navarra, Comunidad Foral de;03 Vestido y calzado;Variación anual;2024M10;4,9
15 Navarra, Comunidad Foral de;03 Vestido y calzado;Variación anual;2024M09;4,0
15 Navarra, Comunidad Foral de;03 Vestido y calzado;Variación anual;2024M08;4,0
15 Navarra, Comunidad Foral de;03 Vestido y calzado;Variación anual;2024M07;4,3
15 Navarra, Comunidad Foral de;03 Vestido y calzado;Variación anual;2024M06;4,6
15 Navarra, Comunidad Foral de;03 Vestido y calzado;Variación anual;2024M05;3,5
15 Navarra, Comunidad Foral de;03 Vestido y calzado;Variación anual;2024M04;2,6
15 Navarra, Comunidad Foral de;03 Vestido y calzado;Variación anual;2024M03;3,8
15 Navarra, Comunidad Foral de;03 Vestido y calzado;Variación anual;2024M02;4,1
15 Navarra, Comunidad Foral de;03 Vestido y calzado;Variación anual;2024M01;3,8
15 Navarra, Comunidad Foral de;03 Vestido y calzado;Variación en lo que va de año;2024M12;2,0
15 Navarra, Comunidad Foral de;03 Vestido y calzado;Variación en lo que va de año;2024M11;3,3
15 Navarra, Comunidad Foral de;03 Vestido y calzado;Variación en lo que va de año;2024M10;2,4
15 Navarra, Comunidad Foral de;03 Vestido y calzado;Variación en lo que va de año;2024M09;-9,6
15 Navarra, Comunidad Foral de;03 Vestido y calzado;Variación en lo que va de año;2024M08;-10,7
15 Navarra, Comunidad Foral de;03 Vestido y calzado;Variación en lo que va de año;2024M07;-10,6
15 Navarra, Comunidad Foral de;03 Vestido y calzado;Variación en lo que va de año;2024M06;-0,3
15 Navarra, Comunidad Foral de;03 Vestido y calzado;Variación en lo que va de año;2024M05;0,3
15 Navarra, Comunidad Foral de;03 Vestido y calzado;Variación en lo que va de año;2024M04;-1,2
15 Navarra, Comunidad Foral de;03 Vestido y calzado;Variación en lo que va de año;2024M03;-10,1
15 Navarra, Comunidad Foral de;03 Vestido y calzado;Variación en lo que va de año;2024M02;-11,3
15 Navarra, Comunidad Foral de;03 Vestido y calzado;Variación en lo que va de año;2024M01;-11,4
15 Navarra, Comunidad Foral de;04 Vivienda, agua, electricidad, gas y otros combustibles;Índice;2024M12;112,859
15 Navarra, Comunidad Foral de;04 Vivienda, agua, electricidad, gas y otros combustibles;Índice;2024M11;112,395
15 Navarra, Comunidad Foral de;04 Vivienda, agua, electricidad, gas y otros combustibles;Índice;2024M10;110,671
15 Navarra, Comunidad Foral de;04 Vivienda, agua, electricidad, gas y otros combustibles;Índice;2024M09;109,972
15 Navarra, Comunidad Foral de;04 Vivienda, agua, electricidad, gas y otros combustibles;Índice;2024M08;111,200
15 Navarra, Comunidad Foral de;04 Vivienda, agua, electricidad, gas y otros combustibles;Índice;2024M07;110,541
15 Navarra, Comunidad Foral de;04 Vivienda, agua, electricidad, gas y otros combustibles;Índice;2024M06;112,743
15 Navarra, Comunidad Foral de;04 Vivienda, agua, electricidad, gas y otros combustibles;Índice;2024M05;112,012
15 Navarra, Comunidad Foral de;04 Vivienda, agua, electricidad, gas y otros combustibles;Índice;2024M04;110,298
15 Navarra, Comunidad Foral de;04 Vivienda, agua, electricidad, gas y otros combustibles;Índice;2024M03;109,795
15 Navarra, Comunidad Foral de;04 Vivienda, agua, electricidad, gas y otros combustibles;Índice;2024M02;107,722
15 Navarra, Comunidad Foral de;04 Vivienda, agua, electricidad, gas y otros combustibles;Índice;2024M01;109,164
15 Navarra, Comunidad Foral de;04 Vivienda, agua, electricidad, gas y otros combustibles;Variación mensual;2024M12;0,4
15 Navarra, Comunidad Foral de;04 Vivienda, agua, electricidad, gas y otros combustibles;Variación mensual;2024M11;1,6
15 Navarra, Comunidad Foral de;04 Vivienda, agua, electricidad, gas y otros combustibles;Variación mensual;2024M10;0,6
15 Navarra, Comunidad Foral de;04 Vivienda, agua, electricidad, gas y otros combustibles;Variación mensual;2024M09;-1,1
15 Navarra, Comunidad Foral de;04 Vivienda, agua, electricidad, gas y otros combustibles;Variación mensual;2024M08;0,6
15 Navarra, Comunidad Foral de;04 Vivienda, agua, electricidad, gas y otros combustibles;Variación mensual;2024M07;-2,0
15 Navarra, Comunidad Foral de;04 Vivienda, agua, electricidad, gas y otros combustibles;Variación mensual;2024M06;0,7
15 Navarra, Comunidad Foral de;04 Vivienda, agua, electricidad, gas y otros combustibles;Variación mensual;2024M05;1,6
15 Navarra, Comunidad Foral de;04 Vivienda, agua, electricidad, gas y otros combustibles;Variación mensual;2024M04;0,5
15 Navarra, Comunidad Foral de;04 Vivienda, agua, electricidad, gas y otros combustibles;Variación mensual;2024M03;1,9
15 Navarra, Comunidad Foral de;04 Vivienda, agua, electricidad, gas y otros combustibles;Variación mensual;2024M02;-1,3
15 Navarra, Comunidad Foral de;04 Vivienda, agua, electricidad, gas y otros combustibles;Variación mensual;2024M01;3,2
15 Navarra, Comunidad Foral de;04 Vivienda, agua, electricidad, gas y otros combustibles;Variación anual;2024M12;6,7
15 Navarra, Comunidad Foral de;04 Vivienda, agua, electricidad, gas y otros combustibles;Variación anual;2024M11;6,4
15 Navarra, Comunidad Foral de;04 Vivienda, agua, electricidad, gas y otros combustibles;Variación anual;2024M10;2,9
15 Navarra, Comunidad Foral de;04 Vivienda, agua, electricidad, gas y otros combustibles;Variación anual;2024M09;1,6
15 Navarra, Comunidad Foral de;04 Vivienda, agua, electricidad, gas y otros combustibles;Variación anual;2024M08;3,5
15 Navarra, Comunidad Foral de;04 Vivienda, agua, electricidad, gas y otros combustibles;Variación anual;2024M07;3,1
15 Navarra, Comunidad Foral de;04 Vivienda, agua, electricidad, gas y otros combustibles;Variación anual;2024M06;5,5
15 Navarra, Comunidad Foral de;04 Vivienda, agua, electricidad, gas y otros combustibles;Variación anual;2024M05;5,6
15 Navarra, Comunidad Foral de;04 Vivienda, agua, electricidad, gas y otros combustibles;Variación anual;2024M04;3,4
15 Navarra, Comunidad Foral de;04 Vivienda, agua, electricidad, gas y otros combustibles;Variación anual;2024M03;0,6
15 Navarra, Comunidad Foral de;04 Vivienda, agua, electricidad, gas y otros combustibles;Variación anual;2024M02;-3,4
15 Navarra, Comunidad Foral de;04 Vivienda, agua, electricidad, gas y otros combustibles;Variación anual;2024M01;0,4
15 Navarra, Comunidad Foral de;04 Vivienda, agua, electricidad, gas y otros combustibles;Variación en lo que va de año;2024M12;6,7
15 Navarra, Comunidad Foral de;04 Vivienda, agua, electricidad, gas y otros combustibles;Variación en lo que va de año;2024M11;6,3
15 Navarra, Comunidad Foral de;04 Vivienda, agua, electricidad, gas y otros combustibles;Variación en lo que va de año;2024M10;4,6
15 Navarra, Comunidad Foral de;04 Vivienda, agua, electricidad, gas y otros combustibles;Variación en lo que va de año;2024M09;4,0
15 Navarra, Comunidad Foral de;04 Vivienda, agua, electricidad, gas y otros combustibles;Variación en lo que va de año;2024M08;5,1
15 Navarra, Comunidad Foral de;04 Vivienda, agua, electricidad, gas y otros combustibles;Variación en lo que va de año;2024M07;4,5
15 Navarra, Comunidad Foral de;04 Vivienda, agua, electricidad, gas y otros combustibles;Variación en lo que va de año;2024M06;6,6
15 Navarra, Comunidad Foral de;04 Vivienda, agua, electricidad, gas y otros combustibles;Variación en lo que va de año;2024M05;5,9
15 Navarra, Comunidad Foral de;04 Vivienda, agua, electricidad, gas y otros combustibles;Variación en lo que va de año;2024M04;4,3
15 Navarra, Comunidad Foral de;04 Vivienda, agua, electricidad, gas y otros combustibles;Variación en lo que va de año;2024M03;3,8
15 Navarra, Comunidad Foral de;04 Vivienda, agua, electricidad, gas y otros combustibles;Variación en lo que va de año;2024M02;1,8
15 Navarra, Comunidad Foral de;04 Vivienda, agua, electricidad, gas y otros combustibles;Variación en lo que va de año;2024M01;3,2
15 Navarra, Comunidad Foral de;05 Muebles, artículos del hogar y artículos para el mantenimiento corriente del hogar;Índice;2024M12;115,736
15 Navarra, Comunidad Foral de;05 Muebles, artículos del hogar y artículos para el mantenimiento corriente del hogar;Índice;2024M11;116,149
15 Navarra, Comunidad Foral de;05 Muebles, artículos del hogar y artículos para el mantenimiento corriente del hogar;Índice;2024M10;116,023
15 Navarra, Comunidad Foral de;05 Muebles, artículos del hogar y artículos para el mantenimiento corriente del hogar;Índice;2024M09;114,860
15 Navarra, Comunidad Foral de;05 Muebles, artículos del hogar y artículos para el mantenimiento corriente del hogar;Índice;2024M08;115,001
15 Navarra, Comunidad Foral de;05 Muebles, artículos del hogar y artículos para el mantenimiento corriente del hogar;Índice;2024M07;114,693
15 Navarra, Comunidad Foral de;05 Muebles, artículos del hogar y artículos para el mantenimiento corriente del hogar;Índice;2024M06;115,144
15 Navarra, Comunidad Foral de;05 Muebles, artículos del hogar y artículos para el mantenimiento corriente del hogar;Índice;2024M05;115,443
15 Navarra, Comunidad Foral de;05 Muebles, artículos del hogar y artículos para el mantenimiento corriente del hogar;Índice;2024M04;115,022
15 Navarra, Comunidad Foral de;05 Muebles, artículos del hogar y artículos para el mantenimiento corriente del hogar;Índice;2024M03;113,981
15 Navarra, Comunidad Foral de;05 Muebles, artículos del hogar y artículos para el mantenimiento corriente del hogar;Índice;2024M02;113,694
15 Navarra, Comunidad Foral de;05 Muebles, artículos del hogar y artículos para el mantenimiento corriente del hogar;Índice;2024M01;113,828
15 Navarra, Comunidad Foral de;05 Muebles, artículos del hogar y artículos para el mantenimiento corriente del hogar;Variación mensual;2024M12;-0,4
15 Navarra, Comunidad Foral de;05 Muebles, artículos del hogar y artículos para el mantenimiento corriente del hogar;Variación mensual;2024M11;0,1
15 Navarra, Comunidad Foral de;05 Muebles, artículos del hogar y artículos para el mantenimiento corriente del hogar;Variación mensual;2024M10;1,0
15 Navarra, Comunidad Foral de;05 Muebles, artículos del hogar y artículos para el mantenimiento corriente del hogar;Variación mensual;2024M09;-0,1
15 Navarra, Comunidad Foral de;05 Muebles, artículos del hogar y artículos para el mantenimiento corriente del hogar;Variación mensual;2024M08;0,3
15 Navarra, Comunidad Foral de;05 Muebles, artículos del hogar y artículos para el mantenimiento corriente del hogar;Variación mensual;2024M07;-0,4
15 Navarra, Comunidad Foral de;05 Muebles, artículos del hogar y artículos para el mantenimiento corriente del hogar;Variación mensual;2024M06;-0,3
15 Navarra, Comunidad Foral de;05 Muebles, artículos del hogar y artículos para el mantenimiento corriente del hogar;Variación mensual;2024M05;0,4
15 Navarra, Comunidad Foral de;05 Muebles, artículos del hogar y artículos para el mantenimiento corriente del hogar;Variación mensual;2024M04;0,9
15 Navarra, Comunidad Foral de;05 Muebles, artículos del hogar y artículos para el mantenimiento corriente del hogar;Variación mensual;2024M03;0,3
15 Navarra, Comunidad Foral de;05 Muebles, artículos del hogar y artículos para el mantenimiento corriente del hogar;Variación mensual;2024M02;-0,1
15 Navarra, Comunidad Foral de;05 Muebles, artículos del hogar y artículos para el mantenimiento corriente del hogar;Variación mensual;2024M01;0,0
15 Navarra, Comunidad Foral de;05 Muebles, artículos del hogar y artículos para el mantenimiento corriente del hogar;Variación anual;2024M12;1,7
15 Navarra, Comunidad Foral de;05 Muebles, artículos del hogar y artículos para el mantenimiento corriente del hogar;Variación anual;2024M11;1,7
15 Navarra, Comunidad Foral de;05 Muebles, artículos del hogar y artículos para el mantenimiento corriente del hogar;Variación anual;2024M10;1,9
15 Navarra, Comunidad Foral de;05 Muebles, artículos del hogar y artículos para el mantenimiento corriente del hogar;Variación anual;2024M09;0,6
15 Navarra, Comunidad Foral de;05 Muebles, artículos del hogar y artículos para el mantenimiento corriente del hogar;Variación anual;2024M08;1,1
15 Navarra, Comunidad Foral de;05 Muebles, artículos del hogar y artículos para el mantenimiento corriente del hogar;Variación anual;2024M07;0,6
15 Navarra, Comunidad Foral de;05 Muebles, artículos del hogar y artículos para el mantenimiento corriente del hogar;Variación anual;2024M06;1,0
15 Navarra, Comunidad Foral de;05 Muebles, artículos del hogar y artículos para el mantenimiento corriente del hogar;Variación anual;2024M05;1,4
15 Navarra, Comunidad Foral de;05 Muebles, artículos del hogar y artículos para el mantenimiento corriente del hogar;Variación anual;2024M04;1,2
15 Navarra, Comunidad Foral de;05 Muebles, artículos del hogar y artículos para el mantenimiento corriente del hogar;Variación anual;2024M03;1,2
15 Navarra, Comunidad Foral de;05 Muebles, artículos del hogar y artículos para el mantenimiento corriente del hogar;Variación anual;2024M02;1,1
15 Navarra, Comunidad Foral de;05 Muebles, artículos del hogar y artículos para el mantenimiento corriente del hogar;Variación anual;2024M01;1,8
15 Navarra, Comunidad Foral de;05 Muebles, artículos del hogar y artículos para el mantenimiento corriente del hogar;Variación en lo que va de año;2024M12;1,7
15 Navarra, Comunidad Foral de;05 Muebles, artículos del hogar y artículos para el mantenimiento corriente del hogar;Variación en lo que va de año;2024M11;2,1
15 Navarra, Comunidad Foral de;05 Muebles, artículos del hogar y artículos para el mantenimiento corriente del hogar;Variación en lo que va de año;2024M10;2,0
15 Navarra, Comunidad Foral de;05 Muebles, artículos del hogar y artículos para el mantenimiento corriente del hogar;Variación en lo que va de año;2024M09;0,9
15 Navarra, Comunidad Foral de;05 Muebles, artículos del hogar y artículos para el mantenimiento corriente del hogar;Variación en lo que va de año;2024M08;1,1
15 Navarra, Comunidad Foral de;05 Muebles, artículos del hogar y artículos para el mantenimiento corriente del hogar;Variación en lo que va de año;2024M07;0,8
15 Navarra, Comunidad Foral de;05 Muebles, artículos del hogar y artículos para el mantenimiento corriente del hogar;Variación en lo que va de año;2024M06;1,2
15 Navarra, Comunidad Foral de;05 Muebles, artículos del hogar y artículos para el mantenimiento corriente del hogar;Variación en lo que va de año;2024M05;1,5
15 Navarra, Comunidad Foral de;05 Muebles, artículos del hogar y artículos para el mantenimiento corriente del hogar;Variación en lo que va de año;2024M04;1,1
15 Navarra, Comunidad Foral de;05 Muebles, artículos del hogar y artículos para el mantenimiento corriente del hogar;Variación en lo que va de año;2024M03;0,2
15 Navarra, Comunidad Foral de;05 Muebles, artículos del hogar y artículos para el mantenimiento corriente del hogar;Variación en lo que va de año;2024M02;-0,1
15 Navarra, Comunidad Foral de;05 Muebles, artículos del hogar y artículos para el mantenimiento corriente del hogar;Variación en lo que va de año;2024M01;0,0
15 Navarra, Comunidad Foral de;06 Sanidad;Índice;2024M12;106,399
15 Navarra, Comunidad Foral de;06 Sanidad;Índice;2024M11;106,359
15 Navarra, Comunidad Foral de;06 Sanidad;Índice;2024M10;106,369
15 Navarra, Comunidad Foral de;06 Sanidad;Índice;2024M09;106,308
15 Navarra, Comunidad Foral de;06 Sanidad;Índice;2024M08;106,662
15 Navarra, Comunidad Foral de;06 Sanidad;Índice;2024M07;106,457
15 Navarra, Comunidad Foral de;06 Sanidad;Índice;2024M06;106,263
15 Navarra, Comunidad Foral de;06 Sanidad;Índice;2024M05;105,856
15 Navarra, Comunidad Foral de;06 Sanidad;Índice;2024M04;105,645
15 Navarra, Comunidad Foral de;06 Sanidad;Índice;2024M03;105,342
15 Navarra, Comunidad Foral de;06 Sanidad;Índice;2024M02;105,062
15 Navarra, Comunidad Foral de;06 Sanidad;Índice;2024M01;104,672
15 Navarra, Comunidad Foral de;06 Sanidad;Variación mensual;2024M12;0,0
15 Navarra, Comunidad Foral de;06 Sanidad;Variación mensual;2024M11;0,0
15 Navarra, Comunidad Foral de;06 Sanidad;Variación mensual;2024M10;0,1
15 Navarra, Comunidad Foral de;06 Sanidad;Variación mensual;2024M09;-0,3
15 Navarra, Comunidad Foral de;06 Sanidad;Variación mensual;2024M08;0,2
15 Navarra, Comunidad Foral de;06 Sanidad;Variación mensual;2024M07;0,2
15 Navarra, Comunidad Foral de;06 Sanidad;Variación mensual;2024M06;0,4
15 Navarra, Comunidad Foral de;06 Sanidad;Variación mensual;2024M05;0,2
15 Navarra, Comunidad Foral de;06 Sanidad;Variación mensual;2024M04;0,3
15 Navarra, Comunidad Foral de;06 Sanidad;Variación mensual;2024M03;0,3
15 Navarra, Comunidad Foral de;06 Sanidad;Variación mensual;2024M02;0,4
15 Navarra, Comunidad Foral de;06 Sanidad;Variación mensual;2024M01;0,2
15 Navarra, Comunidad Foral de;06 Sanidad;Variación anual;2024M12;1,8
15 Navarra, Comunidad Foral de;06 Sanidad;Variación anual;2024M11;1,4
15 Navarra, Comunidad Foral de;06 Sanidad;Variación anual;2024M10;1,4
15 Navarra, Comunidad Foral de;06 Sanidad;Variación anual;2024M09;1,5
15 Navarra, Comunidad Foral de;06 Sanidad;Variación anual;2024M08;2,2
15 Navarra, Comunidad Foral de;06 Sanidad;Variación anual;2024M07;2,1
15 Navarra, Comunidad Foral de;06 Sanidad;Variación anual;2024M06;2,0
15 Navarra, Comunidad Foral de;06 Sanidad;Variación anual;2024M05;2,0
15 Navarra, Comunidad Foral de;06 Sanidad;Variación anual;2024M04;1,7
15 Navarra, Comunidad Foral de;06 Sanidad;Variación anual;2024M03;2,2
15 Navarra, Comunidad Foral de;06 Sanidad;Variación anual;2024M02;2,3
15 Navarra, Comunidad Foral de;06 Sanidad;Variación anual;2024M01;2,2
15 Navarra, Comunidad Foral de;06 Sanidad;Variación en lo que va de año;2024M12;1,8
15 Navarra, Comunidad Foral de;06 Sanidad;Variación en lo que va de año;2024M11;1,8
15 Navarra, Comunidad Foral de;06 Sanidad;Variación en lo que va de año;2024M10;1,8
15 Navarra, Comunidad Foral de;06 Sanidad;Variación en lo que va de año;2024M09;1,7
15 Navarra, Comunidad Foral de;06 Sanidad;Variación en lo que va de año;2024M08;2,1
15 Navarra, Comunidad Foral de;06 Sanidad;Variación en lo que va de año;2024M07;1,9
15 Navarra, Comunidad Foral de;06 Sanidad;Variación en lo que va de año;2024M06;1,7
15 Navarra, Comunidad Foral de;06 Sanidad;Variación en lo que va de año;2024M05;1,3
15 Navarra, Comunidad Foral de;06 Sanidad;Variación en lo que va de año;2024M04;1,1
15 Navarra, Comunidad Foral de;06 Sanidad;Variación en lo que va de año;2024M03;0,8
15 Navarra, Comunidad Foral de;06 Sanidad;Variación en lo que va de año;2024M02;0,6
15 Navarra, Comunidad Foral de;06 Sanidad;Variación en lo que va de año;2024M01;0,2
15 Navarra, Comunidad Foral de;07 Transporte;Índice;2024M12;113,053
15 Navarra, Comunidad Foral de;07 Transporte;Índice;2024M11;112,794
15 Navarra, Comunidad Foral de;07 Transporte;Índice;2024M10;112,062
15 Navarra, Comunidad Foral de;07 Transporte;Índice;2024M09;111,811
15 Navarra, Comunidad Foral de;07 Transporte;Índice;2024M08;113,577
15 Navarra, Comunidad Foral de;07 Transporte;Índice;2024M07;114,617
15 Navarra, Comunidad Foral de;07 Transporte;Índice;2024M06;114,350
15 Navarra, Comunidad Foral de;07 Transporte;Índice;2024M05;114,662
15 Navarra, Comunidad Foral de;07 Transporte;Índice;2024M04;115,620
15 Navarra, Comunidad Foral de;07 Transporte;Índice;2024M03;114,851
15 Navarra, Comunidad Foral de;07 Transporte;Índice;2024M02;114,101
15 Navarra, Comunidad Foral de;07 Transporte;Índice;2024M01;112,501
15 Navarra, Comunidad Foral de;07 Transporte;Variación mensual;2024M12;0,2
15 Navarra, Comunidad Foral de;07 Transporte;Variación mensual;2024M11;0,7
15 Navarra, Comunidad Foral de;07 Transporte;Variación mensual;2024M10;0,2
15 Navarra, Comunidad Foral de;07 Transporte;Variación mensual;2024M09;-1,6
15 Navarra, Comunidad Foral de;07 Transporte;Variación mensual;2024M08;-0,9
15 Navarra, Comunidad Foral de;07 Transporte;Variación mensual;2024M07;0,2
15 Navarra, Comunidad Foral de;07 Transporte;Variación mensual;2024M06;-0,3
15 Navarra, Comunidad Foral de;07 Transporte;Variación mensual;2024M05;-0,8
15 Navarra, Comunidad Foral de;07 Transporte;Variación mensual;2024M04;0,7
15 Navarra, Comunidad Foral de;07 Transporte;Variación mensual;2024M03;0,7
15 Navarra, Comunidad Foral de;07 Transporte;Variación mensual;2024M02;1,4
15 Navarra, Comunidad Foral de;07 Transporte;Variación mensual;2024M01;0,1
15 Navarra, Comunidad Foral de;07 Transporte;Variación anual;2024M12;0,6
15 Navarra, Comunidad Foral de;07 Transporte;Variación anual;2024M11;-1,0
15 Navarra, Comunidad Foral de;07 Transporte;Variación anual;2024M10;-3,1
15 Navarra, Comunidad Foral de;07 Transporte;Variación anual;2024M09;-4,5
15 Navarra, Comunidad Foral de;07 Transporte;Variación anual;2024M08;-1,9
15 Navarra, Comunidad Foral de;07 Transporte;Variación anual;2024M07;2,0
15 Navarra, Comunidad Foral de;07 Transporte;Variación anual;2024M06;2,4
15 Navarra, Comunidad Foral de;07 Transporte;Variación anual;2024M05;3,5
15 Navarra, Comunidad Foral de;07 Transporte;Variación anual;2024M04;2,7
15 Navarra, Comunidad Foral de;07 Transporte;Variación anual;2024M03;2,5
15 Navarra, Comunidad Foral de;07 Transporte;Variación anual;2024M02;1,8
15 Navarra, Comunidad Foral de;07 Transporte;Variación anual;2024M01;-0,3
15 Navarra, Comunidad Foral de;07 Transporte;Variación en lo que va de año;2024M12;0,6
15 Navarra, Comunidad Foral de;07 Transporte;Variación en lo que va de año;2024M11;0,4
15 Navarra, Comunidad Foral de;07 Transporte;Variación en lo que va de año;2024M10;-0,3
15 Navarra, Comunidad Foral de;07 Transporte;Variación en lo que va de año;2024M09;-0,5
15 Navarra, Comunidad Foral de;07 Transporte;Variación en lo que va de año;2024M08;1,1
15 Navarra, Comunidad Foral de;07 Transporte;Variación en lo que va de año;2024M07;2,0
15 Navarra, Comunidad Foral de;07 Transporte;Variación en lo que va de año;2024M06;1,8
15 Navarra, Comunidad Foral de;07 Transporte;Variación en lo que va de año;2024M05;2,0
15 Navarra, Comunidad Foral de;07 Transporte;Variación en lo que va de año;2024M04;2,9
15 Navarra, Comunidad Foral de;07 Transporte;Variación en lo que va de año;2024M03;2,2
15 Navarra, Comunidad Foral de;07 Transporte;Variación en lo que va de año;2024M02;1,5
15 Navarra, Comunidad Foral de;07 Transporte;Variación en lo que va de año;2024M01;0,1
15 Navarra, Comunidad Foral de;08 Comunicaciones;Índice;2024M12;99,846
15 Navarra, Comunidad Foral de;08 Comunicaciones;Índice;2024M11;99,869
15 Navarra, Comunidad Foral de;08 Comunicaciones;Índice;2024M10;99,870
15 Navarra, Comunidad Foral de;08 Comunicaciones;Índice;2024M09;100,849
15 Navarra, Comunidad Foral de;08 Comunicaciones;Índice;2024M08;100,966
15 Navarra, Comunidad Foral de;08 Comunicaciones;Índice;2024M07;101,077
15 Navarra, Comunidad Foral de;08 Comunicaciones;Índice;2024M06;101,610
15 Navarra, Comunidad Foral de;08 Comunicaciones;Índice;2024M05;101,580
15 Navarra, Comunidad Foral de;08 Comunicaciones;Índice;2024M04;101,709
15 Navarra, Comunidad Foral de;08 Comunicaciones;Índice;2024M03;101,638
15 Navarra, Comunidad Foral de;08 Comunicaciones;Índice;2024M02;101,759
15 Navarra, Comunidad Foral de;08 Comunicaciones;Índice;2024M01;101,864
15 Navarra, Comunidad Foral de;08 Comunicaciones;Variación mensual;2024M12;0,0
15 Navarra, Comunidad Foral de;08 Comunicaciones;Variación mensual;2024M11;0,0
15 Navarra, Comunidad Foral de;08 Comunicaciones;Variación mensual;2024M10;-1,0
15 Navarra, Comunidad Foral de;08 Comunicaciones;Variación mensual;2024M09;-0,1
15 Navarra, Comunidad Foral de;08 Comunicaciones;Variación mensual;2024M08;-0,1
15 Navarra, Comunidad Foral de;08 Comunicaciones;Variación mensual;2024M07;-0,5
15 Navarra, Comunidad Foral de;08 Comunicaciones;Variación mensual;2024M06;0,0
15 Navarra, Comunidad Foral de;08 Comunicaciones;Variación mensual;2024M05;-0,1
15 Navarra, Comunidad Foral de;08 Comunicaciones;Variación mensual;2024M04;0,1
15 Navarra, Comunidad Foral de;08 Comunicaciones;Variación mensual;2024M03;-0,1
15 Navarra, Comunidad Foral de;08 Comunicaciones;Variación mensual;2024M02;-0,1
15 Navarra, Comunidad Foral de;08 Comunicaciones;Variación mensual;2024M01;1,8
15 Navarra, Comunidad Foral de;08 Comunicaciones;Variación anual;2024M12;-0,2
15 Navarra, Comunidad Foral de;08 Comunicaciones;Variación anual;2024M11;-0,3
15 Navarra, Comunidad Foral de;08 Comunicaciones;Variación anual;2024M10;-0,4
15 Navarra, Comunidad Foral de;08 Comunicaciones;Variación anual;2024M09;-0,6
15 Navarra, Comunidad Foral de;08 Comunicaciones;Variación anual;2024M08;-0,7
15 Navarra, Comunidad Foral de;08 Comunicaciones;Variación anual;2024M07;-0,5
15 Navarra, Comunidad Foral de;08 Comunicaciones;Variación anual;2024M06;-0,2
15 Navarra, Comunidad Foral de;08 Comunicaciones;Variación anual;2024M05;-0,5
15 Navarra, Comunidad Foral de;08 Comunicaciones;Variación anual;2024M04;-0,5
15 Navarra, Comunidad Foral de;08 Comunicaciones;Variación anual;2024M03;0,0
15 Navarra, Comunidad Foral de;08 Comunicaciones;Variación anual;2024M02;0,0
15 Navarra, Comunidad Foral de;08 Comunicaciones;Variación anual;2024M01;0,2
15 Navarra, Comunidad Foral de;08 Comunicaciones;Variación en lo que va de año;2024M12;-0,2
15 Navarra, Comunidad Foral de;08 Comunicaciones;Variación en lo que va de año;2024M11;-0,2
15 Navarra, Comunidad Foral de;08 Comunicaciones;Variación en lo que va de año;2024M10;-0,2
15 Navarra, Comunidad Foral de;08 Comunicaciones;Variación en lo que va de año;2024M09;0,8
15 Navarra, Comunidad Foral de;08 Comunicaciones;Variación en lo que va de año;2024M08;0,9
15 Navarra, Comunidad Foral de;08 Comunicaciones;Variación en lo que va de año;2024M07;1,0
15 Navarra, Comunidad Foral de;08 Comunicaciones;Variación en lo que va de año;2024M06;1,6
15 Navarra, Comunidad Foral de;08 Comunicaciones;Variación en lo que va de año;2024M05;1,5
15 Navarra, Comunidad Foral de;08 Comunicaciones;Variación en lo que va de año;2024M04;1,7
15 Navarra, Comunidad Foral de;08 Comunicaciones;Variación en lo que va de año;2024M03;1,6
15 Navarra, Comunidad Foral de;08 Comunicaciones;Variación en lo que va de año;2024M02;1,7
15 Navarra, Comunidad Foral de;08 Comunicaciones;Variación en lo que va de año;2024M01;1,8
15 Navarra, Comunidad Foral de;09 Ocio y cultura;Índice;2024M12;113,707
15 Navarra, Comunidad Foral de;09 Ocio y cultura;Índice;2024M11;108,524
15 Navarra, Comunidad Foral de;09 Ocio y cultura;Índice;2024M10;110,929
15 Navarra, Comunidad Foral de;09 Ocio y cultura;Índice;2024M09;111,174
15 Navarra, Comunidad Foral de;09 Ocio y cultura;Índice;2024M08;116,962
15 Navarra, Comunidad Foral de;09 Ocio y cultura;Índice;2024M07;114,914
15 Navarra, Comunidad Foral de;09 Ocio y cultura;Índice;2024M06;113,008
15 Navarra, Comunidad Foral de;09 Ocio y cultura;Índice;2024M05;109,856
15 Navarra, Comunidad Foral de;09 Ocio y cultura;Índice;2024M04;109,001
15 Navarra, Comunidad Foral de;09 Ocio y cultura;Índice;2024M03;113,197
15 Navarra, Comunidad Foral de;09 Ocio y cultura;Índice;2024M02;106,985
15 Navarra, Comunidad Foral de;09 Ocio y cultura;Índice;2024M01;105,160
15 Navarra, Comunidad Foral de;09 Ocio y cultura;Variación mensual;2024M12;4,8
15 Navarra, Comunidad Foral de;09 Ocio y cultura;Variación mensual;2024M11;-2,2
15 Navarra, Comunidad Foral de;09 Ocio y cultura;Variación mensual;2024M10;-0,2
15 Navarra, Comunidad Foral de;09 Ocio y cultura;Variación mensual;2024M09;-4,9
15 Navarra, Comunidad Foral de;09 Ocio y cultura;Variación mensual;2024M08;1,8
15 Navarra, Comunidad Foral de;09 Ocio y cultura;Variación mensual;2024M07;1,7
15 Navarra, Comunidad Foral de;09 Ocio y cultura;Variación mensual;2024M06;2,9
15 Navarra, Comunidad Foral de;09 Ocio y cultura;Variación mensual;2024M05;0,8
15 Navarra, Comunidad Foral de;09 Ocio y cultura;Variación mensual;2024M04;-3,7
15 Navarra, Comunidad Foral de;09 Ocio y cultura;Variación mensual;2024M03;5,8
15 Navarra, Comunidad Foral de;09 Ocio y cultura;Variación mensual;2024M02;1,7
15 Navarra, Comunidad Foral de;09 Ocio y cultura;Variación mensual;2024M01;-4,5
15 Navarra, Comunidad Foral de;09 Ocio y cultura;Variación anual;2024M12;3,3
15 Navarra, Comunidad Foral de;09 Ocio y cultura;Variación anual;2024M11;1,9
15 Navarra, Comunidad Foral de;09 Ocio y cultura;Variación anual;2024M10;2,9
15 Navarra, Comunidad Foral de;09 Ocio y cultura;Variación anual;2024M09;-0,3
15 Navarra, Comunidad Foral de;09 Ocio y cultura;Variación anual;2024M08;1,4
15 Navarra, Comunidad Foral de;09 Ocio y cultura;Variación anual;2024M07;0,6
15 Navarra, Comunidad Foral de;09 Ocio y cultura;Variación anual;2024M06;3,1
15 Navarra, Comunidad Foral de;09 Ocio y cultura;Variación anual;2024M05;2,6
15 Navarra, Comunidad Foral de;09 Ocio y cultura;Variación anual;2024M04;1,3
15 Navarra, Comunidad Foral de;09 Ocio y cultura;Variación anual;2024M03;7,0
15 Navarra, Comunidad Foral de;09 Ocio y cultura;Variación anual;2024M02;0,0
15 Navarra, Comunidad Foral de;09 Ocio y cultura;Variación anual;2024M01;1,5
15 Navarra, Comunidad Foral de;09 Ocio y cultura;Variación en lo que va de año;2024M12;3,3
15 Navarra, Comunidad Foral de;09 Ocio y cultura;Variación en lo que va de año;2024M11;-1,4
15 Navarra, Comunidad Foral de;09 Ocio y cultura;Variación en lo que va de año;2024M10;0,7
15 Navarra, Comunidad Foral de;09 Ocio y cultura;Variación en lo que va de año;2024M09;1,0
15 Navarra, Comunidad Foral de;09 Ocio y cultura;Variación en lo que va de año;2024M08;6,2
15 Navarra, Comunidad Foral de;09 Ocio y cultura;Variación en lo que va de año;2024M07;4,4
15 Navarra, Comunidad Foral de;09 Ocio y cultura;Variación en lo que va de año;2024M06;2,6
15 Navarra, Comunidad Foral de;09 Ocio y cultura;Variación en lo que va de año;2024M05;-0,2
15 Navarra, Comunidad Foral de;09 Ocio y cultura;Variación en lo que va de año;2024M04;-1,0
15 Navarra, Comunidad Foral de;09 Ocio y cultura;Variación en lo que va de año;2024M03;2,8
15 Navarra, Comunidad Foral de;09 Ocio y cultura;Variación en lo que va de año;2024M02;-2,8
15 Navarra, Comunidad Foral de;09 Ocio y cultura;Variación en lo que va de año;2024M01;-4,5
15 Navarra, Comunidad Foral de;10 Enseñanza;Índice;2024M12;105,129
15 Navarra, Comunidad Foral de;10 Enseñanza;Índice;2024M11;105,093
15 Navarra, Comunidad Foral de;10 Enseñanza;Índice;2024M10;104,896
15 Navarra, Comunidad Foral de;10 Enseñanza;Índice;2024M09;103,032
15 Navarra, Comunidad Foral de;10 Enseñanza;Índice;2024M08;101,924
15 Navarra, Comunidad Foral de;10 Enseñanza;Índice;2024M07;101,924
15 Navarra, Comunidad Foral de;10 Enseñanza;Índice;2024M06;101,924
15 Navarra, Comunidad Foral de;10 Enseñanza;Índice;2024M05;101,924
15 Navarra, Comunidad Foral de;10 Enseñanza;Índice;2024M04;101,924
15 Navarra, Comunidad Foral de;10 Enseñanza;Índice;2024M03;101,874
15 Navarra, Comunidad Foral de;10 Enseñanza;Índice;2024M02;101,821
15 Navarra, Comunidad Foral de;10 Enseñanza;Índice;2024M01;101,821
15 Navarra, Comunidad Foral de;10 Enseñanza;Variación mensual;2024M12;0,0
15 Navarra, Comunidad Foral de;10 Enseñanza;Variación mensual;2024M11;0,2
15 Navarra, Comunidad Foral de;10 Enseñanza;Variación mensual;2024M10;1,8
15 Navarra, Comunidad Foral de;10 Enseñanza;Variación mensual;2024M09;1,1
15 Navarra, Comunidad Foral de;10 Enseñanza;Variación mensual;2024M08;0,0
15 Navarra, Comunidad Foral de;10 Enseñanza;Variación mensual;2024M07;0,0
15 Navarra, Comunidad Foral de;10 Enseñanza;Variación mensual;2024M06;0,0
15 Navarra, Comunidad Foral de;10 Enseñanza;Variación mensual;2024M05;0,0
15 Navarra, Comunidad Foral de;10 Enseñanza;Variación mensual;2024M04;0,0
15 Navarra, Comunidad Foral de;10 Enseñanza;Variación mensual;2024M03;0,1
15 Navarra, Comunidad Foral de;10 Enseñanza;Variación mensual;2024M02;0,0
15 Navarra, Comunidad Foral de;10 Enseñanza;Variación mensual;2024M01;0,1
15 Navarra, Comunidad Foral de;10 Enseñanza;Variación anual;2024M12;3,4
15 Navarra, Comunidad Foral de;10 Enseñanza;Variación anual;2024M11;3,3
15 Navarra, Comunidad Foral de;10 Enseñanza;Variación anual;2024M10;3,2
15 Navarra, Comunidad Foral de;10 Enseñanza;Variación anual;2024M09;2,5
15 Navarra, Comunidad Foral de;10 Enseñanza;Variación anual;2024M08;3,1
15 Navarra, Comunidad Foral de;10 Enseñanza;Variación anual;2024M07;3,1
15 Navarra, Comunidad Foral de;10 Enseñanza;Variación anual;2024M06;3,1
15 Navarra, Comunidad Foral de;10 Enseñanza;Variación anual;2024M05;3,1
15 Navarra, Comunidad Foral de;10 Enseñanza;Variación anual;2024M04;3,1
15 Navarra, Comunidad Foral de;10 Enseñanza;Variación anual;2024M03;3,1
15 Navarra, Comunidad Foral de;10 Enseñanza;Variación anual;2024M02;3,2
15 Navarra, Comunidad Foral de;10 Enseñanza;Variación anual;2024M01;3,2
15 Navarra, Comunidad Foral de;10 Enseñanza;Variación en lo que va de año;2024M12;3,4
15 Navarra, Comunidad Foral de;10 Enseñanza;Variación en lo que va de año;2024M11;3,3
15 Navarra, Comunidad Foral de;10 Enseñanza;Variación en lo que va de año;2024M10;3,2
15 Navarra, Comunidad Foral de;10 Enseñanza;Variación en lo que va de año;2024M09;1,3
15 Navarra, Comunidad Foral de;10 Enseñanza;Variación en lo que va de año;2024M08;0,2
15 Navarra, Comunidad Foral de;10 Enseñanza;Variación en lo que va de año;2024M07;0,2
15 Navarra, Comunidad Foral de;10 Enseñanza;Variación en lo que va de año;2024M06;0,2
15 Navarra, Comunidad Foral de;10 Enseñanza;Variación en lo que va de año;2024M05;0,2
15 Navarra, Comunidad Foral de;10 Enseñanza;Variación en lo que va de año;2024M04;0,2
15 Navarra, Comunidad Foral de;10 Enseñanza;Variación en lo que va de año;2024M03;0,2
15 Navarra, Comunidad Foral de;10 Enseñanza;Variación en lo que va de año;2024M02;0,1
15 Navarra, Comunidad Foral de;10 Enseñanza;Variación en lo que va de año;2024M01;0,1
15 Navarra, Comunidad Foral de;11 Restaurantes y hoteles;Índice;2024M12;116,479
15 Navarra, Comunidad Foral de;11 Restaurantes y hoteles;Índice;2024M11;115,830
15 Navarra, Comunidad Foral de;11 Restaurantes y hoteles;Índice;2024M10;117,419
15 Navarra, Comunidad Foral de;11 Restaurantes y hoteles;Índice;2024M09;117,609
15 Navarra, Comunidad Foral de;11 Restaurantes y hoteles;Índice;2024M08;118,220
15 Navarra, Comunidad Foral de;11 Restaurantes y hoteles;Índice;2024M07;119,673
15 Navarra, Comunidad Foral de;11 Restaurantes y hoteles;Índice;2024M06;116,437
15 Navarra, Comunidad Foral de;11 Restaurantes y hoteles;Índice;2024M05;115,815
15 Navarra, Comunidad Foral de;11 Restaurantes y hoteles;Índice;2024M04;114,941
15 Navarra, Comunidad Foral de;11 Restaurantes y hoteles;Índice;2024M03;113,972
15 Navarra, Comunidad Foral de;11 Restaurantes y hoteles;Índice;2024M02;113,056
15 Navarra, Comunidad Foral de;11 Restaurantes y hoteles;Índice;2024M01;112,301
15 Navarra, Comunidad Foral de;11 Restaurantes y hoteles;Variación mensual;2024M12;0,6
15 Navarra, Comunidad Foral de;11 Restaurantes y hoteles;Variación mensual;2024M11;-1,4
15 Navarra, Comunidad Foral de;11 Restaurantes y hoteles;Variación mensual;2024M10;-0,2
15 Navarra, Comunidad Foral de;11 Restaurantes y hoteles;Variación mensual;2024M09;-0,5
15 Navarra, Comunidad Foral de;11 Restaurantes y hoteles;Variación mensual;2024M08;-1,2
15 Navarra, Comunidad Foral de;11 Restaurantes y hoteles;Variación mensual;2024M07;2,8
15 Navarra, Comunidad Foral de;11 Restaurantes y hoteles;Variación mensual;2024M06;0,5
15 Navarra, Comunidad Foral de;11 Restaurantes y hoteles;Variación mensual;2024M05;0,8
15 Navarra, Comunidad Foral de;11 Restaurantes y hoteles;Variación mensual;2024M04;0,9
15 Navarra, Comunidad Foral de;11 Restaurantes y hoteles;Variación mensual;2024M03;0,8
15 Navarra, Comunidad Foral de;11 Restaurantes y hoteles;Variación mensual;2024M02;0,7
15 Navarra, Comunidad Foral de;11 Restaurantes y hoteles;Variación mensual;2024M01;-1,1
15 Navarra, Comunidad Foral de;11 Restaurantes y hoteles;Variación anual;2024M12;2,6
15 Navarra, Comunidad Foral de;11 Restaurantes y hoteles;Variación anual;2024M11;2,2
15 Navarra, Comunidad Foral de;11 Restaurantes y hoteles;Variación anual;2024M10;2,8
15 Navarra, Comunidad Foral de;11 Restaurantes y hoteles;Variación anual;2024M09;3,3
15 Navarra, Comunidad Foral de;11 Restaurantes y hoteles;Variación anual;2024M08;3,8
15 Navarra, Comunidad Foral de;11 Restaurantes y hoteles;Variación anual;2024M07;3,9
15 Navarra, Comunidad Foral de;11 Restaurantes y hoteles;Variación anual;2024M06;4,1
15 Navarra, Comunidad Foral de;11 Restaurantes y hoteles;Variación anual;2024M05;4,0
15 Navarra, Comunidad Foral de;11 Restaurantes y hoteles;Variación anual;2024M04;3,9
15 Navarra, Comunidad Foral de;11 Restaurantes y hoteles;Variación anual;2024M03;4,9
15 Navarra, Comunidad Foral de;11 Restaurantes y hoteles;Variación anual;2024M02;5,1
15 Navarra, Comunidad Foral de;11 Restaurantes y hoteles;Variación anual;2024M01;4,5
15 Navarra, Comunidad Foral de;11 Restaurantes y hoteles;Variación en lo que va de año;2024M12;2,6
15 Navarra, Comunidad Foral de;11 Restaurantes y hoteles;Variación en lo que va de año;2024M11;2,0
15 Navarra, Comunidad Foral de;11 Restaurantes y hoteles;Variación en lo que va de año;2024M10;3,4
15 Navarra, Comunidad Foral de;11 Restaurantes y hoteles;Variación en lo que va de año;2024M09;3,6
15 Navarra, Comunidad Foral de;11 Restaurantes y hoteles;Variación en lo que va de año;2024M08;4,1
15 Navarra, Comunidad Foral de;11 Restaurantes y hoteles;Variación en lo que va de año;2024M07;5,4
15 Navarra, Comunidad Foral de;11 Restaurantes y hoteles;Variación en lo que va de año;2024M06;2,6
15 Navarra, Comunidad Foral de;11 Restaurantes y hoteles;Variación en lo que va de año;2024M05;2,0
15 Navarra, Comunidad Foral de;11 Restaurantes y hoteles;Variación en lo que va de año;2024M04;1,3
15 Navarra, Comunidad Foral de;11 Restaurantes y hoteles;Variación en lo que va de año;2024M03;0,4
15 Navarra, Comunidad Foral de;11 Restaurantes y hoteles;Variación en lo que va de año;2024M02;-0,4
15 Navarra, Comunidad Foral de;11 Restaurantes y hoteles;Variación en lo que va de año;2024M01;-1,1
15 Navarra, Comunidad Foral de;12 Otros bienes y servicios;Índice;2024M12;112,929
15 Navarra, Comunidad Foral de;12 Otros bienes y servicios;Índice;2024M11;112,776
15 Navarra, Comunidad Foral de;12 Otros bienes y servicios;Índice;2024M10;112,405
15 Navarra, Comunidad Foral de;12 Otros bienes y servicios;Índice;2024M09;111,746
15 Navarra, Comunidad Foral de;12 Otros bienes y servicios;Índice;2024M08;111,781
15 Navarra, Comunidad Foral de;12 Otros bienes y servicios;Índice;2024M07;111,732
15 Navarra, Comunidad Foral de;12 Otros bienes y servicios;Índice;2024M06;111,795
15 Navarra, Comunidad Foral de;12 Otros bienes y servicios;Índice;2024M05;110,666
15 Navarra, Comunidad Foral de;12 Otros bienes y servicios;Índice;2024M04;110,274
15 Navarra, Comunidad Foral de;12 Otros bienes y servicios;Índice;2024M03;109,547
15 Navarra, Comunidad Foral de;12 Otros bienes y servicios;Índice;2024M02;109,710
15 Navarra, Comunidad Foral de;12 Otros bienes y servicios;Índice;2024M01;109,110
15 Navarra, Comunidad Foral de;12 Otros bienes y servicios;Variación mensual;2024M12;0,1
15 Navarra, Comunidad Foral de;12 Otros bienes y servicios;Variación mensual;2024M11;0,3
15 Navarra, Comunidad Foral de;12 Otros bienes y servicios;Variación mensual;2024M10;0,6
15 Navarra, Comunidad Foral de;12 Otros bienes y servicios;Variación mensual;2024M09;0,0
15 Navarra, Comunidad Foral de;12 Otros bienes y servicios;Variación mensual;2024M08;0,0
15 Navarra, Comunidad Foral de;12 Otros bienes y servicios;Variación mensual;2024M07;-0,1
15 Navarra, Comunidad Foral de;12 Otros bienes y servicios;Variación mensual;2024M06;1,0
15 Navarra, Comunidad Foral de;12 Otros bienes y servicios;Variación mensual;2024M05;0,4
15 Navarra, Comunidad Foral de;12 Otros bienes y servicios;Variación mensual;2024M04;0,7
15 Navarra, Comunidad Foral de;12 Otros bienes y servicios;Variación mensual;2024M03;-0,1
15 Navarra, Comunidad Foral de;12 Otros bienes y servicios;Variación mensual;2024M02;0,5
15 Navarra, Comunidad Foral de;12 Otros bienes y servicios;Variación mensual;2024M01;0,3
15 Navarra, Comunidad Foral de;12 Otros bienes y servicios;Variación anual;2024M12;3,8
15 Navarra, Comunidad Foral de;12 Otros bienes y servicios;Variación anual;2024M11;3,6
15 Navarra, Comunidad Foral de;12 Otros bienes y servicios;Variación anual;2024M10;3,8
15 Navarra, Comunidad Foral de;12 Otros bienes y servicios;Variación anual;2024M09;3,4
15 Navarra, Comunidad Foral de;12 Otros bienes y servicios;Variación anual;2024M08;3,6
15 Navarra, Comunidad Foral de;12 Otros bienes y servicios;Variación anual;2024M07;3,5
15 Navarra, Comunidad Foral de;12 Otros bienes y servicios;Variación anual;2024M06;3,3
15 Navarra, Comunidad Foral de;12 Otros bienes y servicios;Variación anual;2024M05;3,1
15 Navarra, Comunidad Foral de;12 Otros bienes y servicios;Variación anual;2024M04;3,0
15 Navarra, Comunidad Foral de;12 Otros bienes y servicios;Variación anual;2024M03;2,5
15 Navarra, Comunidad Foral de;12 Otros bienes y servicios;Variación anual;2024M02;2,9
15 Navarra, Comunidad Foral de;12 Otros bienes y servicios;Variación anual;2024M01;3,2
15 Navarra, Comunidad Foral de;12 Otros bienes y servicios;Variación en lo que va de año;2024M12;3,8
15 Navarra, Comunidad Foral de;12 Otros bienes y servicios;Variación en lo que va de año;2024M11;3,7
15 Navarra, Comunidad Foral de;12 Otros bienes y servicios;Variación en lo que va de año;2024M10;3,3
15 Navarra, Comunidad Foral de;12 Otros bienes y servicios;Variación en lo que va de año;2024M09;2,7
15 Navarra, Comunidad Foral de;12 Otros bienes y servicios;Variación en lo que va de año;2024M08;2,7
15 Navarra, Comunidad Foral de;12 Otros bienes y servicios;Variación en lo que va de año;2024M07;2,7
15 Navarra, Comunidad Foral de;12 Otros bienes y servicios;Variación en lo que va de año;2024M06;2,8
15 Navarra, Comunidad Foral de;12 Otros bienes y servicios;Variación en lo que va de año;2024M05;1,7
15 Navarra, Comunidad Foral de;12 Otros bienes y servicios;Variación en lo que va de año;2024M04;1,4
15 Navarra, Comunidad Foral de;12 Otros bienes y servicios;Variación en lo que va de año;2024M03;0,7
15 Navarra, Comunidad Foral de;12 Otros bienes y servicios;Variación en lo que va de año;2024M02;0,8
15 Navarra, Comunidad Foral de;12 Otros bienes y servicios;Variación en lo que va de año;2024M01;0,3
16 País Vasco;01 Alimentos y bebidas no alcohólicas;Índice;2024M12;130,875
16 País Vasco;01 Alimentos y bebidas no alcohólicas;Índice;2024M11;130,376
16 País Vasco;01 Alimentos y bebidas no alcohólicas;Índice;2024M10;130,152
16 País Vasco;01 Alimentos y bebidas no alcohólicas;Índice;2024M09;128,591
16 País Vasco;01 Alimentos y bebidas no alcohólicas;Índice;2024M08;129,032
16 País Vasco;01 Alimentos y bebidas no alcohólicas;Índice;2024M07;129,295
16 País Vasco;01 Alimentos y bebidas no alcohólicas;Índice;2024M06;129,155
16 País Vasco;01 Alimentos y bebidas no alcohólicas;Índice;2024M05;129,556
16 País Vasco;01 Alimentos y bebidas no alcohólicas;Índice;2024M04;128,613
16 País Vasco;01 Alimentos y bebidas no alcohólicas;Índice;2024M03;127,946
16 País Vasco;01 Alimentos y bebidas no alcohólicas;Índice;2024M02;127,905
16 País Vasco;01 Alimentos y bebidas no alcohólicas;Índice;2024M01;127,504
16 País Vasco;01 Alimentos y bebidas no alcohólicas;Variación mensual;2024M12;0,4
16 País Vasco;01 Alimentos y bebidas no alcohólicas;Variación mensual;2024M11;0,2
16 País Vasco;01 Alimentos y bebidas no alcohólicas;Variación mensual;2024M10;1,2
16 País Vasco;01 Alimentos y bebidas no alcohólicas;Variación mensual;2024M09;-0,3
16 País Vasco;01 Alimentos y bebidas no alcohólicas;Variación mensual;2024M08;-0,2
16 País Vasco;01 Alimentos y bebidas no alcohólicas;Variación mensual;2024M07;0,1
16 País Vasco;01 Alimentos y bebidas no alcohólicas;Variación mensual;2024M06;-0,3
16 País Vasco;01 Alimentos y bebidas no alcohólicas;Variación mensual;2024M05;0,7
16 País Vasco;01 Alimentos y bebidas no alcohólicas;Variación mensual;2024M04;0,5
16 País Vasco;01 Alimentos y bebidas no alcohólicas;Variación mensual;2024M03;0,0
16 País Vasco;01 Alimentos y bebidas no alcohólicas;Variación mensual;2024M02;0,3
16 País Vasco;01 Alimentos y bebidas no alcohólicas;Variación mensual;2024M01;1,0
16 País Vasco;01 Alimentos y bebidas no alcohólicas;Variación anual;2024M12;3,6
16 País Vasco;01 Alimentos y bebidas no alcohólicas;Variación anual;2024M11;3,0
16 País Vasco;01 Alimentos y bebidas no alcohólicas;Variación anual;2024M10;3,1
16 País Vasco;01 Alimentos y bebidas no alcohólicas;Variación anual;2024M09;3,2
16 País Vasco;01 Alimentos y bebidas no alcohólicas;Variación anual;2024M08;3,6
16 País Vasco;01 Alimentos y bebidas no alcohólicas;Variación anual;2024M07;4,3
16 País Vasco;01 Alimentos y bebidas no alcohólicas;Variación anual;2024M06;5,0
16 País Vasco;01 Alimentos y bebidas no alcohólicas;Variación anual;2024M05;5,6
16 País Vasco;01 Alimentos y bebidas no alcohólicas;Variación anual;2024M04;5,4
16 País Vasco;01 Alimentos y bebidas no alcohólicas;Variación anual;2024M03;4,6
16 País Vasco;01 Alimentos y bebidas no alcohólicas;Variación anual;2024M02;5,8
16 País Vasco;01 Alimentos y bebidas no alcohólicas;Variación anual;2024M01;7,0
16 País Vasco;01 Alimentos y bebidas no alcohólicas;Variación en lo que va de año;2024M12;3,6
16 País Vasco;01 Alimentos y bebidas no alcohólicas;Variación en lo que va de año;2024M11;3,3
16 País Vasco;01 Alimentos y bebidas no alcohólicas;Variación en lo que va de año;2024M10;3,1
16 País Vasco;01 Alimentos y bebidas no alcohólicas;Variación en lo que va de año;2024M09;1,8
16 País Vasco;01 Alimentos y bebidas no alcohólicas;Variación en lo que va de año;2024M08;2,2
16 País Vasco;01 Alimentos y bebidas no alcohólicas;Variación en lo que va de año;2024M07;2,4
16 País Vasco;01 Alimentos y bebidas no alcohólicas;Variación en lo que va de año;2024M06;2,3
16 País Vasco;01 Alimentos y bebidas no alcohólicas;Variación en lo que va de año;2024M05;2,6
16 País Vasco;01 Alimentos y bebidas no alcohólicas;Variación en lo que va de año;2024M04;1,9
16 País Vasco;01 Alimentos y bebidas no alcohólicas;Variación en lo que va de año;2024M03;1,3
16 País Vasco;01 Alimentos y bebidas no alcohólicas;Variación en lo que va de año;2024M02;1,3
16 País Vasco;01 Alimentos y bebidas no alcohólicas;Variación en lo que va de año;2024M01;1,0
16 País Vasco;02 Bebidas alcohólicas y tabaco;Índice;2024M12;117,801
16 País Vasco;02 Bebidas alcohólicas y tabaco;Índice;2024M11;117,480
16 País Vasco;02 Bebidas alcohólicas y tabaco;Índice;2024M10;116,966
16 País Vasco;02 Bebidas alcohólicas y tabaco;Índice;2024M09;117,058
16 País Vasco;02 Bebidas alcohólicas y tabaco;Índice;2024M08;115,879
16 País Vasco;02 Bebidas alcohólicas y tabaco;Índice;2024M07;116,836
16 País Vasco;02 Bebidas alcohólicas y tabaco;Índice;2024M06;116,323
16 País Vasco;02 Bebidas alcohólicas y tabaco;Índice;2024M05;116,696
16 País Vasco;02 Bebidas alcohólicas y tabaco;Índice;2024M04;115,837
16 País Vasco;02 Bebidas alcohólicas y tabaco;Índice;2024M03;115,732
16 País Vasco;02 Bebidas alcohólicas y tabaco;Índice;2024M02;116,262
16 País Vasco;02 Bebidas alcohólicas y tabaco;Índice;2024M01;113,894
16 País Vasco;02 Bebidas alcohólicas y tabaco;Variación mensual;2024M12;0,3
16 País Vasco;02 Bebidas alcohólicas y tabaco;Variación mensual;2024M11;0,4
16 País Vasco;02 Bebidas alcohólicas y tabaco;Variación mensual;2024M10;-0,1
16 País Vasco;02 Bebidas alcohólicas y tabaco;Variación mensual;2024M09;1,0
16 País Vasco;02 Bebidas alcohólicas y tabaco;Variación mensual;2024M08;-0,8
16 País Vasco;02 Bebidas alcohólicas y tabaco;Variación mensual;2024M07;0,4
16 País Vasco;02 Bebidas alcohólicas y tabaco;Variación mensual;2024M06;-0,3
16 País Vasco;02 Bebidas alcohólicas y tabaco;Variación mensual;2024M05;0,7
16 País Vasco;02 Bebidas alcohólicas y tabaco;Variación mensual;2024M04;0,1
16 País Vasco;02 Bebidas alcohólicas y tabaco;Variación mensual;2024M03;-0,5
16 País Vasco;02 Bebidas alcohólicas y tabaco;Variación mensual;2024M02;2,1
16 País Vasco;02 Bebidas alcohólicas y tabaco;Variación mensual;2024M01;3,4
16 País Vasco;02 Bebidas alcohólicas y tabaco;Variación anual;2024M12;7,0
16 País Vasco;02 Bebidas alcohólicas y tabaco;Variación anual;2024M11;4,5
16 País Vasco;02 Bebidas alcohólicas y tabaco;Variación anual;2024M10;4,1
16 País Vasco;02 Bebidas alcohólicas y tabaco;Variación anual;2024M09;4,0
16 País Vasco;02 Bebidas alcohólicas y tabaco;Variación anual;2024M08;3,8
16 País Vasco;02 Bebidas alcohólicas y tabaco;Variación anual;2024M07;4,4
16 País Vasco;02 Bebidas alcohólicas y tabaco;Variación anual;2024M06;3,7
16 País Vasco;02 Bebidas alcohólicas y tabaco;Variación anual;2024M05;4,3
16 País Vasco;02 Bebidas alcohólicas y tabaco;Variación anual;2024M04;3,4
16 País Vasco;02 Bebidas alcohólicas y tabaco;Variación anual;2024M03;3,6
16 País Vasco;02 Bebidas alcohólicas y tabaco;Variación anual;2024M02;4,7
16 País Vasco;02 Bebidas alcohólicas y tabaco;Variación anual;2024M01;4,6
16 País Vasco;02 Bebidas alcohólicas y tabaco;Variación en lo que va de año;2024M12;7,0
16 País Vasco;02 Bebidas alcohólicas y tabaco;Variación en lo que va de año;2024M11;6,7
16 País Vasco;02 Bebidas alcohólicas y tabaco;Variación en lo que va de año;2024M10;6,2
16 País Vasco;02 Bebidas alcohólicas y tabaco;Variación en lo que va de año;2024M09;6,3
16 País Vasco;02 Bebidas alcohólicas y tabaco;Variación en lo que va de año;2024M08;5,2
16 País Vasco;02 Bebidas alcohólicas y tabaco;Variación en lo que va de año;2024M07;6,1
16 País Vasco;02 Bebidas alcohólicas y tabaco;Variación en lo que va de año;2024M06;5,6
16 País Vasco;02 Bebidas alcohólicas y tabaco;Variación en lo que va de año;2024M05;6,0
16 País Vasco;02 Bebidas alcohólicas y tabaco;Variación en lo que va de año;2024M04;5,2
16 País Vasco;02 Bebidas alcohólicas y tabaco;Variación en lo que va de año;2024M03;5,1
16 País Vasco;02 Bebidas alcohólicas y tabaco;Variación en lo que va de año;2024M02;5,6
16 País Vasco;02 Bebidas alcohólicas y tabaco;Variación en lo que va de año;2024M01;3,4
16 País Vasco;03 Vestido y calzado;Índice;2024M12;114,575
16 País Vasco;03 Vestido y calzado;Índice;2024M11;114,703
16 País Vasco;03 Vestido y calzado;Índice;2024M10;111,426
16 País Vasco;03 Vestido y calzado;Índice;2024M09;101,962
16 País Vasco;03 Vestido y calzado;Índice;2024M08;98,774
16 País Vasco;03 Vestido y calzado;Índice;2024M07;99,243
16 País Vasco;03 Vestido y calzado;Índice;2024M06;110,511
16 País Vasco;03 Vestido y calzado;Índice;2024M05;111,495
16 País Vasco;03 Vestido y calzado;Índice;2024M04;110,282
16 País Vasco;03 Vestido y calzado;Índice;2024M03;102,595
16 País Vasco;03 Vestido y calzado;Índice;2024M02;97,425
16 País Vasco;03 Vestido y calzado;Índice;2024M01;98,504
16 País Vasco;03 Vestido y calzado;Variación mensual;2024M12;-0,1
16 País Vasco;03 Vestido y calzado;Variación mensual;2024M11;2,9
16 País Vasco;03 Vestido y calzado;Variación mensual;2024M10;9,3
16 País Vasco;03 Vestido y calzado;Variación mensual;2024M09;3,2
16 País Vasco;03 Vestido y calzado;Variación mensual;2024M08;-0,5
16 País Vasco;03 Vestido y calzado;Variación mensual;2024M07;-10,2
16 País Vasco;03 Vestido y calzado;Variación mensual;2024M06;-0,9
16 País Vasco;03 Vestido y calzado;Variación mensual;2024M05;1,1
16 País Vasco;03 Vestido y calzado;Variación mensual;2024M04;7,5
16 País Vasco;03 Vestido y calzado;Variación mensual;2024M03;5,3
16 País Vasco;03 Vestido y calzado;Variación mensual;2024M02;-1,1
16 País Vasco;03 Vestido y calzado;Variación mensual;2024M01;-12,8
16 País Vasco;03 Vestido y calzado;Variación anual;2024M12;1,5
16 País Vasco;03 Vestido y calzado;Variación anual;2024M11;0,9
16 País Vasco;03 Vestido y calzado;Variación anual;2024M10;0,1
16 País Vasco;03 Vestido y calzado;Variación anual;2024M09;-0,3
16 País Vasco;03 Vestido y calzado;Variación anual;2024M08;1,9
16 País Vasco;03 Vestido y calzado;Variación anual;2024M07;1,6
16 País Vasco;03 Vestido y calzado;Variación anual;2024M06;0,8
16 País Vasco;03 Vestido y calzado;Variación anual;2024M05;0,4
16 País Vasco;03 Vestido y calzado;Variación anual;2024M04;1,7
16 País Vasco;03 Vestido y calzado;Variación anual;2024M03;1,0
16 País Vasco;03 Vestido y calzado;Variación anual;2024M02;1,4
16 País Vasco;03 Vestido y calzado;Variación anual;2024M01;1,8
16 País Vasco;03 Vestido y calzado;Variación en lo que va de año;2024M12;1,5
16 País Vasco;03 Vestido y calzado;Variación en lo que va de año;2024M11;1,6
16 País Vasco;03 Vestido y calzado;Variación en lo que va de año;2024M10;-1,3
16 País Vasco;03 Vestido y calzado;Variación en lo que va de año;2024M09;-9,7
16 País Vasco;03 Vestido y calzado;Variación en lo que va de año;2024M08;-12,5
16 País Vasco;03 Vestido y calzado;Variación en lo que va de año;2024M07;-12,1
16 País Vasco;03 Vestido y calzado;Variación en lo que va de año;2024M06;-2,1
16 País Vasco;03 Vestido y calzado;Variación en lo que va de año;2024M05;-1,3
16 País Vasco;03 Vestido y calzado;Variación en lo que va de año;2024M04;-2,3
16 País Vasco;03 Vestido y calzado;Variación en lo que va de año;2024M03;-9,2
16 País Vasco;03 Vestido y calzado;Variación en lo que va de año;2024M02;-13,7
16 País Vasco;03 Vestido y calzado;Variación en lo que va de año;2024M01;-12,8
16 País Vasco;04 Vivienda, agua, electricidad, gas y otros combustibles;Índice;2024M12;108,261
16 País Vasco;04 Vivienda, agua, electricidad, gas y otros combustibles;Índice;2024M11;107,694
16 País Vasco;04 Vivienda, agua, electricidad, gas y otros combustibles;Índice;2024M10;105,720
16 País Vasco;04 Vivienda, agua, electricidad, gas y otros combustibles;Índice;2024M09;104,993
16 País Vasco;04 Vivienda, agua, electricidad, gas y otros combustibles;Índice;2024M08;105,766
16 País Vasco;04 Vivienda, agua, electricidad, gas y otros combustibles;Índice;2024M07;105,050
16 País Vasco;04 Vivienda, agua, electricidad, gas y otros combustibles;Índice;2024M06;107,285
16 País Vasco;04 Vivienda, agua, electricidad, gas y otros combustibles;Índice;2024M05;106,461
16 País Vasco;04 Vivienda, agua, electricidad, gas y otros combustibles;Índice;2024M04;105,543
16 País Vasco;04 Vivienda, agua, electricidad, gas y otros combustibles;Índice;2024M03;104,810
16 País Vasco;04 Vivienda, agua, electricidad, gas y otros combustibles;Índice;2024M02;102,562
16 País Vasco;04 Vivienda, agua, electricidad, gas y otros combustibles;Índice;2024M01;104,288
16 País Vasco;04 Vivienda, agua, electricidad, gas y otros combustibles;Variación mensual;2024M12;0,5
16 País Vasco;04 Vivienda, agua, electricidad, gas y otros combustibles;Variación mensual;2024M11;1,9
16 País Vasco;04 Vivienda, agua, electricidad, gas y otros combustibles;Variación mensual;2024M10;0,7
16 País Vasco;04 Vivienda, agua, electricidad, gas y otros combustibles;Variación mensual;2024M09;-0,7
16 País Vasco;04 Vivienda, agua, electricidad, gas y otros combustibles;Variación mensual;2024M08;0,7
16 País Vasco;04 Vivienda, agua, electricidad, gas y otros combustibles;Variación mensual;2024M07;-2,1
16 País Vasco;04 Vivienda, agua, electricidad, gas y otros combustibles;Variación mensual;2024M06;0,8
16 País Vasco;04 Vivienda, agua, electricidad, gas y otros combustibles;Variación mensual;2024M05;0,9
16 País Vasco;04 Vivienda, agua, electricidad, gas y otros combustibles;Variación mensual;2024M04;0,7
16 País Vasco;04 Vivienda, agua, electricidad, gas y otros combustibles;Variación mensual;2024M03;2,2
16 País Vasco;04 Vivienda, agua, electricidad, gas y otros combustibles;Variación mensual;2024M02;-1,7
16 País Vasco;04 Vivienda, agua, electricidad, gas y otros combustibles;Variación mensual;2024M01;4,3
16 País Vasco;04 Vivienda, agua, electricidad, gas y otros combustibles;Variación anual;2024M12;8,3
16 País Vasco;04 Vivienda, agua, electricidad, gas y otros combustibles;Variación anual;2024M11;8,3
16 País Vasco;04 Vivienda, agua, electricidad, gas y otros combustibles;Variación anual;2024M10;4,7
16 País Vasco;04 Vivienda, agua, electricidad, gas y otros combustibles;Variación anual;2024M09;3,1
16 País Vasco;04 Vivienda, agua, electricidad, gas y otros combustibles;Variación anual;2024M08;4,2
16 País Vasco;04 Vivienda, agua, electricidad, gas y otros combustibles;Variación anual;2024M07;3,1
16 País Vasco;04 Vivienda, agua, electricidad, gas y otros combustibles;Variación anual;2024M06;5,1
16 País Vasco;04 Vivienda, agua, electricidad, gas y otros combustibles;Variación anual;2024M05;5,3
16 País Vasco;04 Vivienda, agua, electricidad, gas y otros combustibles;Variación anual;2024M04;4,0
16 País Vasco;04 Vivienda, agua, electricidad, gas y otros combustibles;Variación anual;2024M03;1,0
16 País Vasco;04 Vivienda, agua, electricidad, gas y otros combustibles;Variación anual;2024M02;-3,5
16 País Vasco;04 Vivienda, agua, electricidad, gas y otros combustibles;Variación anual;2024M01;1,5
16 País Vasco;04 Vivienda, agua, electricidad, gas y otros combustibles;Variación en lo que va de año;2024M12;8,3
16 País Vasco;04 Vivienda, agua, electricidad, gas y otros combustibles;Variación en lo que va de año;2024M11;7,7
16 País Vasco;04 Vivienda, agua, electricidad, gas y otros combustibles;Variación en lo que va de año;2024M10;5,8
16 País Vasco;04 Vivienda, agua, electricidad, gas y otros combustibles;Variación en lo que va de año;2024M09;5,0
16 País Vasco;04 Vivienda, agua, electricidad, gas y otros combustibles;Variación en lo que va de año;2024M08;5,8
16 País Vasco;04 Vivienda, agua, electricidad, gas y otros combustibles;Variación en lo que va de año;2024M07;5,1
16 País Vasco;04 Vivienda, agua, electricidad, gas y otros combustibles;Variación en lo que va de año;2024M06;7,3
16 País Vasco;04 Vivienda, agua, electricidad, gas y otros combustibles;Variación en lo que va de año;2024M05;6,5
16 País Vasco;04 Vivienda, agua, electricidad, gas y otros combustibles;Variación en lo que va de año;2024M04;5,6
16 País Vasco;04 Vivienda, agua, electricidad, gas y otros combustibles;Variación en lo que va de año;2024M03;4,9
16 País Vasco;04 Vivienda, agua, electricidad, gas y otros combustibles;Variación en lo que va de año;2024M02;2,6
16 País Vasco;04 Vivienda, agua, electricidad, gas y otros combustibles;Variación en lo que va de año;2024M01;4,3
16 País Vasco;05 Muebles, artículos del hogar y artículos para el mantenimiento corriente del hogar;Índice;2024M12;115,624
16 País Vasco;05 Muebles, artículos del hogar y artículos para el mantenimiento corriente del hogar;Índice;2024M11;115,363
16 País Vasco;05 Muebles, artículos del hogar y artículos para el mantenimiento corriente del hogar;Índice;2024M10;115,364
16 País Vasco;05 Muebles, artículos del hogar y artículos para el mantenimiento corriente del hogar;Índice;2024M09;114,755
16 País Vasco;05 Muebles, artículos del hogar y artículos para el mantenimiento corriente del hogar;Índice;2024M08;114,698
16 País Vasco;05 Muebles, artículos del hogar y artículos para el mantenimiento corriente del hogar;Índice;2024M07;114,442
16 País Vasco;05 Muebles, artículos del hogar y artículos para el mantenimiento corriente del hogar;Índice;2024M06;114,748
16 País Vasco;05 Muebles, artículos del hogar y artículos para el mantenimiento corriente del hogar;Índice;2024M05;114,912
16 País Vasco;05 Muebles, artículos del hogar y artículos para el mantenimiento corriente del hogar;Índice;2024M04;114,755
16 País Vasco;05 Muebles, artículos del hogar y artículos para el mantenimiento corriente del hogar;Índice;2024M03;114,486
16 País Vasco;05 Muebles, artículos del hogar y artículos para el mantenimiento corriente del hogar;Índice;2024M02;114,337
16 País Vasco;05 Muebles, artículos del hogar y artículos para el mantenimiento corriente del hogar;Índice;2024M01;113,358
16 País Vasco;05 Muebles, artículos del hogar y artículos para el mantenimiento corriente del hogar;Variación mensual;2024M12;0,2
16 País Vasco;05 Muebles, artículos del hogar y artículos para el mantenimiento corriente del hogar;Variación mensual;2024M11;0,0
16 País Vasco;05 Muebles, artículos del hogar y artículos para el mantenimiento corriente del hogar;Variación mensual;2024M10;0,5
16 País Vasco;05 Muebles, artículos del hogar y artículos para el mantenimiento corriente del hogar;Variación mensual;2024M09;0,0
16 País Vasco;05 Muebles, artículos del hogar y artículos para el mantenimiento corriente del hogar;Variación mensual;2024M08;0,2
16 País Vasco;05 Muebles, artículos del hogar y artículos para el mantenimiento corriente del hogar;Variación mensual;2024M07;-0,3
16 País Vasco;05 Muebles, artículos del hogar y artículos para el mantenimiento corriente del hogar;Variación mensual;2024M06;-0,1
16 País Vasco;05 Muebles, artículos del hogar y artículos para el mantenimiento corriente del hogar;Variación mensual;2024M05;0,1
16 País Vasco;05 Muebles, artículos del hogar y artículos para el mantenimiento corriente del hogar;Variación mensual;2024M04;0,2
16 País Vasco;05 Muebles, artículos del hogar y artículos para el mantenimiento corriente del hogar;Variación mensual;2024M03;0,1
16 País Vasco;05 Muebles, artículos del hogar y artículos para el mantenimiento corriente del hogar;Variación mensual;2024M02;0,9
16 País Vasco;05 Muebles, artículos del hogar y artículos para el mantenimiento corriente del hogar;Variación mensual;2024M01;-0,6
16 País Vasco;05 Muebles, artículos del hogar y artículos para el mantenimiento corriente del hogar;Variación anual;2024M12;1,4
16 País Vasco;05 Muebles, artículos del hogar y artículos para el mantenimiento corriente del hogar;Variación anual;2024M11;1,2
16 País Vasco;05 Muebles, artículos del hogar y artículos para el mantenimiento corriente del hogar;Variación anual;2024M10;1,3
16 País Vasco;05 Muebles, artículos del hogar y artículos para el mantenimiento corriente del hogar;Variación anual;2024M09;1,1
16 País Vasco;05 Muebles, artículos del hogar y artículos para el mantenimiento corriente del hogar;Variación anual;2024M08;1,6
16 País Vasco;05 Muebles, artículos del hogar y artículos para el mantenimiento corriente del hogar;Variación anual;2024M07;1,3
16 País Vasco;05 Muebles, artículos del hogar y artículos para el mantenimiento corriente del hogar;Variación anual;2024M06;0,6
16 País Vasco;05 Muebles, artículos del hogar y artículos para el mantenimiento corriente del hogar;Variación anual;2024M05;1,3
16 País Vasco;05 Muebles, artículos del hogar y artículos para el mantenimiento corriente del hogar;Variación anual;2024M04;1,5
16 País Vasco;05 Muebles, artículos del hogar y artículos para el mantenimiento corriente del hogar;Variación anual;2024M03;2,0
16 País Vasco;05 Muebles, artículos del hogar y artículos para el mantenimiento corriente del hogar;Variación anual;2024M02;2,4
16 País Vasco;05 Muebles, artículos del hogar y artículos para el mantenimiento corriente del hogar;Variación anual;2024M01;2,4
16 País Vasco;05 Muebles, artículos del hogar y artículos para el mantenimiento corriente del hogar;Variación en lo que va de año;2024M12;1,4
16 País Vasco;05 Muebles, artículos del hogar y artículos para el mantenimiento corriente del hogar;Variación en lo que va de año;2024M11;1,2
16 País Vasco;05 Muebles, artículos del hogar y artículos para el mantenimiento corriente del hogar;Variación en lo que va de año;2024M10;1,2
16 País Vasco;05 Muebles, artículos del hogar y artículos para el mantenimiento corriente del hogar;Variación en lo que va de año;2024M09;0,7
16 País Vasco;05 Muebles, artículos del hogar y artículos para el mantenimiento corriente del hogar;Variación en lo que va de año;2024M08;0,6
16 País Vasco;05 Muebles, artículos del hogar y artículos para el mantenimiento corriente del hogar;Variación en lo que va de año;2024M07;0,4
16 País Vasco;05 Muebles, artículos del hogar y artículos para el mantenimiento corriente del hogar;Variación en lo que va de año;2024M06;0,7
16 País Vasco;05 Muebles, artículos del hogar y artículos para el mantenimiento corriente del hogar;Variación en lo que va de año;2024M05;0,8
16 País Vasco;05 Muebles, artículos del hogar y artículos para el mantenimiento corriente del hogar;Variación en lo que va de año;2024M04;0,7
16 País Vasco;05 Muebles, artículos del hogar y artículos para el mantenimiento corriente del hogar;Variación en lo que va de año;2024M03;0,4
16 País Vasco;05 Muebles, artículos del hogar y artículos para el mantenimiento corriente del hogar;Variación en lo que va de año;2024M02;0,3
16 País Vasco;05 Muebles, artículos del hogar y artículos para el mantenimiento corriente del hogar;Variación en lo que va de año;2024M01;-0,6
16 País Vasco;06 Sanidad;Índice;2024M12;106,375
16 País Vasco;06 Sanidad;Índice;2024M11;106,351
16 País Vasco;06 Sanidad;Índice;2024M10;106,019
16 País Vasco;06 Sanidad;Índice;2024M09;106,105
16 País Vasco;06 Sanidad;Índice;2024M08;106,072
16 País Vasco;06 Sanidad;Índice;2024M07;105,783
16 País Vasco;06 Sanidad;Índice;2024M06;105,686
16 País Vasco;06 Sanidad;Índice;2024M05;105,804
16 País Vasco;06 Sanidad;Índice;2024M04;106,159
16 País Vasco;06 Sanidad;Índice;2024M03;105,476
16 País Vasco;06 Sanidad;Índice;2024M02;104,976
16 País Vasco;06 Sanidad;Índice;2024M01;104,242
16 País Vasco;06 Sanidad;Variación mensual;2024M12;0,0
16 País Vasco;06 Sanidad;Variación mensual;2024M11;0,3
16 País Vasco;06 Sanidad;Variación mensual;2024M10;-0,1
16 País Vasco;06 Sanidad;Variación mensual;2024M09;0,0
16 País Vasco;06 Sanidad;Variación mensual;2024M08;0,3
16 País Vasco;06 Sanidad;Variación mensual;2024M07;0,1
16 País Vasco;06 Sanidad;Variación mensual;2024M06;-0,1
16 País Vasco;06 Sanidad;Variación mensual;2024M05;-0,3
16 País Vasco;06 Sanidad;Variación mensual;2024M04;0,6
16 País Vasco;06 Sanidad;Variación mensual;2024M03;0,5
16 País Vasco;06 Sanidad;Variación mensual;2024M02;0,7
16 País Vasco;06 Sanidad;Variación mensual;2024M01;0,3
16 País Vasco;06 Sanidad;Variación anual;2024M12;2,4
16 País Vasco;06 Sanidad;Variación anual;2024M11;2,8
16 País Vasco;06 Sanidad;Variación anual;2024M10;2,5
16 País Vasco;06 Sanidad;Variación anual;2024M09;3,0
16 País Vasco;06 Sanidad;Variación anual;2024M08;2,8
16 País Vasco;06 Sanidad;Variación anual;2024M07;2,5
16 País Vasco;06 Sanidad;Variación anual;2024M06;2,6
16 País Vasco;06 Sanidad;Variación anual;2024M05;2,7
16 País Vasco;06 Sanidad;Variación anual;2024M04;3,4
16 País Vasco;06 Sanidad;Variación anual;2024M03;2,9
16 País Vasco;06 Sanidad;Variación anual;2024M02;2,8
16 País Vasco;06 Sanidad;Variación anual;2024M01;2,4
16 País Vasco;06 Sanidad;Variación en lo que va de año;2024M12;2,4
16 País Vasco;06 Sanidad;Variación en lo que va de año;2024M11;2,3
16 País Vasco;06 Sanidad;Variación en lo que va de año;2024M10;2,0
16 País Vasco;06 Sanidad;Variación en lo que va de año;2024M09;2,1
16 País Vasco;06 Sanidad;Variación en lo que va de año;2024M08;2,1
16 País Vasco;06 Sanidad;Variación en lo que va de año;2024M07;1,8
16 País Vasco;06 Sanidad;Variación en lo que va de año;2024M06;1,7
16 País Vasco;06 Sanidad;Variación en lo que va de año;2024M05;1,8
16 País Vasco;06 Sanidad;Variación en lo que va de año;2024M04;2,2
16 País Vasco;06 Sanidad;Variación en lo que va de año;2024M03;1,5
16 País Vasco;06 Sanidad;Variación en lo que va de año;2024M02;1,0
16 País Vasco;06 Sanidad;Variación en lo que va de año;2024M01;0,3
16 País Vasco;07 Transporte;Índice;2024M12;111,908
16 País Vasco;07 Transporte;Índice;2024M11;111,556
16 País Vasco;07 Transporte;Índice;2024M10;110,982
16 País Vasco;07 Transporte;Índice;2024M09;110,703
16 País Vasco;07 Transporte;Índice;2024M08;112,468
16 País Vasco;07 Transporte;Índice;2024M07;113,334
16 País Vasco;07 Transporte;Índice;2024M06;113,035
16 País Vasco;07 Transporte;Índice;2024M05;113,496
16 País Vasco;07 Transporte;Índice;2024M04;114,191
16 País Vasco;07 Transporte;Índice;2024M03;113,531
16 País Vasco;07 Transporte;Índice;2024M02;114,218
16 País Vasco;07 Transporte;Índice;2024M01;111,200
16 País Vasco;07 Transporte;Variación mensual;2024M12;0,3
16 País Vasco;07 Transporte;Variación mensual;2024M11;0,5
16 País Vasco;07 Transporte;Variación mensual;2024M10;0,3
16 País Vasco;07 Transporte;Variación mensual;2024M09;-1,6
16 País Vasco;07 Transporte;Variación mensual;2024M08;-0,8
16 País Vasco;07 Transporte;Variación mensual;2024M07;0,3
16 País Vasco;07 Transporte;Variación mensual;2024M06;-0,4
16 País Vasco;07 Transporte;Variación mensual;2024M05;-0,6
16 País Vasco;07 Transporte;Variación mensual;2024M04;0,6
16 País Vasco;07 Transporte;Variación mensual;2024M03;-0,6
16 País Vasco;07 Transporte;Variación mensual;2024M02;2,7
16 País Vasco;07 Transporte;Variación mensual;2024M01;0,2
16 País Vasco;07 Transporte;Variación anual;2024M12;0,9
16 País Vasco;07 Transporte;Variación anual;2024M11;-0,7
16 País Vasco;07 Transporte;Variación anual;2024M10;-2,6
16 País Vasco;07 Transporte;Variación anual;2024M09;-3,7
16 País Vasco;07 Transporte;Variación anual;2024M08;-1,1
16 País Vasco;07 Transporte;Variación anual;2024M07;2,3
16 País Vasco;07 Transporte;Variación anual;2024M06;2,7
16 País Vasco;07 Transporte;Variación anual;2024M05;3,9
16 País Vasco;07 Transporte;Variación anual;2024M04;2,9
16 País Vasco;07 Transporte;Variación anual;2024M03;2,9
16 País Vasco;07 Transporte;Variación anual;2024M02;3,5
16 País Vasco;07 Transporte;Variación anual;2024M01;0,1
16 País Vasco;07 Transporte;Variación en lo que va de año;2024M12;0,9
16 País Vasco;07 Transporte;Variación en lo que va de año;2024M11;0,6
16 País Vasco;07 Transporte;Variación en lo que va de año;2024M10;0,1
16 País Vasco;07 Transporte;Variación en lo que va de año;2024M09;-0,2
16 País Vasco;07 Transporte;Variación en lo que va de año;2024M08;1,4
16 País Vasco;07 Transporte;Variación en lo que va de año;2024M07;2,2
16 País Vasco;07 Transporte;Variación en lo que va de año;2024M06;1,9
16 País Vasco;07 Transporte;Variación en lo que va de año;2024M05;2,3
16 País Vasco;07 Transporte;Variación en lo que va de año;2024M04;2,9
16 País Vasco;07 Transporte;Variación en lo que va de año;2024M03;2,4
16 País Vasco;07 Transporte;Variación en lo que va de año;2024M02;3,0
16 País Vasco;07 Transporte;Variación en lo que va de año;2024M01;0,2
16 País Vasco;08 Comunicaciones;Índice;2024M12;100,913
16 País Vasco;08 Comunicaciones;Índice;2024M11;100,930
16 País Vasco;08 Comunicaciones;Índice;2024M10;100,931
16 País Vasco;08 Comunicaciones;Índice;2024M09;101,896
16 País Vasco;08 Comunicaciones;Índice;2024M08;101,981
16 País Vasco;08 Comunicaciones;Índice;2024M07;102,061
16 País Vasco;08 Comunicaciones;Índice;2024M06;102,528
16 País Vasco;08 Comunicaciones;Índice;2024M05;102,507
16 País Vasco;08 Comunicaciones;Índice;2024M04;102,600
16 País Vasco;08 Comunicaciones;Índice;2024M03;102,487
16 País Vasco;08 Comunicaciones;Índice;2024M02;102,574
16 País Vasco;08 Comunicaciones;Índice;2024M01;102,650
16 País Vasco;08 Comunicaciones;Variación mensual;2024M12;0,0
16 País Vasco;08 Comunicaciones;Variación mensual;2024M11;0,0
16 País Vasco;08 Comunicaciones;Variación mensual;2024M10;-0,9
16 País Vasco;08 Comunicaciones;Variación mensual;2024M09;-0,1
16 País Vasco;08 Comunicaciones;Variación mensual;2024M08;-0,1
16 País Vasco;08 Comunicaciones;Variación mensual;2024M07;-0,5
16 País Vasco;08 Comunicaciones;Variación mensual;2024M06;0,0
16 País Vasco;08 Comunicaciones;Variación mensual;2024M05;-0,1
16 País Vasco;08 Comunicaciones;Variación mensual;2024M04;0,1
16 País Vasco;08 Comunicaciones;Variación mensual;2024M03;-0,1
16 País Vasco;08 Comunicaciones;Variación mensual;2024M02;-0,1
16 País Vasco;08 Comunicaciones;Variación mensual;2024M01;1,9
16 País Vasco;08 Comunicaciones;Variación anual;2024M12;0,2
16 País Vasco;08 Comunicaciones;Variación anual;2024M11;0,1
16 País Vasco;08 Comunicaciones;Variación anual;2024M10;0,0
16 País Vasco;08 Comunicaciones;Variación anual;2024M09;-0,2
16 País Vasco;08 Comunicaciones;Variación anual;2024M08;-0,2
16 País Vasco;08 Comunicaciones;Variación anual;2024M07;-0,1
16 País Vasco;08 Comunicaciones;Variación anual;2024M06;0,2
16 País Vasco;08 Comunicaciones;Variación anual;2024M05;-0,1
16 País Vasco;08 Comunicaciones;Variación anual;2024M04;-0,1
16 País Vasco;08 Comunicaciones;Variación anual;2024M03;0,5
16 País Vasco;08 Comunicaciones;Variación anual;2024M02;0,4
16 País Vasco;08 Comunicaciones;Variación anual;2024M01;0,6
16 País Vasco;08 Comunicaciones;Variación en lo que va de año;2024M12;0,2
16 País Vasco;08 Comunicaciones;Variación en lo que va de año;2024M11;0,2
16 País Vasco;08 Comunicaciones;Variación en lo que va de año;2024M10;0,2
16 País Vasco;08 Comunicaciones;Variación en lo que va de año;2024M09;1,2
16 País Vasco;08 Comunicaciones;Variación en lo que va de año;2024M08;1,3
16 País Vasco;08 Comunicaciones;Variación en lo que va de año;2024M07;1,3
16 País Vasco;08 Comunicaciones;Variación en lo que va de año;2024M06;1,8
16 País Vasco;08 Comunicaciones;Variación en lo que va de año;2024M05;1,8
16 País Vasco;08 Comunicaciones;Variación en lo que va de año;2024M04;1,9
16 País Vasco;08 Comunicaciones;Variación en lo que va de año;2024M03;1,8
16 País Vasco;08 Comunicaciones;Variación en lo que va de año;2024M02;1,8
16 País Vasco;08 Comunicaciones;Variación en lo que va de año;2024M01;1,9
16 País Vasco;09 Ocio y cultura;Índice;2024M12;113,582
16 País Vasco;09 Ocio y cultura;Índice;2024M11;108,757
16 País Vasco;09 Ocio y cultura;Índice;2024M10;110,328
16 País Vasco;09 Ocio y cultura;Índice;2024M09;110,809
16 País Vasco;09 Ocio y cultura;Índice;2024M08;115,874
16 País Vasco;09 Ocio y cultura;Índice;2024M07;113,774
16 País Vasco;09 Ocio y cultura;Índice;2024M06;112,050
16 País Vasco;09 Ocio y cultura;Índice;2024M05;109,325
16 País Vasco;09 Ocio y cultura;Índice;2024M04;108,914
16 País Vasco;09 Ocio y cultura;Índice;2024M03;109,649
16 País Vasco;09 Ocio y cultura;Índice;2024M02;107,553
16 País Vasco;09 Ocio y cultura;Índice;2024M01;106,366
16 País Vasco;09 Ocio y cultura;Variación mensual;2024M12;4,4
16 País Vasco;09 Ocio y cultura;Variación mensual;2024M11;-1,4
16 País Vasco;09 Ocio y cultura;Variación mensual;2024M10;-0,4
16 País Vasco;09 Ocio y cultura;Variación mensual;2024M09;-4,4
16 País Vasco;09 Ocio y cultura;Variación mensual;2024M08;1,8
16 País Vasco;09 Ocio y cultura;Variación mensual;2024M07;1,5
16 País Vasco;09 Ocio y cultura;Variación mensual;2024M06;2,5
16 País Vasco;09 Ocio y cultura;Variación mensual;2024M05;0,4
16 País Vasco;09 Ocio y cultura;Variación mensual;2024M04;-0,7
16 País Vasco;09 Ocio y cultura;Variación mensual;2024M03;1,9
16 País Vasco;09 Ocio y cultura;Variación mensual;2024M02;1,1
16 País Vasco;09 Ocio y cultura;Variación mensual;2024M01;-2,3
16 País Vasco;09 Ocio y cultura;Variación anual;2024M12;4,4
16 País Vasco;09 Ocio y cultura;Variación anual;2024M11;2,4
16 País Vasco;09 Ocio y cultura;Variación anual;2024M10;2,5
16 País Vasco;09 Ocio y cultura;Variación anual;2024M09;1,1
16 País Vasco;09 Ocio y cultura;Variación anual;2024M08;1,4
16 País Vasco;09 Ocio y cultura;Variación anual;2024M07;0,7
16 País Vasco;09 Ocio y cultura;Variación anual;2024M06;2,5
16 País Vasco;09 Ocio y cultura;Variación anual;2024M05;2,4
16 País Vasco;09 Ocio y cultura;Variación anual;2024M04;2,0
16 País Vasco;09 Ocio y cultura;Variación anual;2024M03;3,9
16 País Vasco;09 Ocio y cultura;Variación anual;2024M02;3,0
16 País Vasco;09 Ocio y cultura;Variación anual;2024M01;3,0
16 País Vasco;09 Ocio y cultura;Variación en lo que va de año;2024M12;4,4
16 País Vasco;09 Ocio y cultura;Variación en lo que va de año;2024M11;-0,1
16 País Vasco;09 Ocio y cultura;Variación en lo que va de año;2024M10;1,4
16 País Vasco;09 Ocio y cultura;Variación en lo que va de año;2024M09;1,8
16 País Vasco;09 Ocio y cultura;Variación en lo que va de año;2024M08;6,5
16 País Vasco;09 Ocio y cultura;Variación en lo que va de año;2024M07;4,5
16 País Vasco;09 Ocio y cultura;Variación en lo que va de año;2024M06;3,0
16 País Vasco;09 Ocio y cultura;Variación en lo que va de año;2024M05;0,5
16 País Vasco;09 Ocio y cultura;Variación en lo que va de año;2024M04;0,1
16 País Vasco;09 Ocio y cultura;Variación en lo que va de año;2024M03;0,8
16 País Vasco;09 Ocio y cultura;Variación en lo que va de año;2024M02;-1,2
16 País Vasco;09 Ocio y cultura;Variación en lo que va de año;2024M01;-2,3
16 País Vasco;10 Enseñanza;Índice;2024M12;107,721
16 País Vasco;10 Enseñanza;Índice;2024M11;107,721
16 País Vasco;10 Enseñanza;Índice;2024M10;107,700
16 País Vasco;10 Enseñanza;Índice;2024M09;106,189
16 País Vasco;10 Enseñanza;Índice;2024M08;105,096
16 País Vasco;10 Enseñanza;Índice;2024M07;105,054
16 País Vasco;10 Enseñanza;Índice;2024M06;105,322
16 País Vasco;10 Enseñanza;Índice;2024M05;105,322
16 País Vasco;10 Enseñanza;Índice;2024M04;105,322
16 País Vasco;10 Enseñanza;Índice;2024M03;105,309
16 País Vasco;10 Enseñanza;Índice;2024M02;105,260
16 País Vasco;10 Enseñanza;Índice;2024M01;105,246
16 País Vasco;10 Enseñanza;Variación mensual;2024M12;0,0
16 País Vasco;10 Enseñanza;Variación mensual;2024M11;0,0
16 País Vasco;10 Enseñanza;Variación mensual;2024M10;1,4
16 País Vasco;10 Enseñanza;Variación mensual;2024M09;1,0
16 País Vasco;10 Enseñanza;Variación mensual;2024M08;0,0
16 País Vasco;10 Enseñanza;Variación mensual;2024M07;-0,3
16 País Vasco;10 Enseñanza;Variación mensual;2024M06;0,0
16 País Vasco;10 Enseñanza;Variación mensual;2024M05;0,0
16 País Vasco;10 Enseñanza;Variación mensual;2024M04;0,0
16 País Vasco;10 Enseñanza;Variación mensual;2024M03;0,0
16 País Vasco;10 Enseñanza;Variación mensual;2024M02;0,0
16 País Vasco;10 Enseñanza;Variación mensual;2024M01;0,1
16 País Vasco;10 Enseñanza;Variación anual;2024M12;2,4
16 País Vasco;10 Enseñanza;Variación anual;2024M11;2,4
16 País Vasco;10 Enseñanza;Variación anual;2024M10;2,8
16 País Vasco;10 Enseñanza;Variación anual;2024M09;2,7
16 País Vasco;10 Enseñanza;Variación anual;2024M08;2,0
16 País Vasco;10 Enseñanza;Variación anual;2024M07;2,0
16 País Vasco;10 Enseñanza;Variación anual;2024M06;2,2
16 País Vasco;10 Enseñanza;Variación anual;2024M05;2,2
16 País Vasco;10 Enseñanza;Variación anual;2024M04;2,2
16 País Vasco;10 Enseñanza;Variación anual;2024M03;2,2
16 País Vasco;10 Enseñanza;Variación anual;2024M02;2,2
16 País Vasco;10 Enseñanza;Variación anual;2024M01;2,2
16 País Vasco;10 Enseñanza;Variación en lo que va de año;2024M12;2,4
16 País Vasco;10 Enseñanza;Variación en lo que va de año;2024M11;2,4
16 País Vasco;10 Enseñanza;Variación en lo que va de año;2024M10;2,4
16 País Vasco;10 Enseñanza;Variación en lo que va de año;2024M09;1,0
16 País Vasco;10 Enseñanza;Variación en lo que va de año;2024M08;-0,1
16 País Vasco;10 Enseñanza;Variación en lo que va de año;2024M07;-0,1
16 País Vasco;10 Enseñanza;Variación en lo que va de año;2024M06;0,1
16 País Vasco;10 Enseñanza;Variación en lo que va de año;2024M05;0,1
16 País Vasco;10 Enseñanza;Variación en lo que va de año;2024M04;0,1
16 País Vasco;10 Enseñanza;Variación en lo que va de año;2024M03;0,1
16 País Vasco;10 Enseñanza;Variación en lo que va de año;2024M02;0,1
16 País Vasco;10 Enseñanza;Variación en lo que va de año;2024M01;0,1
16 País Vasco;11 Restaurantes y hoteles;Índice;2024M12;117,646
16 País Vasco;11 Restaurantes y hoteles;Índice;2024M11;118,009
16 País Vasco;11 Restaurantes y hoteles;Índice;2024M10;118,901
16 País Vasco;11 Restaurantes y hoteles;Índice;2024M09;119,356
16 País Vasco;11 Restaurantes y hoteles;Índice;2024M08;120,127
16 País Vasco;11 Restaurantes y hoteles;Índice;2024M07;119,627
16 País Vasco;11 Restaurantes y hoteles;Índice;2024M06;118,437
16 País Vasco;11 Restaurantes y hoteles;Índice;2024M05;117,783
16 País Vasco;11 Restaurantes y hoteles;Índice;2024M04;116,506
16 País Vasco;11 Restaurantes y hoteles;Índice;2024M03;114,773
16 País Vasco;11 Restaurantes y hoteles;Índice;2024M02;114,055
16 País Vasco;11 Restaurantes y hoteles;Índice;2024M01;113,019
16 País Vasco;11 Restaurantes y hoteles;Variación mensual;2024M12;-0,3
16 País Vasco;11 Restaurantes y hoteles;Variación mensual;2024M11;-0,8
16 País Vasco;11 Restaurantes y hoteles;Variación mensual;2024M10;-0,4
16 País Vasco;11 Restaurantes y hoteles;Variación mensual;2024M09;-0,6
16 País Vasco;11 Restaurantes y hoteles;Variación mensual;2024M08;0,4
16 País Vasco;11 Restaurantes y hoteles;Variación mensual;2024M07;1,0
16 País Vasco;11 Restaurantes y hoteles;Variación mensual;2024M06;0,6
16 País Vasco;11 Restaurantes y hoteles;Variación mensual;2024M05;1,1
16 País Vasco;11 Restaurantes y hoteles;Variación mensual;2024M04;1,5
16 País Vasco;11 Restaurantes y hoteles;Variación mensual;2024M03;0,6
16 País Vasco;11 Restaurantes y hoteles;Variación mensual;2024M02;0,9
16 País Vasco;11 Restaurantes y hoteles;Variación mensual;2024M01;-0,3
16 País Vasco;11 Restaurantes y hoteles;Variación anual;2024M12;3,8
16 País Vasco;11 Restaurantes y hoteles;Variación anual;2024M11;3,6
16 País Vasco;11 Restaurantes y hoteles;Variación anual;2024M10;3,8
16 País Vasco;11 Restaurantes y hoteles;Variación anual;2024M09;3,6
16 País Vasco;11 Restaurantes y hoteles;Variación anual;2024M08;4,3
16 País Vasco;11 Restaurantes y hoteles;Variación anual;2024M07;3,8
16 País Vasco;11 Restaurantes y hoteles;Variación anual;2024M06;4,1
16 País Vasco;11 Restaurantes y hoteles;Variación anual;2024M05;5,3
16 País Vasco;11 Restaurantes y hoteles;Variación anual;2024M04;4,2
16 País Vasco;11 Restaurantes y hoteles;Variación anual;2024M03;4,4
16 País Vasco;11 Restaurantes y hoteles;Variación anual;2024M02;5,1
16 País Vasco;11 Restaurantes y hoteles;Variación anual;2024M01;5,3
16 País Vasco;11 Restaurantes y hoteles;Variación en lo que va de año;2024M12;3,8
16 País Vasco;11 Restaurantes y hoteles;Variación en lo que va de año;2024M11;4,1
16 País Vasco;11 Restaurantes y hoteles;Variación en lo que va de año;2024M10;4,9
16 País Vasco;11 Restaurantes y hoteles;Variación en lo que va de año;2024M09;5,3
16 País Vasco;11 Restaurantes y hoteles;Variación en lo que va de año;2024M08;6,0
16 País Vasco;11 Restaurantes y hoteles;Variación en lo que va de año;2024M07;5,5
16 País Vasco;11 Restaurantes y hoteles;Variación en lo que va de año;2024M06;4,5
16 País Vasco;11 Restaurantes y hoteles;Variación en lo que va de año;2024M05;3,9
16 País Vasco;11 Restaurantes y hoteles;Variación en lo que va de año;2024M04;2,8
16 País Vasco;11 Restaurantes y hoteles;Variación en lo que va de año;2024M03;1,2
16 País Vasco;11 Restaurantes y hoteles;Variación en lo que va de año;2024M02;0,6
16 País Vasco;11 Restaurantes y hoteles;Variación en lo que va de año;2024M01;-0,3
16 País Vasco;12 Otros bienes y servicios;Índice;2024M12;114,767
16 País Vasco;12 Otros bienes y servicios;Índice;2024M11;114,665
16 País Vasco;12 Otros bienes y servicios;Índice;2024M10;114,289
16 País Vasco;12 Otros bienes y servicios;Índice;2024M09;114,062
16 País Vasco;12 Otros bienes y servicios;Índice;2024M08;114,094
16 País Vasco;12 Otros bienes y servicios;Índice;2024M07;113,931
16 País Vasco;12 Otros bienes y servicios;Índice;2024M06;114,018
16 País Vasco;12 Otros bienes y servicios;Índice;2024M05;112,597
16 País Vasco;12 Otros bienes y servicios;Índice;2024M04;112,514
16 País Vasco;12 Otros bienes y servicios;Índice;2024M03;112,148
16 País Vasco;12 Otros bienes y servicios;Índice;2024M02;112,415
16 País Vasco;12 Otros bienes y servicios;Índice;2024M01;111,797
16 País Vasco;12 Otros bienes y servicios;Variación mensual;2024M12;0,1
16 País Vasco;12 Otros bienes y servicios;Variación mensual;2024M11;0,3
16 País Vasco;12 Otros bienes y servicios;Variación mensual;2024M10;0,2
16 País Vasco;12 Otros bienes y servicios;Variación mensual;2024M09;0,0
16 País Vasco;12 Otros bienes y servicios;Variación mensual;2024M08;0,1
16 País Vasco;12 Otros bienes y servicios;Variación mensual;2024M07;-0,1
16 País Vasco;12 Otros bienes y servicios;Variación mensual;2024M06;1,3
16 País Vasco;12 Otros bienes y servicios;Variación mensual;2024M05;0,1
16 País Vasco;12 Otros bienes y servicios;Variación mensual;2024M04;0,3
16 País Vasco;12 Otros bienes y servicios;Variación mensual;2024M03;-0,2
16 País Vasco;12 Otros bienes y servicios;Variación mensual;2024M02;0,6
16 País Vasco;12 Otros bienes y servicios;Variación mensual;2024M01;1,1
16 País Vasco;12 Otros bienes y servicios;Variación anual;2024M12;3,8
16 País Vasco;12 Otros bienes y servicios;Variación anual;2024M11;3,6
16 País Vasco;12 Otros bienes y servicios;Variación anual;2024M10;3,6
16 País Vasco;12 Otros bienes y servicios;Variación anual;2024M09;3,4
16 País Vasco;12 Otros bienes y servicios;Variación anual;2024M08;3,5
16 País Vasco;12 Otros bienes y servicios;Variación anual;2024M07;3,7
16 País Vasco;12 Otros bienes y servicios;Variación anual;2024M06;3,8
16 País Vasco;12 Otros bienes y servicios;Variación anual;2024M05;3,3
16 País Vasco;12 Otros bienes y servicios;Variación anual;2024M04;3,1
16 País Vasco;12 Otros bienes y servicios;Variación anual;2024M03;3,7
16 País Vasco;12 Otros bienes y servicios;Variación anual;2024M02;4,5
16 País Vasco;12 Otros bienes y servicios;Variación anual;2024M01;4,3
16 País Vasco;12 Otros bienes y servicios;Variación en lo que va de año;2024M12;3,8
16 País Vasco;12 Otros bienes y servicios;Variación en lo que va de año;2024M11;3,7
16 País Vasco;12 Otros bienes y servicios;Variación en lo que va de año;2024M10;3,3
16 País Vasco;12 Otros bienes y servicios;Variación en lo que va de año;2024M09;3,1
16 País Vasco;12 Otros bienes y servicios;Variación en lo que va de año;2024M08;3,1
16 País Vasco;12 Otros bienes y servicios;Variación en lo que va de año;2024M07;3,0
16 País Vasco;12 Otros bienes y servicios;Variación en lo que va de año;2024M06;3,1
16 País Vasco;12 Otros bienes y servicios;Variación en lo que va de año;2024M05;1,8
16 País Vasco;12 Otros bienes y servicios;Variación en lo que va de año;2024M04;1,7
16 País Vasco;12 Otros bienes y servicios;Variación en lo que va de año;2024M03;1,4
16 País Vasco;12 Otros bienes y servicios;Variación en lo que va de año;2024M02;1,6
16 País Vasco;12 Otros bienes y servicios;Variación en lo que va de año;2024M01;1,1
17 Rioja, La;01 Alimentos y bebidas no alcohólicas;Índice;2024M12;129,642
17 Rioja, La;01 Alimentos y bebidas no alcohólicas;Índice;2024M11;129,953
17 Rioja, La;01 Alimentos y bebidas no alcohólicas;Índice;2024M10;129,465
17 Rioja, La;01 Alimentos y bebidas no alcohólicas;Índice;2024M09;127,196
17 Rioja, La;01 Alimentos y bebidas no alcohólicas;Índice;2024M08;127,908
17 Rioja, La;01 Alimentos y bebidas no alcohólicas;Índice;2024M07;128,022
17 Rioja, La;01 Alimentos y bebidas no alcohólicas;Índice;2024M06;128,422
17 Rioja, La;01 Alimentos y bebidas no alcohólicas;Índice;2024M05;128,455
17 Rioja, La;01 Alimentos y bebidas no alcohólicas;Índice;2024M04;128,805
17 Rioja, La;01 Alimentos y bebidas no alcohólicas;Índice;2024M03;127,866
17 Rioja, La;01 Alimentos y bebidas no alcohólicas;Índice;2024M02;127,666
17 Rioja, La;01 Alimentos y bebidas no alcohólicas;Índice;2024M01;128,423
17 Rioja, La;01 Alimentos y bebidas no alcohólicas;Variación mensual;2024M12;-0,2
17 Rioja, La;01 Alimentos y bebidas no alcohólicas;Variación mensual;2024M11;0,4
17 Rioja, La;01 Alimentos y bebidas no alcohólicas;Variación mensual;2024M10;1,8
17 Rioja, La;01 Alimentos y bebidas no alcohólicas;Variación mensual;2024M09;-0,6
17 Rioja, La;01 Alimentos y bebidas no alcohólicas;Variación mensual;2024M08;-0,1
17 Rioja, La;01 Alimentos y bebidas no alcohólicas;Variación mensual;2024M07;-0,3
17 Rioja, La;01 Alimentos y bebidas no alcohólicas;Variación mensual;2024M06;0,0
17 Rioja, La;01 Alimentos y bebidas no alcohólicas;Variación mensual;2024M05;-0,3
17 Rioja, La;01 Alimentos y bebidas no alcohólicas;Variación mensual;2024M04;0,7
17 Rioja, La;01 Alimentos y bebidas no alcohólicas;Variación mensual;2024M03;0,2
17 Rioja, La;01 Alimentos y bebidas no alcohólicas;Variación mensual;2024M02;-0,6
17 Rioja, La;01 Alimentos y bebidas no alcohólicas;Variación mensual;2024M01;1,5
17 Rioja, La;01 Alimentos y bebidas no alcohólicas;Variación anual;2024M12;2,4
17 Rioja, La;01 Alimentos y bebidas no alcohólicas;Variación anual;2024M11;2,6
17 Rioja, La;01 Alimentos y bebidas no alcohólicas;Variación anual;2024M10;2,4
17 Rioja, La;01 Alimentos y bebidas no alcohólicas;Variación anual;2024M09;1,8
17 Rioja, La;01 Alimentos y bebidas no alcohólicas;Variación anual;2024M08;3,1
17 Rioja, La;01 Alimentos y bebidas no alcohólicas;Variación anual;2024M07;3,3
17 Rioja, La;01 Alimentos y bebidas no alcohólicas;Variación anual;2024M06;4,4
17 Rioja, La;01 Alimentos y bebidas no alcohólicas;Variación anual;2024M05;4,8
17 Rioja, La;01 Alimentos y bebidas no alcohólicas;Variación anual;2024M04;5,3
17 Rioja, La;01 Alimentos y bebidas no alcohólicas;Variación anual;2024M03;4,9
17 Rioja, La;01 Alimentos y bebidas no alcohólicas;Variación anual;2024M02;6,2
17 Rioja, La;01 Alimentos y bebidas no alcohólicas;Variación anual;2024M01;8,7
17 Rioja, La;01 Alimentos y bebidas no alcohólicas;Variación en lo que va de año;2024M12;2,4
17 Rioja, La;01 Alimentos y bebidas no alcohólicas;Variación en lo que va de año;2024M11;2,7
17 Rioja, La;01 Alimentos y bebidas no alcohólicas;Variación en lo que va de año;2024M10;2,3
17 Rioja, La;01 Alimentos y bebidas no alcohólicas;Variación en lo que va de año;2024M09;0,5
17 Rioja, La;01 Alimentos y bebidas no alcohólicas;Variación en lo que va de año;2024M08;1,1
17 Rioja, La;01 Alimentos y bebidas no alcohólicas;Variación en lo que va de año;2024M07;1,1
17 Rioja, La;01 Alimentos y bebidas no alcohólicas;Variación en lo que va de año;2024M06;1,5
17 Rioja, La;01 Alimentos y bebidas no alcohólicas;Variación en lo que va de año;2024M05;1,5
17 Rioja, La;01 Alimentos y bebidas no alcohólicas;Variación en lo que va de año;2024M04;1,8
17 Rioja, La;01 Alimentos y bebidas no alcohólicas;Variación en lo que va de año;2024M03;1,0
17 Rioja, La;01 Alimentos y bebidas no alcohólicas;Variación en lo que va de año;2024M02;0,9
17 Rioja, La;01 Alimentos y bebidas no alcohólicas;Variación en lo que va de año;2024M01;1,5
17 Rioja, La;02 Bebidas alcohólicas y tabaco;Índice;2024M12;117,301
17 Rioja, La;02 Bebidas alcohólicas y tabaco;Índice;2024M11;117,187
17 Rioja, La;02 Bebidas alcohólicas y tabaco;Índice;2024M10;116,458
17 Rioja, La;02 Bebidas alcohólicas y tabaco;Índice;2024M09;116,635
17 Rioja, La;02 Bebidas alcohólicas y tabaco;Índice;2024M08;116,554
17 Rioja, La;02 Bebidas alcohólicas y tabaco;Índice;2024M07;116,266
17 Rioja, La;02 Bebidas alcohólicas y tabaco;Índice;2024M06;116,342
17 Rioja, La;02 Bebidas alcohólicas y tabaco;Índice;2024M05;116,391
17 Rioja, La;02 Bebidas alcohólicas y tabaco;Índice;2024M04;116,615
17 Rioja, La;02 Bebidas alcohólicas y tabaco;Índice;2024M03;116,446
17 Rioja, La;02 Bebidas alcohólicas y tabaco;Índice;2024M02;116,752
17 Rioja, La;02 Bebidas alcohólicas y tabaco;Índice;2024M01;114,825
17 Rioja, La;02 Bebidas alcohólicas y tabaco;Variación mensual;2024M12;0,1
17 Rioja, La;02 Bebidas alcohólicas y tabaco;Variación mensual;2024M11;0,6
17 Rioja, La;02 Bebidas alcohólicas y tabaco;Variación mensual;2024M10;-0,2
17 Rioja, La;02 Bebidas alcohólicas y tabaco;Variación mensual;2024M09;0,1
17 Rioja, La;02 Bebidas alcohólicas y tabaco;Variación mensual;2024M08;0,2
17 Rioja, La;02 Bebidas alcohólicas y tabaco;Variación mensual;2024M07;-0,1
17 Rioja, La;02 Bebidas alcohólicas y tabaco;Variación mensual;2024M06;0,0
17 Rioja, La;02 Bebidas alcohólicas y tabaco;Variación mensual;2024M05;-0,2
17 Rioja, La;02 Bebidas alcohólicas y tabaco;Variación mensual;2024M04;0,1
17 Rioja, La;02 Bebidas alcohólicas y tabaco;Variación mensual;2024M03;-0,3
17 Rioja, La;02 Bebidas alcohólicas y tabaco;Variación mensual;2024M02;1,7
17 Rioja, La;02 Bebidas alcohólicas y tabaco;Variación mensual;2024M01;2,6
17 Rioja, La;02 Bebidas alcohólicas y tabaco;Variación anual;2024M12;4,8
17 Rioja, La;02 Bebidas alcohólicas y tabaco;Variación anual;2024M11;3,7
17 Rioja, La;02 Bebidas alcohólicas y tabaco;Variación anual;2024M10;3,4
17 Rioja, La;02 Bebidas alcohólicas y tabaco;Variación anual;2024M09;3,5
17 Rioja, La;02 Bebidas alcohólicas y tabaco;Variación anual;2024M08;3,6
17 Rioja, La;02 Bebidas alcohólicas y tabaco;Variación anual;2024M07;3,7
17 Rioja, La;02 Bebidas alcohólicas y tabaco;Variación anual;2024M06;3,8
17 Rioja, La;02 Bebidas alcohólicas y tabaco;Variación anual;2024M05;3,3
17 Rioja, La;02 Bebidas alcohólicas y tabaco;Variación anual;2024M04;3,9
17 Rioja, La;02 Bebidas alcohólicas y tabaco;Variación anual;2024M03;3,9
17 Rioja, La;02 Bebidas alcohólicas y tabaco;Variación anual;2024M02;5,0
17 Rioja, La;02 Bebidas alcohólicas y tabaco;Variación anual;2024M01;5,1
17 Rioja, La;02 Bebidas alcohólicas y tabaco;Variación en lo que va de año;2024M12;4,8
17 Rioja, La;02 Bebidas alcohólicas y tabaco;Variación en lo que va de año;2024M11;4,7
17 Rioja, La;02 Bebidas alcohólicas y tabaco;Variación en lo que va de año;2024M10;4,0
17 Rioja, La;02 Bebidas alcohólicas y tabaco;Variación en lo que va de año;2024M09;4,2
17 Rioja, La;02 Bebidas alcohólicas y tabaco;Variación en lo que va de año;2024M08;4,1
17 Rioja, La;02 Bebidas alcohólicas y tabaco;Variación en lo que va de año;2024M07;3,8
17 Rioja, La;02 Bebidas alcohólicas y tabaco;Variación en lo que va de año;2024M06;3,9
17 Rioja, La;02 Bebidas alcohólicas y tabaco;Variación en lo que va de año;2024M05;4,0
17 Rioja, La;02 Bebidas alcohólicas y tabaco;Variación en lo que va de año;2024M04;4,2
17 Rioja, La;02 Bebidas alcohólicas y tabaco;Variación en lo que va de año;2024M03;4,0
17 Rioja, La;02 Bebidas alcohólicas y tabaco;Variación en lo que va de año;2024M02;4,3
17 Rioja, La;02 Bebidas alcohólicas y tabaco;Variación en lo que va de año;2024M01;2,6
17 Rioja, La;03 Vestido y calzado;Índice;2024M12;119,404
17 Rioja, La;03 Vestido y calzado;Índice;2024M11;119,798
17 Rioja, La;03 Vestido y calzado;Índice;2024M10;112,338
17 Rioja, La;03 Vestido y calzado;Índice;2024M09;105,374
17 Rioja, La;03 Vestido y calzado;Índice;2024M08;105,184
17 Rioja, La;03 Vestido y calzado;Índice;2024M07;106,108
17 Rioja, La;03 Vestido y calzado;Índice;2024M06;118,580
17 Rioja, La;03 Vestido y calzado;Índice;2024M05;119,802
17 Rioja, La;03 Vestido y calzado;Índice;2024M04;115,594
17 Rioja, La;03 Vestido y calzado;Índice;2024M03;105,886
17 Rioja, La;03 Vestido y calzado;Índice;2024M02;105,506
17 Rioja, La;03 Vestido y calzado;Índice;2024M01;106,627
17 Rioja, La;03 Vestido y calzado;Variación mensual;2024M12;-0,3
17 Rioja, La;03 Vestido y calzado;Variación mensual;2024M11;6,6
17 Rioja, La;03 Vestido y calzado;Variación mensual;2024M10;6,6
17 Rioja, La;03 Vestido y calzado;Variación mensual;2024M09;0,2
17 Rioja, La;03 Vestido y calzado;Variación mensual;2024M08;-0,9
17 Rioja, La;03 Vestido y calzado;Variación mensual;2024M07;-10,5
17 Rioja, La;03 Vestido y calzado;Variación mensual;2024M06;-1,0
17 Rioja, La;03 Vestido y calzado;Variación mensual;2024M05;3,6
17 Rioja, La;03 Vestido y calzado;Variación mensual;2024M04;9,2
17 Rioja, La;03 Vestido y calzado;Variación mensual;2024M03;0,4
17 Rioja, La;03 Vestido y calzado;Variación mensual;2024M02;-1,1
17 Rioja, La;03 Vestido y calzado;Variación mensual;2024M01;-12,7
17 Rioja, La;03 Vestido y calzado;Variación anual;2024M12;-2,2
17 Rioja, La;03 Vestido y calzado;Variación anual;2024M11;-2,2
17 Rioja, La;03 Vestido y calzado;Variación anual;2024M10;-0,3
17 Rioja, La;03 Vestido y calzado;Variación anual;2024M09;1,4
17 Rioja, La;03 Vestido y calzado;Variación anual;2024M08;1,7
17 Rioja, La;03 Vestido y calzado;Variación anual;2024M07;1,9
17 Rioja, La;03 Vestido y calzado;Variación anual;2024M06;2,4
17 Rioja, La;03 Vestido y calzado;Variación anual;2024M05;2,8
17 Rioja, La;03 Vestido y calzado;Variación anual;2024M04;-0,2
17 Rioja, La;03 Vestido y calzado;Variación anual;2024M03;2,1
17 Rioja, La;03 Vestido y calzado;Variación anual;2024M02;3,7
17 Rioja, La;03 Vestido y calzado;Variación anual;2024M01;3,1
17 Rioja, La;03 Vestido y calzado;Variación en lo que va de año;2024M12;-2,2
17 Rioja, La;03 Vestido y calzado;Variación en lo que va de año;2024M11;-1,9
17 Rioja, La;03 Vestido y calzado;Variación en lo que va de año;2024M10;-8,0
17 Rioja, La;03 Vestido y calzado;Variación en lo que va de año;2024M09;-13,7
17 Rioja, La;03 Vestido y calzado;Variación en lo que va de año;2024M08;-13,9
17 Rioja, La;03 Vestido y calzado;Variación en lo que va de año;2024M07;-13,1
17 Rioja, La;03 Vestido y calzado;Variación en lo que va de año;2024M06;-2,9
17 Rioja, La;03 Vestido y calzado;Variación en lo que va de año;2024M05;-1,9
17 Rioja, La;03 Vestido y calzado;Variación en lo que va de año;2024M04;-5,4
17 Rioja, La;03 Vestido y calzado;Variación en lo que va de año;2024M03;-13,3
17 Rioja, La;03 Vestido y calzado;Variación en lo que va de año;2024M02;-13,6
17 Rioja, La;03 Vestido y calzado;Variación en lo que va de año;2024M01;-12,7
17 Rioja, La;04 Vivienda, agua, electricidad, gas y otros combustibles;Índice;2024M12;109,982
17 Rioja, La;04 Vivienda, agua, electricidad, gas y otros combustibles;Índice;2024M11;109,188
17 Rioja, La;04 Vivienda, agua, electricidad, gas y otros combustibles;Índice;2024M10;107,262
17 Rioja, La;04 Vivienda, agua, electricidad, gas y otros combustibles;Índice;2024M09;106,595
17 Rioja, La;04 Vivienda, agua, electricidad, gas y otros combustibles;Índice;2024M08;107,602
17 Rioja, La;04 Vivienda, agua, electricidad, gas y otros combustibles;Índice;2024M07;106,897
17 Rioja, La;04 Vivienda, agua, electricidad, gas y otros combustibles;Índice;2024M06;109,403
17 Rioja, La;04 Vivienda, agua, electricidad, gas y otros combustibles;Índice;2024M05;108,671
17 Rioja, La;04 Vivienda, agua, electricidad, gas y otros combustibles;Índice;2024M04;107,753
17 Rioja, La;04 Vivienda, agua, electricidad, gas y otros combustibles;Índice;2024M03;106,926
17 Rioja, La;04 Vivienda, agua, electricidad, gas y otros combustibles;Índice;2024M02;104,562
17 Rioja, La;04 Vivienda, agua, electricidad, gas y otros combustibles;Índice;2024M01;106,320
17 Rioja, La;04 Vivienda, agua, electricidad, gas y otros combustibles;Variación mensual;2024M12;0,7
17 Rioja, La;04 Vivienda, agua, electricidad, gas y otros combustibles;Variación mensual;2024M11;1,8
17 Rioja, La;04 Vivienda, agua, electricidad, gas y otros combustibles;Variación mensual;2024M10;0,6
17 Rioja, La;04 Vivienda, agua, electricidad, gas y otros combustibles;Variación mensual;2024M09;-0,9
17 Rioja, La;04 Vivienda, agua, electricidad, gas y otros combustibles;Variación mensual;2024M08;0,7
17 Rioja, La;04 Vivienda, agua, electricidad, gas y otros combustibles;Variación mensual;2024M07;-2,3
17 Rioja, La;04 Vivienda, agua, electricidad, gas y otros combustibles;Variación mensual;2024M06;0,7
17 Rioja, La;04 Vivienda, agua, electricidad, gas y otros combustibles;Variación mensual;2024M05;0,9
17 Rioja, La;04 Vivienda, agua, electricidad, gas y otros combustibles;Variación mensual;2024M04;0,8
17 Rioja, La;04 Vivienda, agua, electricidad, gas y otros combustibles;Variación mensual;2024M03;2,3
17 Rioja, La;04 Vivienda, agua, electricidad, gas y otros combustibles;Variación mensual;2024M02;-1,7
17 Rioja, La;04 Vivienda, agua, electricidad, gas y otros combustibles;Variación mensual;2024M01;4,2
17 Rioja, La;04 Vivienda, agua, electricidad, gas y otros combustibles;Variación anual;2024M12;7,8
17 Rioja, La;04 Vivienda, agua, electricidad, gas y otros combustibles;Variación anual;2024M11;7,4
17 Rioja, La;04 Vivienda, agua, electricidad, gas y otros combustibles;Variación anual;2024M10;3,5
17 Rioja, La;04 Vivienda, agua, electricidad, gas y otros combustibles;Variación anual;2024M09;2,5
17 Rioja, La;04 Vivienda, agua, electricidad, gas y otros combustibles;Variación anual;2024M08;3,9
17 Rioja, La;04 Vivienda, agua, electricidad, gas y otros combustibles;Variación anual;2024M07;2,8
17 Rioja, La;04 Vivienda, agua, electricidad, gas y otros combustibles;Variación anual;2024M06;5,5
17 Rioja, La;04 Vivienda, agua, electricidad, gas y otros combustibles;Variación anual;2024M05;5,8
17 Rioja, La;04 Vivienda, agua, electricidad, gas y otros combustibles;Variación anual;2024M04;4,4
17 Rioja, La;04 Vivienda, agua, electricidad, gas y otros combustibles;Variación anual;2024M03;0,7
17 Rioja, La;04 Vivienda, agua, electricidad, gas y otros combustibles;Variación anual;2024M02;-3,8
17 Rioja, La;04 Vivienda, agua, electricidad, gas y otros combustibles;Variación anual;2024M01;1,5
17 Rioja, La;04 Vivienda, agua, electricidad, gas y otros combustibles;Variación en lo que va de año;2024M12;7,8
17 Rioja, La;04 Vivienda, agua, electricidad, gas y otros combustibles;Variación en lo que va de año;2024M11;7,0
17 Rioja, La;04 Vivienda, agua, electricidad, gas y otros combustibles;Variación en lo que va de año;2024M10;5,1
17 Rioja, La;04 Vivienda, agua, electricidad, gas y otros combustibles;Variación en lo que va de año;2024M09;4,4
17 Rioja, La;04 Vivienda, agua, electricidad, gas y otros combustibles;Variación en lo que va de año;2024M08;5,4
17 Rioja, La;04 Vivienda, agua, electricidad, gas y otros combustibles;Variación en lo que va de año;2024M07;4,7
17 Rioja, La;04 Vivienda, agua, electricidad, gas y otros combustibles;Variación en lo que va de año;2024M06;7,2
17 Rioja, La;04 Vivienda, agua, electricidad, gas y otros combustibles;Variación en lo que va de año;2024M05;6,5
17 Rioja, La;04 Vivienda, agua, electricidad, gas y otros combustibles;Variación en lo que va de año;2024M04;5,6
17 Rioja, La;04 Vivienda, agua, electricidad, gas y otros combustibles;Variación en lo que va de año;2024M03;4,8
17 Rioja, La;04 Vivienda, agua, electricidad, gas y otros combustibles;Variación en lo que va de año;2024M02;2,5
17 Rioja, La;04 Vivienda, agua, electricidad, gas y otros combustibles;Variación en lo que va de año;2024M01;4,2
17 Rioja, La;05 Muebles, artículos del hogar y artículos para el mantenimiento corriente del hogar;Índice;2024M12;111,299
17 Rioja, La;05 Muebles, artículos del hogar y artículos para el mantenimiento corriente del hogar;Índice;2024M11;111,752
17 Rioja, La;05 Muebles, artículos del hogar y artículos para el mantenimiento corriente del hogar;Índice;2024M10;111,237
17 Rioja, La;05 Muebles, artículos del hogar y artículos para el mantenimiento corriente del hogar;Índice;2024M09;110,426
17 Rioja, La;05 Muebles, artículos del hogar y artículos para el mantenimiento corriente del hogar;Índice;2024M08;110,982
17 Rioja, La;05 Muebles, artículos del hogar y artículos para el mantenimiento corriente del hogar;Índice;2024M07;110,439
17 Rioja, La;05 Muebles, artículos del hogar y artículos para el mantenimiento corriente del hogar;Índice;2024M06;110,874
17 Rioja, La;05 Muebles, artículos del hogar y artículos para el mantenimiento corriente del hogar;Índice;2024M05;111,069
17 Rioja, La;05 Muebles, artículos del hogar y artículos para el mantenimiento corriente del hogar;Índice;2024M04;112,414
17 Rioja, La;05 Muebles, artículos del hogar y artículos para el mantenimiento corriente del hogar;Índice;2024M03;111,822
17 Rioja, La;05 Muebles, artículos del hogar y artículos para el mantenimiento corriente del hogar;Índice;2024M02;111,290
17 Rioja, La;05 Muebles, artículos del hogar y artículos para el mantenimiento corriente del hogar;Índice;2024M01;111,321
17 Rioja, La;05 Muebles, artículos del hogar y artículos para el mantenimiento corriente del hogar;Variación mensual;2024M12;-0,4
17 Rioja, La;05 Muebles, artículos del hogar y artículos para el mantenimiento corriente del hogar;Variación mensual;2024M11;0,5
17 Rioja, La;05 Muebles, artículos del hogar y artículos para el mantenimiento corriente del hogar;Variación mensual;2024M10;0,7
17 Rioja, La;05 Muebles, artículos del hogar y artículos para el mantenimiento corriente del hogar;Variación mensual;2024M09;-0,5
17 Rioja, La;05 Muebles, artículos del hogar y artículos para el mantenimiento corriente del hogar;Variación mensual;2024M08;0,5
17 Rioja, La;05 Muebles, artículos del hogar y artículos para el mantenimiento corriente del hogar;Variación mensual;2024M07;-0,4
17 Rioja, La;05 Muebles, artículos del hogar y artículos para el mantenimiento corriente del hogar;Variación mensual;2024M06;-0,2
17 Rioja, La;05 Muebles, artículos del hogar y artículos para el mantenimiento corriente del hogar;Variación mensual;2024M05;-1,2
17 Rioja, La;05 Muebles, artículos del hogar y artículos para el mantenimiento corriente del hogar;Variación mensual;2024M04;0,5
17 Rioja, La;05 Muebles, artículos del hogar y artículos para el mantenimiento corriente del hogar;Variación mensual;2024M03;0,5
17 Rioja, La;05 Muebles, artículos del hogar y artículos para el mantenimiento corriente del hogar;Variación mensual;2024M02;0,0
17 Rioja, La;05 Muebles, artículos del hogar y artículos para el mantenimiento corriente del hogar;Variación mensual;2024M01;0,0
17 Rioja, La;05 Muebles, artículos del hogar y artículos para el mantenimiento corriente del hogar;Variación anual;2024M12;-0,1
17 Rioja, La;05 Muebles, artículos del hogar y artículos para el mantenimiento corriente del hogar;Variación anual;2024M11;0,1
17 Rioja, La;05 Muebles, artículos del hogar y artículos para el mantenimiento corriente del hogar;Variación anual;2024M10;-0,3
17 Rioja, La;05 Muebles, artículos del hogar y artículos para el mantenimiento corriente del hogar;Variación anual;2024M09;-0,6
17 Rioja, La;05 Muebles, artículos del hogar y artículos para el mantenimiento corriente del hogar;Variación anual;2024M08;-0,3
17 Rioja, La;05 Muebles, artículos del hogar y artículos para el mantenimiento corriente del hogar;Variación anual;2024M07;-1,2
17 Rioja, La;05 Muebles, artículos del hogar y artículos para el mantenimiento corriente del hogar;Variación anual;2024M06;-1,3
17 Rioja, La;05 Muebles, artículos del hogar y artículos para el mantenimiento corriente del hogar;Variación anual;2024M05;-0,8
17 Rioja, La;05 Muebles, artículos del hogar y artículos para el mantenimiento corriente del hogar;Variación anual;2024M04;0,3
17 Rioja, La;05 Muebles, artículos del hogar y artículos para el mantenimiento corriente del hogar;Variación anual;2024M03;0,7
17 Rioja, La;05 Muebles, artículos del hogar y artículos para el mantenimiento corriente del hogar;Variación anual;2024M02;0,6
17 Rioja, La;05 Muebles, artículos del hogar y artículos para el mantenimiento corriente del hogar;Variación anual;2024M01;1,1
17 Rioja, La;05 Muebles, artículos del hogar y artículos para el mantenimiento corriente del hogar;Variación en lo que va de año;2024M12;-0,1
17 Rioja, La;05 Muebles, artículos del hogar y artículos para el mantenimiento corriente del hogar;Variación en lo que va de año;2024M11;0,4
17 Rioja, La;05 Muebles, artículos del hogar y artículos para el mantenimiento corriente del hogar;Variación en lo que va de año;2024M10;-0,1
17 Rioja, La;05 Muebles, artículos del hogar y artículos para el mantenimiento corriente del hogar;Variación en lo que va de año;2024M09;-0,8
17 Rioja, La;05 Muebles, artículos del hogar y artículos para el mantenimiento corriente del hogar;Variación en lo que va de año;2024M08;-0,3
17 Rioja, La;05 Muebles, artículos del hogar y artículos para el mantenimiento corriente del hogar;Variación en lo que va de año;2024M07;-0,8
17 Rioja, La;05 Muebles, artículos del hogar y artículos para el mantenimiento corriente del hogar;Variación en lo que va de año;2024M06;-0,4
17 Rioja, La;05 Muebles, artículos del hogar y artículos para el mantenimiento corriente del hogar;Variación en lo que va de año;2024M05;-0,3
17 Rioja, La;05 Muebles, artículos del hogar y artículos para el mantenimiento corriente del hogar;Variación en lo que va de año;2024M04;0,9
17 Rioja, La;05 Muebles, artículos del hogar y artículos para el mantenimiento corriente del hogar;Variación en lo que va de año;2024M03;0,4
17 Rioja, La;05 Muebles, artículos del hogar y artículos para el mantenimiento corriente del hogar;Variación en lo que va de año;2024M02;-0,1
17 Rioja, La;05 Muebles, artículos del hogar y artículos para el mantenimiento corriente del hogar;Variación en lo que va de año;2024M01;0,0
17 Rioja, La;06 Sanidad;Índice;2024M12;107,839
17 Rioja, La;06 Sanidad;Índice;2024M11;107,730
17 Rioja, La;06 Sanidad;Índice;2024M10;107,419
17 Rioja, La;06 Sanidad;Índice;2024M09;106,807
17 Rioja, La;06 Sanidad;Índice;2024M08;106,510
17 Rioja, La;06 Sanidad;Índice;2024M07;106,065
17 Rioja, La;06 Sanidad;Índice;2024M06;106,325
17 Rioja, La;06 Sanidad;Índice;2024M05;106,197
17 Rioja, La;06 Sanidad;Índice;2024M04;105,974
17 Rioja, La;06 Sanidad;Índice;2024M03;105,309
17 Rioja, La;06 Sanidad;Índice;2024M02;104,424
17 Rioja, La;06 Sanidad;Índice;2024M01;104,016
17 Rioja, La;06 Sanidad;Variación mensual;2024M12;0,1
17 Rioja, La;06 Sanidad;Variación mensual;2024M11;0,3
17 Rioja, La;06 Sanidad;Variación mensual;2024M10;0,6
17 Rioja, La;06 Sanidad;Variación mensual;2024M09;0,3
17 Rioja, La;06 Sanidad;Variación mensual;2024M08;0,4
17 Rioja, La;06 Sanidad;Variación mensual;2024M07;-0,2
17 Rioja, La;06 Sanidad;Variación mensual;2024M06;0,1
17 Rioja, La;06 Sanidad;Variación mensual;2024M05;0,2
17 Rioja, La;06 Sanidad;Variación mensual;2024M04;0,6
17 Rioja, La;06 Sanidad;Variación mensual;2024M03;0,8
17 Rioja, La;06 Sanidad;Variación mensual;2024M02;0,4
17 Rioja, La;06 Sanidad;Variación mensual;2024M01;-0,1
17 Rioja, La;06 Sanidad;Variación anual;2024M12;3,6
17 Rioja, La;06 Sanidad;Variación anual;2024M11;3,5
17 Rioja, La;06 Sanidad;Variación anual;2024M10;3,5
17 Rioja, La;06 Sanidad;Variación anual;2024M09;3,3
17 Rioja, La;06 Sanidad;Variación anual;2024M08;3,0
17 Rioja, La;06 Sanidad;Variación anual;2024M07;2,7
17 Rioja, La;06 Sanidad;Variación anual;2024M06;3,2
17 Rioja, La;06 Sanidad;Variación anual;2024M05;2,9
17 Rioja, La;06 Sanidad;Variación anual;2024M04;2,6
17 Rioja, La;06 Sanidad;Variación anual;2024M03;2,0
17 Rioja, La;06 Sanidad;Variación anual;2024M02;1,5
17 Rioja, La;06 Sanidad;Variación anual;2024M01;1,4
17 Rioja, La;06 Sanidad;Variación en lo que va de año;2024M12;3,6
17 Rioja, La;06 Sanidad;Variación en lo que va de año;2024M11;3,5
17 Rioja, La;06 Sanidad;Variación en lo que va de año;2024M10;3,2
17 Rioja, La;06 Sanidad;Variación en lo que va de año;2024M09;2,6
17 Rioja, La;06 Sanidad;Variación en lo que va de año;2024M08;2,3
17 Rioja, La;06 Sanidad;Variación en lo que va de año;2024M07;1,9
17 Rioja, La;06 Sanidad;Variación en lo que va de año;2024M06;2,1
17 Rioja, La;06 Sanidad;Variación en lo que va de año;2024M05;2,0
17 Rioja, La;06 Sanidad;Variación en lo que va de año;2024M04;1,8
17 Rioja, La;06 Sanidad;Variación en lo que va de año;2024M03;1,2
17 Rioja, La;06 Sanidad;Variación en lo que va de año;2024M02;0,3
17 Rioja, La;06 Sanidad;Variación en lo que va de año;2024M01;-0,1
17 Rioja, La;07 Transporte;Índice;2024M12;112,370
17 Rioja, La;07 Transporte;Índice;2024M11;111,900
17 Rioja, La;07 Transporte;Índice;2024M10;111,465
17 Rioja, La;07 Transporte;Índice;2024M09;111,137
17 Rioja, La;07 Transporte;Índice;2024M08;112,803
17 Rioja, La;07 Transporte;Índice;2024M07;113,637
17 Rioja, La;07 Transporte;Índice;2024M06;113,503
17 Rioja, La;07 Transporte;Índice;2024M05;113,947
17 Rioja, La;07 Transporte;Índice;2024M04;115,025
17 Rioja, La;07 Transporte;Índice;2024M03;114,116
17 Rioja, La;07 Transporte;Índice;2024M02;113,703
17 Rioja, La;07 Transporte;Índice;2024M01;112,305
17 Rioja, La;07 Transporte;Variación mensual;2024M12;0,4
17 Rioja, La;07 Transporte;Variación mensual;2024M11;0,4
17 Rioja, La;07 Transporte;Variación mensual;2024M10;0,3
17 Rioja, La;07 Transporte;Variación mensual;2024M09;-1,5
17 Rioja, La;07 Transporte;Variación mensual;2024M08;-0,7
17 Rioja, La;07 Transporte;Variación mensual;2024M07;0,1
17 Rioja, La;07 Transporte;Variación mensual;2024M06;-0,4
17 Rioja, La;07 Transporte;Variación mensual;2024M05;-0,9
17 Rioja, La;07 Transporte;Variación mensual;2024M04;0,8
17 Rioja, La;07 Transporte;Variación mensual;2024M03;0,4
17 Rioja, La;07 Transporte;Variación mensual;2024M02;1,2
17 Rioja, La;07 Transporte;Variación mensual;2024M01;0,0
17 Rioja, La;07 Transporte;Variación anual;2024M12;0,1
17 Rioja, La;07 Transporte;Variación anual;2024M11;-1,2
17 Rioja, La;07 Transporte;Variación anual;2024M10;-2,9
17 Rioja, La;07 Transporte;Variación anual;2024M09;-4,0
17 Rioja, La;07 Transporte;Variación anual;2024M08;-1,4
17 Rioja, La;07 Transporte;Variación anual;2024M07;2,0
17 Rioja, La;07 Transporte;Variación anual;2024M06;2,6
17 Rioja, La;07 Transporte;Variación anual;2024M05;3,8
17 Rioja, La;07 Transporte;Variación anual;2024M04;2,9
17 Rioja, La;07 Transporte;Variación anual;2024M03;2,6
17 Rioja, La;07 Transporte;Variación anual;2024M02;1,8
17 Rioja, La;07 Transporte;Variación anual;2024M01;-0,2
17 Rioja, La;07 Transporte;Variación en lo que va de año;2024M12;0,1
17 Rioja, La;07 Transporte;Variación en lo que va de año;2024M11;-0,3
17 Rioja, La;07 Transporte;Variación en lo que va de año;2024M10;-0,7
17 Rioja, La;07 Transporte;Variación en lo que va de año;2024M09;-1,0
17 Rioja, La;07 Transporte;Variación en lo que va de año;2024M08;0,5
17 Rioja, La;07 Transporte;Variación en lo que va de año;2024M07;1,2
17 Rioja, La;07 Transporte;Variación en lo que va de año;2024M06;1,1
17 Rioja, La;07 Transporte;Variación en lo que va de año;2024M05;1,5
17 Rioja, La;07 Transporte;Variación en lo que va de año;2024M04;2,5
17 Rioja, La;07 Transporte;Variación en lo que va de año;2024M03;1,7
17 Rioja, La;07 Transporte;Variación en lo que va de año;2024M02;1,3
17 Rioja, La;07 Transporte;Variación en lo que va de año;2024M01;0,0
17 Rioja, La;08 Comunicaciones;Índice;2024M12;100,537
17 Rioja, La;08 Comunicaciones;Índice;2024M11;100,556
17 Rioja, La;08 Comunicaciones;Índice;2024M10;100,557
17 Rioja, La;08 Comunicaciones;Índice;2024M09;101,526
17 Rioja, La;08 Comunicaciones;Índice;2024M08;101,623
17 Rioja, La;08 Comunicaciones;Índice;2024M07;101,713
17 Rioja, La;08 Comunicaciones;Índice;2024M06;102,204
17 Rioja, La;08 Comunicaciones;Índice;2024M05;102,179
17 Rioja, La;08 Comunicaciones;Índice;2024M04;102,285
17 Rioja, La;08 Comunicaciones;Índice;2024M03;102,187
17 Rioja, La;08 Comunicaciones;Índice;2024M02;102,287
17 Rioja, La;08 Comunicaciones;Índice;2024M01;102,372
17 Rioja, La;08 Comunicaciones;Variación mensual;2024M12;0,0
17 Rioja, La;08 Comunicaciones;Variación mensual;2024M11;0,0
17 Rioja, La;08 Comunicaciones;Variación mensual;2024M10;-1,0
17 Rioja, La;08 Comunicaciones;Variación mensual;2024M09;-0,1
17 Rioja, La;08 Comunicaciones;Variación mensual;2024M08;-0,1
17 Rioja, La;08 Comunicaciones;Variación mensual;2024M07;-0,5
17 Rioja, La;08 Comunicaciones;Variación mensual;2024M06;0,0
17 Rioja, La;08 Comunicaciones;Variación mensual;2024M05;-0,1
17 Rioja, La;08 Comunicaciones;Variación mensual;2024M04;0,1
17 Rioja, La;08 Comunicaciones;Variación mensual;2024M03;-0,1
17 Rioja, La;08 Comunicaciones;Variación mensual;2024M02;-0,1
17 Rioja, La;08 Comunicaciones;Variación mensual;2024M01;1,9
17 Rioja, La;08 Comunicaciones;Variación anual;2024M12;0,1
17 Rioja, La;08 Comunicaciones;Variación anual;2024M11;0,0
17 Rioja, La;08 Comunicaciones;Variación anual;2024M10;-0,1
17 Rioja, La;08 Comunicaciones;Variación anual;2024M09;-0,3
17 Rioja, La;08 Comunicaciones;Variación anual;2024M08;-0,4
17 Rioja, La;08 Comunicaciones;Variación anual;2024M07;-0,2
17 Rioja, La;08 Comunicaciones;Variación anual;2024M06;0,1
17 Rioja, La;08 Comunicaciones;Variación anual;2024M05;-0,3
17 Rioja, La;08 Comunicaciones;Variación anual;2024M04;-0,2
17 Rioja, La;08 Comunicaciones;Variación anual;2024M03;0,3
17 Rioja, La;08 Comunicaciones;Variación anual;2024M02;0,3
17 Rioja, La;08 Comunicaciones;Variación anual;2024M01;0,5
17 Rioja, La;08 Comunicaciones;Variación en lo que va de año;2024M12;0,1
17 Rioja, La;08 Comunicaciones;Variación en lo que va de año;2024M11;0,1
17 Rioja, La;08 Comunicaciones;Variación en lo que va de año;2024M10;0,1
17 Rioja, La;08 Comunicaciones;Variación en lo que va de año;2024M09;1,0
17 Rioja, La;08 Comunicaciones;Variación en lo que va de año;2024M08;1,1
17 Rioja, La;08 Comunicaciones;Variación en lo que va de año;2024M07;1,2
17 Rioja, La;08 Comunicaciones;Variación en lo que va de año;2024M06;1,7
17 Rioja, La;08 Comunicaciones;Variación en lo que va de año;2024M05;1,7
17 Rioja, La;08 Comunicaciones;Variación en lo que va de año;2024M04;1,8
17 Rioja, La;08 Comunicaciones;Variación en lo que va de año;2024M03;1,7
17 Rioja, La;08 Comunicaciones;Variación en lo que va de año;2024M02;1,8
17 Rioja, La;08 Comunicaciones;Variación en lo que va de año;2024M01;1,9
17 Rioja, La;09 Ocio y cultura;Índice;2024M12;111,924
17 Rioja, La;09 Ocio y cultura;Índice;2024M11;107,838
17 Rioja, La;09 Ocio y cultura;Índice;2024M10;109,435
17 Rioja, La;09 Ocio y cultura;Índice;2024M09;109,676
17 Rioja, La;09 Ocio y cultura;Índice;2024M08;116,771
17 Rioja, La;09 Ocio y cultura;Índice;2024M07;115,001
17 Rioja, La;09 Ocio y cultura;Índice;2024M06;112,752
17 Rioja, La;09 Ocio y cultura;Índice;2024M05;109,645
17 Rioja, La;09 Ocio y cultura;Índice;2024M04;108,538
17 Rioja, La;09 Ocio y cultura;Índice;2024M03;109,373
17 Rioja, La;09 Ocio y cultura;Índice;2024M02;107,274
17 Rioja, La;09 Ocio y cultura;Índice;2024M01;105,921
17 Rioja, La;09 Ocio y cultura;Variación mensual;2024M12;3,8
17 Rioja, La;09 Ocio y cultura;Variación mensual;2024M11;-1,5
17 Rioja, La;09 Ocio y cultura;Variación mensual;2024M10;-0,2
17 Rioja, La;09 Ocio y cultura;Variación mensual;2024M09;-6,1
17 Rioja, La;09 Ocio y cultura;Variación mensual;2024M08;1,5
17 Rioja, La;09 Ocio y cultura;Variación mensual;2024M07;2,0
17 Rioja, La;09 Ocio y cultura;Variación mensual;2024M06;2,8
17 Rioja, La;09 Ocio y cultura;Variación mensual;2024M05;1,0
17 Rioja, La;09 Ocio y cultura;Variación mensual;2024M04;-0,8
17 Rioja, La;09 Ocio y cultura;Variación mensual;2024M03;2,0
17 Rioja, La;09 Ocio y cultura;Variación mensual;2024M02;1,3
17 Rioja, La;09 Ocio y cultura;Variación mensual;2024M01;-2,7
17 Rioja, La;09 Ocio y cultura;Variación anual;2024M12;2,8
17 Rioja, La;09 Ocio y cultura;Variación anual;2024M11;1,6
17 Rioja, La;09 Ocio y cultura;Variación anual;2024M10;1,7
17 Rioja, La;09 Ocio y cultura;Variación anual;2024M09;0,3
17 Rioja, La;09 Ocio y cultura;Variación anual;2024M08;2,4
17 Rioja, La;09 Ocio y cultura;Variación anual;2024M07;2,1
17 Rioja, La;09 Ocio y cultura;Variación anual;2024M06;3,5
17 Rioja, La;09 Ocio y cultura;Variación anual;2024M05;3,5
17 Rioja, La;09 Ocio y cultura;Variación anual;2024M04;1,9
17 Rioja, La;09 Ocio y cultura;Variación anual;2024M03;4,0
17 Rioja, La;09 Ocio y cultura;Variación anual;2024M02;3,0
17 Rioja, La;09 Ocio y cultura;Variación anual;2024M01;3,2
17 Rioja, La;09 Ocio y cultura;Variación en lo que va de año;2024M12;2,8
17 Rioja, La;09 Ocio y cultura;Variación en lo que va de año;2024M11;-0,9
17 Rioja, La;09 Ocio y cultura;Variación en lo que va de año;2024M10;0,5
17 Rioja, La;09 Ocio y cultura;Variación en lo que va de año;2024M09;0,7
17 Rioja, La;09 Ocio y cultura;Variación en lo que va de año;2024M08;7,3
17 Rioja, La;09 Ocio y cultura;Variación en lo que va de año;2024M07;5,6
17 Rioja, La;09 Ocio y cultura;Variación en lo que va de año;2024M06;3,6
17 Rioja, La;09 Ocio y cultura;Variación en lo que va de año;2024M05;0,7
17 Rioja, La;09 Ocio y cultura;Variación en lo que va de año;2024M04;-0,3
17 Rioja, La;09 Ocio y cultura;Variación en lo que va de año;2024M03;0,5
17 Rioja, La;09 Ocio y cultura;Variación en lo que va de año;2024M02;-1,5
17 Rioja, La;09 Ocio y cultura;Variación en lo que va de año;2024M01;-2,7
17 Rioja, La;10 Enseñanza;Índice;2024M12;104,852
17 Rioja, La;10 Enseñanza;Índice;2024M11;104,852
17 Rioja, La;10 Enseñanza;Índice;2024M10;104,531
17 Rioja, La;10 Enseñanza;Índice;2024M09;103,322
17 Rioja, La;10 Enseñanza;Índice;2024M08;104,077
17 Rioja, La;10 Enseñanza;Índice;2024M07;104,077
17 Rioja, La;10 Enseñanza;Índice;2024M06;104,077
17 Rioja, La;10 Enseñanza;Índice;2024M05;104,077
17 Rioja, La;10 Enseñanza;Índice;2024M04;104,077
17 Rioja, La;10 Enseñanza;Índice;2024M03;104,077
17 Rioja, La;10 Enseñanza;Índice;2024M02;104,077
17 Rioja, La;10 Enseñanza;Índice;2024M01;104,077
17 Rioja, La;10 Enseñanza;Variación mensual;2024M12;0,0
17 Rioja, La;10 Enseñanza;Variación mensual;2024M11;0,3
17 Rioja, La;10 Enseñanza;Variación mensual;2024M10;1,2
17 Rioja, La;10 Enseñanza;Variación mensual;2024M09;-0,7
17 Rioja, La;10 Enseñanza;Variación mensual;2024M08;0,0
17 Rioja, La;10 Enseñanza;Variación mensual;2024M07;0,0
17 Rioja, La;10 Enseñanza;Variación mensual;2024M06;0,0
17 Rioja, La;10 Enseñanza;Variación mensual;2024M05;0,0
17 Rioja, La;10 Enseñanza;Variación mensual;2024M04;0,0
17 Rioja, La;10 Enseñanza;Variación mensual;2024M03;0,0
17 Rioja, La;10 Enseñanza;Variación mensual;2024M02;0,0
17 Rioja, La;10 Enseñanza;Variación mensual;2024M01;0,0
17 Rioja, La;10 Enseñanza;Variación anual;2024M12;0,7
17 Rioja, La;10 Enseñanza;Variación anual;2024M11;0,7
17 Rioja, La;10 Enseñanza;Variación anual;2024M10;0,6
17 Rioja, La;10 Enseñanza;Variación anual;2024M09;1,1
17 Rioja, La;10 Enseñanza;Variación anual;2024M08;2,6
17 Rioja, La;10 Enseñanza;Variación anual;2024M07;2,6
17 Rioja, La;10 Enseñanza;Variación anual;2024M06;2,9
17 Rioja, La;10 Enseñanza;Variación anual;2024M05;2,9
17 Rioja, La;10 Enseñanza;Variación anual;2024M04;2,9
17 Rioja, La;10 Enseñanza;Variación anual;2024M03;2,9
17 Rioja, La;10 Enseñanza;Variación anual;2024M02;2,9
17 Rioja, La;10 Enseñanza;Variación anual;2024M01;2,9
17 Rioja, La;10 Enseñanza;Variación en lo que va de año;2024M12;0,7
17 Rioja, La;10 Enseñanza;Variación en lo que va de año;2024M11;0,7
17 Rioja, La;10 Enseñanza;Variación en lo que va de año;2024M10;0,4
17 Rioja, La;10 Enseñanza;Variación en lo que va de año;2024M09;-0,7
17 Rioja, La;10 Enseñanza;Variación en lo que va de año;2024M08;0,0
17 Rioja, La;10 Enseñanza;Variación en lo que va de año;2024M07;0,0
17 Rioja, La;10 Enseñanza;Variación en lo que va de año;2024M06;0,0
17 Rioja, La;10 Enseñanza;Variación en lo que va de año;2024M05;0,0
17 Rioja, La;10 Enseñanza;Variación en lo que va de año;2024M04;0,0
17 Rioja, La;10 Enseñanza;Variación en lo que va de año;2024M03;0,0
17 Rioja, La;10 Enseñanza;Variación en lo que va de año;2024M02;0,0
17 Rioja, La;10 Enseñanza;Variación en lo que va de año;2024M01;0,0
17 Rioja, La;11 Restaurantes y hoteles;Índice;2024M12;120,533
17 Rioja, La;11 Restaurantes y hoteles;Índice;2024M11;120,337
17 Rioja, La;11 Restaurantes y hoteles;Índice;2024M10;119,643
17 Rioja, La;11 Restaurantes y hoteles;Índice;2024M09;120,572
17 Rioja, La;11 Restaurantes y hoteles;Índice;2024M08;120,698
17 Rioja, La;11 Restaurantes y hoteles;Índice;2024M07;120,532
17 Rioja, La;11 Restaurantes y hoteles;Índice;2024M06;118,910
17 Rioja, La;11 Restaurantes y hoteles;Índice;2024M05;118,254
17 Rioja, La;11 Restaurantes y hoteles;Índice;2024M04;117,710
17 Rioja, La;11 Restaurantes y hoteles;Índice;2024M03;116,908
17 Rioja, La;11 Restaurantes y hoteles;Índice;2024M02;115,757
17 Rioja, La;11 Restaurantes y hoteles;Índice;2024M01;114,639
17 Rioja, La;11 Restaurantes y hoteles;Variación mensual;2024M12;0,2
17 Rioja, La;11 Restaurantes y hoteles;Variación mensual;2024M11;0,6
17 Rioja, La;11 Restaurantes y hoteles;Variación mensual;2024M10;-0,8
17 Rioja, La;11 Restaurantes y hoteles;Variación mensual;2024M09;-0,1
17 Rioja, La;11 Restaurantes y hoteles;Variación mensual;2024M08;0,1
17 Rioja, La;11 Restaurantes y hoteles;Variación mensual;2024M07;1,4
17 Rioja, La;11 Restaurantes y hoteles;Variación mensual;2024M06;0,6
17 Rioja, La;11 Restaurantes y hoteles;Variación mensual;2024M05;0,5
17 Rioja, La;11 Restaurantes y hoteles;Variación mensual;2024M04;0,7
17 Rioja, La;11 Restaurantes y hoteles;Variación mensual;2024M03;1,0
17 Rioja, La;11 Restaurantes y hoteles;Variación mensual;2024M02;1,0
17 Rioja, La;11 Restaurantes y hoteles;Variación mensual;2024M01;-0,9
17 Rioja, La;11 Restaurantes y hoteles;Variación anual;2024M12;4,2
17 Rioja, La;11 Restaurantes y hoteles;Variación anual;2024M11;4,4
17 Rioja, La;11 Restaurantes y hoteles;Variación anual;2024M10;3,0
17 Rioja, La;11 Restaurantes y hoteles;Variación anual;2024M09;4,0
17 Rioja, La;11 Restaurantes y hoteles;Variación anual;2024M08;3,9
17 Rioja, La;11 Restaurantes y hoteles;Variación anual;2024M07;4,2
17 Rioja, La;11 Restaurantes y hoteles;Variación anual;2024M06;4,2
17 Rioja, La;11 Restaurantes y hoteles;Variación anual;2024M05;3,6
17 Rioja, La;11 Restaurantes y hoteles;Variación anual;2024M04;3,7
17 Rioja, La;11 Restaurantes y hoteles;Variación anual;2024M03;4,2
17 Rioja, La;11 Restaurantes y hoteles;Variación anual;2024M02;4,3
17 Rioja, La;11 Restaurantes y hoteles;Variación anual;2024M01;4,3
17 Rioja, La;11 Restaurantes y hoteles;Variación en lo que va de año;2024M12;4,2
17 Rioja, La;11 Restaurantes y hoteles;Variación en lo que va de año;2024M11;4,0
17 Rioja, La;11 Restaurantes y hoteles;Variación en lo que va de año;2024M10;3,4
17 Rioja, La;11 Restaurantes y hoteles;Variación en lo que va de año;2024M09;4,2
17 Rioja, La;11 Restaurantes y hoteles;Variación en lo que va de año;2024M08;4,3
17 Rioja, La;11 Restaurantes y hoteles;Variación en lo que va de año;2024M07;4,2
17 Rioja, La;11 Restaurantes y hoteles;Variación en lo que va de año;2024M06;2,8
17 Rioja, La;11 Restaurantes y hoteles;Variación en lo que va de año;2024M05;2,2
17 Rioja, La;11 Restaurantes y hoteles;Variación en lo que va de año;2024M04;1,8
17 Rioja, La;11 Restaurantes y hoteles;Variación en lo que va de año;2024M03;1,1
17 Rioja, La;11 Restaurantes y hoteles;Variación en lo que va de año;2024M02;0,1
17 Rioja, La;11 Restaurantes y hoteles;Variación en lo que va de año;2024M01;-0,9
17 Rioja, La;12 Otros bienes y servicios;Índice;2024M12;113,395
17 Rioja, La;12 Otros bienes y servicios;Índice;2024M11;113,432
17 Rioja, La;12 Otros bienes y servicios;Índice;2024M10;112,913
17 Rioja, La;12 Otros bienes y servicios;Índice;2024M09;112,582
17 Rioja, La;12 Otros bienes y servicios;Índice;2024M08;112,748
17 Rioja, La;12 Otros bienes y servicios;Índice;2024M07;112,940
17 Rioja, La;12 Otros bienes y servicios;Índice;2024M06;112,890
17 Rioja, La;12 Otros bienes y servicios;Índice;2024M05;112,344
17 Rioja, La;12 Otros bienes y servicios;Índice;2024M04;112,239
17 Rioja, La;12 Otros bienes y servicios;Índice;2024M03;111,876
17 Rioja, La;12 Otros bienes y servicios;Índice;2024M02;111,697
17 Rioja, La;12 Otros bienes y servicios;Índice;2024M01;111,071
17 Rioja, La;12 Otros bienes y servicios;Variación mensual;2024M12;0,0
17 Rioja, La;12 Otros bienes y servicios;Variación mensual;2024M11;0,5
17 Rioja, La;12 Otros bienes y servicios;Variación mensual;2024M10;0,3
17 Rioja, La;12 Otros bienes y servicios;Variación mensual;2024M09;-0,1
17 Rioja, La;12 Otros bienes y servicios;Variación mensual;2024M08;-0,2
17 Rioja, La;12 Otros bienes y servicios;Variación mensual;2024M07;0,0
17 Rioja, La;12 Otros bienes y servicios;Variación mensual;2024M06;0,5
17 Rioja, La;12 Otros bienes y servicios;Variación mensual;2024M05;0,1
17 Rioja, La;12 Otros bienes y servicios;Variación mensual;2024M04;0,3
17 Rioja, La;12 Otros bienes y servicios;Variación mensual;2024M03;0,2
17 Rioja, La;12 Otros bienes y servicios;Variación mensual;2024M02;0,6
17 Rioja, La;12 Otros bienes y servicios;Variación mensual;2024M01;0,5
17 Rioja, La;12 Otros bienes y servicios;Variación anual;2024M12;2,6
17 Rioja, La;12 Otros bienes y servicios;Variación anual;2024M11;2,5
17 Rioja, La;12 Otros bienes y servicios;Variación anual;2024M10;2,5
17 Rioja, La;12 Otros bienes y servicios;Variación anual;2024M09;2,2
17 Rioja, La;12 Otros bienes y servicios;Variación anual;2024M08;2,2
17 Rioja, La;12 Otros bienes y servicios;Variación anual;2024M07;2,7
17 Rioja, La;12 Otros bienes y servicios;Variación anual;2024M06;2,5
17 Rioja, La;12 Otros bienes y servicios;Variación anual;2024M05;2,6
17 Rioja, La;12 Otros bienes y servicios;Variación anual;2024M04;2,6
17 Rioja, La;12 Otros bienes y servicios;Variación anual;2024M03;2,6
17 Rioja, La;12 Otros bienes y servicios;Variación anual;2024M02;2,7
17 Rioja, La;12 Otros bienes y servicios;Variación anual;2024M01;3,4
17 Rioja, La;12 Otros bienes y servicios;Variación en lo que va de año;2024M12;2,6
17 Rioja, La;12 Otros bienes y servicios;Variación en lo que va de año;2024M11;2,7
17 Rioja, La;12 Otros bienes y servicios;Variación en lo que va de año;2024M10;2,2
17 Rioja, La;12 Otros bienes y servicios;Variación en lo que va de año;2024M09;1,9
17 Rioja, La;12 Otros bienes y servicios;Variación en lo que va de año;2024M08;2,0
17 Rioja, La;12 Otros bienes y servicios;Variación en lo que va de año;2024M07;2,2
17 Rioja, La;12 Otros bienes y servicios;Variación en lo que va de año;2024M06;2,2
17 Rioja, La;12 Otros bienes y servicios;Variación en lo que va de año;2024M05;1,7
17 Rioja, La;12 Otros bienes y servicios;Variación en lo que va de año;2024M04;1,6
17 Rioja, La;12 Otros bienes y servicios;Variación en lo que va de año;2024M03;1,3
17 Rioja, La;12 Otros bienes y servicios;Variación en lo que va de año;2024M02;1,1
17 Rioja, La;12 Otros bienes y servicios;Variación en lo que va de año;2024M01;0,5
18 Ceuta;01 Alimentos y bebidas no alcohólicas;Índice;2024M12;130,806
18 Ceuta;01 Alimentos y bebidas no alcohólicas;Índice;2024M11;130,408
18 Ceuta;01 Alimentos y bebidas no alcohólicas;Índice;2024M10;131,522
18 Ceuta;01 Alimentos y bebidas no alcohólicas;Índice;2024M09;129,991
18 Ceuta;01 Alimentos y bebidas no alcohólicas;Índice;2024M08;130,577
18 Ceuta;01 Alimentos y bebidas no alcohólicas;Índice;2024M07;130,683
18 Ceuta;01 Alimentos y bebidas no alcohólicas;Índice;2024M06;131,185
18 Ceuta;01 Alimentos y bebidas no alcohólicas;Índice;2024M05;130,618
18 Ceuta;01 Alimentos y bebidas no alcohólicas;Índice;2024M04;130,284
18 Ceuta;01 Alimentos y bebidas no alcohólicas;Índice;2024M03;128,544
18 Ceuta;01 Alimentos y bebidas no alcohólicas;Índice;2024M02;127,147
18 Ceuta;01 Alimentos y bebidas no alcohólicas;Índice;2024M01;129,071
18 Ceuta;01 Alimentos y bebidas no alcohólicas;Variación mensual;2024M12;0,3
18 Ceuta;01 Alimentos y bebidas no alcohólicas;Variación mensual;2024M11;-0,8
18 Ceuta;01 Alimentos y bebidas no alcohólicas;Variación mensual;2024M10;1,2
18 Ceuta;01 Alimentos y bebidas no alcohólicas;Variación mensual;2024M09;-0,4
18 Ceuta;01 Alimentos y bebidas no alcohólicas;Variación mensual;2024M08;-0,1
18 Ceuta;01 Alimentos y bebidas no alcohólicas;Variación mensual;2024M07;-0,4
18 Ceuta;01 Alimentos y bebidas no alcohólicas;Variación mensual;2024M06;0,4
18 Ceuta;01 Alimentos y bebidas no alcohólicas;Variación mensual;2024M05;0,3
18 Ceuta;01 Alimentos y bebidas no alcohólicas;Variación mensual;2024M04;1,4
18 Ceuta;01 Alimentos y bebidas no alcohólicas;Variación mensual;2024M03;1,1
18 Ceuta;01 Alimentos y bebidas no alcohólicas;Variación mensual;2024M02;-1,5
18 Ceuta;01 Alimentos y bebidas no alcohólicas;Variación mensual;2024M01;1,1
18 Ceuta;01 Alimentos y bebidas no alcohólicas;Variación anual;2024M12;2,4
18 Ceuta;01 Alimentos y bebidas no alcohólicas;Variación anual;2024M11;1,3
18 Ceuta;01 Alimentos y bebidas no alcohólicas;Variación anual;2024M10;3,0
18 Ceuta;01 Alimentos y bebidas no alcohólicas;Variación anual;2024M09;2,7
18 Ceuta;01 Alimentos y bebidas no alcohólicas;Variación anual;2024M08;3,7
18 Ceuta;01 Alimentos y bebidas no alcohólicas;Variación anual;2024M07;4,3
18 Ceuta;01 Alimentos y bebidas no alcohólicas;Variación anual;2024M06;4,9
18 Ceuta;01 Alimentos y bebidas no alcohólicas;Variación anual;2024M05;4,7
18 Ceuta;01 Alimentos y bebidas no alcohólicas;Variación anual;2024M04;4,5
18 Ceuta;01 Alimentos y bebidas no alcohólicas;Variación anual;2024M03;3,5
18 Ceuta;01 Alimentos y bebidas no alcohólicas;Variación anual;2024M02;3,4
18 Ceuta;01 Alimentos y bebidas no alcohólicas;Variación anual;2024M01;6,8
18 Ceuta;01 Alimentos y bebidas no alcohólicas;Variación en lo que va de año;2024M12;2,4
18 Ceuta;01 Alimentos y bebidas no alcohólicas;Variación en lo que va de año;2024M11;2,1
18 Ceuta;01 Alimentos y bebidas no alcohólicas;Variación en lo que va de año;2024M10;3,0
18 Ceuta;01 Alimentos y bebidas no alcohólicas;Variación en lo que va de año;2024M09;1,8
18 Ceuta;01 Alimentos y bebidas no alcohólicas;Variación en lo que va de año;2024M08;2,2
18 Ceuta;01 Alimentos y bebidas no alcohólicas;Variación en lo que va de año;2024M07;2,3
18 Ceuta;01 Alimentos y bebidas no alcohólicas;Variación en lo que va de año;2024M06;2,7
18 Ceuta;01 Alimentos y bebidas no alcohólicas;Variación en lo que va de año;2024M05;2,3
18 Ceuta;01 Alimentos y bebidas no alcohólicas;Variación en lo que va de año;2024M04;2,0
18 Ceuta;01 Alimentos y bebidas no alcohólicas;Variación en lo que va de año;2024M03;0,6
18 Ceuta;01 Alimentos y bebidas no alcohólicas;Variación en lo que va de año;2024M02;-0,4
18 Ceuta;01 Alimentos y bebidas no alcohólicas;Variación en lo que va de año;2024M01;1,1
18 Ceuta;02 Bebidas alcohólicas y tabaco;Índice;2024M12;121,355
18 Ceuta;02 Bebidas alcohólicas y tabaco;Índice;2024M11;116,328
18 Ceuta;02 Bebidas alcohólicas y tabaco;Índice;2024M10;116,425
18 Ceuta;02 Bebidas alcohólicas y tabaco;Índice;2024M09;116,353
18 Ceuta;02 Bebidas alcohólicas y tabaco;Índice;2024M08;115,857
18 Ceuta;02 Bebidas alcohólicas y tabaco;Índice;2024M07;116,134
18 Ceuta;02 Bebidas alcohólicas y tabaco;Índice;2024M06;117,875
18 Ceuta;02 Bebidas alcohólicas y tabaco;Índice;2024M05;116,969
18 Ceuta;02 Bebidas alcohólicas y tabaco;Índice;2024M04;118,006
18 Ceuta;02 Bebidas alcohólicas y tabaco;Índice;2024M03;117,607
18 Ceuta;02 Bebidas alcohólicas y tabaco;Índice;2024M02;117,570
18 Ceuta;02 Bebidas alcohólicas y tabaco;Índice;2024M01;115,514
18 Ceuta;02 Bebidas alcohólicas y tabaco;Variación mensual;2024M12;4,3
18 Ceuta;02 Bebidas alcohólicas y tabaco;Variación mensual;2024M11;-0,1
18 Ceuta;02 Bebidas alcohólicas y tabaco;Variación mensual;2024M10;0,1
18 Ceuta;02 Bebidas alcohólicas y tabaco;Variación mensual;2024M09;0,4
18 Ceuta;02 Bebidas alcohólicas y tabaco;Variación mensual;2024M08;-0,2
18 Ceuta;02 Bebidas alcohólicas y tabaco;Variación mensual;2024M07;-1,5
18 Ceuta;02 Bebidas alcohólicas y tabaco;Variación mensual;2024M06;0,8
18 Ceuta;02 Bebidas alcohólicas y tabaco;Variación mensual;2024M05;-0,9
18 Ceuta;02 Bebidas alcohólicas y tabaco;Variación mensual;2024M04;0,3
18 Ceuta;02 Bebidas alcohólicas y tabaco;Variación mensual;2024M03;0,0
18 Ceuta;02 Bebidas alcohólicas y tabaco;Variación mensual;2024M02;1,8
18 Ceuta;02 Bebidas alcohólicas y tabaco;Variación mensual;2024M01;2,1
18 Ceuta;02 Bebidas alcohólicas y tabaco;Variación anual;2024M12;7,3
18 Ceuta;02 Bebidas alcohólicas y tabaco;Variación anual;2024M11;2,3
18 Ceuta;02 Bebidas alcohólicas y tabaco;Variación anual;2024M10;2,3
18 Ceuta;02 Bebidas alcohólicas y tabaco;Variación anual;2024M09;2,5
18 Ceuta;02 Bebidas alcohólicas y tabaco;Variación anual;2024M08;2,2
18 Ceuta;02 Bebidas alcohólicas y tabaco;Variación anual;2024M07;2,9
18 Ceuta;02 Bebidas alcohólicas y tabaco;Variación anual;2024M06;4,4
18 Ceuta;02 Bebidas alcohólicas y tabaco;Variación anual;2024M05;3,7
18 Ceuta;02 Bebidas alcohólicas y tabaco;Variación anual;2024M04;5,1
18 Ceuta;02 Bebidas alcohólicas y tabaco;Variación anual;2024M03;4,9
18 Ceuta;02 Bebidas alcohólicas y tabaco;Variación anual;2024M02;4,8
18 Ceuta;02 Bebidas alcohólicas y tabaco;Variación anual;2024M01;3,6
18 Ceuta;02 Bebidas alcohólicas y tabaco;Variación en lo que va de año;2024M12;7,3
18 Ceuta;02 Bebidas alcohólicas y tabaco;Variación en lo que va de año;2024M11;2,8
18 Ceuta;02 Bebidas alcohólicas y tabaco;Variación en lo que va de año;2024M10;2,9
18 Ceuta;02 Bebidas alcohólicas y tabaco;Variación en lo que va de año;2024M09;2,9
18 Ceuta;02 Bebidas alcohólicas y tabaco;Variación en lo que va de año;2024M08;2,4
18 Ceuta;02 Bebidas alcohólicas y tabaco;Variación en lo que va de año;2024M07;2,7
18 Ceuta;02 Bebidas alcohólicas y tabaco;Variación en lo que va de año;2024M06;4,2
18 Ceuta;02 Bebidas alcohólicas y tabaco;Variación en lo que va de año;2024M05;3,4
18 Ceuta;02 Bebidas alcohólicas y tabaco;Variación en lo que va de año;2024M04;4,3
18 Ceuta;02 Bebidas alcohólicas y tabaco;Variación en lo que va de año;2024M03;4,0
18 Ceuta;02 Bebidas alcohólicas y tabaco;Variación en lo que va de año;2024M02;3,9
18 Ceuta;02 Bebidas alcohólicas y tabaco;Variación en lo que va de año;2024M01;2,1
18 Ceuta;03 Vestido y calzado;Índice;2024M12;112,679
18 Ceuta;03 Vestido y calzado;Índice;2024M11;112,747
18 Ceuta;03 Vestido y calzado;Índice;2024M10;110,932
18 Ceuta;03 Vestido y calzado;Índice;2024M09;99,716
18 Ceuta;03 Vestido y calzado;Índice;2024M08;98,609
18 Ceuta;03 Vestido y calzado;Índice;2024M07;99,749
18 Ceuta;03 Vestido y calzado;Índice;2024M06;114,262
18 Ceuta;03 Vestido y calzado;Índice;2024M05;115,446
18 Ceuta;03 Vestido y calzado;Índice;2024M04;115,347
18 Ceuta;03 Vestido y calzado;Índice;2024M03;105,539
18 Ceuta;03 Vestido y calzado;Índice;2024M02;102,355
18 Ceuta;03 Vestido y calzado;Índice;2024M01;103,625
18 Ceuta;03 Vestido y calzado;Variación mensual;2024M12;-0,1
18 Ceuta;03 Vestido y calzado;Variación mensual;2024M11;1,6
18 Ceuta;03 Vestido y calzado;Variación mensual;2024M10;11,2
18 Ceuta;03 Vestido y calzado;Variación mensual;2024M09;1,1
18 Ceuta;03 Vestido y calzado;Variación mensual;2024M08;-1,1
18 Ceuta;03 Vestido y calzado;Variación mensual;2024M07;-12,7
18 Ceuta;03 Vestido y calzado;Variación mensual;2024M06;-1,0
18 Ceuta;03 Vestido y calzado;Variación mensual;2024M05;0,1
18 Ceuta;03 Vestido y calzado;Variación mensual;2024M04;9,3
18 Ceuta;03 Vestido y calzado;Variación mensual;2024M03;3,1
18 Ceuta;03 Vestido y calzado;Variación mensual;2024M02;-1,2
18 Ceuta;03 Vestido y calzado;Variación mensual;2024M01;-10,6
18 Ceuta;03 Vestido y calzado;Variación anual;2024M12;-2,8
18 Ceuta;03 Vestido y calzado;Variación anual;2024M11;-2,9
18 Ceuta;03 Vestido y calzado;Variación anual;2024M10;-1,6
18 Ceuta;03 Vestido y calzado;Variación anual;2024M09;-4,5
18 Ceuta;03 Vestido y calzado;Variación anual;2024M08;-1,8
18 Ceuta;03 Vestido y calzado;Variación anual;2024M07;-0,6
18 Ceuta;03 Vestido y calzado;Variación anual;2024M06;2,8
18 Ceuta;03 Vestido y calzado;Variación anual;2024M05;3,2
18 Ceuta;03 Vestido y calzado;Variación anual;2024M04;8,6
18 Ceuta;03 Vestido y calzado;Variación anual;2024M03;8,0
18 Ceuta;03 Vestido y calzado;Variación anual;2024M02;3,5
18 Ceuta;03 Vestido y calzado;Variación anual;2024M01;2,8
18 Ceuta;03 Vestido y calzado;Variación en lo que va de año;2024M12;-2,8
18 Ceuta;03 Vestido y calzado;Variación en lo que va de año;2024M11;-2,8
18 Ceuta;03 Vestido y calzado;Variación en lo que va de año;2024M10;-4,3
18 Ceuta;03 Vestido y calzado;Variación en lo que va de año;2024M09;-14,0
18 Ceuta;03 Vestido y calzado;Variación en lo que va de año;2024M08;-15,0
18 Ceuta;03 Vestido y calzado;Variación en lo que va de año;2024M07;-14,0
18 Ceuta;03 Vestido y calzado;Variación en lo que va de año;2024M06;-1,5
18 Ceuta;03 Vestido y calzado;Variación en lo que va de año;2024M05;-0,4
18 Ceuta;03 Vestido y calzado;Variación en lo que va de año;2024M04;-0,5
18 Ceuta;03 Vestido y calzado;Variación en lo que va de año;2024M03;-9,0
18 Ceuta;03 Vestido y calzado;Variación en lo que va de año;2024M02;-11,7
18 Ceuta;03 Vestido y calzado;Variación en lo que va de año;2024M01;-10,6
18 Ceuta;04 Vivienda, agua, electricidad, gas y otros combustibles;Índice;2024M12;105,003
18 Ceuta;04 Vivienda, agua, electricidad, gas y otros combustibles;Índice;2024M11;104,469
18 Ceuta;04 Vivienda, agua, electricidad, gas y otros combustibles;Índice;2024M10;103,056
18 Ceuta;04 Vivienda, agua, electricidad, gas y otros combustibles;Índice;2024M09;102,841
18 Ceuta;04 Vivienda, agua, electricidad, gas y otros combustibles;Índice;2024M08;103,333
18 Ceuta;04 Vivienda, agua, electricidad, gas y otros combustibles;Índice;2024M07;102,841
18 Ceuta;04 Vivienda, agua, electricidad, gas y otros combustibles;Índice;2024M06;104,646
18 Ceuta;04 Vivienda, agua, electricidad, gas y otros combustibles;Índice;2024M05;103,763
18 Ceuta;04 Vivienda, agua, electricidad, gas y otros combustibles;Índice;2024M04;103,047
18 Ceuta;04 Vivienda, agua, electricidad, gas y otros combustibles;Índice;2024M03;102,985
18 Ceuta;04 Vivienda, agua, electricidad, gas y otros combustibles;Índice;2024M02;100,821
18 Ceuta;04 Vivienda, agua, electricidad, gas y otros combustibles;Índice;2024M01;102,040
18 Ceuta;04 Vivienda, agua, electricidad, gas y otros combustibles;Variación mensual;2024M12;0,5
18 Ceuta;04 Vivienda, agua, electricidad, gas y otros combustibles;Variación mensual;2024M11;1,4
18 Ceuta;04 Vivienda, agua, electricidad, gas y otros combustibles;Variación mensual;2024M10;0,2
18 Ceuta;04 Vivienda, agua, electricidad, gas y otros combustibles;Variación mensual;2024M09;-0,5
18 Ceuta;04 Vivienda, agua, electricidad, gas y otros combustibles;Variación mensual;2024M08;0,5
18 Ceuta;04 Vivienda, agua, electricidad, gas y otros combustibles;Variación mensual;2024M07;-1,7
18 Ceuta;04 Vivienda, agua, electricidad, gas y otros combustibles;Variación mensual;2024M06;0,9
18 Ceuta;04 Vivienda, agua, electricidad, gas y otros combustibles;Variación mensual;2024M05;0,7
18 Ceuta;04 Vivienda, agua, electricidad, gas y otros combustibles;Variación mensual;2024M04;0,1
18 Ceuta;04 Vivienda, agua, electricidad, gas y otros combustibles;Variación mensual;2024M03;2,1
18 Ceuta;04 Vivienda, agua, electricidad, gas y otros combustibles;Variación mensual;2024M02;-1,2
18 Ceuta;04 Vivienda, agua, electricidad, gas y otros combustibles;Variación mensual;2024M01;2,8
18 Ceuta;04 Vivienda, agua, electricidad, gas y otros combustibles;Variación anual;2024M12;5,8
18 Ceuta;04 Vivienda, agua, electricidad, gas y otros combustibles;Variación anual;2024M11;5,9
18 Ceuta;04 Vivienda, agua, electricidad, gas y otros combustibles;Variación anual;2024M10;3,3
18 Ceuta;04 Vivienda, agua, electricidad, gas y otros combustibles;Variación anual;2024M09;2,5
18 Ceuta;04 Vivienda, agua, electricidad, gas y otros combustibles;Variación anual;2024M08;3,5
18 Ceuta;04 Vivienda, agua, electricidad, gas y otros combustibles;Variación anual;2024M07;-3,7
18 Ceuta;04 Vivienda, agua, electricidad, gas y otros combustibles;Variación anual;2024M06;5,0
18 Ceuta;04 Vivienda, agua, electricidad, gas y otros combustibles;Variación anual;2024M05;5,1
18 Ceuta;04 Vivienda, agua, electricidad, gas y otros combustibles;Variación anual;2024M04;4,0
18 Ceuta;04 Vivienda, agua, electricidad, gas y otros combustibles;Variación anual;2024M03;2,9
18 Ceuta;04 Vivienda, agua, electricidad, gas y otros combustibles;Variación anual;2024M02;-1,1
18 Ceuta;04 Vivienda, agua, electricidad, gas y otros combustibles;Variación anual;2024M01;2,7
18 Ceuta;04 Vivienda, agua, electricidad, gas y otros combustibles;Variación en lo que va de año;2024M12;5,8
18 Ceuta;04 Vivienda, agua, electricidad, gas y otros combustibles;Variación en lo que va de año;2024M11;5,3
18 Ceuta;04 Vivienda, agua, electricidad, gas y otros combustibles;Variación en lo que va de año;2024M10;3,8
18 Ceuta;04 Vivienda, agua, electricidad, gas y otros combustibles;Variación en lo que va de año;2024M09;3,6
18 Ceuta;04 Vivienda, agua, electricidad, gas y otros combustibles;Variación en lo que va de año;2024M08;4,1
18 Ceuta;04 Vivienda, agua, electricidad, gas y otros combustibles;Variación en lo que va de año;2024M07;3,6
18 Ceuta;04 Vivienda, agua, electricidad, gas y otros combustibles;Variación en lo que va de año;2024M06;5,4
18 Ceuta;04 Vivienda, agua, electricidad, gas y otros combustibles;Variación en lo que va de año;2024M05;4,5
18 Ceuta;04 Vivienda, agua, electricidad, gas y otros combustibles;Variación en lo que va de año;2024M04;3,8
18 Ceuta;04 Vivienda, agua, electricidad, gas y otros combustibles;Variación en lo que va de año;2024M03;3,8
18 Ceuta;04 Vivienda, agua, electricidad, gas y otros combustibles;Variación en lo que va de año;2024M02;1,6
18 Ceuta;04 Vivienda, agua, electricidad, gas y otros combustibles;Variación en lo que va de año;2024M01;2,8
18 Ceuta;05 Muebles, artículos del hogar y artículos para el mantenimiento corriente del hogar;Índice;2024M12;109,891
18 Ceuta;05 Muebles, artículos del hogar y artículos para el mantenimiento corriente del hogar;Índice;2024M11;108,763
18 Ceuta;05 Muebles, artículos del hogar y artículos para el mantenimiento corriente del hogar;Índice;2024M10;108,848
18 Ceuta;05 Muebles, artículos del hogar y artículos para el mantenimiento corriente del hogar;Índice;2024M09;108,855
18 Ceuta;05 Muebles, artículos del hogar y artículos para el mantenimiento corriente del hogar;Índice;2024M08;108,832
18 Ceuta;05 Muebles, artículos del hogar y artículos para el mantenimiento corriente del hogar;Índice;2024M07;108,850
18 Ceuta;05 Muebles, artículos del hogar y artículos para el mantenimiento corriente del hogar;Índice;2024M06;109,617
18 Ceuta;05 Muebles, artículos del hogar y artículos para el mantenimiento corriente del hogar;Índice;2024M05;109,542
18 Ceuta;05 Muebles, artículos del hogar y artículos para el mantenimiento corriente del hogar;Índice;2024M04;109,423
18 Ceuta;05 Muebles, artículos del hogar y artículos para el mantenimiento corriente del hogar;Índice;2024M03;109,173
18 Ceuta;05 Muebles, artículos del hogar y artículos para el mantenimiento corriente del hogar;Índice;2024M02;109,485
18 Ceuta;05 Muebles, artículos del hogar y artículos para el mantenimiento corriente del hogar;Índice;2024M01;109,684
18 Ceuta;05 Muebles, artículos del hogar y artículos para el mantenimiento corriente del hogar;Variación mensual;2024M12;1,0
18 Ceuta;05 Muebles, artículos del hogar y artículos para el mantenimiento corriente del hogar;Variación mensual;2024M11;-0,1
18 Ceuta;05 Muebles, artículos del hogar y artículos para el mantenimiento corriente del hogar;Variación mensual;2024M10;0,0
18 Ceuta;05 Muebles, artículos del hogar y artículos para el mantenimiento corriente del hogar;Variación mensual;2024M09;0,0
18 Ceuta;05 Muebles, artículos del hogar y artículos para el mantenimiento corriente del hogar;Variación mensual;2024M08;0,0
18 Ceuta;05 Muebles, artículos del hogar y artículos para el mantenimiento corriente del hogar;Variación mensual;2024M07;-0,7
18 Ceuta;05 Muebles, artículos del hogar y artículos para el mantenimiento corriente del hogar;Variación mensual;2024M06;0,1
18 Ceuta;05 Muebles, artículos del hogar y artículos para el mantenimiento corriente del hogar;Variación mensual;2024M05;0,1
18 Ceuta;05 Muebles, artículos del hogar y artículos para el mantenimiento corriente del hogar;Variación mensual;2024M04;0,2
18 Ceuta;05 Muebles, artículos del hogar y artículos para el mantenimiento corriente del hogar;Variación mensual;2024M03;-0,3
18 Ceuta;05 Muebles, artículos del hogar y artículos para el mantenimiento corriente del hogar;Variación mensual;2024M02;-0,2
18 Ceuta;05 Muebles, artículos del hogar y artículos para el mantenimiento corriente del hogar;Variación mensual;2024M01;0,3
18 Ceuta;05 Muebles, artículos del hogar y artículos para el mantenimiento corriente del hogar;Variación anual;2024M12;0,5
18 Ceuta;05 Muebles, artículos del hogar y artículos para el mantenimiento corriente del hogar;Variación anual;2024M11;-0,3
18 Ceuta;05 Muebles, artículos del hogar y artículos para el mantenimiento corriente del hogar;Variación anual;2024M10;-0,1
18 Ceuta;05 Muebles, artículos del hogar y artículos para el mantenimiento corriente del hogar;Variación anual;2024M09;-0,4
18 Ceuta;05 Muebles, artículos del hogar y artículos para el mantenimiento corriente del hogar;Variación anual;2024M08;-0,2
18 Ceuta;05 Muebles, artículos del hogar y artículos para el mantenimiento corriente del hogar;Variación anual;2024M07;-0,2
18 Ceuta;05 Muebles, artículos del hogar y artículos para el mantenimiento corriente del hogar;Variación anual;2024M06;-0,6
18 Ceuta;05 Muebles, artículos del hogar y artículos para el mantenimiento corriente del hogar;Variación anual;2024M05;-0,2
18 Ceuta;05 Muebles, artículos del hogar y artículos para el mantenimiento corriente del hogar;Variación anual;2024M04;-0,5
18 Ceuta;05 Muebles, artículos del hogar y artículos para el mantenimiento corriente del hogar;Variación anual;2024M03;0,4
18 Ceuta;05 Muebles, artículos del hogar y artículos para el mantenimiento corriente del hogar;Variación anual;2024M02;1,2
18 Ceuta;05 Muebles, artículos del hogar y artículos para el mantenimiento corriente del hogar;Variación anual;2024M01;1,8
18 Ceuta;05 Muebles, artículos del hogar y artículos para el mantenimiento corriente del hogar;Variación en lo que va de año;2024M12;0,5
18 Ceuta;05 Muebles, artículos del hogar y artículos para el mantenimiento corriente del hogar;Variación en lo que va de año;2024M11;-0,5
18 Ceuta;05 Muebles, artículos del hogar y artículos para el mantenimiento corriente del hogar;Variación en lo que va de año;2024M10;-0,4
18 Ceuta;05 Muebles, artículos del hogar y artículos para el mantenimiento corriente del hogar;Variación en lo que va de año;2024M09;-0,4
18 Ceuta;05 Muebles, artículos del hogar y artículos para el mantenimiento corriente del hogar;Variación en lo que va de año;2024M08;-0,4
18 Ceuta;05 Muebles, artículos del hogar y artículos para el mantenimiento corriente del hogar;Variación en lo que va de año;2024M07;-0,4
18 Ceuta;05 Muebles, artículos del hogar y artículos para el mantenimiento corriente del hogar;Variación en lo que va de año;2024M06;0,3
18 Ceuta;05 Muebles, artículos del hogar y artículos para el mantenimiento corriente del hogar;Variación en lo que va de año;2024M05;0,2
18 Ceuta;05 Muebles, artículos del hogar y artículos para el mantenimiento corriente del hogar;Variación en lo que va de año;2024M04;0,1
18 Ceuta;05 Muebles, artículos del hogar y artículos para el mantenimiento corriente del hogar;Variación en lo que va de año;2024M03;-0,1
18 Ceuta;05 Muebles, artículos del hogar y artículos para el mantenimiento corriente del hogar;Variación en lo que va de año;2024M02;0,2
18 Ceuta;05 Muebles, artículos del hogar y artículos para el mantenimiento corriente del hogar;Variación en lo que va de año;2024M01;0,3
18 Ceuta;06 Sanidad;Índice;2024M12;104,062
18 Ceuta;06 Sanidad;Índice;2024M11;104,114
18 Ceuta;06 Sanidad;Índice;2024M10;104,085
18 Ceuta;06 Sanidad;Índice;2024M09;104,142
18 Ceuta;06 Sanidad;Índice;2024M08;104,118
18 Ceuta;06 Sanidad;Índice;2024M07;104,114
18 Ceuta;06 Sanidad;Índice;2024M06;103,973
18 Ceuta;06 Sanidad;Índice;2024M05;103,955
18 Ceuta;06 Sanidad;Índice;2024M04;103,972
18 Ceuta;06 Sanidad;Índice;2024M03;103,655
18 Ceuta;06 Sanidad;Índice;2024M02;103,627
18 Ceuta;06 Sanidad;Índice;2024M01;103,735
18 Ceuta;06 Sanidad;Variación mensual;2024M12;-0,1
18 Ceuta;06 Sanidad;Variación mensual;2024M11;0,0
18 Ceuta;06 Sanidad;Variación mensual;2024M10;-0,1
18 Ceuta;06 Sanidad;Variación mensual;2024M09;0,0
18 Ceuta;06 Sanidad;Variación mensual;2024M08;0,0
18 Ceuta;06 Sanidad;Variación mensual;2024M07;0,1
18 Ceuta;06 Sanidad;Variación mensual;2024M06;0,0
18 Ceuta;06 Sanidad;Variación mensual;2024M05;0,0
18 Ceuta;06 Sanidad;Variación mensual;2024M04;0,3
18 Ceuta;06 Sanidad;Variación mensual;2024M03;0,0
18 Ceuta;06 Sanidad;Variación mensual;2024M02;-0,1
18 Ceuta;06 Sanidad;Variación mensual;2024M01;0,3
18 Ceuta;06 Sanidad;Variación anual;2024M12;0,6
18 Ceuta;06 Sanidad;Variación anual;2024M11;3,8
18 Ceuta;06 Sanidad;Variación anual;2024M10;3,8
18 Ceuta;06 Sanidad;Variación anual;2024M09;3,4
18 Ceuta;06 Sanidad;Variación anual;2024M08;3,4
18 Ceuta;06 Sanidad;Variación anual;2024M07;3,3
18 Ceuta;06 Sanidad;Variación anual;2024M06;3,4
18 Ceuta;06 Sanidad;Variación anual;2024M05;3,6
18 Ceuta;06 Sanidad;Variación anual;2024M04;3,6
18 Ceuta;06 Sanidad;Variación anual;2024M03;3,4
18 Ceuta;06 Sanidad;Variación anual;2024M02;3,4
18 Ceuta;06 Sanidad;Variación anual;2024M01;3,6
18 Ceuta;06 Sanidad;Variación en lo que va de año;2024M12;0,6
18 Ceuta;06 Sanidad;Variación en lo que va de año;2024M11;0,6
18 Ceuta;06 Sanidad;Variación en lo que va de año;2024M10;0,6
18 Ceuta;06 Sanidad;Variación en lo que va de año;2024M09;0,6
18 Ceuta;06 Sanidad;Variación en lo que va de año;2024M08;0,6
18 Ceuta;06 Sanidad;Variación en lo que va de año;2024M07;0,6
18 Ceuta;06 Sanidad;Variación en lo que va de año;2024M06;0,5
18 Ceuta;06 Sanidad;Variación en lo que va de año;2024M05;0,5
18 Ceuta;06 Sanidad;Variación en lo que va de año;2024M04;0,5
18 Ceuta;06 Sanidad;Variación en lo que va de año;2024M03;0,2
18 Ceuta;06 Sanidad;Variación en lo que va de año;2024M02;0,2
18 Ceuta;06 Sanidad;Variación en lo que va de año;2024M01;0,3
18 Ceuta;07 Transporte;Índice;2024M12;112,734
18 Ceuta;07 Transporte;Índice;2024M11;112,616
18 Ceuta;07 Transporte;Índice;2024M10;111,791
18 Ceuta;07 Transporte;Índice;2024M09;111,500
18 Ceuta;07 Transporte;Índice;2024M08;113,725
18 Ceuta;07 Transporte;Índice;2024M07;114,816
18 Ceuta;07 Transporte;Índice;2024M06;114,193
18 Ceuta;07 Transporte;Índice;2024M05;115,005
18 Ceuta;07 Transporte;Índice;2024M04;115,408
18 Ceuta;07 Transporte;Índice;2024M03;114,550
18 Ceuta;07 Transporte;Índice;2024M02;114,203
18 Ceuta;07 Transporte;Índice;2024M01;111,001
18 Ceuta;07 Transporte;Variación mensual;2024M12;0,1
18 Ceuta;07 Transporte;Variación mensual;2024M11;0,7
18 Ceuta;07 Transporte;Variación mensual;2024M10;0,3
18 Ceuta;07 Transporte;Variación mensual;2024M09;-2,0
18 Ceuta;07 Transporte;Variación mensual;2024M08;-1,0
18 Ceuta;07 Transporte;Variación mensual;2024M07;0,5
18 Ceuta;07 Transporte;Variación mensual;2024M06;-0,7
18 Ceuta;07 Transporte;Variación mensual;2024M05;-0,3
18 Ceuta;07 Transporte;Variación mensual;2024M04;0,7
18 Ceuta;07 Transporte;Variación mensual;2024M03;0,3
18 Ceuta;07 Transporte;Variación mensual;2024M02;2,9
18 Ceuta;07 Transporte;Variación mensual;2024M01;-0,3
18 Ceuta;07 Transporte;Variación anual;2024M12;1,3
18 Ceuta;07 Transporte;Variación anual;2024M11;-0,4
18 Ceuta;07 Transporte;Variación anual;2024M10;-3,6
18 Ceuta;07 Transporte;Variación anual;2024M09;-5,1
18 Ceuta;07 Transporte;Variación anual;2024M08;-2,2
18 Ceuta;07 Transporte;Variación anual;2024M07;2,1
18 Ceuta;07 Transporte;Variación anual;2024M06;2,3
18 Ceuta;07 Transporte;Variación anual;2024M05;4,0
18 Ceuta;07 Transporte;Variación anual;2024M04;2,7
18 Ceuta;07 Transporte;Variación anual;2024M03;2,6
18 Ceuta;07 Transporte;Variación anual;2024M02;2,4
18 Ceuta;07 Transporte;Variación anual;2024M01;-0,2
18 Ceuta;07 Transporte;Variación en lo que va de año;2024M12;1,3
18 Ceuta;07 Transporte;Variación en lo que va de año;2024M11;1,2
18 Ceuta;07 Transporte;Variación en lo que va de año;2024M10;0,5
18 Ceuta;07 Transporte;Variación en lo que va de año;2024M09;0,2
18 Ceuta;07 Transporte;Variación en lo que va de año;2024M08;2,2
18 Ceuta;07 Transporte;Variación en lo que va de año;2024M07;3,2
18 Ceuta;07 Transporte;Variación en lo que va de año;2024M06;2,6
18 Ceuta;07 Transporte;Variación en lo que va de año;2024M05;3,3
18 Ceuta;07 Transporte;Variación en lo que va de año;2024M04;3,7
18 Ceuta;07 Transporte;Variación en lo que va de año;2024M03;2,9
18 Ceuta;07 Transporte;Variación en lo que va de año;2024M02;2,6
18 Ceuta;07 Transporte;Variación en lo que va de año;2024M01;-0,3
18 Ceuta;08 Comunicaciones;Índice;2024M12;102,751
18 Ceuta;08 Comunicaciones;Índice;2024M11;102,757
18 Ceuta;08 Comunicaciones;Índice;2024M10;102,757
18 Ceuta;08 Comunicaciones;Índice;2024M09;103,697
18 Ceuta;08 Comunicaciones;Índice;2024M08;103,725
18 Ceuta;08 Comunicaciones;Índice;2024M07;103,751
18 Ceuta;08 Comunicaciones;Índice;2024M06;104,106
18 Ceuta;08 Comunicaciones;Índice;2024M05;104,099
18 Ceuta;08 Comunicaciones;Índice;2024M04;104,129
18 Ceuta;08 Comunicaciones;Índice;2024M03;103,943
18 Ceuta;08 Comunicaciones;Índice;2024M02;103,971
18 Ceuta;08 Comunicaciones;Índice;2024M01;103,996
18 Ceuta;08 Comunicaciones;Variación mensual;2024M12;0,0
18 Ceuta;08 Comunicaciones;Variación mensual;2024M11;0,0
18 Ceuta;08 Comunicaciones;Variación mensual;2024M10;-0,9
18 Ceuta;08 Comunicaciones;Variación mensual;2024M09;0,0
18 Ceuta;08 Comunicaciones;Variación mensual;2024M08;0,0
18 Ceuta;08 Comunicaciones;Variación mensual;2024M07;-0,3
18 Ceuta;08 Comunicaciones;Variación mensual;2024M06;0,0
18 Ceuta;08 Comunicaciones;Variación mensual;2024M05;0,0
18 Ceuta;08 Comunicaciones;Variación mensual;2024M04;0,2
18 Ceuta;08 Comunicaciones;Variación mensual;2024M03;0,0
18 Ceuta;08 Comunicaciones;Variación mensual;2024M02;0,0
18 Ceuta;08 Comunicaciones;Variación mensual;2024M01;2,1
18 Ceuta;08 Comunicaciones;Variación anual;2024M12;0,9
18 Ceuta;08 Comunicaciones;Variación anual;2024M11;0,8
18 Ceuta;08 Comunicaciones;Variación anual;2024M10;0,8
18 Ceuta;08 Comunicaciones;Variación anual;2024M09;0,6
18 Ceuta;08 Comunicaciones;Variación anual;2024M08;0,6
18 Ceuta;08 Comunicaciones;Variación anual;2024M07;0,6
18 Ceuta;08 Comunicaciones;Variación anual;2024M06;0,7
18 Ceuta;08 Comunicaciones;Variación anual;2024M05;0,6
18 Ceuta;08 Comunicaciones;Variación anual;2024M04;0,6
18 Ceuta;08 Comunicaciones;Variación anual;2024M03;1,2
18 Ceuta;08 Comunicaciones;Variación anual;2024M02;1,2
18 Ceuta;08 Comunicaciones;Variación anual;2024M01;1,2
18 Ceuta;08 Comunicaciones;Variación en lo que va de año;2024M12;0,9
18 Ceuta;08 Comunicaciones;Variación en lo que va de año;2024M11;0,9
18 Ceuta;08 Comunicaciones;Variación en lo que va de año;2024M10;0,9
18 Ceuta;08 Comunicaciones;Variación en lo que va de año;2024M09;1,8
18 Ceuta;08 Comunicaciones;Variación en lo que va de año;2024M08;1,8
18 Ceuta;08 Comunicaciones;Variación en lo que va de año;2024M07;1,8
18 Ceuta;08 Comunicaciones;Variación en lo que va de año;2024M06;2,2
18 Ceuta;08 Comunicaciones;Variación en lo que va de año;2024M05;2,2
18 Ceuta;08 Comunicaciones;Variación en lo que va de año;2024M04;2,2
18 Ceuta;08 Comunicaciones;Variación en lo que va de año;2024M03;2,0
18 Ceuta;08 Comunicaciones;Variación en lo que va de año;2024M02;2,1
18 Ceuta;08 Comunicaciones;Variación en lo que va de año;2024M01;2,1
18 Ceuta;09 Ocio y cultura;Índice;2024M12;108,637
18 Ceuta;09 Ocio y cultura;Índice;2024M11;106,227
18 Ceuta;09 Ocio y cultura;Índice;2024M10;107,395
18 Ceuta;09 Ocio y cultura;Índice;2024M09;108,167
18 Ceuta;09 Ocio y cultura;Índice;2024M08;112,442
18 Ceuta;09 Ocio y cultura;Índice;2024M07;111,419
18 Ceuta;09 Ocio y cultura;Índice;2024M06;110,014
18 Ceuta;09 Ocio y cultura;Índice;2024M05;106,650
18 Ceuta;09 Ocio y cultura;Índice;2024M04;107,198
18 Ceuta;09 Ocio y cultura;Índice;2024M03;107,543
18 Ceuta;09 Ocio y cultura;Índice;2024M02;106,011
18 Ceuta;09 Ocio y cultura;Índice;2024M01;105,364
18 Ceuta;09 Ocio y cultura;Variación mensual;2024M12;2,3
18 Ceuta;09 Ocio y cultura;Variación mensual;2024M11;-1,1
18 Ceuta;09 Ocio y cultura;Variación mensual;2024M10;-0,7
18 Ceuta;09 Ocio y cultura;Variación mensual;2024M09;-3,8
18 Ceuta;09 Ocio y cultura;Variación mensual;2024M08;0,9
18 Ceuta;09 Ocio y cultura;Variación mensual;2024M07;1,3
18 Ceuta;09 Ocio y cultura;Variación mensual;2024M06;3,2
18 Ceuta;09 Ocio y cultura;Variación mensual;2024M05;-0,5
18 Ceuta;09 Ocio y cultura;Variación mensual;2024M04;-0,3
18 Ceuta;09 Ocio y cultura;Variación mensual;2024M03;1,4
18 Ceuta;09 Ocio y cultura;Variación mensual;2024M02;0,6
18 Ceuta;09 Ocio y cultura;Variación mensual;2024M01;-1,5
18 Ceuta;09 Ocio y cultura;Variación anual;2024M12;1,5
18 Ceuta;09 Ocio y cultura;Variación anual;2024M11;0,7
18 Ceuta;09 Ocio y cultura;Variación anual;2024M10;0,6
18 Ceuta;09 Ocio y cultura;Variación anual;2024M09;0,4
18 Ceuta;09 Ocio y cultura;Variación anual;2024M08;2,2
18 Ceuta;09 Ocio y cultura;Variación anual;2024M07;2,0
18 Ceuta;09 Ocio y cultura;Variación anual;2024M06;3,5
18 Ceuta;09 Ocio y cultura;Variación anual;2024M05;1,9
18 Ceuta;09 Ocio y cultura;Variación anual;2024M04;2,1
18 Ceuta;09 Ocio y cultura;Variación anual;2024M03;3,4
18 Ceuta;09 Ocio y cultura;Variación anual;2024M02;2,7
18 Ceuta;09 Ocio y cultura;Variación anual;2024M01;3,2
18 Ceuta;09 Ocio y cultura;Variación en lo que va de año;2024M12;1,5
18 Ceuta;09 Ocio y cultura;Variación en lo que va de año;2024M11;-0,7
18 Ceuta;09 Ocio y cultura;Variación en lo que va de año;2024M10;0,4
18 Ceuta;09 Ocio y cultura;Variación en lo que va de año;2024M09;1,1
18 Ceuta;09 Ocio y cultura;Variación en lo que va de año;2024M08;5,1
18 Ceuta;09 Ocio y cultura;Variación en lo que va de año;2024M07;4,1
18 Ceuta;09 Ocio y cultura;Variación en lo que va de año;2024M06;2,8
18 Ceuta;09 Ocio y cultura;Variación en lo que va de año;2024M05;-0,3
18 Ceuta;09 Ocio y cultura;Variación en lo que va de año;2024M04;0,2
18 Ceuta;09 Ocio y cultura;Variación en lo que va de año;2024M03;0,5
18 Ceuta;09 Ocio y cultura;Variación en lo que va de año;2024M02;-0,9
18 Ceuta;09 Ocio y cultura;Variación en lo que va de año;2024M01;-1,5
18 Ceuta;10 Enseñanza;Índice;2024M12;102,738
18 Ceuta;10 Enseñanza;Índice;2024M11;102,738
18 Ceuta;10 Enseñanza;Índice;2024M10;102,738
18 Ceuta;10 Enseñanza;Índice;2024M09;102,055
18 Ceuta;10 Enseñanza;Índice;2024M08;102,055
18 Ceuta;10 Enseñanza;Índice;2024M07;102,055
18 Ceuta;10 Enseñanza;Índice;2024M06;102,055
18 Ceuta;10 Enseñanza;Índice;2024M05;102,055
18 Ceuta;10 Enseñanza;Índice;2024M04;102,055
18 Ceuta;10 Enseñanza;Índice;2024M03;102,055
18 Ceuta;10 Enseñanza;Índice;2024M02;102,055
18 Ceuta;10 Enseñanza;Índice;2024M01;102,055
18 Ceuta;10 Enseñanza;Variación mensual;2024M12;0,0
18 Ceuta;10 Enseñanza;Variación mensual;2024M11;0,0
18 Ceuta;10 Enseñanza;Variación mensual;2024M10;0,7
18 Ceuta;10 Enseñanza;Variación mensual;2024M09;0,0
18 Ceuta;10 Enseñanza;Variación mensual;2024M08;0,0
18 Ceuta;10 Enseñanza;Variación mensual;2024M07;0,0
18 Ceuta;10 Enseñanza;Variación mensual;2024M06;0,0
18 Ceuta;10 Enseñanza;Variación mensual;2024M05;0,0
18 Ceuta;10 Enseñanza;Variación mensual;2024M04;0,0
18 Ceuta;10 Enseñanza;Variación mensual;2024M03;0,0
18 Ceuta;10 Enseñanza;Variación mensual;2024M02;0,0
18 Ceuta;10 Enseñanza;Variación mensual;2024M01;0,0
18 Ceuta;10 Enseñanza;Variación anual;2024M12;0,7
18 Ceuta;10 Enseñanza;Variación anual;2024M11;0,7
18 Ceuta;10 Enseñanza;Variación anual;2024M10;0,7
18 Ceuta;10 Enseñanza;Variación anual;2024M09;0,9
18 Ceuta;10 Enseñanza;Variación anual;2024M08;0,9
18 Ceuta;10 Enseñanza;Variación anual;2024M07;0,9
18 Ceuta;10 Enseñanza;Variación anual;2024M06;0,9
18 Ceuta;10 Enseñanza;Variación anual;2024M05;0,9
18 Ceuta;10 Enseñanza;Variación anual;2024M04;0,9
18 Ceuta;10 Enseñanza;Variación anual;2024M03;0,9
18 Ceuta;10 Enseñanza;Variación anual;2024M02;0,9
18 Ceuta;10 Enseñanza;Variación anual;2024M01;0,9
18 Ceuta;10 Enseñanza;Variación en lo que va de año;2024M12;0,7
18 Ceuta;10 Enseñanza;Variación en lo que va de año;2024M11;0,7
18 Ceuta;10 Enseñanza;Variación en lo que va de año;2024M10;0,7
18 Ceuta;10 Enseñanza;Variación en lo que va de año;2024M09;0,0
18 Ceuta;10 Enseñanza;Variación en lo que va de año;2024M08;0,0
18 Ceuta;10 Enseñanza;Variación en lo que va de año;2024M07;0,0
18 Ceuta;10 Enseñanza;Variación en lo que va de año;2024M06;0,0
18 Ceuta;10 Enseñanza;Variación en lo que va de año;2024M05;0,0
18 Ceuta;10 Enseñanza;Variación en lo que va de año;2024M04;0,0
18 Ceuta;10 Enseñanza;Variación en lo que va de año;2024M03;0,0
18 Ceuta;10 Enseñanza;Variación en lo que va de año;2024M02;0,0
18 Ceuta;10 Enseñanza;Variación en lo que va de año;2024M01;0,0
18 Ceuta;11 Restaurantes y hoteles;Índice;2024M12;112,158
18 Ceuta;11 Restaurantes y hoteles;Índice;2024M11;111,770
18 Ceuta;11 Restaurantes y hoteles;Índice;2024M10;111,673
18 Ceuta;11 Restaurantes y hoteles;Índice;2024M09;111,628
18 Ceuta;11 Restaurantes y hoteles;Índice;2024M08;111,938
18 Ceuta;11 Restaurantes y hoteles;Índice;2024M07;111,585
18 Ceuta;11 Restaurantes y hoteles;Índice;2024M06;111,654
18 Ceuta;11 Restaurantes y hoteles;Índice;2024M05;111,130
18 Ceuta;11 Restaurantes y hoteles;Índice;2024M04;111,014
18 Ceuta;11 Restaurantes y hoteles;Índice;2024M03;110,370
18 Ceuta;11 Restaurantes y hoteles;Índice;2024M02;110,468
18 Ceuta;11 Restaurantes y hoteles;Índice;2024M01;110,307
18 Ceuta;11 Restaurantes y hoteles;Variación mensual;2024M12;0,3
18 Ceuta;11 Restaurantes y hoteles;Variación mensual;2024M11;0,1
18 Ceuta;11 Restaurantes y hoteles;Variación mensual;2024M10;0,0
18 Ceuta;11 Restaurantes y hoteles;Variación mensual;2024M09;-0,3
18 Ceuta;11 Restaurantes y hoteles;Variación mensual;2024M08;0,3
18 Ceuta;11 Restaurantes y hoteles;Variación mensual;2024M07;-0,1
18 Ceuta;11 Restaurantes y hoteles;Variación mensual;2024M06;0,5
18 Ceuta;11 Restaurantes y hoteles;Variación mensual;2024M05;0,1
18 Ceuta;11 Restaurantes y hoteles;Variación mensual;2024M04;0,6
18 Ceuta;11 Restaurantes y hoteles;Variación mensual;2024M03;-0,1
18 Ceuta;11 Restaurantes y hoteles;Variación mensual;2024M02;0,1
18 Ceuta;11 Restaurantes y hoteles;Variación mensual;2024M01;-0,1
18 Ceuta;11 Restaurantes y hoteles;Variación anual;2024M12;1,6
18 Ceuta;11 Restaurantes y hoteles;Variación anual;2024M11;0,3
18 Ceuta;11 Restaurantes y hoteles;Variación anual;2024M10;0,3
18 Ceuta;11 Restaurantes y hoteles;Variación anual;2024M09;0,3
18 Ceuta;11 Restaurantes y hoteles;Variación anual;2024M08;-0,2
18 Ceuta;11 Restaurantes y hoteles;Variación anual;2024M07;-0,4
18 Ceuta;11 Restaurantes y hoteles;Variación anual;2024M06;2,3
18 Ceuta;11 Restaurantes y hoteles;Variación anual;2024M05;2,9
18 Ceuta;11 Restaurantes y hoteles;Variación anual;2024M04;3,0
18 Ceuta;11 Restaurantes y hoteles;Variación anual;2024M03;3,6
18 Ceuta;11 Restaurantes y hoteles;Variación anual;2024M02;3,9
18 Ceuta;11 Restaurantes y hoteles;Variación anual;2024M01;4,2
18 Ceuta;11 Restaurantes y hoteles;Variación en lo que va de año;2024M12;1,6
18 Ceuta;11 Restaurantes y hoteles;Variación en lo que va de año;2024M11;1,2
18 Ceuta;11 Restaurantes y hoteles;Variación en lo que va de año;2024M10;1,1
18 Ceuta;11 Restaurantes y hoteles;Variación en lo que va de año;2024M09;1,1
18 Ceuta;11 Restaurantes y hoteles;Variación en lo que va de año;2024M08;1,4
18 Ceuta;11 Restaurantes y hoteles;Variación en lo que va de año;2024M07;1,1
18 Ceuta;11 Restaurantes y hoteles;Variación en lo que va de año;2024M06;1,1
18 Ceuta;11 Restaurantes y hoteles;Variación en lo que va de año;2024M05;0,7
18 Ceuta;11 Restaurantes y hoteles;Variación en lo que va de año;2024M04;0,6
18 Ceuta;11 Restaurantes y hoteles;Variación en lo que va de año;2024M03;0,0
18 Ceuta;11 Restaurantes y hoteles;Variación en lo que va de año;2024M02;0,1
18 Ceuta;11 Restaurantes y hoteles;Variación en lo que va de año;2024M01;-0,1
18 Ceuta;12 Otros bienes y servicios;Índice;2024M12;110,385
18 Ceuta;12 Otros bienes y servicios;Índice;2024M11;110,035
18 Ceuta;12 Otros bienes y servicios;Índice;2024M10;109,848
18 Ceuta;12 Otros bienes y servicios;Índice;2024M09;109,169
18 Ceuta;12 Otros bienes y servicios;Índice;2024M08;108,956
18 Ceuta;12 Otros bienes y servicios;Índice;2024M07;108,395
18 Ceuta;12 Otros bienes y servicios;Índice;2024M06;108,914
18 Ceuta;12 Otros bienes y servicios;Índice;2024M05;108,295
18 Ceuta;12 Otros bienes y servicios;Índice;2024M04;108,494
18 Ceuta;12 Otros bienes y servicios;Índice;2024M03;108,316
18 Ceuta;12 Otros bienes y servicios;Índice;2024M02;107,970
18 Ceuta;12 Otros bienes y servicios;Índice;2024M01;108,556
18 Ceuta;12 Otros bienes y servicios;Variación mensual;2024M12;0,3
18 Ceuta;12 Otros bienes y servicios;Variación mensual;2024M11;0,2
18 Ceuta;12 Otros bienes y servicios;Variación mensual;2024M10;0,6
18 Ceuta;12 Otros bienes y servicios;Variación mensual;2024M09;0,2
18 Ceuta;12 Otros bienes y servicios;Variación mensual;2024M08;0,5
18 Ceuta;12 Otros bienes y servicios;Variación mensual;2024M07;-0,5
18 Ceuta;12 Otros bienes y servicios;Variación mensual;2024M06;0,6
18 Ceuta;12 Otros bienes y servicios;Variación mensual;2024M05;-0,2
18 Ceuta;12 Otros bienes y servicios;Variación mensual;2024M04;0,2
18 Ceuta;12 Otros bienes y servicios;Variación mensual;2024M03;0,3
18 Ceuta;12 Otros bienes y servicios;Variación mensual;2024M02;-0,5
18 Ceuta;12 Otros bienes y servicios;Variación mensual;2024M01;0,7
18 Ceuta;12 Otros bienes y servicios;Variación anual;2024M12;2,4
18 Ceuta;12 Otros bienes y servicios;Variación anual;2024M11;2,1
18 Ceuta;12 Otros bienes y servicios;Variación anual;2024M10;1,9
18 Ceuta;12 Otros bienes y servicios;Variación anual;2024M09;1,6
18 Ceuta;12 Otros bienes y servicios;Variación anual;2024M08;1,4
18 Ceuta;12 Otros bienes y servicios;Variación anual;2024M07;0,9
18 Ceuta;12 Otros bienes y servicios;Variación anual;2024M06;1,3
18 Ceuta;12 Otros bienes y servicios;Variación anual;2024M05;1,6
18 Ceuta;12 Otros bienes y servicios;Variación anual;2024M04;2,0
18 Ceuta;12 Otros bienes y servicios;Variación anual;2024M03;2,8
18 Ceuta;12 Otros bienes y servicios;Variación anual;2024M02;2,9
18 Ceuta;12 Otros bienes y servicios;Variación anual;2024M01;3,5
18 Ceuta;12 Otros bienes y servicios;Variación en lo que va de año;2024M12;2,4
18 Ceuta;12 Otros bienes y servicios;Variación en lo que va de año;2024M11;2,1
18 Ceuta;12 Otros bienes y servicios;Variación en lo que va de año;2024M10;1,9
18 Ceuta;12 Otros bienes y servicios;Variación en lo que va de año;2024M09;1,3
18 Ceuta;12 Otros bienes y servicios;Variación en lo que va de año;2024M08;1,1
18 Ceuta;12 Otros bienes y servicios;Variación en lo que va de año;2024M07;0,5
18 Ceuta;12 Otros bienes y servicios;Variación en lo que va de año;2024M06;1,0
18 Ceuta;12 Otros bienes y servicios;Variación en lo que va de año;2024M05;0,4
18 Ceuta;12 Otros bienes y servicios;Variación en lo que va de año;2024M04;0,6
18 Ceuta;12 Otros bienes y servicios;Variación en lo que va de año;2024M03;0,5
18 Ceuta;12 Otros bienes y servicios;Variación en lo que va de año;2024M02;0,1
18 Ceuta;12 Otros bienes y servicios;Variación en lo que va de año;2024M01;0,7
19 Melilla;01 Alimentos y bebidas no alcohólicas;Índice;2024M12;133,736
19 Melilla;01 Alimentos y bebidas no alcohólicas;Índice;2024M11;133,520
19 Melilla;01 Alimentos y bebidas no alcohólicas;Índice;2024M10;134,028
19 Melilla;01 Alimentos y bebidas no alcohólicas;Índice;2024M09;132,140
19 Melilla;01 Alimentos y bebidas no alcohólicas;Índice;2024M08;131,733
19 Melilla;01 Alimentos y bebidas no alcohólicas;Índice;2024M07;133,522
19 Melilla;01 Alimentos y bebidas no alcohólicas;Índice;2024M06;134,840
19 Melilla;01 Alimentos y bebidas no alcohólicas;Índice;2024M05;133,748
19 Melilla;01 Alimentos y bebidas no alcohólicas;Índice;2024M04;133,565
19 Melilla;01 Alimentos y bebidas no alcohólicas;Índice;2024M03;131,921
19 Melilla;01 Alimentos y bebidas no alcohólicas;Índice;2024M02;130,769
19 Melilla;01 Alimentos y bebidas no alcohólicas;Índice;2024M01;132,773
19 Melilla;01 Alimentos y bebidas no alcohólicas;Variación mensual;2024M12;0,2
19 Melilla;01 Alimentos y bebidas no alcohólicas;Variación mensual;2024M11;-0,4
19 Melilla;01 Alimentos y bebidas no alcohólicas;Variación mensual;2024M10;1,4
19 Melilla;01 Alimentos y bebidas no alcohólicas;Variación mensual;2024M09;0,3
19 Melilla;01 Alimentos y bebidas no alcohólicas;Variación mensual;2024M08;-1,3
19 Melilla;01 Alimentos y bebidas no alcohólicas;Variación mensual;2024M07;-1,0
19 Melilla;01 Alimentos y bebidas no alcohólicas;Variación mensual;2024M06;0,8
19 Melilla;01 Alimentos y bebidas no alcohólicas;Variación mensual;2024M05;0,1
19 Melilla;01 Alimentos y bebidas no alcohólicas;Variación mensual;2024M04;1,2
19 Melilla;01 Alimentos y bebidas no alcohólicas;Variación mensual;2024M03;0,9
19 Melilla;01 Alimentos y bebidas no alcohólicas;Variación mensual;2024M02;-1,5
19 Melilla;01 Alimentos y bebidas no alcohólicas;Variación mensual;2024M01;0,5
19 Melilla;01 Alimentos y bebidas no alcohólicas;Variación anual;2024M12;1,2
19 Melilla;01 Alimentos y bebidas no alcohólicas;Variación anual;2024M11;0,6
19 Melilla;01 Alimentos y bebidas no alcohólicas;Variación anual;2024M10;1,4
19 Melilla;01 Alimentos y bebidas no alcohólicas;Variación anual;2024M09;0,6
19 Melilla;01 Alimentos y bebidas no alcohólicas;Variación anual;2024M08;0,9
19 Melilla;01 Alimentos y bebidas no alcohólicas;Variación anual;2024M07;2,7
19 Melilla;01 Alimentos y bebidas no alcohólicas;Variación anual;2024M06;5,7
19 Melilla;01 Alimentos y bebidas no alcohólicas;Variación anual;2024M05;4,7
19 Melilla;01 Alimentos y bebidas no alcohólicas;Variación anual;2024M04;3,8
19 Melilla;01 Alimentos y bebidas no alcohólicas;Variación anual;2024M03;3,4
19 Melilla;01 Alimentos y bebidas no alcohólicas;Variación anual;2024M02;3,2
19 Melilla;01 Alimentos y bebidas no alcohólicas;Variación anual;2024M01;7,6
19 Melilla;01 Alimentos y bebidas no alcohólicas;Variación en lo que va de año;2024M12;1,2
19 Melilla;01 Alimentos y bebidas no alcohólicas;Variación en lo que va de año;2024M11;1,1
19 Melilla;01 Alimentos y bebidas no alcohólicas;Variación en lo que va de año;2024M10;1,5
19 Melilla;01 Alimentos y bebidas no alcohólicas;Variación en lo que va de año;2024M09;0,0
19 Melilla;01 Alimentos y bebidas no alcohólicas;Variación en lo que va de año;2024M08;-0,3
19 Melilla;01 Alimentos y bebidas no alcohólicas;Variación en lo que va de año;2024M07;1,1
19 Melilla;01 Alimentos y bebidas no alcohólicas;Variación en lo que va de año;2024M06;2,1
19 Melilla;01 Alimentos y bebidas no alcohólicas;Variación en lo que va de año;2024M05;1,2
19 Melilla;01 Alimentos y bebidas no alcohólicas;Variación en lo que va de año;2024M04;1,1
19 Melilla;01 Alimentos y bebidas no alcohólicas;Variación en lo que va de año;2024M03;-0,1
19 Melilla;01 Alimentos y bebidas no alcohólicas;Variación en lo que va de año;2024M02;-1,0
19 Melilla;01 Alimentos y bebidas no alcohólicas;Variación en lo que va de año;2024M01;0,5
19 Melilla;02 Bebidas alcohólicas y tabaco;Índice;2024M12;121,678
19 Melilla;02 Bebidas alcohólicas y tabaco;Índice;2024M11;117,260
19 Melilla;02 Bebidas alcohólicas y tabaco;Índice;2024M10;117,296
19 Melilla;02 Bebidas alcohólicas y tabaco;Índice;2024M09;117,303
19 Melilla;02 Bebidas alcohólicas y tabaco;Índice;2024M08;117,600
19 Melilla;02 Bebidas alcohólicas y tabaco;Índice;2024M07;117,639
19 Melilla;02 Bebidas alcohólicas y tabaco;Índice;2024M06;117,612
19 Melilla;02 Bebidas alcohólicas y tabaco;Índice;2024M05;117,800
19 Melilla;02 Bebidas alcohólicas y tabaco;Índice;2024M04;117,456
19 Melilla;02 Bebidas alcohólicas y tabaco;Índice;2024M03;116,538
19 Melilla;02 Bebidas alcohólicas y tabaco;Índice;2024M02;117,103
19 Melilla;02 Bebidas alcohólicas y tabaco;Índice;2024M01;115,609
19 Melilla;02 Bebidas alcohólicas y tabaco;Variación mensual;2024M12;3,8
19 Melilla;02 Bebidas alcohólicas y tabaco;Variación mensual;2024M11;0,0
19 Melilla;02 Bebidas alcohólicas y tabaco;Variación mensual;2024M10;0,0
19 Melilla;02 Bebidas alcohólicas y tabaco;Variación mensual;2024M09;-0,3
19 Melilla;02 Bebidas alcohólicas y tabaco;Variación mensual;2024M08;0,0
19 Melilla;02 Bebidas alcohólicas y tabaco;Variación mensual;2024M07;0,0
19 Melilla;02 Bebidas alcohólicas y tabaco;Variación mensual;2024M06;-0,2
19 Melilla;02 Bebidas alcohólicas y tabaco;Variación mensual;2024M05;0,3
19 Melilla;02 Bebidas alcohólicas y tabaco;Variación mensual;2024M04;0,8
19 Melilla;02 Bebidas alcohólicas y tabaco;Variación mensual;2024M03;-0,5
19 Melilla;02 Bebidas alcohólicas y tabaco;Variación mensual;2024M02;1,3
19 Melilla;02 Bebidas alcohólicas y tabaco;Variación mensual;2024M01;2,3
19 Melilla;02 Bebidas alcohólicas y tabaco;Variación anual;2024M12;7,7
19 Melilla;02 Bebidas alcohólicas y tabaco;Variación anual;2024M11;3,8
19 Melilla;02 Bebidas alcohólicas y tabaco;Variación anual;2024M10;3,9
19 Melilla;02 Bebidas alcohólicas y tabaco;Variación anual;2024M09;4,2
19 Melilla;02 Bebidas alcohólicas y tabaco;Variación anual;2024M08;4,7
19 Melilla;02 Bebidas alcohólicas y tabaco;Variación anual;2024M07;5,2
19 Melilla;02 Bebidas alcohólicas y tabaco;Variación anual;2024M06;5,2
19 Melilla;02 Bebidas alcohólicas y tabaco;Variación anual;2024M05;4,5
19 Melilla;02 Bebidas alcohólicas y tabaco;Variación anual;2024M04;4,3
19 Melilla;02 Bebidas alcohólicas y tabaco;Variación anual;2024M03;4,1
19 Melilla;02 Bebidas alcohólicas y tabaco;Variación anual;2024M02;4,8
19 Melilla;02 Bebidas alcohólicas y tabaco;Variación anual;2024M01;4,5
19 Melilla;02 Bebidas alcohólicas y tabaco;Variación en lo que va de año;2024M12;7,7
19 Melilla;02 Bebidas alcohólicas y tabaco;Variación en lo que va de año;2024M11;3,8
19 Melilla;02 Bebidas alcohólicas y tabaco;Variación en lo que va de año;2024M10;3,8
19 Melilla;02 Bebidas alcohólicas y tabaco;Variación en lo que va de año;2024M09;3,8
19 Melilla;02 Bebidas alcohólicas y tabaco;Variación en lo que va de año;2024M08;4,1
19 Melilla;02 Bebidas alcohólicas y tabaco;Variación en lo que va de año;2024M07;4,1
19 Melilla;02 Bebidas alcohólicas y tabaco;Variación en lo que va de año;2024M06;4,1
19 Melilla;02 Bebidas alcohólicas y tabaco;Variación en lo que va de año;2024M05;4,3
19 Melilla;02 Bebidas alcohólicas y tabaco;Variación en lo que va de año;2024M04;4,0
19 Melilla;02 Bebidas alcohólicas y tabaco;Variación en lo que va de año;2024M03;3,2
19 Melilla;02 Bebidas alcohólicas y tabaco;Variación en lo que va de año;2024M02;3,7
19 Melilla;02 Bebidas alcohólicas y tabaco;Variación en lo que va de año;2024M01;2,3
19 Melilla;03 Vestido y calzado;Índice;2024M12;104,985
19 Melilla;03 Vestido y calzado;Índice;2024M11;107,120
19 Melilla;03 Vestido y calzado;Índice;2024M10;108,775
19 Melilla;03 Vestido y calzado;Índice;2024M09;93,198
19 Melilla;03 Vestido y calzado;Índice;2024M08;92,150
19 Melilla;03 Vestido y calzado;Índice;2024M07;93,690
19 Melilla;03 Vestido y calzado;Índice;2024M06;105,705
19 Melilla;03 Vestido y calzado;Índice;2024M05;108,623
19 Melilla;03 Vestido y calzado;Índice;2024M04;108,582
19 Melilla;03 Vestido y calzado;Índice;2024M03;94,561
19 Melilla;03 Vestido y calzado;Índice;2024M02;93,857
19 Melilla;03 Vestido y calzado;Índice;2024M01;96,107
19 Melilla;03 Vestido y calzado;Variación mensual;2024M12;-2,0
19 Melilla;03 Vestido y calzado;Variación mensual;2024M11;-1,5
19 Melilla;03 Vestido y calzado;Variación mensual;2024M10;16,7
19 Melilla;03 Vestido y calzado;Variación mensual;2024M09;1,1
19 Melilla;03 Vestido y calzado;Variación mensual;2024M08;-1,6
19 Melilla;03 Vestido y calzado;Variación mensual;2024M07;-11,4
19 Melilla;03 Vestido y calzado;Variación mensual;2024M06;-2,7
19 Melilla;03 Vestido y calzado;Variación mensual;2024M05;0,0
19 Melilla;03 Vestido y calzado;Variación mensual;2024M04;14,8
19 Melilla;03 Vestido y calzado;Variación mensual;2024M03;0,7
19 Melilla;03 Vestido y calzado;Variación mensual;2024M02;-2,3
19 Melilla;03 Vestido y calzado;Variación mensual;2024M01;-10,4
19 Melilla;03 Vestido y calzado;Variación anual;2024M12;-2,1
19 Melilla;03 Vestido y calzado;Variación anual;2024M11;-1,6
19 Melilla;03 Vestido y calzado;Variación anual;2024M10;4,0
19 Melilla;03 Vestido y calzado;Variación anual;2024M09;-4,9
19 Melilla;03 Vestido y calzado;Variación anual;2024M08;-3,5
19 Melilla;03 Vestido y calzado;Variación anual;2024M07;-3,3
19 Melilla;03 Vestido y calzado;Variación anual;2024M06;-4,4
19 Melilla;03 Vestido y calzado;Variación anual;2024M05;-2,3
19 Melilla;03 Vestido y calzado;Variación anual;2024M04;-2,4
19 Melilla;03 Vestido y calzado;Variación anual;2024M03;-2,3
19 Melilla;03 Vestido y calzado;Variación anual;2024M02;-0,7
19 Melilla;03 Vestido y calzado;Variación anual;2024M01;-1,0
19 Melilla;03 Vestido y calzado;Variación en lo que va de año;2024M12;-2,1
19 Melilla;03 Vestido y calzado;Variación en lo que va de año;2024M11;-0,1
19 Melilla;03 Vestido y calzado;Variación en lo que va de año;2024M10;1,4
19 Melilla;03 Vestido y calzado;Variación en lo que va de año;2024M09;-13,1
19 Melilla;03 Vestido y calzado;Variación en lo que va de año;2024M08;-14,1
19 Melilla;03 Vestido y calzado;Variación en lo que va de año;2024M07;-12,6
19 Melilla;03 Vestido y calzado;Variación en lo que va de año;2024M06;-1,4
19 Melilla;03 Vestido y calzado;Variación en lo que va de año;2024M05;1,3
19 Melilla;03 Vestido y calzado;Variación en lo que va de año;2024M04;1,3
19 Melilla;03 Vestido y calzado;Variación en lo que va de año;2024M03;-11,8
19 Melilla;03 Vestido y calzado;Variación en lo que va de año;2024M02;-12,5
19 Melilla;03 Vestido y calzado;Variación en lo que va de año;2024M01;-10,4
19 Melilla;04 Vivienda, agua, electricidad, gas y otros combustibles;Índice;2024M12;107,654
19 Melilla;04 Vivienda, agua, electricidad, gas y otros combustibles;Índice;2024M11;106,991
19 Melilla;04 Vivienda, agua, electricidad, gas y otros combustibles;Índice;2024M10;105,227
19 Melilla;04 Vivienda, agua, electricidad, gas y otros combustibles;Índice;2024M09;104,958
19 Melilla;04 Vivienda, agua, electricidad, gas y otros combustibles;Índice;2024M08;105,478
19 Melilla;04 Vivienda, agua, electricidad, gas y otros combustibles;Índice;2024M07;104,844
19 Melilla;04 Vivienda, agua, electricidad, gas y otros combustibles;Índice;2024M06;107,236
19 Melilla;04 Vivienda, agua, electricidad, gas y otros combustibles;Índice;2024M05;105,889
19 Melilla;04 Vivienda, agua, electricidad, gas y otros combustibles;Índice;2024M04;104,945
19 Melilla;04 Vivienda, agua, electricidad, gas y otros combustibles;Índice;2024M03;104,368
19 Melilla;04 Vivienda, agua, electricidad, gas y otros combustibles;Índice;2024M02;101,995
19 Melilla;04 Vivienda, agua, electricidad, gas y otros combustibles;Índice;2024M01;103,442
19 Melilla;04 Vivienda, agua, electricidad, gas y otros combustibles;Variación mensual;2024M12;0,6
19 Melilla;04 Vivienda, agua, electricidad, gas y otros combustibles;Variación mensual;2024M11;1,7
19 Melilla;04 Vivienda, agua, electricidad, gas y otros combustibles;Variación mensual;2024M10;0,3
19 Melilla;04 Vivienda, agua, electricidad, gas y otros combustibles;Variación mensual;2024M09;-0,5
19 Melilla;04 Vivienda, agua, electricidad, gas y otros combustibles;Variación mensual;2024M08;0,6
19 Melilla;04 Vivienda, agua, electricidad, gas y otros combustibles;Variación mensual;2024M07;-2,2
19 Melilla;04 Vivienda, agua, electricidad, gas y otros combustibles;Variación mensual;2024M06;1,3
19 Melilla;04 Vivienda, agua, electricidad, gas y otros combustibles;Variación mensual;2024M05;0,9
19 Melilla;04 Vivienda, agua, electricidad, gas y otros combustibles;Variación mensual;2024M04;0,6
19 Melilla;04 Vivienda, agua, electricidad, gas y otros combustibles;Variación mensual;2024M03;2,3
19 Melilla;04 Vivienda, agua, electricidad, gas y otros combustibles;Variación mensual;2024M02;-1,4
19 Melilla;04 Vivienda, agua, electricidad, gas y otros combustibles;Variación mensual;2024M01;2,9
19 Melilla;04 Vivienda, agua, electricidad, gas y otros combustibles;Variación anual;2024M12;7,1
19 Melilla;04 Vivienda, agua, electricidad, gas y otros combustibles;Variación anual;2024M11;7,2
19 Melilla;04 Vivienda, agua, electricidad, gas y otros combustibles;Variación anual;2024M10;4,0
19 Melilla;04 Vivienda, agua, electricidad, gas y otros combustibles;Variación anual;2024M09;3,2
19 Melilla;04 Vivienda, agua, electricidad, gas y otros combustibles;Variación anual;2024M08;4,1
19 Melilla;04 Vivienda, agua, electricidad, gas y otros combustibles;Variación anual;2024M07;3,6
19 Melilla;04 Vivienda, agua, electricidad, gas y otros combustibles;Variación anual;2024M06;5,5
19 Melilla;04 Vivienda, agua, electricidad, gas y otros combustibles;Variación anual;2024M05;5,6
19 Melilla;04 Vivienda, agua, electricidad, gas y otros combustibles;Variación anual;2024M04;4,6
19 Melilla;04 Vivienda, agua, electricidad, gas y otros combustibles;Variación anual;2024M03;3,3
19 Melilla;04 Vivienda, agua, electricidad, gas y otros combustibles;Variación anual;2024M02;-0,9
19 Melilla;04 Vivienda, agua, electricidad, gas y otros combustibles;Variación anual;2024M01;3,8
19 Melilla;04 Vivienda, agua, electricidad, gas y otros combustibles;Variación en lo que va de año;2024M12;7,1
19 Melilla;04 Vivienda, agua, electricidad, gas y otros combustibles;Variación en lo que va de año;2024M11;6,4
19 Melilla;04 Vivienda, agua, electricidad, gas y otros combustibles;Variación en lo que va de año;2024M10;4,7
19 Melilla;04 Vivienda, agua, electricidad, gas y otros combustibles;Variación en lo que va de año;2024M09;4,4
19 Melilla;04 Vivienda, agua, electricidad, gas y otros combustibles;Variación en lo que va de año;2024M08;4,9
19 Melilla;04 Vivienda, agua, electricidad, gas y otros combustibles;Variación en lo que va de año;2024M07;4,3
19 Melilla;04 Vivienda, agua, electricidad, gas y otros combustibles;Variación en lo que va de año;2024M06;6,7
19 Melilla;04 Vivienda, agua, electricidad, gas y otros combustibles;Variación en lo que va de año;2024M05;5,3
19 Melilla;04 Vivienda, agua, electricidad, gas y otros combustibles;Variación en lo que va de año;2024M04;4,4
19 Melilla;04 Vivienda, agua, electricidad, gas y otros combustibles;Variación en lo que va de año;2024M03;3,8
19 Melilla;04 Vivienda, agua, electricidad, gas y otros combustibles;Variación en lo que va de año;2024M02;1,5
19 Melilla;04 Vivienda, agua, electricidad, gas y otros combustibles;Variación en lo que va de año;2024M01;2,9
19 Melilla;05 Muebles, artículos del hogar y artículos para el mantenimiento corriente del hogar;Índice;2024M12;112,439
19 Melilla;05 Muebles, artículos del hogar y artículos para el mantenimiento corriente del hogar;Índice;2024M11;112,656
19 Melilla;05 Muebles, artículos del hogar y artículos para el mantenimiento corriente del hogar;Índice;2024M10;112,642
19 Melilla;05 Muebles, artículos del hogar y artículos para el mantenimiento corriente del hogar;Índice;2024M09;110,748
19 Melilla;05 Muebles, artículos del hogar y artículos para el mantenimiento corriente del hogar;Índice;2024M08;109,988
19 Melilla;05 Muebles, artículos del hogar y artículos para el mantenimiento corriente del hogar;Índice;2024M07;109,357
19 Melilla;05 Muebles, artículos del hogar y artículos para el mantenimiento corriente del hogar;Índice;2024M06;110,290
19 Melilla;05 Muebles, artículos del hogar y artículos para el mantenimiento corriente del hogar;Índice;2024M05;110,413
19 Melilla;05 Muebles, artículos del hogar y artículos para el mantenimiento corriente del hogar;Índice;2024M04;111,076
19 Melilla;05 Muebles, artículos del hogar y artículos para el mantenimiento corriente del hogar;Índice;2024M03;111,103
19 Melilla;05 Muebles, artículos del hogar y artículos para el mantenimiento corriente del hogar;Índice;2024M02;110,948
19 Melilla;05 Muebles, artículos del hogar y artículos para el mantenimiento corriente del hogar;Índice;2024M01;111,225
19 Melilla;05 Muebles, artículos del hogar y artículos para el mantenimiento corriente del hogar;Variación mensual;2024M12;-0,2
19 Melilla;05 Muebles, artículos del hogar y artículos para el mantenimiento corriente del hogar;Variación mensual;2024M11;0,0
19 Melilla;05 Muebles, artículos del hogar y artículos para el mantenimiento corriente del hogar;Variación mensual;2024M10;1,7
19 Melilla;05 Muebles, artículos del hogar y artículos para el mantenimiento corriente del hogar;Variación mensual;2024M09;0,7
19 Melilla;05 Muebles, artículos del hogar y artículos para el mantenimiento corriente del hogar;Variación mensual;2024M08;0,6
19 Melilla;05 Muebles, artículos del hogar y artículos para el mantenimiento corriente del hogar;Variación mensual;2024M07;-0,8
19 Melilla;05 Muebles, artículos del hogar y artículos para el mantenimiento corriente del hogar;Variación mensual;2024M06;-0,1
19 Melilla;05 Muebles, artículos del hogar y artículos para el mantenimiento corriente del hogar;Variación mensual;2024M05;-0,6
19 Melilla;05 Muebles, artículos del hogar y artículos para el mantenimiento corriente del hogar;Variación mensual;2024M04;0,0
19 Melilla;05 Muebles, artículos del hogar y artículos para el mantenimiento corriente del hogar;Variación mensual;2024M03;0,1
19 Melilla;05 Muebles, artículos del hogar y artículos para el mantenimiento corriente del hogar;Variación mensual;2024M02;-0,2
19 Melilla;05 Muebles, artículos del hogar y artículos para el mantenimiento corriente del hogar;Variación mensual;2024M01;-0,6
19 Melilla;05 Muebles, artículos del hogar y artículos para el mantenimiento corriente del hogar;Variación anual;2024M12;0,5
19 Melilla;05 Muebles, artículos del hogar y artículos para el mantenimiento corriente del hogar;Variación anual;2024M11;0,8
19 Melilla;05 Muebles, artículos del hogar y artículos para el mantenimiento corriente del hogar;Variación anual;2024M10;1,0
19 Melilla;05 Muebles, artículos del hogar y artículos para el mantenimiento corriente del hogar;Variación anual;2024M09;-1,2
19 Melilla;05 Muebles, artículos del hogar y artículos para el mantenimiento corriente del hogar;Variación anual;2024M08;-1,7
19 Melilla;05 Muebles, artículos del hogar y artículos para el mantenimiento corriente del hogar;Variación anual;2024M07;-2,7
19 Melilla;05 Muebles, artículos del hogar y artículos para el mantenimiento corriente del hogar;Variación anual;2024M06;-2,5
19 Melilla;05 Muebles, artículos del hogar y artículos para el mantenimiento corriente del hogar;Variación anual;2024M05;-2,1
19 Melilla;05 Muebles, artículos del hogar y artículos para el mantenimiento corriente del hogar;Variación anual;2024M04;-0,7
19 Melilla;05 Muebles, artículos del hogar y artículos para el mantenimiento corriente del hogar;Variación anual;2024M03;0,1
19 Melilla;05 Muebles, artículos del hogar y artículos para el mantenimiento corriente del hogar;Variación anual;2024M02;0,9
19 Melilla;05 Muebles, artículos del hogar y artículos para el mantenimiento corriente del hogar;Variación anual;2024M01;1,0
19 Melilla;05 Muebles, artículos del hogar y artículos para el mantenimiento corriente del hogar;Variación en lo que va de año;2024M12;0,5
19 Melilla;05 Muebles, artículos del hogar y artículos para el mantenimiento corriente del hogar;Variación en lo que va de año;2024M11;0,7
19 Melilla;05 Muebles, artículos del hogar y artículos para el mantenimiento corriente del hogar;Variación en lo que va de año;2024M10;0,7
19 Melilla;05 Muebles, artículos del hogar y artículos para el mantenimiento corriente del hogar;Variación en lo que va de año;2024M09;-1,0
19 Melilla;05 Muebles, artículos del hogar y artículos para el mantenimiento corriente del hogar;Variación en lo que va de año;2024M08;-1,7
19 Melilla;05 Muebles, artículos del hogar y artículos para el mantenimiento corriente del hogar;Variación en lo que va de año;2024M07;-2,3
19 Melilla;05 Muebles, artículos del hogar y artículos para el mantenimiento corriente del hogar;Variación en lo que va de año;2024M06;-1,4
19 Melilla;05 Muebles, artículos del hogar y artículos para el mantenimiento corriente del hogar;Variación en lo que va de año;2024M05;-1,3
19 Melilla;05 Muebles, artículos del hogar y artículos para el mantenimiento corriente del hogar;Variación en lo que va de año;2024M04;-0,7
19 Melilla;05 Muebles, artículos del hogar y artículos para el mantenimiento corriente del hogar;Variación en lo que va de año;2024M03;-0,7
19 Melilla;05 Muebles, artículos del hogar y artículos para el mantenimiento corriente del hogar;Variación en lo que va de año;2024M02;-0,9
19 Melilla;05 Muebles, artículos del hogar y artículos para el mantenimiento corriente del hogar;Variación en lo que va de año;2024M01;-0,6
19 Melilla;06 Sanidad;Índice;2024M12;106,186
19 Melilla;06 Sanidad;Índice;2024M11;106,047
19 Melilla;06 Sanidad;Índice;2024M10;106,043
19 Melilla;06 Sanidad;Índice;2024M09;106,185
19 Melilla;06 Sanidad;Índice;2024M08;106,167
19 Melilla;06 Sanidad;Índice;2024M07;106,159
19 Melilla;06 Sanidad;Índice;2024M06;106,021
19 Melilla;06 Sanidad;Índice;2024M05;105,798
19 Melilla;06 Sanidad;Índice;2024M04;105,450
19 Melilla;06 Sanidad;Índice;2024M03;105,111
19 Melilla;06 Sanidad;Índice;2024M02;105,089
19 Melilla;06 Sanidad;Índice;2024M01;105,046
19 Melilla;06 Sanidad;Variación mensual;2024M12;0,1
19 Melilla;06 Sanidad;Variación mensual;2024M11;0,0
19 Melilla;06 Sanidad;Variación mensual;2024M10;-0,1
19 Melilla;06 Sanidad;Variación mensual;2024M09;0,0
19 Melilla;06 Sanidad;Variación mensual;2024M08;0,0
19 Melilla;06 Sanidad;Variación mensual;2024M07;0,1
19 Melilla;06 Sanidad;Variación mensual;2024M06;0,2
19 Melilla;06 Sanidad;Variación mensual;2024M05;0,3
19 Melilla;06 Sanidad;Variación mensual;2024M04;0,3
19 Melilla;06 Sanidad;Variación mensual;2024M03;0,0
19 Melilla;06 Sanidad;Variación mensual;2024M02;0,0
19 Melilla;06 Sanidad;Variación mensual;2024M01;-0,8
19 Melilla;06 Sanidad;Variación anual;2024M12;0,3
19 Melilla;06 Sanidad;Variación anual;2024M11;0,5
19 Melilla;06 Sanidad;Variación anual;2024M10;0,5
19 Melilla;06 Sanidad;Variación anual;2024M09;0,6
19 Melilla;06 Sanidad;Variación anual;2024M08;0,6
19 Melilla;06 Sanidad;Variación anual;2024M07;0,5
19 Melilla;06 Sanidad;Variación anual;2024M06;1,1
19 Melilla;06 Sanidad;Variación anual;2024M05;0,6
19 Melilla;06 Sanidad;Variación anual;2024M04;0,3
19 Melilla;06 Sanidad;Variación anual;2024M03;-0,3
19 Melilla;06 Sanidad;Variación anual;2024M02;0,6
19 Melilla;06 Sanidad;Variación anual;2024M01;0,5
19 Melilla;06 Sanidad;Variación en lo que va de año;2024M12;0,3
19 Melilla;06 Sanidad;Variación en lo que va de año;2024M11;0,1
19 Melilla;06 Sanidad;Variación en lo que va de año;2024M10;0,1
19 Melilla;06 Sanidad;Variación en lo que va de año;2024M09;0,2
19 Melilla;06 Sanidad;Variación en lo que va de año;2024M08;0,2
19 Melilla;06 Sanidad;Variación en lo que va de año;2024M07;0,2
19 Melilla;06 Sanidad;Variación en lo que va de año;2024M06;0,1
19 Melilla;06 Sanidad;Variación en lo que va de año;2024M05;-0,1
19 Melilla;06 Sanidad;Variación en lo que va de año;2024M04;-0,4
19 Melilla;06 Sanidad;Variación en lo que va de año;2024M03;-0,8
19 Melilla;06 Sanidad;Variación en lo que va de año;2024M02;-0,8
19 Melilla;06 Sanidad;Variación en lo que va de año;2024M01;-0,8
19 Melilla;07 Transporte;Índice;2024M12;114,293
19 Melilla;07 Transporte;Índice;2024M11;113,840
19 Melilla;07 Transporte;Índice;2024M10;112,929
19 Melilla;07 Transporte;Índice;2024M09;112,408
19 Melilla;07 Transporte;Índice;2024M08;114,825
19 Melilla;07 Transporte;Índice;2024M07;115,715
19 Melilla;07 Transporte;Índice;2024M06;115,734
19 Melilla;07 Transporte;Índice;2024M05;115,753
19 Melilla;07 Transporte;Índice;2024M04;116,185
19 Melilla;07 Transporte;Índice;2024M03;115,420
19 Melilla;07 Transporte;Índice;2024M02;114,607
19 Melilla;07 Transporte;Índice;2024M01;110,366
19 Melilla;07 Transporte;Variación mensual;2024M12;0,4
19 Melilla;07 Transporte;Variación mensual;2024M11;0,8
19 Melilla;07 Transporte;Variación mensual;2024M10;0,5
19 Melilla;07 Transporte;Variación mensual;2024M09;-2,1
19 Melilla;07 Transporte;Variación mensual;2024M08;-0,8
19 Melilla;07 Transporte;Variación mensual;2024M07;0,0
19 Melilla;07 Transporte;Variación mensual;2024M06;0,0
19 Melilla;07 Transporte;Variación mensual;2024M05;-0,4
19 Melilla;07 Transporte;Variación mensual;2024M04;0,7
19 Melilla;07 Transporte;Variación mensual;2024M03;0,7
19 Melilla;07 Transporte;Variación mensual;2024M02;3,8
19 Melilla;07 Transporte;Variación mensual;2024M01;-0,5
19 Melilla;07 Transporte;Variación anual;2024M12;3,0
19 Melilla;07 Transporte;Variación anual;2024M11;0,8
19 Melilla;07 Transporte;Variación anual;2024M10;-2,0
19 Melilla;07 Transporte;Variación anual;2024M09;-4,0
19 Melilla;07 Transporte;Variación anual;2024M08;-1,1
19 Melilla;07 Transporte;Variación anual;2024M07;3,3
19 Melilla;07 Transporte;Variación anual;2024M06;3,1
19 Melilla;07 Transporte;Variación anual;2024M05;2,9
19 Melilla;07 Transporte;Variación anual;2024M04;1,4
19 Melilla;07 Transporte;Variación anual;2024M03;1,6
19 Melilla;07 Transporte;Variación anual;2024M02;1,7
19 Melilla;07 Transporte;Variación anual;2024M01;-1,4
19 Melilla;07 Transporte;Variación en lo que va de año;2024M12;3,0
19 Melilla;07 Transporte;Variación en lo que va de año;2024M11;2,6
19 Melilla;07 Transporte;Variación en lo que va de año;2024M10;1,8
19 Melilla;07 Transporte;Variación en lo que va de año;2024M09;1,3
19 Melilla;07 Transporte;Variación en lo que va de año;2024M08;3,5
19 Melilla;07 Transporte;Variación en lo que va de año;2024M07;4,3
19 Melilla;07 Transporte;Variación en lo que va de año;2024M06;4,3
19 Melilla;07 Transporte;Variación en lo que va de año;2024M05;4,4
19 Melilla;07 Transporte;Variación en lo que va de año;2024M04;4,7
19 Melilla;07 Transporte;Variación en lo que va de año;2024M03;4,1
19 Melilla;07 Transporte;Variación en lo que va de año;2024M02;3,3
19 Melilla;07 Transporte;Variación en lo que va de año;2024M01;-0,5
19 Melilla;08 Comunicaciones;Índice;2024M12;100,367
19 Melilla;08 Comunicaciones;Índice;2024M11;100,387
19 Melilla;08 Comunicaciones;Índice;2024M10;100,388
19 Melilla;08 Comunicaciones;Índice;2024M09;101,360
19 Melilla;08 Comunicaciones;Índice;2024M08;101,461
19 Melilla;08 Comunicaciones;Índice;2024M07;101,557
19 Melilla;08 Comunicaciones;Índice;2024M06;102,058
19 Melilla;08 Comunicaciones;Índice;2024M05;102,032
19 Melilla;08 Comunicaciones;Índice;2024M04;102,144
19 Melilla;08 Comunicaciones;Índice;2024M03;102,052
19 Melilla;08 Comunicaciones;Índice;2024M02;102,157
19 Melilla;08 Comunicaciones;Índice;2024M01;102,248
19 Melilla;08 Comunicaciones;Variación mensual;2024M12;0,0
19 Melilla;08 Comunicaciones;Variación mensual;2024M11;0,0
19 Melilla;08 Comunicaciones;Variación mensual;2024M10;-1,0
19 Melilla;08 Comunicaciones;Variación mensual;2024M09;-0,1
19 Melilla;08 Comunicaciones;Variación mensual;2024M08;-0,1
19 Melilla;08 Comunicaciones;Variación mensual;2024M07;-0,5
19 Melilla;08 Comunicaciones;Variación mensual;2024M06;0,0
19 Melilla;08 Comunicaciones;Variación mensual;2024M05;-0,1
19 Melilla;08 Comunicaciones;Variación mensual;2024M04;0,1
19 Melilla;08 Comunicaciones;Variación mensual;2024M03;-0,1
19 Melilla;08 Comunicaciones;Variación mensual;2024M02;-0,1
19 Melilla;08 Comunicaciones;Variación mensual;2024M01;1,9
19 Melilla;08 Comunicaciones;Variación anual;2024M12;0,0
19 Melilla;08 Comunicaciones;Variación anual;2024M11;-0,1
19 Melilla;08 Comunicaciones;Variación anual;2024M10;-0,2
19 Melilla;08 Comunicaciones;Variación anual;2024M09;-0,4
19 Melilla;08 Comunicaciones;Variación anual;2024M08;-0,4
19 Melilla;08 Comunicaciones;Variación anual;2024M07;-0,3
19 Melilla;08 Comunicaciones;Variación anual;2024M06;0,0
19 Melilla;08 Comunicaciones;Variación anual;2024M05;-0,3
19 Melilla;08 Comunicaciones;Variación anual;2024M04;-0,3
19 Melilla;08 Comunicaciones;Variación anual;2024M03;0,2
19 Melilla;08 Comunicaciones;Variación anual;2024M02;0,2
19 Melilla;08 Comunicaciones;Variación anual;2024M01;0,4
19 Melilla;08 Comunicaciones;Variación en lo que va de año;2024M12;0,0
19 Melilla;08 Comunicaciones;Variación en lo que va de año;2024M11;0,0
19 Melilla;08 Comunicaciones;Variación en lo que va de año;2024M10;0,0
19 Melilla;08 Comunicaciones;Variación en lo que va de año;2024M09;1,0
19 Melilla;08 Comunicaciones;Variación en lo que va de año;2024M08;1,1
19 Melilla;08 Comunicaciones;Variación en lo que va de año;2024M07;1,2
19 Melilla;08 Comunicaciones;Variación en lo que va de año;2024M06;1,7
19 Melilla;08 Comunicaciones;Variación en lo que va de año;2024M05;1,7
19 Melilla;08 Comunicaciones;Variación en lo que va de año;2024M04;1,8
19 Melilla;08 Comunicaciones;Variación en lo que va de año;2024M03;1,7
19 Melilla;08 Comunicaciones;Variación en lo que va de año;2024M02;1,8
19 Melilla;08 Comunicaciones;Variación en lo que va de año;2024M01;1,9
19 Melilla;09 Ocio y cultura;Índice;2024M12;110,321
19 Melilla;09 Ocio y cultura;Índice;2024M11;106,685
19 Melilla;09 Ocio y cultura;Índice;2024M10;108,100
19 Melilla;09 Ocio y cultura;Índice;2024M09;108,527
19 Melilla;09 Ocio y cultura;Índice;2024M08;113,886
19 Melilla;09 Ocio y cultura;Índice;2024M07;112,001
19 Melilla;09 Ocio y cultura;Índice;2024M06;110,097
19 Melilla;09 Ocio y cultura;Índice;2024M05;107,037
19 Melilla;09 Ocio y cultura;Índice;2024M04;106,818
19 Melilla;09 Ocio y cultura;Índice;2024M03;107,253
19 Melilla;09 Ocio y cultura;Índice;2024M02;105,202
19 Melilla;09 Ocio y cultura;Índice;2024M01;104,351
19 Melilla;09 Ocio y cultura;Variación mensual;2024M12;3,4
19 Melilla;09 Ocio y cultura;Variación mensual;2024M11;-1,3
19 Melilla;09 Ocio y cultura;Variación mensual;2024M10;-0,4
19 Melilla;09 Ocio y cultura;Variación mensual;2024M09;-4,7
19 Melilla;09 Ocio y cultura;Variación mensual;2024M08;1,7
19 Melilla;09 Ocio y cultura;Variación mensual;2024M07;1,7
19 Melilla;09 Ocio y cultura;Variación mensual;2024M06;2,9
19 Melilla;09 Ocio y cultura;Variación mensual;2024M05;0,2
19 Melilla;09 Ocio y cultura;Variación mensual;2024M04;-0,4
19 Melilla;09 Ocio y cultura;Variación mensual;2024M03;2,0
19 Melilla;09 Ocio y cultura;Variación mensual;2024M02;0,8
19 Melilla;09 Ocio y cultura;Variación mensual;2024M01;-2,3
19 Melilla;09 Ocio y cultura;Variación anual;2024M12;3,3
19 Melilla;09 Ocio y cultura;Variación anual;2024M11;2,0
19 Melilla;09 Ocio y cultura;Variación anual;2024M10;2,1
19 Melilla;09 Ocio y cultura;Variación anual;2024M09;0,8
19 Melilla;09 Ocio y cultura;Variación anual;2024M08;1,9
19 Melilla;09 Ocio y cultura;Variación anual;2024M07;1,1
19 Melilla;09 Ocio y cultura;Variación anual;2024M06;2,6
19 Melilla;09 Ocio y cultura;Variación anual;2024M05;2,4
19 Melilla;09 Ocio y cultura;Variación anual;2024M04;1,8
19 Melilla;09 Ocio y cultura;Variación anual;2024M03;3,8
19 Melilla;09 Ocio y cultura;Variación anual;2024M02;1,6
19 Melilla;09 Ocio y cultura;Variación anual;2024M01;2,0
19 Melilla;09 Ocio y cultura;Variación en lo que va de año;2024M12;3,3
19 Melilla;09 Ocio y cultura;Variación en lo que va de año;2024M11;-0,1
19 Melilla;09 Ocio y cultura;Variación en lo que va de año;2024M10;1,2
19 Melilla;09 Ocio y cultura;Variación en lo que va de año;2024M09;1,6
19 Melilla;09 Ocio y cultura;Variación en lo que va de año;2024M08;6,6
19 Melilla;09 Ocio y cultura;Variación en lo que va de año;2024M07;4,9
19 Melilla;09 Ocio y cultura;Variación en lo que va de año;2024M06;3,1
19 Melilla;09 Ocio y cultura;Variación en lo que va de año;2024M05;0,2
19 Melilla;09 Ocio y cultura;Variación en lo que va de año;2024M04;0,0
19 Melilla;09 Ocio y cultura;Variación en lo que va de año;2024M03;0,4
19 Melilla;09 Ocio y cultura;Variación en lo que va de año;2024M02;-1,5
19 Melilla;09 Ocio y cultura;Variación en lo que va de año;2024M01;-2,3
19 Melilla;10 Enseñanza;Índice;2024M12;105,888
19 Melilla;10 Enseñanza;Índice;2024M11;105,888
19 Melilla;10 Enseñanza;Índice;2024M10;105,888
19 Melilla;10 Enseñanza;Índice;2024M09;104,600
19 Melilla;10 Enseñanza;Índice;2024M08;103,856
19 Melilla;10 Enseñanza;Índice;2024M07;103,856
19 Melilla;10 Enseñanza;Índice;2024M06;103,856
19 Melilla;10 Enseñanza;Índice;2024M05;103,856
19 Melilla;10 Enseñanza;Índice;2024M04;103,856
19 Melilla;10 Enseñanza;Índice;2024M03;103,856
19 Melilla;10 Enseñanza;Índice;2024M02;103,856
19 Melilla;10 Enseñanza;Índice;2024M01;103,856
19 Melilla;10 Enseñanza;Variación mensual;2024M12;0,0
19 Melilla;10 Enseñanza;Variación mensual;2024M11;0,0
19 Melilla;10 Enseñanza;Variación mensual;2024M10;1,2
19 Melilla;10 Enseñanza;Variación mensual;2024M09;0,7
19 Melilla;10 Enseñanza;Variación mensual;2024M08;0,0
19 Melilla;10 Enseñanza;Variación mensual;2024M07;0,0
19 Melilla;10 Enseñanza;Variación mensual;2024M06;0,0
19 Melilla;10 Enseñanza;Variación mensual;2024M05;0,0
19 Melilla;10 Enseñanza;Variación mensual;2024M04;0,0
19 Melilla;10 Enseñanza;Variación mensual;2024M03;0,0
19 Melilla;10 Enseñanza;Variación mensual;2024M02;0,0
19 Melilla;10 Enseñanza;Variación mensual;2024M01;0,0
19 Melilla;10 Enseñanza;Variación anual;2024M12;2,0
19 Melilla;10 Enseñanza;Variación anual;2024M11;2,0
19 Melilla;10 Enseñanza;Variación anual;2024M10;1,6
19 Melilla;10 Enseñanza;Variación anual;2024M09;1,5
19 Melilla;10 Enseñanza;Variación anual;2024M08;1,0
19 Melilla;10 Enseñanza;Variación anual;2024M07;1,0
19 Melilla;10 Enseñanza;Variación anual;2024M06;1,0
19 Melilla;10 Enseñanza;Variación anual;2024M05;1,0
19 Melilla;10 Enseñanza;Variación anual;2024M04;1,0
19 Melilla;10 Enseñanza;Variación anual;2024M03;1,0
19 Melilla;10 Enseñanza;Variación anual;2024M02;1,0
19 Melilla;10 Enseñanza;Variación anual;2024M01;1,3
19 Melilla;10 Enseñanza;Variación en lo que va de año;2024M12;2,0
19 Melilla;10 Enseñanza;Variación en lo que va de año;2024M11;2,0
19 Melilla;10 Enseñanza;Variación en lo que va de año;2024M10;2,0
19 Melilla;10 Enseñanza;Variación en lo que va de año;2024M09;0,7
19 Melilla;10 Enseñanza;Variación en lo que va de año;2024M08;0,0
19 Melilla;10 Enseñanza;Variación en lo que va de año;2024M07;0,0
19 Melilla;10 Enseñanza;Variación en lo que va de año;2024M06;0,0
19 Melilla;10 Enseñanza;Variación en lo que va de año;2024M05;0,0
19 Melilla;10 Enseñanza;Variación en lo que va de año;2024M04;0,0
19 Melilla;10 Enseñanza;Variación en lo que va de año;2024M03;0,0
19 Melilla;10 Enseñanza;Variación en lo que va de año;2024M02;0,0
19 Melilla;10 Enseñanza;Variación en lo que va de año;2024M01;0,0
19 Melilla;11 Restaurantes y hoteles;Índice;2024M12;120,747
19 Melilla;11 Restaurantes y hoteles;Índice;2024M11;121,140
19 Melilla;11 Restaurantes y hoteles;Índice;2024M10;120,846
19 Melilla;11 Restaurantes y hoteles;Índice;2024M09;120,809
19 Melilla;11 Restaurantes y hoteles;Índice;2024M08;120,982
19 Melilla;11 Restaurantes y hoteles;Índice;2024M07;120,414
19 Melilla;11 Restaurantes y hoteles;Índice;2024M06;120,247
19 Melilla;11 Restaurantes y hoteles;Índice;2024M05;119,838
19 Melilla;11 Restaurantes y hoteles;Índice;2024M04;119,050
19 Melilla;11 Restaurantes y hoteles;Índice;2024M03;118,367
19 Melilla;11 Restaurantes y hoteles;Índice;2024M02;118,032
19 Melilla;11 Restaurantes y hoteles;Índice;2024M01;118,263
19 Melilla;11 Restaurantes y hoteles;Variación mensual;2024M12;-0,3
19 Melilla;11 Restaurantes y hoteles;Variación mensual;2024M11;0,2
19 Melilla;11 Restaurantes y hoteles;Variación mensual;2024M10;0,0
19 Melilla;11 Restaurantes y hoteles;Variación mensual;2024M09;-0,1
19 Melilla;11 Restaurantes y hoteles;Variación mensual;2024M08;0,5
19 Melilla;11 Restaurantes y hoteles;Variación mensual;2024M07;0,1
19 Melilla;11 Restaurantes y hoteles;Variación mensual;2024M06;0,3
19 Melilla;11 Restaurantes y hoteles;Variación mensual;2024M05;0,7
19 Melilla;11 Restaurantes y hoteles;Variación mensual;2024M04;0,6
19 Melilla;11 Restaurantes y hoteles;Variación mensual;2024M03;0,3
19 Melilla;11 Restaurantes y hoteles;Variación mensual;2024M02;-0,2
19 Melilla;11 Restaurantes y hoteles;Variación mensual;2024M01;0,2
19 Melilla;11 Restaurantes y hoteles;Variación anual;2024M12;2,3
19 Melilla;11 Restaurantes y hoteles;Variación anual;2024M11;2,2
19 Melilla;11 Restaurantes y hoteles;Variación anual;2024M10;2,5
19 Melilla;11 Restaurantes y hoteles;Variación anual;2024M09;2,8
19 Melilla;11 Restaurantes y hoteles;Variación anual;2024M08;3,4
19 Melilla;11 Restaurantes y hoteles;Variación anual;2024M07;3,2
19 Melilla;11 Restaurantes y hoteles;Variación anual;2024M06;3,7
19 Melilla;11 Restaurantes y hoteles;Variación anual;2024M05;3,9
19 Melilla;11 Restaurantes y hoteles;Variación anual;2024M04;4,4
19 Melilla;11 Restaurantes y hoteles;Variación anual;2024M03;5,7
19 Melilla;11 Restaurantes y hoteles;Variación anual;2024M02;6,0
19 Melilla;11 Restaurantes y hoteles;Variación anual;2024M01;7,2
19 Melilla;11 Restaurantes y hoteles;Variación en lo que va de año;2024M12;2,3
19 Melilla;11 Restaurantes y hoteles;Variación en lo que va de año;2024M11;2,6
19 Melilla;11 Restaurantes y hoteles;Variación en lo que va de año;2024M10;2,3
19 Melilla;11 Restaurantes y hoteles;Variación en lo que va de año;2024M09;2,3
19 Melilla;11 Restaurantes y hoteles;Variación en lo que va de año;2024M08;2,5
19 Melilla;11 Restaurantes y hoteles;Variación en lo que va de año;2024M07;2,0
19 Melilla;11 Restaurantes y hoteles;Variación en lo que va de año;2024M06;1,8
19 Melilla;11 Restaurantes y hoteles;Variación en lo que va de año;2024M05;1,5
19 Melilla;11 Restaurantes y hoteles;Variación en lo que va de año;2024M04;0,8
19 Melilla;11 Restaurantes y hoteles;Variación en lo que va de año;2024M03;0,2
19 Melilla;11 Restaurantes y hoteles;Variación en lo que va de año;2024M02;0,0
19 Melilla;11 Restaurantes y hoteles;Variación en lo que va de año;2024M01;0,2
19 Melilla;12 Otros bienes y servicios;Índice;2024M12;110,362
19 Melilla;12 Otros bienes y servicios;Índice;2024M11;110,412
19 Melilla;12 Otros bienes y servicios;Índice;2024M10;110,005
19 Melilla;12 Otros bienes y servicios;Índice;2024M09;109,573
19 Melilla;12 Otros bienes y servicios;Índice;2024M08;109,707
19 Melilla;12 Otros bienes y servicios;Índice;2024M07;109,459
19 Melilla;12 Otros bienes y servicios;Índice;2024M06;109,719
19 Melilla;12 Otros bienes y servicios;Índice;2024M05;108,902
19 Melilla;12 Otros bienes y servicios;Índice;2024M04;109,010
19 Melilla;12 Otros bienes y servicios;Índice;2024M03;108,764
19 Melilla;12 Otros bienes y servicios;Índice;2024M02;108,390
19 Melilla;12 Otros bienes y servicios;Índice;2024M01;107,765
19 Melilla;12 Otros bienes y servicios;Variación mensual;2024M12;0,0
19 Melilla;12 Otros bienes y servicios;Variación mensual;2024M11;0,4
19 Melilla;12 Otros bienes y servicios;Variación mensual;2024M10;0,4
19 Melilla;12 Otros bienes y servicios;Variación mensual;2024M09;-0,1
19 Melilla;12 Otros bienes y servicios;Variación mensual;2024M08;0,2
19 Melilla;12 Otros bienes y servicios;Variación mensual;2024M07;-0,2
19 Melilla;12 Otros bienes y servicios;Variación mensual;2024M06;0,8
19 Melilla;12 Otros bienes y servicios;Variación mensual;2024M05;-0,1
19 Melilla;12 Otros bienes y servicios;Variación mensual;2024M04;0,2
19 Melilla;12 Otros bienes y servicios;Variación mensual;2024M03;0,3
19 Melilla;12 Otros bienes y servicios;Variación mensual;2024M02;0,6
19 Melilla;12 Otros bienes y servicios;Variación mensual;2024M01;0,5
19 Melilla;12 Otros bienes y servicios;Variación anual;2024M12;2,9
19 Melilla;12 Otros bienes y servicios;Variación anual;2024M11;3,0
19 Melilla;12 Otros bienes y servicios;Variación anual;2024M10;2,6
19 Melilla;12 Otros bienes y servicios;Variación anual;2024M09;1,9
19 Melilla;12 Otros bienes y servicios;Variación anual;2024M08;2,1
19 Melilla;12 Otros bienes y servicios;Variación anual;2024M07;1,9
19 Melilla;12 Otros bienes y servicios;Variación anual;2024M06;1,9
19 Melilla;12 Otros bienes y servicios;Variación anual;2024M05;1,7
19 Melilla;12 Otros bienes y servicios;Variación anual;2024M04;1,8
19 Melilla;12 Otros bienes y servicios;Variación anual;2024M03;2,4
19 Melilla;12 Otros bienes y servicios;Variación anual;2024M02;3,0
19 Melilla;12 Otros bienes y servicios;Variación anual;2024M01;2,8
19 Melilla;12 Otros bienes y servicios;Variación en lo que va de año;2024M12;2,9
19 Melilla;12 Otros bienes y servicios;Variación en lo que va de año;2024M11;3,0
19 Melilla;12 Otros bienes y servicios;Variación en lo que va de año;2024M10;2,6
19 Melilla;12 Otros bienes y servicios;Variación en lo que va de año;2024M09;2,2
19 Melilla;12 Otros bienes y servicios;Variación en lo que va de año;2024M08;2,3
19 Melilla;12 Otros bienes y servicios;Variación en lo que va de año;2024M07;2,1
19 Melilla;12 Otros bienes y servicios;Variación en lo que va de año;2024M06;2,3
19 Melilla;12 Otros bienes y servicios;Variación en lo que va de año;2024M05;1,6
19 Melilla;12 Otros bienes y servicios;Variación en lo que va de año;2024M04;1,7
19 Melilla;12 Otros bienes y servicios;Variación en lo que va de año;2024M03;1,4
19 Melilla;12 Otros bienes y servicios;Variación en lo que va de año;2024M02;1,1
19 Melilla;12 Otros bienes y servicios;Variación en lo que va de año;2024M01;0,5
