Comunidades y Ciudades Autónomas;Grupos ECOICOP;Tipo de dato;Periodo;Total
Nacional;01 Alimentos y bebidas no alcohólicas;Índice;2025M10;
Nacional;01 Alimentos y bebidas no alcohólicas;Índice;2025M09;131,323
Nacional;01 Alimentos y bebidas no alcohólicas;Índice;2025M08;131,511
Nacional;01 Alimentos y bebidas no alcohólicas;Índice;2025M07;132,529
Nacional;01 Alimentos y bebidas no alcohólicas;Índice;2025M06;133,046
Nacional;01 Alimentos y bebidas no alcohólicas;Índice;2025M05;132,583
Nacional;01 Alimentos y bebidas no alcohólicas;Índice;2025M04;131,966
Nacional;01 Alimentos y bebidas no alcohólicas;Índice;2025M03;131,535
Nacional;01 Alimentos y bebidas no alcohólicas;Índice;2025M02;131,159
Nacional;01 Alimentos y bebidas no alcohólicas;Índice;2025M01;130,732
Nacional;01 Alimentos y bebidas no alcohólicas;Variación mensual;2025M10;
Nacional;01 Alimentos y bebidas no alcohólicas;Variación mensual;2025M09;-0,1
Nacional;01 Alimentos y bebidas no alcohólicas;Variación mensual;2025M08;-0,8
Nacional;01 Alimentos y bebidas no alcohólicas;Variación mensual;2025M07;-0,4
Nacional;01 Alimentos y bebidas no alcohólicas;Variación mensual;2025M06;0,3
Nacional;01 Alimentos y bebidas no alcohólicas;Variación mensual;2025M05;0,5
Nacional;01 Alimentos y bebidas no alcohólicas;Variación mensual;2025M04;0,3
Nacional;01 Alimentos y bebidas no alcohólicas;Variación mensual;2025M03;0,3
Nacional;01 Alimentos y bebidas no alcohólicas;Variación mensual;2025M02;0,3
Nacional;01 Alimentos y bebidas no alcohólicas;Variación mensual;2025M01;0,6
Nacional;01 Alimentos y bebidas no alcohólicas;Variación anual;2025M10;
Nacional;01 Alimentos y bebidas no alcohólicas;Variación anual;2025M09;2,4
Nacional;01 Alimentos y bebidas no alcohólicas;Variación anual;2025M08;2,3
Nacional;01 Alimentos y bebidas no alcohólicas;Variación anual;2025M07;2,7
Nacional;01 Alimentos y bebidas no alcohólicas;Variación anual;2025M06;2,8
Nacional;01 Alimentos y bebidas no alcohólicas;Variación anual;2025M05;2,5
Nacional;01 Alimentos y bebidas no alcohólicas;Variación anual;2025M04;2
Nacional;01 Alimentos y bebidas no alcohólicas;Variación anual;2025M03;2,4
Nacional;01 Alimentos y bebidas no alcohólicas;Variación anual;2025M02;2,2
Nacional;01 Alimentos y bebidas no alcohólicas;Variación anual;2025M01;1,8
Nacional;01 Alimentos y bebidas no alcohólicas;Variación en lo que va de año;2025M10;
Nacional;01 Alimentos y bebidas no alcohólicas;Variación en lo que va de año;2025M09;1
Nacional;01 Alimentos y bebidas no alcohólicas;Variación en lo que va de año;2025M08;1,2
Nacional;01 Alimentos y bebidas no alcohólicas;Variación en lo que va de año;2025M07;1,9
Nacional;01 Alimentos y bebidas no alcohólicas;Variación en lo que va de año;2025M06;2,3
Nacional;01 Alimentos y bebidas no alcohólicas;Variación en lo que va de año;2025M05;2
Nacional;01 Alimentos y bebidas no alcohólicas;Variación en lo que va de año;2025M04;1,5
Nacional;01 Alimentos y bebidas no alcohólicas;Variación en lo que va de año;2025M03;1,2
Nacional;01 Alimentos y bebidas no alcohólicas;Variación en lo que va de año;2025M02;0,9
Nacional;01 Alimentos y bebidas no alcohólicas;Variación en lo que va de año;2025M01;0,6
Nacional;02 Bebidas alcohólicas y tabaco;Índice;2025M10;
Nacional;02 Bebidas alcohólicas y tabaco;Índice;2025M09;121,229
Nacional;02 Bebidas alcohólicas y tabaco;Índice;2025M08;121,016
Nacional;02 Bebidas alcohólicas y tabaco;Índice;2025M07;121,043
Nacional;02 Bebidas alcohólicas y tabaco;Índice;2025M06;121,163
Nacional;02 Bebidas alcohólicas y tabaco;Índice;2025M05;120,629
Nacional;02 Bebidas alcohólicas y tabaco;Índice;2025M04;119,454
Nacional;02 Bebidas alcohólicas y tabaco;Índice;2025M03;119,727
Nacional;02 Bebidas alcohólicas y tabaco;Índice;2025M02;119,479
Nacional;02 Bebidas alcohólicas y tabaco;Índice;2025M01;119,217
Nacional;02 Bebidas alcohólicas y tabaco;Variación mensual;2025M10;
Nacional;02 Bebidas alcohólicas y tabaco;Variación mensual;2025M09;0,2
Nacional;02 Bebidas alcohólicas y tabaco;Variación mensual;2025M08;0
Nacional;02 Bebidas alcohólicas y tabaco;Variación mensual;2025M07;-0,1
Nacional;02 Bebidas alcohólicas y tabaco;Variación mensual;2025M06;0,4
Nacional;02 Bebidas alcohólicas y tabaco;Variación mensual;2025M05;1
Nacional;02 Bebidas alcohólicas y tabaco;Variación mensual;2025M04;-0,2
Nacional;02 Bebidas alcohólicas y tabaco;Variación mensual;2025M03;0,2
Nacional;02 Bebidas alcohólicas y tabaco;Variación mensual;2025M02;0,2
Nacional;02 Bebidas alcohólicas y tabaco;Variación mensual;2025M01;1,6
Nacional;02 Bebidas alcohólicas y tabaco;Variación anual;2025M10;
Nacional;02 Bebidas alcohólicas y tabaco;Variación anual;2025M09;4,2
Nacional;02 Bebidas alcohólicas y tabaco;Variación anual;2025M08;4,2
Nacional;02 Bebidas alcohólicas y tabaco;Variación anual;2025M07;4,1
Nacional;02 Bebidas alcohólicas y tabaco;Variación anual;2025M06;4,3
Nacional;02 Bebidas alcohólicas y tabaco;Variación anual;2025M05;3,6
Nacional;02 Bebidas alcohólicas y tabaco;Variación anual;2025M04;2,6
Nacional;02 Bebidas alcohólicas y tabaco;Variación anual;2025M03;3,1
Nacional;02 Bebidas alcohólicas y tabaco;Variación anual;2025M02;3
Nacional;02 Bebidas alcohólicas y tabaco;Variación anual;2025M01;4,3
Nacional;02 Bebidas alcohólicas y tabaco;Variación en lo que va de año;2025M10;
Nacional;02 Bebidas alcohólicas y tabaco;Variación en lo que va de año;2025M09;3,4
Nacional;02 Bebidas alcohólicas y tabaco;Variación en lo que va de año;2025M08;3,2
Nacional;02 Bebidas alcohólicas y tabaco;Variación en lo que va de año;2025M07;3,2
Nacional;02 Bebidas alcohólicas y tabaco;Variación en lo que va de año;2025M06;3,3
Nacional;02 Bebidas alcohólicas y tabaco;Variación en lo que va de año;2025M05;2,8
Nacional;02 Bebidas alcohólicas y tabaco;Variación en lo que va de año;2025M04;1,8
Nacional;02 Bebidas alcohólicas y tabaco;Variación en lo que va de año;2025M03;2,1
Nacional;02 Bebidas alcohólicas y tabaco;Variación en lo que va de año;2025M02;1,9
Nacional;02 Bebidas alcohólicas y tabaco;Variación en lo que va de año;2025M01;1,6
Nacional;03 Vestido y calzado;Índice;2025M10;
Nacional;03 Vestido y calzado;Índice;2025M09;102,14
Nacional;03 Vestido y calzado;Índice;2025M08;99,679
Nacional;03 Vestido y calzado;Índice;2025M07;100,675
Nacional;03 Vestido y calzado;Índice;2025M06;110,936
Nacional;03 Vestido y calzado;Índice;2025M05;111,877
Nacional;03 Vestido y calzado;Índice;2025M04;109,174
Nacional;03 Vestido y calzado;Índice;2025M03;101,829
Nacional;03 Vestido y calzado;Índice;2025M02;99,363
Nacional;03 Vestido y calzado;Índice;2025M01;100,922
Nacional;03 Vestido y calzado;Variación mensual;2025M10;
Nacional;03 Vestido y calzado;Variación mensual;2025M09;2,5
Nacional;03 Vestido y calzado;Variación mensual;2025M08;-1
Nacional;03 Vestido y calzado;Variación mensual;2025M07;-9,2
Nacional;03 Vestido y calzado;Variación mensual;2025M06;-0,8
Nacional;03 Vestido y calzado;Variación mensual;2025M05;2,5
Nacional;03 Vestido y calzado;Variación mensual;2025M04;7,2
Nacional;03 Vestido y calzado;Variación mensual;2025M03;2,5
Nacional;03 Vestido y calzado;Variación mensual;2025M02;-1,5
Nacional;03 Vestido y calzado;Variación mensual;2025M01;-11,2
Nacional;03 Vestido y calzado;Variación anual;2025M10;
Nacional;03 Vestido y calzado;Variación anual;2025M09;0,8
Nacional;03 Vestido y calzado;Variación anual;2025M08;0,7
Nacional;03 Vestido y calzado;Variación anual;2025M07;0,8
Nacional;03 Vestido y calzado;Variación anual;2025M06;0,5
Nacional;03 Vestido y calzado;Variación anual;2025M05;0,5
Nacional;03 Vestido y calzado;Variación anual;2025M04;0,3
Nacional;03 Vestido y calzado;Variación anual;2025M03;0,2
Nacional;03 Vestido y calzado;Variación anual;2025M02;0,1
Nacional;03 Vestido y calzado;Variación anual;2025M01;-0,1
Nacional;03 Vestido y calzado;Variación en lo que va de año;2025M10;
Nacional;03 Vestido y calzado;Variación en lo que va de año;2025M09;-10,1
Nacional;03 Vestido y calzado;Variación en lo que va de año;2025M08;-12,3
Nacional;03 Vestido y calzado;Variación en lo que va de año;2025M07;-11,4
Nacional;03 Vestido y calzado;Variación en lo que va de año;2025M06;-2,4
Nacional;03 Vestido y calzado;Variación en lo que va de año;2025M05;-1,6
Nacional;03 Vestido y calzado;Variación en lo que va de año;2025M04;-3,9
Nacional;03 Vestido y calzado;Variación en lo que va de año;2025M03;-10,4
Nacional;03 Vestido y calzado;Variación en lo que va de año;2025M02;-12,6
Nacional;03 Vestido y calzado;Variación en lo que va de año;2025M01;-11,2
Nacional;04 Vivienda, agua, electricidad, gas y otros combustibles;Índice;2025M10;
Nacional;04 Vivienda, agua, electricidad, gas y otros combustibles;Índice;2025M09;113,575
Nacional;04 Vivienda, agua, electricidad, gas y otros combustibles;Índice;2025M08;113,134
Nacional;04 Vivienda, agua, electricidad, gas y otros combustibles;Índice;2025M07;113,161
Nacional;04 Vivienda, agua, electricidad, gas y otros combustibles;Índice;2025M06;112,551
Nacional;04 Vivienda, agua, electricidad, gas y otros combustibles;Índice;2025M05;111,216
Nacional;04 Vivienda, agua, electricidad, gas y otros combustibles;Índice;2025M04;110,786
Nacional;04 Vivienda, agua, electricidad, gas y otros combustibles;Índice;2025M03;111,805
Nacional;04 Vivienda, agua, electricidad, gas y otros combustibles;Índice;2025M02;113,596
Nacional;04 Vivienda, agua, electricidad, gas y otros combustibles;Índice;2025M01;113,047
Nacional;04 Vivienda, agua, electricidad, gas y otros combustibles;Variación mensual;2025M10;
Nacional;04 Vivienda, agua, electricidad, gas y otros combustibles;Variación mensual;2025M09;0,4
Nacional;04 Vivienda, agua, electricidad, gas y otros combustibles;Variación mensual;2025M08;0
Nacional;04 Vivienda, agua, electricidad, gas y otros combustibles;Variación mensual;2025M07;0,5
Nacional;04 Vivienda, agua, electricidad, gas y otros combustibles;Variación mensual;2025M06;1,2
Nacional;04 Vivienda, agua, electricidad, gas y otros combustibles;Variación mensual;2025M05;0,4
Nacional;04 Vivienda, agua, electricidad, gas y otros combustibles;Variación mensual;2025M04;-0,9
Nacional;04 Vivienda, agua, electricidad, gas y otros combustibles;Variación mensual;2025M03;-1,6
Nacional;04 Vivienda, agua, electricidad, gas y otros combustibles;Variación mensual;2025M02;0,5
Nacional;04 Vivienda, agua, electricidad, gas y otros combustibles;Variación mensual;2025M01;3,8
Nacional;04 Vivienda, agua, electricidad, gas y otros combustibles;Variación anual;2025M10;
Nacional;04 Vivienda, agua, electricidad, gas y otros combustibles;Variación anual;2025M09;7,1
Nacional;04 Vivienda, agua, electricidad, gas y otros combustibles;Variación anual;2025M08;6
Nacional;04 Vivienda, agua, electricidad, gas y otros combustibles;Variación anual;2025M07;6,7
Nacional;04 Vivienda, agua, electricidad, gas y otros combustibles;Variación anual;2025M06;4,2
Nacional;04 Vivienda, agua, electricidad, gas y otros combustibles;Variación anual;2025M05;3,8
Nacional;04 Vivienda, agua, electricidad, gas y otros combustibles;Variación anual;2025M04;4,2
Nacional;04 Vivienda, agua, electricidad, gas y otros combustibles;Variación anual;2025M03;5,7
Nacional;04 Vivienda, agua, electricidad, gas y otros combustibles;Variación anual;2025M02;9,8
Nacional;04 Vivienda, agua, electricidad, gas y otros combustibles;Variación anual;2025M01;7,9
Nacional;04 Vivienda, agua, electricidad, gas y otros combustibles;Variación en lo que va de año;2025M10;
Nacional;04 Vivienda, agua, electricidad, gas y otros combustibles;Variación en lo que va de año;2025M09;4,3
Nacional;04 Vivienda, agua, electricidad, gas y otros combustibles;Variación en lo que va de año;2025M08;3,9
Nacional;04 Vivienda, agua, electricidad, gas y otros combustibles;Variación en lo que va de año;2025M07;3,9
Nacional;04 Vivienda, agua, electricidad, gas y otros combustibles;Variación en lo que va de año;2025M06;3,3
Nacional;04 Vivienda, agua, electricidad, gas y otros combustibles;Variación en lo que va de año;2025M05;2,1
Nacional;04 Vivienda, agua, electricidad, gas y otros combustibles;Variación en lo que va de año;2025M04;1,7
Nacional;04 Vivienda, agua, electricidad, gas y otros combustibles;Variación en lo que va de año;2025M03;2,6
Nacional;04 Vivienda, agua, electricidad, gas y otros combustibles;Variación en lo que va de año;2025M02;4,3
Nacional;04 Vivienda, agua, electricidad, gas y otros combustibles;Variación en lo que va de año;2025M01;3,8
Nacional;05 Muebles, artículos del hogar y artículos para el mantenimiento corriente del hogar;Índice;2025M10;
Nacional;05 Muebles, artículos del hogar y artículos para el mantenimiento corriente del hogar;Índice;2025M09;113,304
Nacional;05 Muebles, artículos del hogar y artículos para el mantenimiento corriente del hogar;Índice;2025M08;113,169
Nacional;05 Muebles, artículos del hogar y artículos para el mantenimiento corriente del hogar;Índice;2025M07;113,164
Nacional;05 Muebles, artículos del hogar y artículos para el mantenimiento corriente del hogar;Índice;2025M06;113,644
Nacional;05 Muebles, artículos del hogar y artículos para el mantenimiento corriente del hogar;Índice;2025M05;113,523
Nacional;05 Muebles, artículos del hogar y artículos para el mantenimiento corriente del hogar;Índice;2025M04;113,255
Nacional;05 Muebles, artículos del hogar y artículos para el mantenimiento corriente del hogar;Índice;2025M03;113,014
Nacional;05 Muebles, artículos del hogar y artículos para el mantenimiento corriente del hogar;Índice;2025M02;112,7
Nacional;05 Muebles, artículos del hogar y artículos para el mantenimiento corriente del hogar;Índice;2025M01;112,638
Nacional;05 Muebles, artículos del hogar y artículos para el mantenimiento corriente del hogar;Variación mensual;2025M10;
Nacional;05 Muebles, artículos del hogar y artículos para el mantenimiento corriente del hogar;Variación mensual;2025M09;0,1
Nacional;05 Muebles, artículos del hogar y artículos para el mantenimiento corriente del hogar;Variación mensual;2025M08;0
Nacional;05 Muebles, artículos del hogar y artículos para el mantenimiento corriente del hogar;Variación mensual;2025M07;-0,4
Nacional;05 Muebles, artículos del hogar y artículos para el mantenimiento corriente del hogar;Variación mensual;2025M06;0,1
Nacional;05 Muebles, artículos del hogar y artículos para el mantenimiento corriente del hogar;Variación mensual;2025M05;0,2
Nacional;05 Muebles, artículos del hogar y artículos para el mantenimiento corriente del hogar;Variación mensual;2025M04;0,2
Nacional;05 Muebles, artículos del hogar y artículos para el mantenimiento corriente del hogar;Variación mensual;2025M03;0,3
Nacional;05 Muebles, artículos del hogar y artículos para el mantenimiento corriente del hogar;Variación mensual;2025M02;0,1
Nacional;05 Muebles, artículos del hogar y artículos para el mantenimiento corriente del hogar;Variación mensual;2025M01;-0,4
Nacional;05 Muebles, artículos del hogar y artículos para el mantenimiento corriente del hogar;Variación anual;2025M10;
Nacional;05 Muebles, artículos del hogar y artículos para el mantenimiento corriente del hogar;Variación anual;2025M09;0,8
Nacional;05 Muebles, artículos del hogar y artículos para el mantenimiento corriente del hogar;Variación anual;2025M08;0,8
Nacional;05 Muebles, artículos del hogar y artículos para el mantenimiento corriente del hogar;Variación anual;2025M07;0,9
Nacional;05 Muebles, artículos del hogar y artículos para el mantenimiento corriente del hogar;Variación anual;2025M06;0,7
Nacional;05 Muebles, artículos del hogar y artículos para el mantenimiento corriente del hogar;Variación anual;2025M05;0,6
Nacional;05 Muebles, artículos del hogar y artículos para el mantenimiento corriente del hogar;Variación anual;2025M04;0,5
Nacional;05 Muebles, artículos del hogar y artículos para el mantenimiento corriente del hogar;Variación anual;2025M03;0,6
Nacional;05 Muebles, artículos del hogar y artículos para el mantenimiento corriente del hogar;Variación anual;2025M02;0,5
Nacional;05 Muebles, artículos del hogar y artículos para el mantenimiento corriente del hogar;Variación anual;2025M01;0,6
Nacional;05 Muebles, artículos del hogar y artículos para el mantenimiento corriente del hogar;Variación en lo que va de año;2025M10;
Nacional;05 Muebles, artículos del hogar y artículos para el mantenimiento corriente del hogar;Variación en lo que va de año;2025M09;0,2
Nacional;05 Muebles, artículos del hogar y artículos para el mantenimiento corriente del hogar;Variación en lo que va de año;2025M08;0,1
Nacional;05 Muebles, artículos del hogar y artículos para el mantenimiento corriente del hogar;Variación en lo que va de año;2025M07;0,1
Nacional;05 Muebles, artículos del hogar y artículos para el mantenimiento corriente del hogar;Variación en lo que va de año;2025M06;0,5
Nacional;05 Muebles, artículos del hogar y artículos para el mantenimiento corriente del hogar;Variación en lo que va de año;2025M05;0,4
Nacional;05 Muebles, artículos del hogar y artículos para el mantenimiento corriente del hogar;Variación en lo que va de año;2025M04;0,2
Nacional;05 Muebles, artículos del hogar y artículos para el mantenimiento corriente del hogar;Variación en lo que va de año;2025M03;0
Nacional;05 Muebles, artículos del hogar y artículos para el mantenimiento corriente del hogar;Variación en lo que va de año;2025M02;-0,3
Nacional;05 Muebles, artículos del hogar y artículos para el mantenimiento corriente del hogar;Variación en lo que va de año;2025M01;-0,4
Nacional;06 Sanidad;Índice;2025M10;
Nacional;06 Sanidad;Índice;2025M09;107,615
Nacional;06 Sanidad;Índice;2025M08;107,515
Nacional;06 Sanidad;Índice;2025M07;107,507
Nacional;06 Sanidad;Índice;2025M06;107,368
Nacional;06 Sanidad;Índice;2025M05;107,19
Nacional;06 Sanidad;Índice;2025M04;107,044
Nacional;06 Sanidad;Índice;2025M03;106,634
Nacional;06 Sanidad;Índice;2025M02;106,247
Nacional;06 Sanidad;Índice;2025M01;106,028
Nacional;06 Sanidad;Variación mensual;2025M10;
Nacional;06 Sanidad;Variación mensual;2025M09;0,1
Nacional;06 Sanidad;Variación mensual;2025M08;0
Nacional;06 Sanidad;Variación mensual;2025M07;0,1
Nacional;06 Sanidad;Variación mensual;2025M06;0,2
Nacional;06 Sanidad;Variación mensual;2025M05;0,1
Nacional;06 Sanidad;Variación mensual;2025M04;0,4
Nacional;06 Sanidad;Variación mensual;2025M03;0,4
Nacional;06 Sanidad;Variación mensual;2025M02;0,2
Nacional;06 Sanidad;Variación mensual;2025M01;0,3
Nacional;06 Sanidad;Variación anual;2025M10;
Nacional;06 Sanidad;Variación anual;2025M09;2
Nacional;06 Sanidad;Variación anual;2025M08;2
Nacional;06 Sanidad;Variación anual;2025M07;2
Nacional;06 Sanidad;Variación anual;2025M06;2,1
Nacional;06 Sanidad;Variación anual;2025M05;1,9
Nacional;06 Sanidad;Variación anual;2025M04;2
Nacional;06 Sanidad;Variación anual;2025M03;1,9
Nacional;06 Sanidad;Variación anual;2025M02;1,9
Nacional;06 Sanidad;Variación anual;2025M01;2
Nacional;06 Sanidad;Variación en lo que va de año;2025M10;
Nacional;06 Sanidad;Variación en lo que va de año;2025M09;1,8
Nacional;06 Sanidad;Variación en lo que va de año;2025M08;1,7
Nacional;06 Sanidad;Variación en lo que va de año;2025M07;1,7
Nacional;06 Sanidad;Variación en lo que va de año;2025M06;1,6
Nacional;06 Sanidad;Variación en lo que va de año;2025M05;1,4
Nacional;06 Sanidad;Variación en lo que va de año;2025M04;1,3
Nacional;06 Sanidad;Variación en lo que va de año;2025M03;0,9
Nacional;06 Sanidad;Variación en lo que va de año;2025M02;0,5
Nacional;06 Sanidad;Variación en lo que va de año;2025M01;0,3
Nacional;07 Transporte;Índice;2025M10;
Nacional;07 Transporte;Índice;2025M09;113,11
Nacional;07 Transporte;Índice;2025M08;113,944
Nacional;07 Transporte;Índice;2025M07;113,721
Nacional;07 Transporte;Índice;2025M06;112,302
Nacional;07 Transporte;Índice;2025M05;111,324
Nacional;07 Transporte;Índice;2025M04;112,476
Nacional;07 Transporte;Índice;2025M03;112,65
Nacional;07 Transporte;Índice;2025M02;113,394
Nacional;07 Transporte;Índice;2025M01;112,727
Nacional;07 Transporte;Variación mensual;2025M10;
Nacional;07 Transporte;Variación mensual;2025M09;-0,7
Nacional;07 Transporte;Variación mensual;2025M08;0,2
Nacional;07 Transporte;Variación mensual;2025M07;1,3
Nacional;07 Transporte;Variación mensual;2025M06;0,9
Nacional;07 Transporte;Variación mensual;2025M05;-1
Nacional;07 Transporte;Variación mensual;2025M04;-0,2
Nacional;07 Transporte;Variación mensual;2025M03;-0,7
Nacional;07 Transporte;Variación mensual;2025M02;0,6
Nacional;07 Transporte;Variación mensual;2025M01;0,8
Nacional;07 Transporte;Variación anual;2025M10;
Nacional;07 Transporte;Variación anual;2025M09;2,2
Nacional;07 Transporte;Variación anual;2025M08;1,2
Nacional;07 Transporte;Variación anual;2025M07;0,2
Nacional;07 Transporte;Variación anual;2025M06;-0,8
Nacional;07 Transporte;Variación anual;2025M05;-2
Nacional;07 Transporte;Variación anual;2025M04;-1,6
Nacional;07 Transporte;Variación anual;2025M03;-0,9
Nacional;07 Transporte;Variación anual;2025M02;0,3
Nacional;07 Transporte;Variación anual;2025M01;1,3
Nacional;07 Transporte;Variación en lo que va de año;2025M10;
Nacional;07 Transporte;Variación en lo que va de año;2025M09;1,1
Nacional;07 Transporte;Variación en lo que va de año;2025M08;1,9
Nacional;07 Transporte;Variación en lo que va de año;2025M07;1,7
Nacional;07 Transporte;Variación en lo que va de año;2025M06;0,4
Nacional;07 Transporte;Variación en lo que va de año;2025M05;-0,5
Nacional;07 Transporte;Variación en lo que va de año;2025M04;0,6
Nacional;07 Transporte;Variación en lo que va de año;2025M03;0,7
Nacional;07 Transporte;Variación en lo que va de año;2025M02;1,4
Nacional;07 Transporte;Variación en lo que va de año;2025M01;0,8
Nacional;08 Comunicaciones;Índice;2025M10;
Nacional;08 Comunicaciones;Índice;2025M09;102,624
Nacional;08 Comunicaciones;Índice;2025M08;102,691
Nacional;08 Comunicaciones;Índice;2025M07;102,587
Nacional;08 Comunicaciones;Índice;2025M06;104,447
Nacional;08 Comunicaciones;Índice;2025M05;104,431
Nacional;08 Comunicaciones;Índice;2025M04;104,608
Nacional;08 Comunicaciones;Índice;2025M03;104,414
Nacional;08 Comunicaciones;Índice;2025M02;104,479
Nacional;08 Comunicaciones;Índice;2025M01;103,782
Nacional;08 Comunicaciones;Variación mensual;2025M10;
Nacional;08 Comunicaciones;Variación mensual;2025M09;-0,1
Nacional;08 Comunicaciones;Variación mensual;2025M08;0,1
Nacional;08 Comunicaciones;Variación mensual;2025M07;-1,8
Nacional;08 Comunicaciones;Variación mensual;2025M06;0
Nacional;08 Comunicaciones;Variación mensual;2025M05;-0,2
Nacional;08 Comunicaciones;Variación mensual;2025M04;0,2
Nacional;08 Comunicaciones;Variación mensual;2025M03;-0,1
Nacional;08 Comunicaciones;Variación mensual;2025M02;0,7
Nacional;08 Comunicaciones;Variación mensual;2025M01;3
Nacional;08 Comunicaciones;Variación anual;2025M10;
Nacional;08 Comunicaciones;Variación anual;2025M09;0,9
Nacional;08 Comunicaciones;Variación anual;2025M08;0,8
Nacional;08 Comunicaciones;Variación anual;2025M07;0,6
Nacional;08 Comunicaciones;Variación anual;2025M06;2
Nacional;08 Comunicaciones;Variación anual;2025M05;2
Nacional;08 Comunicaciones;Variación anual;2025M04;2,1
Nacional;08 Comunicaciones;Variación anual;2025M03;2
Nacional;08 Comunicaciones;Variación anual;2025M02;2
Nacional;08 Comunicaciones;Variación anual;2025M01;1,2
Nacional;08 Comunicaciones;Variación en lo que va de año;2025M10;
Nacional;08 Comunicaciones;Variación en lo que va de año;2025M09;1,8
Nacional;08 Comunicaciones;Variación en lo que va de año;2025M08;1,9
Nacional;08 Comunicaciones;Variación en lo que va de año;2025M07;1,8
Nacional;08 Comunicaciones;Variación en lo que va de año;2025M06;3,6
Nacional;08 Comunicaciones;Variación en lo que va de año;2025M05;3,6
Nacional;08 Comunicaciones;Variación en lo que va de año;2025M04;3,8
Nacional;08 Comunicaciones;Variación en lo que va de año;2025M03;3,6
Nacional;08 Comunicaciones;Variación en lo que va de año;2025M02;3,7
Nacional;08 Comunicaciones;Variación en lo que va de año;2025M01;3
Nacional;09 Ocio y cultura;Índice;2025M10;
Nacional;09 Ocio y cultura;Índice;2025M09;110,657
Nacional;09 Ocio y cultura;Índice;2025M08;115,551
Nacional;09 Ocio y cultura;Índice;2025M07;113,844
Nacional;09 Ocio y cultura;Índice;2025M06;111,958
Nacional;09 Ocio y cultura;Índice;2025M05;109,503
Nacional;09 Ocio y cultura;Índice;2025M04;111,567
Nacional;09 Ocio y cultura;Índice;2025M03;108,752
Nacional;09 Ocio y cultura;Índice;2025M02;108,691
Nacional;09 Ocio y cultura;Índice;2025M01;108,138
Nacional;09 Ocio y cultura;Variación mensual;2025M10;
Nacional;09 Ocio y cultura;Variación mensual;2025M09;-4,2
Nacional;09 Ocio y cultura;Variación mensual;2025M08;1,5
Nacional;09 Ocio y cultura;Variación mensual;2025M07;1,7
Nacional;09 Ocio y cultura;Variación mensual;2025M06;2,2
Nacional;09 Ocio y cultura;Variación mensual;2025M05;-1,9
Nacional;09 Ocio y cultura;Variación mensual;2025M04;2,6
Nacional;09 Ocio y cultura;Variación mensual;2025M03;0,1
Nacional;09 Ocio y cultura;Variación mensual;2025M02;0,5
Nacional;09 Ocio y cultura;Variación mensual;2025M01;-3,3
Nacional;09 Ocio y cultura;Variación anual;2025M10;
Nacional;09 Ocio y cultura;Variación anual;2025M09;0,6
Nacional;09 Ocio y cultura;Variación anual;2025M08;0,7
Nacional;09 Ocio y cultura;Variación anual;2025M07;0,6
Nacional;09 Ocio y cultura;Variación anual;2025M06;0,5
Nacional;09 Ocio y cultura;Variación anual;2025M05;0,5
Nacional;09 Ocio y cultura;Variación anual;2025M04;2,7
Nacional;09 Ocio y cultura;Variación anual;2025M03;-0,3
Nacional;09 Ocio y cultura;Variación anual;2025M02;1,4
Nacional;09 Ocio y cultura;Variación anual;2025M01;1,9
Nacional;09 Ocio y cultura;Variación en lo que va de año;2025M10;
Nacional;09 Ocio y cultura;Variación en lo que va de año;2025M09;-1
Nacional;09 Ocio y cultura;Variación en lo que va de año;2025M08;3,4
Nacional;09 Ocio y cultura;Variación en lo que va de año;2025M07;1,8
Nacional;09 Ocio y cultura;Variación en lo que va de año;2025M06;0,1
Nacional;09 Ocio y cultura;Variación en lo que va de año;2025M05;-2
Nacional;09 Ocio y cultura;Variación en lo que va de año;2025M04;-0,2
Nacional;09 Ocio y cultura;Variación en lo que va de año;2025M03;-2,7
Nacional;09 Ocio y cultura;Variación en lo que va de año;2025M02;-2,8
Nacional;09 Ocio y cultura;Variación en lo que va de año;2025M01;-3,3
Nacional;10 Enseñanza;Índice;2025M10;
Nacional;10 Enseñanza;Índice;2025M09;109,648
Nacional;10 Enseñanza;Índice;2025M08;108,099
Nacional;10 Enseñanza;Índice;2025M07;108,07
Nacional;10 Enseñanza;Índice;2025M06;108,014
Nacional;10 Enseñanza;Índice;2025M05;108,018
Nacional;10 Enseñanza;Índice;2025M04;107,985
Nacional;10 Enseñanza;Índice;2025M03;107,971
Nacional;10 Enseñanza;Índice;2025M02;107,943
Nacional;10 Enseñanza;Índice;2025M01;107,894
Nacional;10 Enseñanza;Variación mensual;2025M10;
Nacional;10 Enseñanza;Variación mensual;2025M09;1,4
Nacional;10 Enseñanza;Variación mensual;2025M08;0
Nacional;10 Enseñanza;Variación mensual;2025M07;0,1
Nacional;10 Enseñanza;Variación mensual;2025M06;0
Nacional;10 Enseñanza;Variación mensual;2025M05;0
Nacional;10 Enseñanza;Variación mensual;2025M04;0
Nacional;10 Enseñanza;Variación mensual;2025M03;0
Nacional;10 Enseñanza;Variación mensual;2025M02;0
Nacional;10 Enseñanza;Variación mensual;2025M01;0
Nacional;10 Enseñanza;Variación anual;2025M10;
Nacional;10 Enseñanza;Variación anual;2025M09;2,8
Nacional;10 Enseñanza;Variación anual;2025M08;2,6
Nacional;10 Enseñanza;Variación anual;2025M07;2,5
Nacional;10 Enseñanza;Variación anual;2025M06;2,5
Nacional;10 Enseñanza;Variación anual;2025M05;2,5
Nacional;10 Enseñanza;Variación anual;2025M04;2,5
Nacional;10 Enseñanza;Variación anual;2025M03;2,5
Nacional;10 Enseñanza;Variación anual;2025M02;2,5
Nacional;10 Enseñanza;Variación anual;2025M01;2,5
Nacional;10 Enseñanza;Variación en lo que va de año;2025M10;
Nacional;10 Enseñanza;Variación en lo que va de año;2025M09;1,6
Nacional;10 Enseñanza;Variación en lo que va de año;2025M08;0,2
Nacional;10 Enseñanza;Variación en lo que va de año;2025M07;0,2
Nacional;10 Enseñanza;Variación en lo que va de año;2025M06;0,1
Nacional;10 Enseñanza;Variación en lo que va de año;2025M05;0,1
Nacional;10 Enseñanza;Variación en lo que va de año;2025M04;0,1
Nacional;10 Enseñanza;Variación en lo que va de año;2025M03;0,1
Nacional;10 Enseñanza;Variación en lo que va de año;2025M02;0,1
Nacional;10 Enseñanza;Variación en lo que va de año;2025M01;0
Nacional;11 Restaurantes y hoteles;Índice;2025M10;
Nacional;11 Restaurantes y hoteles;Índice;2025M09;126,244
Nacional;11 Restaurantes y hoteles;Índice;2025M08;125,93
Nacional;11 Restaurantes y hoteles;Índice;2025M07;125,544
Nacional;11 Restaurantes y hoteles;Índice;2025M06;125,059
Nacional;11 Restaurantes y hoteles;Índice;2025M05;124,401
Nacional;11 Restaurantes y hoteles;Índice;2025M04;123,753
Nacional;11 Restaurantes y hoteles;Índice;2025M03;122,246
Nacional;11 Restaurantes y hoteles;Índice;2025M02;121,112
Nacional;11 Restaurantes y hoteles;Índice;2025M01;120,236
Nacional;11 Restaurantes y hoteles;Variación mensual;2025M10;
Nacional;11 Restaurantes y hoteles;Variación mensual;2025M09;0,2
Nacional;11 Restaurantes y hoteles;Variación mensual;2025M08;0,3
Nacional;11 Restaurantes y hoteles;Variación mensual;2025M07;0,4
Nacional;11 Restaurantes y hoteles;Variación mensual;2025M06;0,5
Nacional;11 Restaurantes y hoteles;Variación mensual;2025M05;0,5
Nacional;11 Restaurantes y hoteles;Variación mensual;2025M04;1,2
Nacional;11 Restaurantes y hoteles;Variación mensual;2025M03;0,9
Nacional;11 Restaurantes y hoteles;Variación mensual;2025M02;0,7
Nacional;11 Restaurantes y hoteles;Variación mensual;2025M01;0,1
Nacional;11 Restaurantes y hoteles;Variación anual;2025M10;
Nacional;11 Restaurantes y hoteles;Variación anual;2025M09;4,3
Nacional;11 Restaurantes y hoteles;Variación anual;2025M08;4,3
Nacional;11 Restaurantes y hoteles;Variación anual;2025M07;4,2
Nacional;11 Restaurantes y hoteles;Variación anual;2025M06;4,1
Nacional;11 Restaurantes y hoteles;Variación anual;2025M05;4,3
Nacional;11 Restaurantes y hoteles;Variación anual;2025M04;4,5
Nacional;11 Restaurantes y hoteles;Variación anual;2025M03;4,1
Nacional;11 Restaurantes y hoteles;Variación anual;2025M02;4,1
Nacional;11 Restaurantes y hoteles;Variación anual;2025M01;4,3
Nacional;11 Restaurantes y hoteles;Variación en lo que va de año;2025M10;
Nacional;11 Restaurantes y hoteles;Variación en lo que va de año;2025M09;5,1
Nacional;11 Restaurantes y hoteles;Variación en lo que va de año;2025M08;4,8
Nacional;11 Restaurantes y hoteles;Variación en lo que va de año;2025M07;4,5
Nacional;11 Restaurantes y hoteles;Variación en lo que va de año;2025M06;4,1
Nacional;11 Restaurantes y hoteles;Variación en lo que va de año;2025M05;3,5
Nacional;11 Restaurantes y hoteles;Variación en lo que va de año;2025M04;3
Nacional;11 Restaurantes y hoteles;Variación en lo que va de año;2025M03;1,7
Nacional;11 Restaurantes y hoteles;Variación en lo que va de año;2025M02;0,8
Nacional;11 Restaurantes y hoteles;Variación en lo que va de año;2025M01;0,1
Nacional;12 Otros bienes y servicios;Índice;2025M10;
Nacional;12 Otros bienes y servicios;Índice;2025M09;116,343
Nacional;12 Otros bienes y servicios;Índice;2025M08;116,322
Nacional;12 Otros bienes y servicios;Índice;2025M07;116,133
Nacional;12 Otros bienes y servicios;Índice;2025M06;116,466
Nacional;12 Otros bienes y servicios;Índice;2025M05;115,462
Nacional;12 Otros bienes y servicios;Índice;2025M04;115,282
Nacional;12 Otros bienes y servicios;Índice;2025M03;115,008
Nacional;12 Otros bienes y servicios;Índice;2025M02;114,577
Nacional;12 Otros bienes y servicios;Índice;2025M01;113,954
Nacional;12 Otros bienes y servicios;Variación mensual;2025M10;
Nacional;12 Otros bienes y servicios;Variación mensual;2025M09;0
Nacional;12 Otros bienes y servicios;Variación mensual;2025M08;0,2
Nacional;12 Otros bienes y servicios;Variación mensual;2025M07;-0,3
Nacional;12 Otros bienes y servicios;Variación mensual;2025M06;0,9
Nacional;12 Otros bienes y servicios;Variación mensual;2025M05;0,2
Nacional;12 Otros bienes y servicios;Variación mensual;2025M04;0,2
Nacional;12 Otros bienes y servicios;Variación mensual;2025M03;0,4
Nacional;12 Otros bienes y servicios;Variación mensual;2025M02;0,5
Nacional;12 Otros bienes y servicios;Variación mensual;2025M01;0,7
Nacional;12 Otros bienes y servicios;Variación anual;2025M10;
Nacional;12 Otros bienes y servicios;Variación anual;2025M09;3,5
Nacional;12 Otros bienes y servicios;Variación anual;2025M08;3,4
Nacional;12 Otros bienes y servicios;Variación anual;2025M07;3,4
Nacional;12 Otros bienes y servicios;Variación anual;2025M06;3,5
Nacional;12 Otros bienes y servicios;Variación anual;2025M05;3,6
Nacional;12 Otros bienes y servicios;Variación anual;2025M04;3,6
Nacional;12 Otros bienes y servicios;Variación anual;2025M03;3,8
Nacional;12 Otros bienes y servicios;Variación anual;2025M02;3,6
Nacional;12 Otros bienes y servicios;Variación anual;2025M01;3,7
Nacional;12 Otros bienes y servicios;Variación en lo que va de año;2025M10;
Nacional;12 Otros bienes y servicios;Variación en lo que va de año;2025M09;2,8
Nacional;12 Otros bienes y servicios;Variación en lo que va de año;2025M08;2,8
Nacional;12 Otros bienes y servicios;Variación en lo que va de año;2025M07;2,6
Nacional;12 Otros bienes y servicios;Variación en lo que va de año;2025M06;2,9
Nacional;12 Otros bienes y servicios;Variación en lo que va de año;2025M05;2
Nacional;12 Otros bienes y servicios;Variación en lo que va de año;2025M04;1,8
Nacional;12 Otros bienes y servicios;Variación en lo que va de año;2025M03;1,6
Nacional;12 Otros bienes y servicios;Variación en lo que va de año;2025M02;1,2
Nacional;12 Otros bienes y servicios;Variación en lo que va de año;2025M01;0,7
01 Andalucía;01 Alimentos y bebidas no alcohólicas;Índice;2025M10;
01 Andalucía;01 Alimentos y bebidas no alcohólicas;Índice;2025M09;131,638
01 Andalucía;01 Alimentos y bebidas no alcohólicas;Índice;2025M08;131,987
01 Andalucía;01 Alimentos y bebidas no alcohólicas;Índice;2025M07;133,136
01 Andalucía;01 Alimentos y bebidas no alcohólicas;Índice;2025M06;133,9
01 Andalucía;01 Alimentos y bebidas no alcohólicas;Índice;2025M05;133,489
01 Andalucía;01 Alimentos y bebidas no alcohólicas;Índice;2025M04;132,474
01 Andalucía;01 Alimentos y bebidas no alcohólicas;Índice;2025M03;132,071
01 Andalucía;01 Alimentos y bebidas no alcohólicas;Índice;2025M02;131,386
01 Andalucía;01 Alimentos y bebidas no alcohólicas;Índice;2025M01;130,873
01 Andalucía;01 Alimentos y bebidas no alcohólicas;Variación mensual;2025M10;
01 Andalucía;01 Alimentos y bebidas no alcohólicas;Variación mensual;2025M09;-0,3
01 Andalucía;01 Alimentos y bebidas no alcohólicas;Variación mensual;2025M08;-0,9
01 Andalucía;01 Alimentos y bebidas no alcohólicas;Variación mensual;2025M07;-0,6
01 Andalucía;01 Alimentos y bebidas no alcohólicas;Variación mensual;2025M06;0,3
01 Andalucía;01 Alimentos y bebidas no alcohólicas;Variación mensual;2025M05;0,8
01 Andalucía;01 Alimentos y bebidas no alcohólicas;Variación mensual;2025M04;0,3
01 Andalucía;01 Alimentos y bebidas no alcohólicas;Variación mensual;2025M03;0,5
01 Andalucía;01 Alimentos y bebidas no alcohólicas;Variación mensual;2025M02;0,4
01 Andalucía;01 Alimentos y bebidas no alcohólicas;Variación mensual;2025M01;0,3
01 Andalucía;01 Alimentos y bebidas no alcohólicas;Variación anual;2025M10;
01 Andalucía;01 Alimentos y bebidas no alcohólicas;Variación anual;2025M09;2
01 Andalucía;01 Alimentos y bebidas no alcohólicas;Variación anual;2025M08;2
01 Andalucía;01 Alimentos y bebidas no alcohólicas;Variación anual;2025M07;2,3
01 Andalucía;01 Alimentos y bebidas no alcohólicas;Variación anual;2025M06;2,5
01 Andalucía;01 Alimentos y bebidas no alcohólicas;Variación anual;2025M05;2,4
01 Andalucía;01 Alimentos y bebidas no alcohólicas;Variación anual;2025M04;1,6
01 Andalucía;01 Alimentos y bebidas no alcohólicas;Variación anual;2025M03;2
01 Andalucía;01 Alimentos y bebidas no alcohólicas;Variación anual;2025M02;1,6
01 Andalucía;01 Alimentos y bebidas no alcohólicas;Variación anual;2025M01;1,1
01 Andalucía;01 Alimentos y bebidas no alcohólicas;Variación en lo que va de año;2025M10;
01 Andalucía;01 Alimentos y bebidas no alcohólicas;Variación en lo que va de año;2025M09;0,8
01 Andalucía;01 Alimentos y bebidas no alcohólicas;Variación en lo que va de año;2025M08;1,1
01 Andalucía;01 Alimentos y bebidas no alcohólicas;Variación en lo que va de año;2025M07;2
01 Andalucía;01 Alimentos y bebidas no alcohólicas;Variación en lo que va de año;2025M06;2,6
01 Andalucía;01 Alimentos y bebidas no alcohólicas;Variación en lo que va de año;2025M05;2,3
01 Andalucía;01 Alimentos y bebidas no alcohólicas;Variación en lo que va de año;2025M04;1,5
01 Andalucía;01 Alimentos y bebidas no alcohólicas;Variación en lo que va de año;2025M03;1,2
01 Andalucía;01 Alimentos y bebidas no alcohólicas;Variación en lo que va de año;2025M02;0,6
01 Andalucía;01 Alimentos y bebidas no alcohólicas;Variación en lo que va de año;2025M01;0,3
01 Andalucía;02 Bebidas alcohólicas y tabaco;Índice;2025M10;
01 Andalucía;02 Bebidas alcohólicas y tabaco;Índice;2025M09;121,521
01 Andalucía;02 Bebidas alcohólicas y tabaco;Índice;2025M08;121,502
01 Andalucía;02 Bebidas alcohólicas y tabaco;Índice;2025M07;121,39
01 Andalucía;02 Bebidas alcohólicas y tabaco;Índice;2025M06;121,528
01 Andalucía;02 Bebidas alcohólicas y tabaco;Índice;2025M05;120,843
01 Andalucía;02 Bebidas alcohólicas y tabaco;Índice;2025M04;119,539
01 Andalucía;02 Bebidas alcohólicas y tabaco;Índice;2025M03;119,648
01 Andalucía;02 Bebidas alcohólicas y tabaco;Índice;2025M02;119,866
01 Andalucía;02 Bebidas alcohólicas y tabaco;Índice;2025M01;119,717
01 Andalucía;02 Bebidas alcohólicas y tabaco;Variación mensual;2025M10;
01 Andalucía;02 Bebidas alcohólicas y tabaco;Variación mensual;2025M09;0
01 Andalucía;02 Bebidas alcohólicas y tabaco;Variación mensual;2025M08;0,1
01 Andalucía;02 Bebidas alcohólicas y tabaco;Variación mensual;2025M07;-0,1
01 Andalucía;02 Bebidas alcohólicas y tabaco;Variación mensual;2025M06;0,6
01 Andalucía;02 Bebidas alcohólicas y tabaco;Variación mensual;2025M05;1,1
01 Andalucía;02 Bebidas alcohólicas y tabaco;Variación mensual;2025M04;-0,1
01 Andalucía;02 Bebidas alcohólicas y tabaco;Variación mensual;2025M03;-0,2
01 Andalucía;02 Bebidas alcohólicas y tabaco;Variación mensual;2025M02;0,1
01 Andalucía;02 Bebidas alcohólicas y tabaco;Variación mensual;2025M01;1,5
01 Andalucía;02 Bebidas alcohólicas y tabaco;Variación anual;2025M10;
01 Andalucía;02 Bebidas alcohólicas y tabaco;Variación anual;2025M09;4,1
01 Andalucía;02 Bebidas alcohólicas y tabaco;Variación anual;2025M08;4,2
01 Andalucía;02 Bebidas alcohólicas y tabaco;Variación anual;2025M07;3,9
01 Andalucía;02 Bebidas alcohólicas y tabaco;Variación anual;2025M06;4,1
01 Andalucía;02 Bebidas alcohólicas y tabaco;Variación anual;2025M05;3,2
01 Andalucía;02 Bebidas alcohólicas y tabaco;Variación anual;2025M04;2,3
01 Andalucía;02 Bebidas alcohólicas y tabaco;Variación anual;2025M03;2,5
01 Andalucía;02 Bebidas alcohólicas y tabaco;Variación anual;2025M02;2,8
01 Andalucía;02 Bebidas alcohólicas y tabaco;Variación anual;2025M01;3,9
01 Andalucía;02 Bebidas alcohólicas y tabaco;Variación en lo que va de año;2025M10;
01 Andalucía;02 Bebidas alcohólicas y tabaco;Variación en lo que va de año;2025M09;3,1
01 Andalucía;02 Bebidas alcohólicas y tabaco;Variación en lo que va de año;2025M08;3,1
01 Andalucía;02 Bebidas alcohólicas y tabaco;Variación en lo que va de año;2025M07;3
01 Andalucía;02 Bebidas alcohólicas y tabaco;Variación en lo que va de año;2025M06;3,1
01 Andalucía;02 Bebidas alcohólicas y tabaco;Variación en lo que va de año;2025M05;2,5
01 Andalucía;02 Bebidas alcohólicas y tabaco;Variación en lo que va de año;2025M04;1,4
01 Andalucía;02 Bebidas alcohólicas y tabaco;Variación en lo que va de año;2025M03;1,5
01 Andalucía;02 Bebidas alcohólicas y tabaco;Variación en lo que va de año;2025M02;1,7
01 Andalucía;02 Bebidas alcohólicas y tabaco;Variación en lo que va de año;2025M01;1,5
01 Andalucía;03 Vestido y calzado;Índice;2025M10;
01 Andalucía;03 Vestido y calzado;Índice;2025M09;101,153
01 Andalucía;03 Vestido y calzado;Índice;2025M08;98,656
01 Andalucía;03 Vestido y calzado;Índice;2025M07;99,786
01 Andalucía;03 Vestido y calzado;Índice;2025M06;110,104
01 Andalucía;03 Vestido y calzado;Índice;2025M05;110,852
01 Andalucía;03 Vestido y calzado;Índice;2025M04;109,066
01 Andalucía;03 Vestido y calzado;Índice;2025M03;101,742
01 Andalucía;03 Vestido y calzado;Índice;2025M02;98,669
01 Andalucía;03 Vestido y calzado;Índice;2025M01;100,467
01 Andalucía;03 Vestido y calzado;Variación mensual;2025M10;
01 Andalucía;03 Vestido y calzado;Variación mensual;2025M09;2,5
01 Andalucía;03 Vestido y calzado;Variación mensual;2025M08;-1,1
01 Andalucía;03 Vestido y calzado;Variación mensual;2025M07;-9,4
01 Andalucía;03 Vestido y calzado;Variación mensual;2025M06;-0,7
01 Andalucía;03 Vestido y calzado;Variación mensual;2025M05;1,6
01 Andalucía;03 Vestido y calzado;Variación mensual;2025M04;7,2
01 Andalucía;03 Vestido y calzado;Variación mensual;2025M03;3,1
01 Andalucía;03 Vestido y calzado;Variación mensual;2025M02;-1,8
01 Andalucía;03 Vestido y calzado;Variación mensual;2025M01;-10,4
01 Andalucía;03 Vestido y calzado;Variación anual;2025M10;
01 Andalucía;03 Vestido y calzado;Variación anual;2025M09;2,6
01 Andalucía;03 Vestido y calzado;Variación anual;2025M08;1,6
01 Andalucía;03 Vestido y calzado;Variación anual;2025M07;1,8
01 Andalucía;03 Vestido y calzado;Variación anual;2025M06;1,1
01 Andalucía;03 Vestido y calzado;Variación anual;2025M05;0,9
01 Andalucía;03 Vestido y calzado;Variación anual;2025M04;0,7
01 Andalucía;03 Vestido y calzado;Variación anual;2025M03;2
01 Andalucía;03 Vestido y calzado;Variación anual;2025M02;1
01 Andalucía;03 Vestido y calzado;Variación anual;2025M01;1,1
01 Andalucía;03 Vestido y calzado;Variación en lo que va de año;2025M10;
01 Andalucía;03 Vestido y calzado;Variación en lo que va de año;2025M09;-9,7
01 Andalucía;03 Vestido y calzado;Variación en lo que va de año;2025M08;-12
01 Andalucía;03 Vestido y calzado;Variación en lo que va de año;2025M07;-11
01 Andalucía;03 Vestido y calzado;Variación en lo que va de año;2025M06;-1,8
01 Andalucía;03 Vestido y calzado;Variación en lo que va de año;2025M05;-1,1
01 Andalucía;03 Vestido y calzado;Variación en lo que va de año;2025M04;-2,7
01 Andalucía;03 Vestido y calzado;Variación en lo que va de año;2025M03;-9,2
01 Andalucía;03 Vestido y calzado;Variación en lo que va de año;2025M02;-12
01 Andalucía;03 Vestido y calzado;Variación en lo que va de año;2025M01;-10,4
01 Andalucía;04 Vivienda, agua, electricidad, gas y otros combustibles;Índice;2025M10;
01 Andalucía;04 Vivienda, agua, electricidad, gas y otros combustibles;Índice;2025M09;112,966
01 Andalucía;04 Vivienda, agua, electricidad, gas y otros combustibles;Índice;2025M08;112,922
01 Andalucía;04 Vivienda, agua, electricidad, gas y otros combustibles;Índice;2025M07;112,992
01 Andalucía;04 Vivienda, agua, electricidad, gas y otros combustibles;Índice;2025M06;112,485
01 Andalucía;04 Vivienda, agua, electricidad, gas y otros combustibles;Índice;2025M05;110,931
01 Andalucía;04 Vivienda, agua, electricidad, gas y otros combustibles;Índice;2025M04;110,405
01 Andalucía;04 Vivienda, agua, electricidad, gas y otros combustibles;Índice;2025M03;111,129
01 Andalucía;04 Vivienda, agua, electricidad, gas y otros combustibles;Índice;2025M02;113,179
01 Andalucía;04 Vivienda, agua, electricidad, gas y otros combustibles;Índice;2025M01;112,64
01 Andalucía;04 Vivienda, agua, electricidad, gas y otros combustibles;Variación mensual;2025M10;
01 Andalucía;04 Vivienda, agua, electricidad, gas y otros combustibles;Variación mensual;2025M09;0
01 Andalucía;04 Vivienda, agua, electricidad, gas y otros combustibles;Variación mensual;2025M08;-0,1
01 Andalucía;04 Vivienda, agua, electricidad, gas y otros combustibles;Variación mensual;2025M07;0,5
01 Andalucía;04 Vivienda, agua, electricidad, gas y otros combustibles;Variación mensual;2025M06;1,4
01 Andalucía;04 Vivienda, agua, electricidad, gas y otros combustibles;Variación mensual;2025M05;0,5
01 Andalucía;04 Vivienda, agua, electricidad, gas y otros combustibles;Variación mensual;2025M04;-0,7
01 Andalucía;04 Vivienda, agua, electricidad, gas y otros combustibles;Variación mensual;2025M03;-1,8
01 Andalucía;04 Vivienda, agua, electricidad, gas y otros combustibles;Variación mensual;2025M02;0,5
01 Andalucía;04 Vivienda, agua, electricidad, gas y otros combustibles;Variación mensual;2025M01;4,1
01 Andalucía;04 Vivienda, agua, electricidad, gas y otros combustibles;Variación anual;2025M10;
01 Andalucía;04 Vivienda, agua, electricidad, gas y otros combustibles;Variación anual;2025M09;7,7
01 Andalucía;04 Vivienda, agua, electricidad, gas y otros combustibles;Variación anual;2025M08;6,9
01 Andalucía;04 Vivienda, agua, electricidad, gas y otros combustibles;Variación anual;2025M07;7,8
01 Andalucía;04 Vivienda, agua, electricidad, gas y otros combustibles;Variación anual;2025M06;5,5
01 Andalucía;04 Vivienda, agua, electricidad, gas y otros combustibles;Variación anual;2025M05;5,3
01 Andalucía;04 Vivienda, agua, electricidad, gas y otros combustibles;Variación anual;2025M04;5,9
01 Andalucía;04 Vivienda, agua, electricidad, gas y otros combustibles;Variación anual;2025M03;6,9
01 Andalucía;04 Vivienda, agua, electricidad, gas y otros combustibles;Variación anual;2025M02;11,7
01 Andalucía;04 Vivienda, agua, electricidad, gas y otros combustibles;Variación anual;2025M01;9,4
01 Andalucía;04 Vivienda, agua, electricidad, gas y otros combustibles;Variación en lo que va de año;2025M10;
01 Andalucía;04 Vivienda, agua, electricidad, gas y otros combustibles;Variación en lo que va de año;2025M09;4,4
01 Andalucía;04 Vivienda, agua, electricidad, gas y otros combustibles;Variación en lo que va de año;2025M08;4,3
01 Andalucía;04 Vivienda, agua, electricidad, gas y otros combustibles;Variación en lo que va de año;2025M07;4,4
01 Andalucía;04 Vivienda, agua, electricidad, gas y otros combustibles;Variación en lo que va de año;2025M06;3,9
01 Andalucía;04 Vivienda, agua, electricidad, gas y otros combustibles;Variación en lo que va de año;2025M05;2,5
01 Andalucía;04 Vivienda, agua, electricidad, gas y otros combustibles;Variación en lo que va de año;2025M04;2
01 Andalucía;04 Vivienda, agua, electricidad, gas y otros combustibles;Variación en lo que va de año;2025M03;2,7
01 Andalucía;04 Vivienda, agua, electricidad, gas y otros combustibles;Variación en lo que va de año;2025M02;4,6
01 Andalucía;04 Vivienda, agua, electricidad, gas y otros combustibles;Variación en lo que va de año;2025M01;4,1
01 Andalucía;05 Muebles, artículos del hogar y artículos para el mantenimiento corriente del hogar;Índice;2025M10;
01 Andalucía;05 Muebles, artículos del hogar y artículos para el mantenimiento corriente del hogar;Índice;2025M09;112,646
01 Andalucía;05 Muebles, artículos del hogar y artículos para el mantenimiento corriente del hogar;Índice;2025M08;112,445
01 Andalucía;05 Muebles, artículos del hogar y artículos para el mantenimiento corriente del hogar;Índice;2025M07;112,586
01 Andalucía;05 Muebles, artículos del hogar y artículos para el mantenimiento corriente del hogar;Índice;2025M06;113,06
01 Andalucía;05 Muebles, artículos del hogar y artículos para el mantenimiento corriente del hogar;Índice;2025M05;112,855
01 Andalucía;05 Muebles, artículos del hogar y artículos para el mantenimiento corriente del hogar;Índice;2025M04;112,66
01 Andalucía;05 Muebles, artículos del hogar y artículos para el mantenimiento corriente del hogar;Índice;2025M03;112,443
01 Andalucía;05 Muebles, artículos del hogar y artículos para el mantenimiento corriente del hogar;Índice;2025M02;112,095
01 Andalucía;05 Muebles, artículos del hogar y artículos para el mantenimiento corriente del hogar;Índice;2025M01;111,972
01 Andalucía;05 Muebles, artículos del hogar y artículos para el mantenimiento corriente del hogar;Variación mensual;2025M10;
01 Andalucía;05 Muebles, artículos del hogar y artículos para el mantenimiento corriente del hogar;Variación mensual;2025M09;0,2
01 Andalucía;05 Muebles, artículos del hogar y artículos para el mantenimiento corriente del hogar;Variación mensual;2025M08;-0,1
01 Andalucía;05 Muebles, artículos del hogar y artículos para el mantenimiento corriente del hogar;Variación mensual;2025M07;-0,4
01 Andalucía;05 Muebles, artículos del hogar y artículos para el mantenimiento corriente del hogar;Variación mensual;2025M06;0,2
01 Andalucía;05 Muebles, artículos del hogar y artículos para el mantenimiento corriente del hogar;Variación mensual;2025M05;0,2
01 Andalucía;05 Muebles, artículos del hogar y artículos para el mantenimiento corriente del hogar;Variación mensual;2025M04;0,2
01 Andalucía;05 Muebles, artículos del hogar y artículos para el mantenimiento corriente del hogar;Variación mensual;2025M03;0,3
01 Andalucía;05 Muebles, artículos del hogar y artículos para el mantenimiento corriente del hogar;Variación mensual;2025M02;0,1
01 Andalucía;05 Muebles, artículos del hogar y artículos para el mantenimiento corriente del hogar;Variación mensual;2025M01;-0,7
01 Andalucía;05 Muebles, artículos del hogar y artículos para el mantenimiento corriente del hogar;Variación anual;2025M10;
01 Andalucía;05 Muebles, artículos del hogar y artículos para el mantenimiento corriente del hogar;Variación anual;2025M09;0,5
01 Andalucía;05 Muebles, artículos del hogar y artículos para el mantenimiento corriente del hogar;Variación anual;2025M08;0,6
01 Andalucía;05 Muebles, artículos del hogar y artículos para el mantenimiento corriente del hogar;Variación anual;2025M07;0,9
01 Andalucía;05 Muebles, artículos del hogar y artículos para el mantenimiento corriente del hogar;Variación anual;2025M06;0,5
01 Andalucía;05 Muebles, artículos del hogar y artículos para el mantenimiento corriente del hogar;Variación anual;2025M05;0,4
01 Andalucía;05 Muebles, artículos del hogar y artículos para el mantenimiento corriente del hogar;Variación anual;2025M04;0,4
01 Andalucía;05 Muebles, artículos del hogar y artículos para el mantenimiento corriente del hogar;Variación anual;2025M03;0,3
01 Andalucía;05 Muebles, artículos del hogar y artículos para el mantenimiento corriente del hogar;Variación anual;2025M02;0,1
01 Andalucía;05 Muebles, artículos del hogar y artículos para el mantenimiento corriente del hogar;Variación anual;2025M01;-0,1
01 Andalucía;05 Muebles, artículos del hogar y artículos para el mantenimiento corriente del hogar;Variación en lo que va de año;2025M10;
01 Andalucía;05 Muebles, artículos del hogar y artículos para el mantenimiento corriente del hogar;Variación en lo que va de año;2025M09;-0,1
01 Andalucía;05 Muebles, artículos del hogar y artículos para el mantenimiento corriente del hogar;Variación en lo que va de año;2025M08;-0,3
01 Andalucía;05 Muebles, artículos del hogar y artículos para el mantenimiento corriente del hogar;Variación en lo que va de año;2025M07;-0,2
01 Andalucía;05 Muebles, artículos del hogar y artículos para el mantenimiento corriente del hogar;Variación en lo que va de año;2025M06;0,2
01 Andalucía;05 Muebles, artículos del hogar y artículos para el mantenimiento corriente del hogar;Variación en lo que va de año;2025M05;0
01 Andalucía;05 Muebles, artículos del hogar y artículos para el mantenimiento corriente del hogar;Variación en lo que va de año;2025M04;-0,1
01 Andalucía;05 Muebles, artículos del hogar y artículos para el mantenimiento corriente del hogar;Variación en lo que va de año;2025M03;-0,3
01 Andalucía;05 Muebles, artículos del hogar y artículos para el mantenimiento corriente del hogar;Variación en lo que va de año;2025M02;-0,6
01 Andalucía;05 Muebles, artículos del hogar y artículos para el mantenimiento corriente del hogar;Variación en lo que va de año;2025M01;-0,7
01 Andalucía;06 Sanidad;Índice;2025M10;
01 Andalucía;06 Sanidad;Índice;2025M09;108,429
01 Andalucía;06 Sanidad;Índice;2025M08;108,267
01 Andalucía;06 Sanidad;Índice;2025M07;108,28
01 Andalucía;06 Sanidad;Índice;2025M06;108,219
01 Andalucía;06 Sanidad;Índice;2025M05;108,109
01 Andalucía;06 Sanidad;Índice;2025M04;107,989
01 Andalucía;06 Sanidad;Índice;2025M03;107,592
01 Andalucía;06 Sanidad;Índice;2025M02;106,954
01 Andalucía;06 Sanidad;Índice;2025M01;106,558
01 Andalucía;06 Sanidad;Variación mensual;2025M10;
01 Andalucía;06 Sanidad;Variación mensual;2025M09;0,1
01 Andalucía;06 Sanidad;Variación mensual;2025M08;0
01 Andalucía;06 Sanidad;Variación mensual;2025M07;0,1
01 Andalucía;06 Sanidad;Variación mensual;2025M06;0,1
01 Andalucía;06 Sanidad;Variación mensual;2025M05;0,1
01 Andalucía;06 Sanidad;Variación mensual;2025M04;0,4
01 Andalucía;06 Sanidad;Variación mensual;2025M03;0,6
01 Andalucía;06 Sanidad;Variación mensual;2025M02;0,4
01 Andalucía;06 Sanidad;Variación mensual;2025M01;0,4
01 Andalucía;06 Sanidad;Variación anual;2025M10;
01 Andalucía;06 Sanidad;Variación anual;2025M09;2,6
01 Andalucía;06 Sanidad;Variación anual;2025M08;2,6
01 Andalucía;06 Sanidad;Variación anual;2025M07;2,7
01 Andalucía;06 Sanidad;Variación anual;2025M06;2,9
01 Andalucía;06 Sanidad;Variación anual;2025M05;2,7
01 Andalucía;06 Sanidad;Variación anual;2025M04;2,6
01 Andalucía;06 Sanidad;Variación anual;2025M03;2,5
01 Andalucía;06 Sanidad;Variación anual;2025M02;2,2
01 Andalucía;06 Sanidad;Variación anual;2025M01;2
01 Andalucía;06 Sanidad;Variación en lo que va de año;2025M10;
01 Andalucía;06 Sanidad;Variación en lo que va de año;2025M09;2,2
01 Andalucía;06 Sanidad;Variación en lo que va de año;2025M08;2
01 Andalucía;06 Sanidad;Variación en lo que va de año;2025M07;2,1
01 Andalucía;06 Sanidad;Variación en lo que va de año;2025M06;2
01 Andalucía;06 Sanidad;Variación en lo que va de año;2025M05;1,9
01 Andalucía;06 Sanidad;Variación en lo que va de año;2025M04;1,8
01 Andalucía;06 Sanidad;Variación en lo que va de año;2025M03;1,4
01 Andalucía;06 Sanidad;Variación en lo que va de año;2025M02;0,8
01 Andalucía;06 Sanidad;Variación en lo que va de año;2025M01;0,4
01 Andalucía;07 Transporte;Índice;2025M10;
01 Andalucía;07 Transporte;Índice;2025M09;114,179
01 Andalucía;07 Transporte;Índice;2025M08;114,838
01 Andalucía;07 Transporte;Índice;2025M07;114,686
01 Andalucía;07 Transporte;Índice;2025M06;113,453
01 Andalucía;07 Transporte;Índice;2025M05;112,518
01 Andalucía;07 Transporte;Índice;2025M04;113,566
01 Andalucía;07 Transporte;Índice;2025M03;113,903
01 Andalucía;07 Transporte;Índice;2025M02;114,726
01 Andalucía;07 Transporte;Índice;2025M01;114,203
01 Andalucía;07 Transporte;Variación mensual;2025M10;
01 Andalucía;07 Transporte;Variación mensual;2025M09;-0,6
01 Andalucía;07 Transporte;Variación mensual;2025M08;0,1
01 Andalucía;07 Transporte;Variación mensual;2025M07;1,1
01 Andalucía;07 Transporte;Variación mensual;2025M06;0,8
01 Andalucía;07 Transporte;Variación mensual;2025M05;-0,9
01 Andalucía;07 Transporte;Variación mensual;2025M04;-0,3
01 Andalucía;07 Transporte;Variación mensual;2025M03;-0,7
01 Andalucía;07 Transporte;Variación mensual;2025M02;0,5
01 Andalucía;07 Transporte;Variación mensual;2025M01;1
01 Andalucía;07 Transporte;Variación anual;2025M10;
01 Andalucía;07 Transporte;Variación anual;2025M09;2,2
01 Andalucía;07 Transporte;Variación anual;2025M08;1,1
01 Andalucía;07 Transporte;Variación anual;2025M07;0,2
01 Andalucía;07 Transporte;Variación anual;2025M06;-0,7
01 Andalucía;07 Transporte;Variación anual;2025M05;-2,1
01 Andalucía;07 Transporte;Variación anual;2025M04;-1,8
01 Andalucía;07 Transporte;Variación anual;2025M03;-0,8
01 Andalucía;07 Transporte;Variación anual;2025M02;0,4
01 Andalucía;07 Transporte;Variación anual;2025M01;1,3
01 Andalucía;07 Transporte;Variación en lo que va de año;2025M10;
01 Andalucía;07 Transporte;Variación en lo que va de año;2025M09;1
01 Andalucía;07 Transporte;Variación en lo que va de año;2025M08;1,5
01 Andalucía;07 Transporte;Variación en lo que va de año;2025M07;1,4
01 Andalucía;07 Transporte;Variación en lo que va de año;2025M06;0,3
01 Andalucía;07 Transporte;Variación en lo que va de año;2025M05;-0,5
01 Andalucía;07 Transporte;Variación en lo que va de año;2025M04;0,4
01 Andalucía;07 Transporte;Variación en lo que va de año;2025M03;0,7
01 Andalucía;07 Transporte;Variación en lo que va de año;2025M02;1,4
01 Andalucía;07 Transporte;Variación en lo que va de año;2025M01;1
01 Andalucía;08 Comunicaciones;Índice;2025M10;
01 Andalucía;08 Comunicaciones;Índice;2025M09;102,707
01 Andalucía;08 Comunicaciones;Índice;2025M08;102,773
01 Andalucía;08 Comunicaciones;Índice;2025M07;102,671
01 Andalucía;08 Comunicaciones;Índice;2025M06;104,53
01 Andalucía;08 Comunicaciones;Índice;2025M05;104,514
01 Andalucía;08 Comunicaciones;Índice;2025M04;104,687
01 Andalucía;08 Comunicaciones;Índice;2025M03;104,494
01 Andalucía;08 Comunicaciones;Índice;2025M02;104,557
01 Andalucía;08 Comunicaciones;Índice;2025M01;103,859
01 Andalucía;08 Comunicaciones;Variación mensual;2025M10;
01 Andalucía;08 Comunicaciones;Variación mensual;2025M09;-0,1
01 Andalucía;08 Comunicaciones;Variación mensual;2025M08;0,1
01 Andalucía;08 Comunicaciones;Variación mensual;2025M07;-1,8
01 Andalucía;08 Comunicaciones;Variación mensual;2025M06;0
01 Andalucía;08 Comunicaciones;Variación mensual;2025M05;-0,2
01 Andalucía;08 Comunicaciones;Variación mensual;2025M04;0,2
01 Andalucía;08 Comunicaciones;Variación mensual;2025M03;-0,1
01 Andalucía;08 Comunicaciones;Variación mensual;2025M02;0,7
01 Andalucía;08 Comunicaciones;Variación mensual;2025M01;3
01 Andalucía;08 Comunicaciones;Variación anual;2025M10;
01 Andalucía;08 Comunicaciones;Variación anual;2025M09;0,9
01 Andalucía;08 Comunicaciones;Variación anual;2025M08;0,8
01 Andalucía;08 Comunicaciones;Variación anual;2025M07;0,7
01 Andalucía;08 Comunicaciones;Variación anual;2025M06;2
01 Andalucía;08 Comunicaciones;Variación anual;2025M05;2
01 Andalucía;08 Comunicaciones;Variación anual;2025M04;2,1
01 Andalucía;08 Comunicaciones;Variación anual;2025M03;2
01 Andalucía;08 Comunicaciones;Variación anual;2025M02;2
01 Andalucía;08 Comunicaciones;Variación anual;2025M01;1,2
01 Andalucía;08 Comunicaciones;Variación en lo que va de año;2025M10;
01 Andalucía;08 Comunicaciones;Variación en lo que va de año;2025M09;1,9
01 Andalucía;08 Comunicaciones;Variación en lo que va de año;2025M08;1,9
01 Andalucía;08 Comunicaciones;Variación en lo que va de año;2025M07;1,8
01 Andalucía;08 Comunicaciones;Variación en lo que va de año;2025M06;3,7
01 Andalucía;08 Comunicaciones;Variación en lo que va de año;2025M05;3,6
01 Andalucía;08 Comunicaciones;Variación en lo que va de año;2025M04;3,8
01 Andalucía;08 Comunicaciones;Variación en lo que va de año;2025M03;3,6
01 Andalucía;08 Comunicaciones;Variación en lo que va de año;2025M02;3,7
01 Andalucía;08 Comunicaciones;Variación en lo que va de año;2025M01;3
01 Andalucía;09 Ocio y cultura;Índice;2025M10;
01 Andalucía;09 Ocio y cultura;Índice;2025M09;109,005
01 Andalucía;09 Ocio y cultura;Índice;2025M08;112,792
01 Andalucía;09 Ocio y cultura;Índice;2025M07;111,287
01 Andalucía;09 Ocio y cultura;Índice;2025M06;109,861
01 Andalucía;09 Ocio y cultura;Índice;2025M05;107,673
01 Andalucía;09 Ocio y cultura;Índice;2025M04;109,486
01 Andalucía;09 Ocio y cultura;Índice;2025M03;107,33
01 Andalucía;09 Ocio y cultura;Índice;2025M02;107,304
01 Andalucía;09 Ocio y cultura;Índice;2025M01;106,861
01 Andalucía;09 Ocio y cultura;Variación mensual;2025M10;
01 Andalucía;09 Ocio y cultura;Variación mensual;2025M09;-3,4
01 Andalucía;09 Ocio y cultura;Variación mensual;2025M08;1,4
01 Andalucía;09 Ocio y cultura;Variación mensual;2025M07;1,3
01 Andalucía;09 Ocio y cultura;Variación mensual;2025M06;2
01 Andalucía;09 Ocio y cultura;Variación mensual;2025M05;-1,7
01 Andalucía;09 Ocio y cultura;Variación mensual;2025M04;2
01 Andalucía;09 Ocio y cultura;Variación mensual;2025M03;0
01 Andalucía;09 Ocio y cultura;Variación mensual;2025M02;0,4
01 Andalucía;09 Ocio y cultura;Variación mensual;2025M01;-2,8
01 Andalucía;09 Ocio y cultura;Variación anual;2025M10;
01 Andalucía;09 Ocio y cultura;Variación anual;2025M09;0,3
01 Andalucía;09 Ocio y cultura;Variación anual;2025M08;0
01 Andalucía;09 Ocio y cultura;Variación anual;2025M07;-0,2
01 Andalucía;09 Ocio y cultura;Variación anual;2025M06;-0,3
01 Andalucía;09 Ocio y cultura;Variación anual;2025M05;-0,2
01 Andalucía;09 Ocio y cultura;Variación anual;2025M04;2
01 Andalucía;09 Ocio y cultura;Variación anual;2025M03;-0,2
01 Andalucía;09 Ocio y cultura;Variación anual;2025M02;0,7
01 Andalucía;09 Ocio y cultura;Variación anual;2025M01;1,1
01 Andalucía;09 Ocio y cultura;Variación en lo que va de año;2025M10;
01 Andalucía;09 Ocio y cultura;Variación en lo que va de año;2025M09;-0,8
01 Andalucía;09 Ocio y cultura;Variación en lo que va de año;2025M08;2,6
01 Andalucía;09 Ocio y cultura;Variación en lo que va de año;2025M07;1,2
01 Andalucía;09 Ocio y cultura;Variación en lo que va de año;2025M06;-0,1
01 Andalucía;09 Ocio y cultura;Variación en lo que va de año;2025M05;-2
01 Andalucía;09 Ocio y cultura;Variación en lo que va de año;2025M04;-0,4
01 Andalucía;09 Ocio y cultura;Variación en lo que va de año;2025M03;-2,4
01 Andalucía;09 Ocio y cultura;Variación en lo que va de año;2025M02;-2,4
01 Andalucía;09 Ocio y cultura;Variación en lo que va de año;2025M01;-2,8
01 Andalucía;10 Enseñanza;Índice;2025M10;
01 Andalucía;10 Enseñanza;Índice;2025M09;110,124
01 Andalucía;10 Enseñanza;Índice;2025M08;109,282
01 Andalucía;10 Enseñanza;Índice;2025M07;109,261
01 Andalucía;10 Enseñanza;Índice;2025M06;109,216
01 Andalucía;10 Enseñanza;Índice;2025M05;109,169
01 Andalucía;10 Enseñanza;Índice;2025M04;109,12
01 Andalucía;10 Enseñanza;Índice;2025M03;109,09
01 Andalucía;10 Enseñanza;Índice;2025M02;109,089
01 Andalucía;10 Enseñanza;Índice;2025M01;109,082
01 Andalucía;10 Enseñanza;Variación mensual;2025M10;
01 Andalucía;10 Enseñanza;Variación mensual;2025M09;0,8
01 Andalucía;10 Enseñanza;Variación mensual;2025M08;0
01 Andalucía;10 Enseñanza;Variación mensual;2025M07;0
01 Andalucía;10 Enseñanza;Variación mensual;2025M06;0
01 Andalucía;10 Enseñanza;Variación mensual;2025M05;0
01 Andalucía;10 Enseñanza;Variación mensual;2025M04;0
01 Andalucía;10 Enseñanza;Variación mensual;2025M03;0
01 Andalucía;10 Enseñanza;Variación mensual;2025M02;0
01 Andalucía;10 Enseñanza;Variación mensual;2025M01;0
01 Andalucía;10 Enseñanza;Variación anual;2025M10;
01 Andalucía;10 Enseñanza;Variación anual;2025M09;1,8
01 Andalucía;10 Enseñanza;Variación anual;2025M08;2,1
01 Andalucía;10 Enseñanza;Variación anual;2025M07;2,1
01 Andalucía;10 Enseñanza;Variación anual;2025M06;2,1
01 Andalucía;10 Enseñanza;Variación anual;2025M05;2
01 Andalucía;10 Enseñanza;Variación anual;2025M04;2
01 Andalucía;10 Enseñanza;Variación anual;2025M03;2
01 Andalucía;10 Enseñanza;Variación anual;2025M02;2,1
01 Andalucía;10 Enseñanza;Variación anual;2025M01;2,2
01 Andalucía;10 Enseñanza;Variación en lo que va de año;2025M10;
01 Andalucía;10 Enseñanza;Variación en lo que va de año;2025M09;0,9
01 Andalucía;10 Enseñanza;Variación en lo que va de año;2025M08;0,1
01 Andalucía;10 Enseñanza;Variación en lo que va de año;2025M07;0,1
01 Andalucía;10 Enseñanza;Variación en lo que va de año;2025M06;0,1
01 Andalucía;10 Enseñanza;Variación en lo que va de año;2025M05;0
01 Andalucía;10 Enseñanza;Variación en lo que va de año;2025M04;0
01 Andalucía;10 Enseñanza;Variación en lo que va de año;2025M03;0
01 Andalucía;10 Enseñanza;Variación en lo que va de año;2025M02;0
01 Andalucía;10 Enseñanza;Variación en lo que va de año;2025M01;0
01 Andalucía;11 Restaurantes y hoteles;Índice;2025M10;
01 Andalucía;11 Restaurantes y hoteles;Índice;2025M09;127,833
01 Andalucía;11 Restaurantes y hoteles;Índice;2025M08;127,18
01 Andalucía;11 Restaurantes y hoteles;Índice;2025M07;126,495
01 Andalucía;11 Restaurantes y hoteles;Índice;2025M06;126,286
01 Andalucía;11 Restaurantes y hoteles;Índice;2025M05;126,292
01 Andalucía;11 Restaurantes y hoteles;Índice;2025M04;125,668
01 Andalucía;11 Restaurantes y hoteles;Índice;2025M03;124,048
01 Andalucía;11 Restaurantes y hoteles;Índice;2025M02;122,79
01 Andalucía;11 Restaurantes y hoteles;Índice;2025M01;121,953
01 Andalucía;11 Restaurantes y hoteles;Variación mensual;2025M10;
01 Andalucía;11 Restaurantes y hoteles;Variación mensual;2025M09;0,5
01 Andalucía;11 Restaurantes y hoteles;Variación mensual;2025M08;0,5
01 Andalucía;11 Restaurantes y hoteles;Variación mensual;2025M07;0,2
01 Andalucía;11 Restaurantes y hoteles;Variación mensual;2025M06;0
01 Andalucía;11 Restaurantes y hoteles;Variación mensual;2025M05;0,5
01 Andalucía;11 Restaurantes y hoteles;Variación mensual;2025M04;1,3
01 Andalucía;11 Restaurantes y hoteles;Variación mensual;2025M03;1
01 Andalucía;11 Restaurantes y hoteles;Variación mensual;2025M02;0,7
01 Andalucía;11 Restaurantes y hoteles;Variación mensual;2025M01;0,1
01 Andalucía;11 Restaurantes y hoteles;Variación anual;2025M10;
01 Andalucía;11 Restaurantes y hoteles;Variación anual;2025M09;4,8
01 Andalucía;11 Restaurantes y hoteles;Variación anual;2025M08;4,6
01 Andalucía;11 Restaurantes y hoteles;Variación anual;2025M07;4,6
01 Andalucía;11 Restaurantes y hoteles;Variación anual;2025M06;4,3
01 Andalucía;11 Restaurantes y hoteles;Variación anual;2025M05;4,5
01 Andalucía;11 Restaurantes y hoteles;Variación anual;2025M04;4,6
01 Andalucía;11 Restaurantes y hoteles;Variación anual;2025M03;4,6
01 Andalucía;11 Restaurantes y hoteles;Variación anual;2025M02;4,3
01 Andalucía;11 Restaurantes y hoteles;Variación anual;2025M01;4,7
01 Andalucía;11 Restaurantes y hoteles;Variación en lo que va de año;2025M10;
01 Andalucía;11 Restaurantes y hoteles;Variación en lo que va de año;2025M09;4,9
01 Andalucía;11 Restaurantes y hoteles;Variación en lo que va de año;2025M08;4,4
01 Andalucía;11 Restaurantes y hoteles;Variación en lo que va de año;2025M07;3,8
01 Andalucía;11 Restaurantes y hoteles;Variación en lo que va de año;2025M06;3,6
01 Andalucía;11 Restaurantes y hoteles;Variación en lo que va de año;2025M05;3,6
01 Andalucía;11 Restaurantes y hoteles;Variación en lo que va de año;2025M04;3,1
01 Andalucía;11 Restaurantes y hoteles;Variación en lo que va de año;2025M03;1,8
01 Andalucía;11 Restaurantes y hoteles;Variación en lo que va de año;2025M02;0,8
01 Andalucía;11 Restaurantes y hoteles;Variación en lo que va de año;2025M01;0,1
01 Andalucía;12 Otros bienes y servicios;Índice;2025M10;
01 Andalucía;12 Otros bienes y servicios;Índice;2025M09;114,952
01 Andalucía;12 Otros bienes y servicios;Índice;2025M08;114,938
01 Andalucía;12 Otros bienes y servicios;Índice;2025M07;114,81
01 Andalucía;12 Otros bienes y servicios;Índice;2025M06;115,053
01 Andalucía;12 Otros bienes y servicios;Índice;2025M05;114,278
01 Andalucía;12 Otros bienes y servicios;Índice;2025M04;114,142
01 Andalucía;12 Otros bienes y servicios;Índice;2025M03;113,856
01 Andalucía;12 Otros bienes y servicios;Índice;2025M02;113,474
01 Andalucía;12 Otros bienes y servicios;Índice;2025M01;112,798
01 Andalucía;12 Otros bienes y servicios;Variación mensual;2025M10;
01 Andalucía;12 Otros bienes y servicios;Variación mensual;2025M09;0
01 Andalucía;12 Otros bienes y servicios;Variación mensual;2025M08;0,1
01 Andalucía;12 Otros bienes y servicios;Variación mensual;2025M07;-0,2
01 Andalucía;12 Otros bienes y servicios;Variación mensual;2025M06;0,7
01 Andalucía;12 Otros bienes y servicios;Variación mensual;2025M05;0,1
01 Andalucía;12 Otros bienes y servicios;Variación mensual;2025M04;0,3
01 Andalucía;12 Otros bienes y servicios;Variación mensual;2025M03;0,3
01 Andalucía;12 Otros bienes y servicios;Variación mensual;2025M02;0,6
01 Andalucía;12 Otros bienes y servicios;Variación mensual;2025M01;0,5
01 Andalucía;12 Otros bienes y servicios;Variación anual;2025M10;
01 Andalucía;12 Otros bienes y servicios;Variación anual;2025M09;3
01 Andalucía;12 Otros bienes y servicios;Variación anual;2025M08;3,2
01 Andalucía;12 Otros bienes y servicios;Variación anual;2025M07;3,2
01 Andalucía;12 Otros bienes y servicios;Variación anual;2025M06;3,2
01 Andalucía;12 Otros bienes y servicios;Variación anual;2025M05;3,2
01 Andalucía;12 Otros bienes y servicios;Variación anual;2025M04;3,5
01 Andalucía;12 Otros bienes y servicios;Variación anual;2025M03;3,5
01 Andalucía;12 Otros bienes y servicios;Variación anual;2025M02;3,4
01 Andalucía;12 Otros bienes y servicios;Variación anual;2025M01;3,2
01 Andalucía;12 Otros bienes y servicios;Variación en lo que va de año;2025M10;
01 Andalucía;12 Otros bienes y servicios;Variación en lo que va de año;2025M09;2,5
01 Andalucía;12 Otros bienes y servicios;Variación en lo que va de año;2025M08;2,4
01 Andalucía;12 Otros bienes y servicios;Variación en lo que va de año;2025M07;2,3
01 Andalucía;12 Otros bienes y servicios;Variación en lo que va de año;2025M06;2,5
01 Andalucía;12 Otros bienes y servicios;Variación en lo que va de año;2025M05;1,9
01 Andalucía;12 Otros bienes y servicios;Variación en lo que va de año;2025M04;1,7
01 Andalucía;12 Otros bienes y servicios;Variación en lo que va de año;2025M03;1,5
01 Andalucía;12 Otros bienes y servicios;Variación en lo que va de año;2025M02;1,1
01 Andalucía;12 Otros bienes y servicios;Variación en lo que va de año;2025M01;0,5
02 Aragón;01 Alimentos y bebidas no alcohólicas;Índice;2025M10;
02 Aragón;01 Alimentos y bebidas no alcohólicas;Índice;2025M09;131,187
02 Aragón;01 Alimentos y bebidas no alcohólicas;Índice;2025M08;131,588
02 Aragón;01 Alimentos y bebidas no alcohólicas;Índice;2025M07;133,315
02 Aragón;01 Alimentos y bebidas no alcohólicas;Índice;2025M06;133,593
02 Aragón;01 Alimentos y bebidas no alcohólicas;Índice;2025M05;133,142
02 Aragón;01 Alimentos y bebidas no alcohólicas;Índice;2025M04;132,495
02 Aragón;01 Alimentos y bebidas no alcohólicas;Índice;2025M03;131,84
02 Aragón;01 Alimentos y bebidas no alcohólicas;Índice;2025M02;131,363
02 Aragón;01 Alimentos y bebidas no alcohólicas;Índice;2025M01;130,934
02 Aragón;01 Alimentos y bebidas no alcohólicas;Variación mensual;2025M10;
02 Aragón;01 Alimentos y bebidas no alcohólicas;Variación mensual;2025M09;-0,3
02 Aragón;01 Alimentos y bebidas no alcohólicas;Variación mensual;2025M08;-1,3
02 Aragón;01 Alimentos y bebidas no alcohólicas;Variación mensual;2025M07;-0,2
02 Aragón;01 Alimentos y bebidas no alcohólicas;Variación mensual;2025M06;0,3
02 Aragón;01 Alimentos y bebidas no alcohólicas;Variación mensual;2025M05;0,5
02 Aragón;01 Alimentos y bebidas no alcohólicas;Variación mensual;2025M04;0,5
02 Aragón;01 Alimentos y bebidas no alcohólicas;Variación mensual;2025M03;0,4
02 Aragón;01 Alimentos y bebidas no alcohólicas;Variación mensual;2025M02;0,3
02 Aragón;01 Alimentos y bebidas no alcohólicas;Variación mensual;2025M01;0,1
02 Aragón;01 Alimentos y bebidas no alcohólicas;Variación anual;2025M10;
02 Aragón;01 Alimentos y bebidas no alcohólicas;Variación anual;2025M09;2,3
02 Aragón;01 Alimentos y bebidas no alcohólicas;Variación anual;2025M08;1,8
02 Aragón;01 Alimentos y bebidas no alcohólicas;Variación anual;2025M07;2,9
02 Aragón;01 Alimentos y bebidas no alcohólicas;Variación anual;2025M06;3
02 Aragón;01 Alimentos y bebidas no alcohólicas;Variación anual;2025M05;3
02 Aragón;01 Alimentos y bebidas no alcohólicas;Variación anual;2025M04;2,5
02 Aragón;01 Alimentos y bebidas no alcohólicas;Variación anual;2025M03;2,4
02 Aragón;01 Alimentos y bebidas no alcohólicas;Variación anual;2025M02;2,2
02 Aragón;01 Alimentos y bebidas no alcohólicas;Variación anual;2025M01;2,2
02 Aragón;01 Alimentos y bebidas no alcohólicas;Variación en lo que va de año;2025M10;
02 Aragón;01 Alimentos y bebidas no alcohólicas;Variación en lo que va de año;2025M09;0,3
02 Aragón;01 Alimentos y bebidas no alcohólicas;Variación en lo que va de año;2025M08;0,6
02 Aragón;01 Alimentos y bebidas no alcohólicas;Variación en lo que va de año;2025M07;1,9
02 Aragón;01 Alimentos y bebidas no alcohólicas;Variación en lo que va de año;2025M06;2,1
02 Aragón;01 Alimentos y bebidas no alcohólicas;Variación en lo que va de año;2025M05;1,8
02 Aragón;01 Alimentos y bebidas no alcohólicas;Variación en lo que va de año;2025M04;1,3
02 Aragón;01 Alimentos y bebidas no alcohólicas;Variación en lo que va de año;2025M03;0,8
02 Aragón;01 Alimentos y bebidas no alcohólicas;Variación en lo que va de año;2025M02;0,4
02 Aragón;01 Alimentos y bebidas no alcohólicas;Variación en lo que va de año;2025M01;0,1
02 Aragón;02 Bebidas alcohólicas y tabaco;Índice;2025M10;
02 Aragón;02 Bebidas alcohólicas y tabaco;Índice;2025M09;120,815
02 Aragón;02 Bebidas alcohólicas y tabaco;Índice;2025M08;120,874
02 Aragón;02 Bebidas alcohólicas y tabaco;Índice;2025M07;121,033
02 Aragón;02 Bebidas alcohólicas y tabaco;Índice;2025M06;120,797
02 Aragón;02 Bebidas alcohólicas y tabaco;Índice;2025M05;120,603
02 Aragón;02 Bebidas alcohólicas y tabaco;Índice;2025M04;119,459
02 Aragón;02 Bebidas alcohólicas y tabaco;Índice;2025M03;119,821
02 Aragón;02 Bebidas alcohólicas y tabaco;Índice;2025M02;119,819
02 Aragón;02 Bebidas alcohólicas y tabaco;Índice;2025M01;119,208
02 Aragón;02 Bebidas alcohólicas y tabaco;Variación mensual;2025M10;
02 Aragón;02 Bebidas alcohólicas y tabaco;Variación mensual;2025M09;0
02 Aragón;02 Bebidas alcohólicas y tabaco;Variación mensual;2025M08;-0,1
02 Aragón;02 Bebidas alcohólicas y tabaco;Variación mensual;2025M07;0,2
02 Aragón;02 Bebidas alcohólicas y tabaco;Variación mensual;2025M06;0,2
02 Aragón;02 Bebidas alcohólicas y tabaco;Variación mensual;2025M05;1
02 Aragón;02 Bebidas alcohólicas y tabaco;Variación mensual;2025M04;-0,3
02 Aragón;02 Bebidas alcohólicas y tabaco;Variación mensual;2025M03;0
02 Aragón;02 Bebidas alcohólicas y tabaco;Variación mensual;2025M02;0,5
02 Aragón;02 Bebidas alcohólicas y tabaco;Variación mensual;2025M01;1,7
02 Aragón;02 Bebidas alcohólicas y tabaco;Variación anual;2025M10;
02 Aragón;02 Bebidas alcohólicas y tabaco;Variación anual;2025M09;3,8
02 Aragón;02 Bebidas alcohólicas y tabaco;Variación anual;2025M08;4
02 Aragón;02 Bebidas alcohólicas y tabaco;Variación anual;2025M07;4,4
02 Aragón;02 Bebidas alcohólicas y tabaco;Variación anual;2025M06;4,6
02 Aragón;02 Bebidas alcohólicas y tabaco;Variación anual;2025M05;4,3
02 Aragón;02 Bebidas alcohólicas y tabaco;Variación anual;2025M04;3
02 Aragón;02 Bebidas alcohólicas y tabaco;Variación anual;2025M03;3,7
02 Aragón;02 Bebidas alcohólicas y tabaco;Variación anual;2025M02;3,8
02 Aragón;02 Bebidas alcohólicas y tabaco;Variación anual;2025M01;4,5
02 Aragón;02 Bebidas alcohólicas y tabaco;Variación en lo que va de año;2025M10;
02 Aragón;02 Bebidas alcohólicas y tabaco;Variación en lo que va de año;2025M09;3,1
02 Aragón;02 Bebidas alcohólicas y tabaco;Variación en lo que va de año;2025M08;3,1
02 Aragón;02 Bebidas alcohólicas y tabaco;Variación en lo que va de año;2025M07;3,3
02 Aragón;02 Bebidas alcohólicas y tabaco;Variación en lo que va de año;2025M06;3,1
02 Aragón;02 Bebidas alcohólicas y tabaco;Variación en lo que va de año;2025M05;2,9
02 Aragón;02 Bebidas alcohólicas y tabaco;Variación en lo que va de año;2025M04;1,9
02 Aragón;02 Bebidas alcohólicas y tabaco;Variación en lo que va de año;2025M03;2,2
02 Aragón;02 Bebidas alcohólicas y tabaco;Variación en lo que va de año;2025M02;2,2
02 Aragón;02 Bebidas alcohólicas y tabaco;Variación en lo que va de año;2025M01;1,7
02 Aragón;03 Vestido y calzado;Índice;2025M10;
02 Aragón;03 Vestido y calzado;Índice;2025M09;100,515
02 Aragón;03 Vestido y calzado;Índice;2025M08;99,35
02 Aragón;03 Vestido y calzado;Índice;2025M07;100,385
02 Aragón;03 Vestido y calzado;Índice;2025M06;110,499
02 Aragón;03 Vestido y calzado;Índice;2025M05;110,688
02 Aragón;03 Vestido y calzado;Índice;2025M04;109,639
02 Aragón;03 Vestido y calzado;Índice;2025M03;101,364
02 Aragón;03 Vestido y calzado;Índice;2025M02;100,231
02 Aragón;03 Vestido y calzado;Índice;2025M01;103,207
02 Aragón;03 Vestido y calzado;Variación mensual;2025M10;
02 Aragón;03 Vestido y calzado;Variación mensual;2025M09;1,2
02 Aragón;03 Vestido y calzado;Variación mensual;2025M08;-1
02 Aragón;03 Vestido y calzado;Variación mensual;2025M07;-9,2
02 Aragón;03 Vestido y calzado;Variación mensual;2025M06;-0,2
02 Aragón;03 Vestido y calzado;Variación mensual;2025M05;1
02 Aragón;03 Vestido y calzado;Variación mensual;2025M04;8,2
02 Aragón;03 Vestido y calzado;Variación mensual;2025M03;1,1
02 Aragón;03 Vestido y calzado;Variación mensual;2025M02;-2,9
02 Aragón;03 Vestido y calzado;Variación mensual;2025M01;-9,3
02 Aragón;03 Vestido y calzado;Variación anual;2025M10;
02 Aragón;03 Vestido y calzado;Variación anual;2025M09;-1,4
02 Aragón;03 Vestido y calzado;Variación anual;2025M08;-1,5
02 Aragón;03 Vestido y calzado;Variación anual;2025M07;-1,5
02 Aragón;03 Vestido y calzado;Variación anual;2025M06;-0,3
02 Aragón;03 Vestido y calzado;Variación anual;2025M05;-0,5
02 Aragón;03 Vestido y calzado;Variación anual;2025M04;1,4
02 Aragón;03 Vestido y calzado;Variación anual;2025M03;-0,5
02 Aragón;03 Vestido y calzado;Variación anual;2025M02;-0,1
02 Aragón;03 Vestido y calzado;Variación anual;2025M01;1,7
02 Aragón;03 Vestido y calzado;Variación en lo que va de año;2025M10;
02 Aragón;03 Vestido y calzado;Variación en lo que va de año;2025M09;-11,6
02 Aragón;03 Vestido y calzado;Variación en lo que va de año;2025M08;-12,7
02 Aragón;03 Vestido y calzado;Variación en lo que va de año;2025M07;-11,7
02 Aragón;03 Vestido y calzado;Variación en lo que va de año;2025M06;-2,9
02 Aragón;03 Vestido y calzado;Variación en lo que va de año;2025M05;-2,7
02 Aragón;03 Vestido y calzado;Variación en lo que va de año;2025M04;-3,6
02 Aragón;03 Vestido y calzado;Variación en lo que va de año;2025M03;-10,9
02 Aragón;03 Vestido y calzado;Variación en lo que va de año;2025M02;-11,9
02 Aragón;03 Vestido y calzado;Variación en lo que va de año;2025M01;-9,3
02 Aragón;04 Vivienda, agua, electricidad, gas y otros combustibles;Índice;2025M10;
02 Aragón;04 Vivienda, agua, electricidad, gas y otros combustibles;Índice;2025M09;116,636
02 Aragón;04 Vivienda, agua, electricidad, gas y otros combustibles;Índice;2025M08;116,611
02 Aragón;04 Vivienda, agua, electricidad, gas y otros combustibles;Índice;2025M07;116,752
02 Aragón;04 Vivienda, agua, electricidad, gas y otros combustibles;Índice;2025M06;116,065
02 Aragón;04 Vivienda, agua, electricidad, gas y otros combustibles;Índice;2025M05;114,276
02 Aragón;04 Vivienda, agua, electricidad, gas y otros combustibles;Índice;2025M04;113,232
02 Aragón;04 Vivienda, agua, electricidad, gas y otros combustibles;Índice;2025M03;114,553
02 Aragón;04 Vivienda, agua, electricidad, gas y otros combustibles;Índice;2025M02;115,913
02 Aragón;04 Vivienda, agua, electricidad, gas y otros combustibles;Índice;2025M01;115,213
02 Aragón;04 Vivienda, agua, electricidad, gas y otros combustibles;Variación mensual;2025M10;
02 Aragón;04 Vivienda, agua, electricidad, gas y otros combustibles;Variación mensual;2025M09;0
02 Aragón;04 Vivienda, agua, electricidad, gas y otros combustibles;Variación mensual;2025M08;-0,1
02 Aragón;04 Vivienda, agua, electricidad, gas y otros combustibles;Variación mensual;2025M07;0,6
02 Aragón;04 Vivienda, agua, electricidad, gas y otros combustibles;Variación mensual;2025M06;1,6
02 Aragón;04 Vivienda, agua, electricidad, gas y otros combustibles;Variación mensual;2025M05;0,9
02 Aragón;04 Vivienda, agua, electricidad, gas y otros combustibles;Variación mensual;2025M04;-1,2
02 Aragón;04 Vivienda, agua, electricidad, gas y otros combustibles;Variación mensual;2025M03;-1,2
02 Aragón;04 Vivienda, agua, electricidad, gas y otros combustibles;Variación mensual;2025M02;0,6
02 Aragón;04 Vivienda, agua, electricidad, gas y otros combustibles;Variación mensual;2025M01;3,9
02 Aragón;04 Vivienda, agua, electricidad, gas y otros combustibles;Variación anual;2025M10;
02 Aragón;04 Vivienda, agua, electricidad, gas y otros combustibles;Variación anual;2025M09;8,1
02 Aragón;04 Vivienda, agua, electricidad, gas y otros combustibles;Variación anual;2025M08;7,1
02 Aragón;04 Vivienda, agua, electricidad, gas y otros combustibles;Variación anual;2025M07;7,8
02 Aragón;04 Vivienda, agua, electricidad, gas y otros combustibles;Variación anual;2025M06;5,1
02 Aragón;04 Vivienda, agua, electricidad, gas y otros combustibles;Variación anual;2025M05;4,4
02 Aragón;04 Vivienda, agua, electricidad, gas y otros combustibles;Variación anual;2025M04;4,2
02 Aragón;04 Vivienda, agua, electricidad, gas y otros combustibles;Variación anual;2025M03;5,7
02 Aragón;04 Vivienda, agua, electricidad, gas y otros combustibles;Variación anual;2025M02;9,3
02 Aragón;04 Vivienda, agua, electricidad, gas y otros combustibles;Variación anual;2025M01;8,3
02 Aragón;04 Vivienda, agua, electricidad, gas y otros combustibles;Variación en lo que va de año;2025M10;
02 Aragón;04 Vivienda, agua, electricidad, gas y otros combustibles;Variación en lo que va de año;2025M09;5,2
02 Aragón;04 Vivienda, agua, electricidad, gas y otros combustibles;Variación en lo que va de año;2025M08;5,2
02 Aragón;04 Vivienda, agua, electricidad, gas y otros combustibles;Variación en lo que va de año;2025M07;5,3
02 Aragón;04 Vivienda, agua, electricidad, gas y otros combustibles;Variación en lo que va de año;2025M06;4,7
02 Aragón;04 Vivienda, agua, electricidad, gas y otros combustibles;Variación en lo que va de año;2025M05;3,1
02 Aragón;04 Vivienda, agua, electricidad, gas y otros combustibles;Variación en lo que va de año;2025M04;2,1
02 Aragón;04 Vivienda, agua, electricidad, gas y otros combustibles;Variación en lo que va de año;2025M03;3,3
02 Aragón;04 Vivienda, agua, electricidad, gas y otros combustibles;Variación en lo que va de año;2025M02;4,5
02 Aragón;04 Vivienda, agua, electricidad, gas y otros combustibles;Variación en lo que va de año;2025M01;3,9
02 Aragón;05 Muebles, artículos del hogar y artículos para el mantenimiento corriente del hogar;Índice;2025M10;
02 Aragón;05 Muebles, artículos del hogar y artículos para el mantenimiento corriente del hogar;Índice;2025M09;113,744
02 Aragón;05 Muebles, artículos del hogar y artículos para el mantenimiento corriente del hogar;Índice;2025M08;113,465
02 Aragón;05 Muebles, artículos del hogar y artículos para el mantenimiento corriente del hogar;Índice;2025M07;113,356
02 Aragón;05 Muebles, artículos del hogar y artículos para el mantenimiento corriente del hogar;Índice;2025M06;113,726
02 Aragón;05 Muebles, artículos del hogar y artículos para el mantenimiento corriente del hogar;Índice;2025M05;113,625
02 Aragón;05 Muebles, artículos del hogar y artículos para el mantenimiento corriente del hogar;Índice;2025M04;113,442
02 Aragón;05 Muebles, artículos del hogar y artículos para el mantenimiento corriente del hogar;Índice;2025M03;113,548
02 Aragón;05 Muebles, artículos del hogar y artículos para el mantenimiento corriente del hogar;Índice;2025M02;113,02
02 Aragón;05 Muebles, artículos del hogar y artículos para el mantenimiento corriente del hogar;Índice;2025M01;112,909
02 Aragón;05 Muebles, artículos del hogar y artículos para el mantenimiento corriente del hogar;Variación mensual;2025M10;
02 Aragón;05 Muebles, artículos del hogar y artículos para el mantenimiento corriente del hogar;Variación mensual;2025M09;0,2
02 Aragón;05 Muebles, artículos del hogar y artículos para el mantenimiento corriente del hogar;Variación mensual;2025M08;0,1
02 Aragón;05 Muebles, artículos del hogar y artículos para el mantenimiento corriente del hogar;Variación mensual;2025M07;-0,3
02 Aragón;05 Muebles, artículos del hogar y artículos para el mantenimiento corriente del hogar;Variación mensual;2025M06;0,1
02 Aragón;05 Muebles, artículos del hogar y artículos para el mantenimiento corriente del hogar;Variación mensual;2025M05;0,2
02 Aragón;05 Muebles, artículos del hogar y artículos para el mantenimiento corriente del hogar;Variación mensual;2025M04;-0,1
02 Aragón;05 Muebles, artículos del hogar y artículos para el mantenimiento corriente del hogar;Variación mensual;2025M03;0,5
02 Aragón;05 Muebles, artículos del hogar y artículos para el mantenimiento corriente del hogar;Variación mensual;2025M02;0,1
02 Aragón;05 Muebles, artículos del hogar y artículos para el mantenimiento corriente del hogar;Variación mensual;2025M01;-0,2
02 Aragón;05 Muebles, artículos del hogar y artículos para el mantenimiento corriente del hogar;Variación anual;2025M10;
02 Aragón;05 Muebles, artículos del hogar y artículos para el mantenimiento corriente del hogar;Variación anual;2025M09;0,8
02 Aragón;05 Muebles, artículos del hogar y artículos para el mantenimiento corriente del hogar;Variación anual;2025M08;0,6
02 Aragón;05 Muebles, artículos del hogar y artículos para el mantenimiento corriente del hogar;Variación anual;2025M07;0,5
02 Aragón;05 Muebles, artículos del hogar y artículos para el mantenimiento corriente del hogar;Variación anual;2025M06;0,6
02 Aragón;05 Muebles, artículos del hogar y artículos para el mantenimiento corriente del hogar;Variación anual;2025M05;0,5
02 Aragón;05 Muebles, artículos del hogar y artículos para el mantenimiento corriente del hogar;Variación anual;2025M04;0,2
02 Aragón;05 Muebles, artículos del hogar y artículos para el mantenimiento corriente del hogar;Variación anual;2025M03;0,9
02 Aragón;05 Muebles, artículos del hogar y artículos para el mantenimiento corriente del hogar;Variación anual;2025M02;0,6
02 Aragón;05 Muebles, artículos del hogar y artículos para el mantenimiento corriente del hogar;Variación anual;2025M01;0,6
02 Aragón;05 Muebles, artículos del hogar y artículos para el mantenimiento corriente del hogar;Variación en lo que va de año;2025M10;
02 Aragón;05 Muebles, artículos del hogar y artículos para el mantenimiento corriente del hogar;Variación en lo que va de año;2025M09;0,5
02 Aragón;05 Muebles, artículos del hogar y artículos para el mantenimiento corriente del hogar;Variación en lo que va de año;2025M08;0,3
02 Aragón;05 Muebles, artículos del hogar y artículos para el mantenimiento corriente del hogar;Variación en lo que va de año;2025M07;0,2
02 Aragón;05 Muebles, artículos del hogar y artículos para el mantenimiento corriente del hogar;Variación en lo que va de año;2025M06;0,5
02 Aragón;05 Muebles, artículos del hogar y artículos para el mantenimiento corriente del hogar;Variación en lo que va de año;2025M05;0,4
02 Aragón;05 Muebles, artículos del hogar y artículos para el mantenimiento corriente del hogar;Variación en lo que va de año;2025M04;0,3
02 Aragón;05 Muebles, artículos del hogar y artículos para el mantenimiento corriente del hogar;Variación en lo que va de año;2025M03;0,4
02 Aragón;05 Muebles, artículos del hogar y artículos para el mantenimiento corriente del hogar;Variación en lo que va de año;2025M02;-0,1
02 Aragón;05 Muebles, artículos del hogar y artículos para el mantenimiento corriente del hogar;Variación en lo que va de año;2025M01;-0,2
02 Aragón;06 Sanidad;Índice;2025M10;
02 Aragón;06 Sanidad;Índice;2025M09;108,488
02 Aragón;06 Sanidad;Índice;2025M08;108,354
02 Aragón;06 Sanidad;Índice;2025M07;108,263
02 Aragón;06 Sanidad;Índice;2025M06;108,139
02 Aragón;06 Sanidad;Índice;2025M05;108,263
02 Aragón;06 Sanidad;Índice;2025M04;107,614
02 Aragón;06 Sanidad;Índice;2025M03;107,058
02 Aragón;06 Sanidad;Índice;2025M02;106,511
02 Aragón;06 Sanidad;Índice;2025M01;106,704
02 Aragón;06 Sanidad;Variación mensual;2025M10;
02 Aragón;06 Sanidad;Variación mensual;2025M09;0,1
02 Aragón;06 Sanidad;Variación mensual;2025M08;0,1
02 Aragón;06 Sanidad;Variación mensual;2025M07;0,1
02 Aragón;06 Sanidad;Variación mensual;2025M06;-0,1
02 Aragón;06 Sanidad;Variación mensual;2025M05;0,6
02 Aragón;06 Sanidad;Variación mensual;2025M04;0,5
02 Aragón;06 Sanidad;Variación mensual;2025M03;0,5
02 Aragón;06 Sanidad;Variación mensual;2025M02;-0,2
02 Aragón;06 Sanidad;Variación mensual;2025M01;0,3
02 Aragón;06 Sanidad;Variación anual;2025M10;
02 Aragón;06 Sanidad;Variación anual;2025M09;1,6
02 Aragón;06 Sanidad;Variación anual;2025M08;1,8
02 Aragón;06 Sanidad;Variación anual;2025M07;1,8
02 Aragón;06 Sanidad;Variación anual;2025M06;1,7
02 Aragón;06 Sanidad;Variación anual;2025M05;1,7
02 Aragón;06 Sanidad;Variación anual;2025M04;1,2
02 Aragón;06 Sanidad;Variación anual;2025M03;1,2
02 Aragón;06 Sanidad;Variación anual;2025M02;1,1
02 Aragón;06 Sanidad;Variación anual;2025M01;1,7
02 Aragón;06 Sanidad;Variación en lo que va de año;2025M10;
02 Aragón;06 Sanidad;Variación en lo que va de año;2025M09;1,9
02 Aragón;06 Sanidad;Variación en lo que va de año;2025M08;1,8
02 Aragón;06 Sanidad;Variación en lo que va de año;2025M07;1,7
02 Aragón;06 Sanidad;Variación en lo que va de año;2025M06;1,6
02 Aragón;06 Sanidad;Variación en lo que va de año;2025M05;1,7
02 Aragón;06 Sanidad;Variación en lo que va de año;2025M04;1,1
02 Aragón;06 Sanidad;Variación en lo que va de año;2025M03;0,6
02 Aragón;06 Sanidad;Variación en lo que va de año;2025M02;0,1
02 Aragón;06 Sanidad;Variación en lo que va de año;2025M01;0,3
02 Aragón;07 Transporte;Índice;2025M10;
02 Aragón;07 Transporte;Índice;2025M09;112,765
02 Aragón;07 Transporte;Índice;2025M08;113,328
02 Aragón;07 Transporte;Índice;2025M07;113,218
02 Aragón;07 Transporte;Índice;2025M06;111,82
02 Aragón;07 Transporte;Índice;2025M05;110,772
02 Aragón;07 Transporte;Índice;2025M04;111,946
02 Aragón;07 Transporte;Índice;2025M03;112,086
02 Aragón;07 Transporte;Índice;2025M02;113,139
02 Aragón;07 Transporte;Índice;2025M01;112,916
02 Aragón;07 Transporte;Variación mensual;2025M10;
02 Aragón;07 Transporte;Variación mensual;2025M09;-0,5
02 Aragón;07 Transporte;Variación mensual;2025M08;0,1
02 Aragón;07 Transporte;Variación mensual;2025M07;1,3
02 Aragón;07 Transporte;Variación mensual;2025M06;0,9
02 Aragón;07 Transporte;Variación mensual;2025M05;-1
02 Aragón;07 Transporte;Variación mensual;2025M04;-0,1
02 Aragón;07 Transporte;Variación mensual;2025M03;-0,9
02 Aragón;07 Transporte;Variación mensual;2025M02;0,2
02 Aragón;07 Transporte;Variación mensual;2025M01;1,1
02 Aragón;07 Transporte;Variación anual;2025M10;
02 Aragón;07 Transporte;Variación anual;2025M09;2
02 Aragón;07 Transporte;Variación anual;2025M08;0,9
02 Aragón;07 Transporte;Variación anual;2025M07;-0,1
02 Aragón;07 Transporte;Variación anual;2025M06;-0,9
02 Aragón;07 Transporte;Variación anual;2025M05;-2,1
02 Aragón;07 Transporte;Variación anual;2025M04;-2
02 Aragón;07 Transporte;Variación anual;2025M03;-1,3
02 Aragón;07 Transporte;Variación anual;2025M02;0,2
02 Aragón;07 Transporte;Variación anual;2025M01;1,7
02 Aragón;07 Transporte;Variación en lo que va de año;2025M10;
02 Aragón;07 Transporte;Variación en lo que va de año;2025M09;1
02 Aragón;07 Transporte;Variación en lo que va de año;2025M08;1,5
02 Aragón;07 Transporte;Variación en lo que va de año;2025M07;1,4
02 Aragón;07 Transporte;Variación en lo que va de año;2025M06;0,1
02 Aragón;07 Transporte;Variación en lo que va de año;2025M05;-0,8
02 Aragón;07 Transporte;Variación en lo que va de año;2025M04;0,3
02 Aragón;07 Transporte;Variación en lo que va de año;2025M03;0,4
02 Aragón;07 Transporte;Variación en lo que va de año;2025M02;1,3
02 Aragón;07 Transporte;Variación en lo que va de año;2025M01;1,1
02 Aragón;08 Comunicaciones;Índice;2025M10;
02 Aragón;08 Comunicaciones;Índice;2025M09;102,751
02 Aragón;08 Comunicaciones;Índice;2025M08;102,816
02 Aragón;08 Comunicaciones;Índice;2025M07;102,715
02 Aragón;08 Comunicaciones;Índice;2025M06;104,574
02 Aragón;08 Comunicaciones;Índice;2025M05;104,559
02 Aragón;08 Comunicaciones;Índice;2025M04;104,73
02 Aragón;08 Comunicaciones;Índice;2025M03;104,537
02 Aragón;08 Comunicaciones;Índice;2025M02;104,599
02 Aragón;08 Comunicaciones;Índice;2025M01;103,901
02 Aragón;08 Comunicaciones;Variación mensual;2025M10;
02 Aragón;08 Comunicaciones;Variación mensual;2025M09;-0,1
02 Aragón;08 Comunicaciones;Variación mensual;2025M08;0,1
02 Aragón;08 Comunicaciones;Variación mensual;2025M07;-1,8
02 Aragón;08 Comunicaciones;Variación mensual;2025M06;0
02 Aragón;08 Comunicaciones;Variación mensual;2025M05;-0,2
02 Aragón;08 Comunicaciones;Variación mensual;2025M04;0,2
02 Aragón;08 Comunicaciones;Variación mensual;2025M03;-0,1
02 Aragón;08 Comunicaciones;Variación mensual;2025M02;0,7
02 Aragón;08 Comunicaciones;Variación mensual;2025M01;3
02 Aragón;08 Comunicaciones;Variación anual;2025M10;
02 Aragón;08 Comunicaciones;Variación anual;2025M09;0,9
02 Aragón;08 Comunicaciones;Variación anual;2025M08;0,9
02 Aragón;08 Comunicaciones;Variación anual;2025M07;0,7
02 Aragón;08 Comunicaciones;Variación anual;2025M06;2
02 Aragón;08 Comunicaciones;Variación anual;2025M05;2
02 Aragón;08 Comunicaciones;Variación anual;2025M04;2,1
02 Aragón;08 Comunicaciones;Variación anual;2025M03;2
02 Aragón;08 Comunicaciones;Variación anual;2025M02;2
02 Aragón;08 Comunicaciones;Variación anual;2025M01;1,2
02 Aragón;08 Comunicaciones;Variación en lo que va de año;2025M10;
02 Aragón;08 Comunicaciones;Variación en lo que va de año;2025M09;1,9
02 Aragón;08 Comunicaciones;Variación en lo que va de año;2025M08;1,9
02 Aragón;08 Comunicaciones;Variación en lo que va de año;2025M07;1,8
02 Aragón;08 Comunicaciones;Variación en lo que va de año;2025M06;3,7
02 Aragón;08 Comunicaciones;Variación en lo que va de año;2025M05;3,7
02 Aragón;08 Comunicaciones;Variación en lo que va de año;2025M04;3,8
02 Aragón;08 Comunicaciones;Variación en lo que va de año;2025M03;3,6
02 Aragón;08 Comunicaciones;Variación en lo que va de año;2025M02;3,7
02 Aragón;08 Comunicaciones;Variación en lo que va de año;2025M01;3
02 Aragón;09 Ocio y cultura;Índice;2025M10;
02 Aragón;09 Ocio y cultura;Índice;2025M09;109,874
02 Aragón;09 Ocio y cultura;Índice;2025M08;114,531
02 Aragón;09 Ocio y cultura;Índice;2025M07;112,993
02 Aragón;09 Ocio y cultura;Índice;2025M06;111,147
02 Aragón;09 Ocio y cultura;Índice;2025M05;108,945
02 Aragón;09 Ocio y cultura;Índice;2025M04;111,661
02 Aragón;09 Ocio y cultura;Índice;2025M03;108,513
02 Aragón;09 Ocio y cultura;Índice;2025M02;108,344
02 Aragón;09 Ocio y cultura;Índice;2025M01;107,517
02 Aragón;09 Ocio y cultura;Variación mensual;2025M10;
02 Aragón;09 Ocio y cultura;Variación mensual;2025M09;-4,1
02 Aragón;09 Ocio y cultura;Variación mensual;2025M08;1,4
02 Aragón;09 Ocio y cultura;Variación mensual;2025M07;1,7
02 Aragón;09 Ocio y cultura;Variación mensual;2025M06;2
02 Aragón;09 Ocio y cultura;Variación mensual;2025M05;-2,4
02 Aragón;09 Ocio y cultura;Variación mensual;2025M04;2,9
02 Aragón;09 Ocio y cultura;Variación mensual;2025M03;0,2
02 Aragón;09 Ocio y cultura;Variación mensual;2025M02;0,8
02 Aragón;09 Ocio y cultura;Variación mensual;2025M01;-3
02 Aragón;09 Ocio y cultura;Variación anual;2025M10;
02 Aragón;09 Ocio y cultura;Variación anual;2025M09;0,7
02 Aragón;09 Ocio y cultura;Variación anual;2025M08;0,3
02 Aragón;09 Ocio y cultura;Variación anual;2025M07;0,3
02 Aragón;09 Ocio y cultura;Variación anual;2025M06;0,5
02 Aragón;09 Ocio y cultura;Variación anual;2025M05;0,7
02 Aragón;09 Ocio y cultura;Variación anual;2025M04;3,4
02 Aragón;09 Ocio y cultura;Variación anual;2025M03;-0,1
02 Aragón;09 Ocio y cultura;Variación anual;2025M02;1,8
02 Aragón;09 Ocio y cultura;Variación anual;2025M01;1,5
02 Aragón;09 Ocio y cultura;Variación en lo que va de año;2025M10;
02 Aragón;09 Ocio y cultura;Variación en lo que va de año;2025M09;-0,8
02 Aragón;09 Ocio y cultura;Variación en lo que va de año;2025M08;3,4
02 Aragón;09 Ocio y cultura;Variación en lo que va de año;2025M07;2
02 Aragón;09 Ocio y cultura;Variación en lo que va de año;2025M06;0,3
02 Aragón;09 Ocio y cultura;Variación en lo que va de año;2025M05;-1,7
02 Aragón;09 Ocio y cultura;Variación en lo que va de año;2025M04;0,8
02 Aragón;09 Ocio y cultura;Variación en lo que va de año;2025M03;-2,1
02 Aragón;09 Ocio y cultura;Variación en lo que va de año;2025M02;-2,2
02 Aragón;09 Ocio y cultura;Variación en lo que va de año;2025M01;-3
02 Aragón;10 Enseñanza;Índice;2025M10;
02 Aragón;10 Enseñanza;Índice;2025M09;111,744
02 Aragón;10 Enseñanza;Índice;2025M08;110,593
02 Aragón;10 Enseñanza;Índice;2025M07;110,593
02 Aragón;10 Enseñanza;Índice;2025M06;110,593
02 Aragón;10 Enseñanza;Índice;2025M05;110,712
02 Aragón;10 Enseñanza;Índice;2025M04;110,712
02 Aragón;10 Enseñanza;Índice;2025M03;110,712
02 Aragón;10 Enseñanza;Índice;2025M02;110,601
02 Aragón;10 Enseñanza;Índice;2025M01;110,601
02 Aragón;10 Enseñanza;Variación mensual;2025M10;
02 Aragón;10 Enseñanza;Variación mensual;2025M09;1
02 Aragón;10 Enseñanza;Variación mensual;2025M08;0
02 Aragón;10 Enseñanza;Variación mensual;2025M07;0
02 Aragón;10 Enseñanza;Variación mensual;2025M06;-0,1
02 Aragón;10 Enseñanza;Variación mensual;2025M05;0
02 Aragón;10 Enseñanza;Variación mensual;2025M04;0
02 Aragón;10 Enseñanza;Variación mensual;2025M03;0,1
02 Aragón;10 Enseñanza;Variación mensual;2025M02;0
02 Aragón;10 Enseñanza;Variación mensual;2025M01;0,2
02 Aragón;10 Enseñanza;Variación anual;2025M10;
02 Aragón;10 Enseñanza;Variación anual;2025M09;2,9
02 Aragón;10 Enseñanza;Variación anual;2025M08;3,4
02 Aragón;10 Enseñanza;Variación anual;2025M07;3,6
02 Aragón;10 Enseñanza;Variación anual;2025M06;3,7
02 Aragón;10 Enseñanza;Variación anual;2025M05;3,8
02 Aragón;10 Enseñanza;Variación anual;2025M04;3,8
02 Aragón;10 Enseñanza;Variación anual;2025M03;3,8
02 Aragón;10 Enseñanza;Variación anual;2025M02;4
02 Aragón;10 Enseñanza;Variación anual;2025M01;4,1
02 Aragón;10 Enseñanza;Variación en lo que va de año;2025M10;
02 Aragón;10 Enseñanza;Variación en lo que va de año;2025M09;1,3
02 Aragón;10 Enseñanza;Variación en lo que va de año;2025M08;0,2
02 Aragón;10 Enseñanza;Variación en lo que va de año;2025M07;0,2
02 Aragón;10 Enseñanza;Variación en lo que va de año;2025M06;0,2
02 Aragón;10 Enseñanza;Variación en lo que va de año;2025M05;0,3
02 Aragón;10 Enseñanza;Variación en lo que va de año;2025M04;0,3
02 Aragón;10 Enseñanza;Variación en lo que va de año;2025M03;0,3
02 Aragón;10 Enseñanza;Variación en lo que va de año;2025M02;0,2
02 Aragón;10 Enseñanza;Variación en lo que va de año;2025M01;0,2
02 Aragón;11 Restaurantes y hoteles;Índice;2025M10;
02 Aragón;11 Restaurantes y hoteles;Índice;2025M09;124,727
02 Aragón;11 Restaurantes y hoteles;Índice;2025M08;123,907
02 Aragón;11 Restaurantes y hoteles;Índice;2025M07;123,624
02 Aragón;11 Restaurantes y hoteles;Índice;2025M06;122,833
02 Aragón;11 Restaurantes y hoteles;Índice;2025M05;122,111
02 Aragón;11 Restaurantes y hoteles;Índice;2025M04;122,124
02 Aragón;11 Restaurantes y hoteles;Índice;2025M03;121,368
02 Aragón;11 Restaurantes y hoteles;Índice;2025M02;119,632
02 Aragón;11 Restaurantes y hoteles;Índice;2025M01;118,247
02 Aragón;11 Restaurantes y hoteles;Variación mensual;2025M10;
02 Aragón;11 Restaurantes y hoteles;Variación mensual;2025M09;0,7
02 Aragón;11 Restaurantes y hoteles;Variación mensual;2025M08;0,2
02 Aragón;11 Restaurantes y hoteles;Variación mensual;2025M07;0,6
02 Aragón;11 Restaurantes y hoteles;Variación mensual;2025M06;0,6
02 Aragón;11 Restaurantes y hoteles;Variación mensual;2025M05;0
02 Aragón;11 Restaurantes y hoteles;Variación mensual;2025M04;0,6
02 Aragón;11 Restaurantes y hoteles;Variación mensual;2025M03;1,5
02 Aragón;11 Restaurantes y hoteles;Variación mensual;2025M02;1,2
02 Aragón;11 Restaurantes y hoteles;Variación mensual;2025M01;0
02 Aragón;11 Restaurantes y hoteles;Variación anual;2025M10;
02 Aragón;11 Restaurantes y hoteles;Variación anual;2025M09;5,4
02 Aragón;11 Restaurantes y hoteles;Variación anual;2025M08;4,7
02 Aragón;11 Restaurantes y hoteles;Variación anual;2025M07;5,3
02 Aragón;11 Restaurantes y hoteles;Variación anual;2025M06;4,5
02 Aragón;11 Restaurantes y hoteles;Variación anual;2025M05;4,5
02 Aragón;11 Restaurantes y hoteles;Variación anual;2025M04;5,7
02 Aragón;11 Restaurantes y hoteles;Variación anual;2025M03;5
02 Aragón;11 Restaurantes y hoteles;Variación anual;2025M02;3,4
02 Aragón;11 Restaurantes y hoteles;Variación anual;2025M01;4,3
02 Aragón;11 Restaurantes y hoteles;Variación en lo que va de año;2025M10;
02 Aragón;11 Restaurantes y hoteles;Variación en lo que va de año;2025M09;5,5
02 Aragón;11 Restaurantes y hoteles;Variación en lo que va de año;2025M08;4,8
02 Aragón;11 Restaurantes y hoteles;Variación en lo que va de año;2025M07;4,5
02 Aragón;11 Restaurantes y hoteles;Variación en lo que va de año;2025M06;3,9
02 Aragón;11 Restaurantes y hoteles;Variación en lo que va de año;2025M05;3,2
02 Aragón;11 Restaurantes y hoteles;Variación en lo que va de año;2025M04;3,3
02 Aragón;11 Restaurantes y hoteles;Variación en lo que va de año;2025M03;2,6
02 Aragón;11 Restaurantes y hoteles;Variación en lo que va de año;2025M02;1,1
02 Aragón;11 Restaurantes y hoteles;Variación en lo que va de año;2025M01;0
02 Aragón;12 Otros bienes y servicios;Índice;2025M10;
02 Aragón;12 Otros bienes y servicios;Índice;2025M09;114,945
02 Aragón;12 Otros bienes y servicios;Índice;2025M08;115,076
02 Aragón;12 Otros bienes y servicios;Índice;2025M07;114,774
02 Aragón;12 Otros bienes y servicios;Índice;2025M06;115,059
02 Aragón;12 Otros bienes y servicios;Índice;2025M05;114,353
02 Aragón;12 Otros bienes y servicios;Índice;2025M04;114,171
02 Aragón;12 Otros bienes y servicios;Índice;2025M03;113,726
02 Aragón;12 Otros bienes y servicios;Índice;2025M02;113,49
02 Aragón;12 Otros bienes y servicios;Índice;2025M01;112,88
02 Aragón;12 Otros bienes y servicios;Variación mensual;2025M10;
02 Aragón;12 Otros bienes y servicios;Variación mensual;2025M09;-0,1
02 Aragón;12 Otros bienes y servicios;Variación mensual;2025M08;0,3
02 Aragón;12 Otros bienes y servicios;Variación mensual;2025M07;-0,2
02 Aragón;12 Otros bienes y servicios;Variación mensual;2025M06;0,6
02 Aragón;12 Otros bienes y servicios;Variación mensual;2025M05;0,2
02 Aragón;12 Otros bienes y servicios;Variación mensual;2025M04;0,4
02 Aragón;12 Otros bienes y servicios;Variación mensual;2025M03;0,2
02 Aragón;12 Otros bienes y servicios;Variación mensual;2025M02;0,5
02 Aragón;12 Otros bienes y servicios;Variación mensual;2025M01;0,3
02 Aragón;12 Otros bienes y servicios;Variación anual;2025M10;
02 Aragón;12 Otros bienes y servicios;Variación anual;2025M09;3
02 Aragón;12 Otros bienes y servicios;Variación anual;2025M08;2,8
02 Aragón;12 Otros bienes y servicios;Variación anual;2025M07;2,9
02 Aragón;12 Otros bienes y servicios;Variación anual;2025M06;3,1
02 Aragón;12 Otros bienes y servicios;Variación anual;2025M05;2,9
02 Aragón;12 Otros bienes y servicios;Variación anual;2025M04;2,9
02 Aragón;12 Otros bienes y servicios;Variación anual;2025M03;3,3
02 Aragón;12 Otros bienes y servicios;Variación anual;2025M02;3,4
02 Aragón;12 Otros bienes y servicios;Variación anual;2025M01;3,2
02 Aragón;12 Otros bienes y servicios;Variación en lo que va de año;2025M10;
02 Aragón;12 Otros bienes y servicios;Variación en lo que va de año;2025M09;2,2
02 Aragón;12 Otros bienes y servicios;Variación en lo que va de año;2025M08;2,3
02 Aragón;12 Otros bienes y servicios;Variación en lo que va de año;2025M07;2
02 Aragón;12 Otros bienes y servicios;Variación en lo que va de año;2025M06;2,3
02 Aragón;12 Otros bienes y servicios;Variación en lo que va de año;2025M05;1,6
02 Aragón;12 Otros bienes y servicios;Variación en lo que va de año;2025M04;1,5
02 Aragón;12 Otros bienes y servicios;Variación en lo que va de año;2025M03;1,1
02 Aragón;12 Otros bienes y servicios;Variación en lo que va de año;2025M02;0,9
02 Aragón;12 Otros bienes y servicios;Variación en lo que va de año;2025M01;0,3
03 Asturias, Principado de;01 Alimentos y bebidas no alcohólicas;Índice;2025M10;
03 Asturias, Principado de;01 Alimentos y bebidas no alcohólicas;Índice;2025M09;131,029
03 Asturias, Principado de;01 Alimentos y bebidas no alcohólicas;Índice;2025M08;131,61
03 Asturias, Principado de;01 Alimentos y bebidas no alcohólicas;Índice;2025M07;132,215
03 Asturias, Principado de;01 Alimentos y bebidas no alcohólicas;Índice;2025M06;132,539
03 Asturias, Principado de;01 Alimentos y bebidas no alcohólicas;Índice;2025M05;131,62
03 Asturias, Principado de;01 Alimentos y bebidas no alcohólicas;Índice;2025M04;131,291
03 Asturias, Principado de;01 Alimentos y bebidas no alcohólicas;Índice;2025M03;130,681
03 Asturias, Principado de;01 Alimentos y bebidas no alcohólicas;Índice;2025M02;130,399
03 Asturias, Principado de;01 Alimentos y bebidas no alcohólicas;Índice;2025M01;130,026
03 Asturias, Principado de;01 Alimentos y bebidas no alcohólicas;Variación mensual;2025M10;
03 Asturias, Principado de;01 Alimentos y bebidas no alcohólicas;Variación mensual;2025M09;-0,4
03 Asturias, Principado de;01 Alimentos y bebidas no alcohólicas;Variación mensual;2025M08;-0,5
03 Asturias, Principado de;01 Alimentos y bebidas no alcohólicas;Variación mensual;2025M07;-0,2
03 Asturias, Principado de;01 Alimentos y bebidas no alcohólicas;Variación mensual;2025M06;0,7
03 Asturias, Principado de;01 Alimentos y bebidas no alcohólicas;Variación mensual;2025M05;0,3
03 Asturias, Principado de;01 Alimentos y bebidas no alcohólicas;Variación mensual;2025M04;0,5
03 Asturias, Principado de;01 Alimentos y bebidas no alcohólicas;Variación mensual;2025M03;0,2
03 Asturias, Principado de;01 Alimentos y bebidas no alcohólicas;Variación mensual;2025M02;0,3
03 Asturias, Principado de;01 Alimentos y bebidas no alcohólicas;Variación mensual;2025M01;0,4
03 Asturias, Principado de;01 Alimentos y bebidas no alcohólicas;Variación anual;2025M10;
03 Asturias, Principado de;01 Alimentos y bebidas no alcohólicas;Variación anual;2025M09;2,5
03 Asturias, Principado de;01 Alimentos y bebidas no alcohólicas;Variación anual;2025M08;2,7
03 Asturias, Principado de;01 Alimentos y bebidas no alcohólicas;Variación anual;2025M07;3,1
03 Asturias, Principado de;01 Alimentos y bebidas no alcohólicas;Variación anual;2025M06;2,7
03 Asturias, Principado de;01 Alimentos y bebidas no alcohólicas;Variación anual;2025M05;2,7
03 Asturias, Principado de;01 Alimentos y bebidas no alcohólicas;Variación anual;2025M04;2
03 Asturias, Principado de;01 Alimentos y bebidas no alcohólicas;Variación anual;2025M03;2,1
03 Asturias, Principado de;01 Alimentos y bebidas no alcohólicas;Variación anual;2025M02;2
03 Asturias, Principado de;01 Alimentos y bebidas no alcohólicas;Variación anual;2025M01;2,2
03 Asturias, Principado de;01 Alimentos y bebidas no alcohólicas;Variación en lo que va de año;2025M10;
03 Asturias, Principado de;01 Alimentos y bebidas no alcohólicas;Variación en lo que va de año;2025M09;1,2
03 Asturias, Principado de;01 Alimentos y bebidas no alcohólicas;Variación en lo que va de año;2025M08;1,7
03 Asturias, Principado de;01 Alimentos y bebidas no alcohólicas;Variación en lo que va de año;2025M07;2,1
03 Asturias, Principado de;01 Alimentos y bebidas no alcohólicas;Variación en lo que va de año;2025M06;2,4
03 Asturias, Principado de;01 Alimentos y bebidas no alcohólicas;Variación en lo que va de año;2025M05;1,7
03 Asturias, Principado de;01 Alimentos y bebidas no alcohólicas;Variación en lo que va de año;2025M04;1,4
03 Asturias, Principado de;01 Alimentos y bebidas no alcohólicas;Variación en lo que va de año;2025M03;0,9
03 Asturias, Principado de;01 Alimentos y bebidas no alcohólicas;Variación en lo que va de año;2025M02;0,7
03 Asturias, Principado de;01 Alimentos y bebidas no alcohólicas;Variación en lo que va de año;2025M01;0,4
03 Asturias, Principado de;02 Bebidas alcohólicas y tabaco;Índice;2025M10;
03 Asturias, Principado de;02 Bebidas alcohólicas y tabaco;Índice;2025M09;121,374
03 Asturias, Principado de;02 Bebidas alcohólicas y tabaco;Índice;2025M08;120,438
03 Asturias, Principado de;02 Bebidas alcohólicas y tabaco;Índice;2025M07;120,926
03 Asturias, Principado de;02 Bebidas alcohólicas y tabaco;Índice;2025M06;121,853
03 Asturias, Principado de;02 Bebidas alcohólicas y tabaco;Índice;2025M05;121,177
03 Asturias, Principado de;02 Bebidas alcohólicas y tabaco;Índice;2025M04;119,337
03 Asturias, Principado de;02 Bebidas alcohólicas y tabaco;Índice;2025M03;119,907
03 Asturias, Principado de;02 Bebidas alcohólicas y tabaco;Índice;2025M02;119,112
03 Asturias, Principado de;02 Bebidas alcohólicas y tabaco;Índice;2025M01;119,215
03 Asturias, Principado de;02 Bebidas alcohólicas y tabaco;Variación mensual;2025M10;
03 Asturias, Principado de;02 Bebidas alcohólicas y tabaco;Variación mensual;2025M09;0,8
03 Asturias, Principado de;02 Bebidas alcohólicas y tabaco;Variación mensual;2025M08;-0,4
03 Asturias, Principado de;02 Bebidas alcohólicas y tabaco;Variación mensual;2025M07;-0,8
03 Asturias, Principado de;02 Bebidas alcohólicas y tabaco;Variación mensual;2025M06;0,6
03 Asturias, Principado de;02 Bebidas alcohólicas y tabaco;Variación mensual;2025M05;1,5
03 Asturias, Principado de;02 Bebidas alcohólicas y tabaco;Variación mensual;2025M04;-0,5
03 Asturias, Principado de;02 Bebidas alcohólicas y tabaco;Variación mensual;2025M03;0,7
03 Asturias, Principado de;02 Bebidas alcohólicas y tabaco;Variación mensual;2025M02;-0,1
03 Asturias, Principado de;02 Bebidas alcohólicas y tabaco;Variación mensual;2025M01;1,3
03 Asturias, Principado de;02 Bebidas alcohólicas y tabaco;Variación anual;2025M10;
03 Asturias, Principado de;02 Bebidas alcohólicas y tabaco;Variación anual;2025M09;4
03 Asturias, Principado de;02 Bebidas alcohólicas y tabaco;Variación anual;2025M08;3,7
03 Asturias, Principado de;02 Bebidas alcohólicas y tabaco;Variación anual;2025M07;3,9
03 Asturias, Principado de;02 Bebidas alcohólicas y tabaco;Variación anual;2025M06;4,5
03 Asturias, Principado de;02 Bebidas alcohólicas y tabaco;Variación anual;2025M05;4,1
03 Asturias, Principado de;02 Bebidas alcohólicas y tabaco;Variación anual;2025M04;2,8
03 Asturias, Principado de;02 Bebidas alcohólicas y tabaco;Variación anual;2025M03;2,9
03 Asturias, Principado de;02 Bebidas alcohólicas y tabaco;Variación anual;2025M02;2,7
03 Asturias, Principado de;02 Bebidas alcohólicas y tabaco;Variación anual;2025M01;4,5
03 Asturias, Principado de;02 Bebidas alcohólicas y tabaco;Variación en lo que va de año;2025M10;
03 Asturias, Principado de;02 Bebidas alcohólicas y tabaco;Variación en lo que va de año;2025M09;3,2
03 Asturias, Principado de;02 Bebidas alcohólicas y tabaco;Variación en lo que va de año;2025M08;2,4
03 Asturias, Principado de;02 Bebidas alcohólicas y tabaco;Variación en lo que va de año;2025M07;2,8
03 Asturias, Principado de;02 Bebidas alcohólicas y tabaco;Variación en lo que va de año;2025M06;3,6
03 Asturias, Principado de;02 Bebidas alcohólicas y tabaco;Variación en lo que va de año;2025M05;3
03 Asturias, Principado de;02 Bebidas alcohólicas y tabaco;Variación en lo que va de año;2025M04;1,4
03 Asturias, Principado de;02 Bebidas alcohólicas y tabaco;Variación en lo que va de año;2025M03;1,9
03 Asturias, Principado de;02 Bebidas alcohólicas y tabaco;Variación en lo que va de año;2025M02;1,2
03 Asturias, Principado de;02 Bebidas alcohólicas y tabaco;Variación en lo que va de año;2025M01;1,3
03 Asturias, Principado de;03 Vestido y calzado;Índice;2025M10;
03 Asturias, Principado de;03 Vestido y calzado;Índice;2025M09;108,615
03 Asturias, Principado de;03 Vestido y calzado;Índice;2025M08;105,814
03 Asturias, Principado de;03 Vestido y calzado;Índice;2025M07;106,41
03 Asturias, Principado de;03 Vestido y calzado;Índice;2025M06;119,369
03 Asturias, Principado de;03 Vestido y calzado;Índice;2025M05;119,175
03 Asturias, Principado de;03 Vestido y calzado;Índice;2025M04;121,432
03 Asturias, Principado de;03 Vestido y calzado;Índice;2025M03;108,944
03 Asturias, Principado de;03 Vestido y calzado;Índice;2025M02;107,158
03 Asturias, Principado de;03 Vestido y calzado;Índice;2025M01;107,556
03 Asturias, Principado de;03 Vestido y calzado;Variación mensual;2025M10;
03 Asturias, Principado de;03 Vestido y calzado;Variación mensual;2025M09;2,6
03 Asturias, Principado de;03 Vestido y calzado;Variación mensual;2025M08;-0,6
03 Asturias, Principado de;03 Vestido y calzado;Variación mensual;2025M07;-10,9
03 Asturias, Principado de;03 Vestido y calzado;Variación mensual;2025M06;0,2
03 Asturias, Principado de;03 Vestido y calzado;Variación mensual;2025M05;-1,9
03 Asturias, Principado de;03 Vestido y calzado;Variación mensual;2025M04;11,5
03 Asturias, Principado de;03 Vestido y calzado;Variación mensual;2025M03;1,7
03 Asturias, Principado de;03 Vestido y calzado;Variación mensual;2025M02;-0,4
03 Asturias, Principado de;03 Vestido y calzado;Variación mensual;2025M01;-10,1
03 Asturias, Principado de;03 Vestido y calzado;Variación anual;2025M10;
03 Asturias, Principado de;03 Vestido y calzado;Variación anual;2025M09;1,4
03 Asturias, Principado de;03 Vestido y calzado;Variación anual;2025M08;3,8
03 Asturias, Principado de;03 Vestido y calzado;Variación anual;2025M07;3,9
03 Asturias, Principado de;03 Vestido y calzado;Variación anual;2025M06;5,7
03 Asturias, Principado de;03 Vestido y calzado;Variación anual;2025M05;4,7
03 Asturias, Principado de;03 Vestido y calzado;Variación anual;2025M04;6
03 Asturias, Principado de;03 Vestido y calzado;Variación anual;2025M03;6,3
03 Asturias, Principado de;03 Vestido y calzado;Variación anual;2025M02;7,5
03 Asturias, Principado de;03 Vestido y calzado;Variación anual;2025M01;5,2
03 Asturias, Principado de;03 Vestido y calzado;Variación en lo que va de año;2025M10;
03 Asturias, Principado de;03 Vestido y calzado;Variación en lo que va de año;2025M09;-9,2
03 Asturias, Principado de;03 Vestido y calzado;Variación en lo que va de año;2025M08;-11,5
03 Asturias, Principado de;03 Vestido y calzado;Variación en lo que va de año;2025M07;-11
03 Asturias, Principado de;03 Vestido y calzado;Variación en lo que va de año;2025M06;-0,2
03 Asturias, Principado de;03 Vestido y calzado;Variación en lo que va de año;2025M05;-0,4
03 Asturias, Principado de;03 Vestido y calzado;Variación en lo que va de año;2025M04;1,5
03 Asturias, Principado de;03 Vestido y calzado;Variación en lo que va de año;2025M03;-8,9
03 Asturias, Principado de;03 Vestido y calzado;Variación en lo que va de año;2025M02;-10,4
03 Asturias, Principado de;03 Vestido y calzado;Variación en lo que va de año;2025M01;-10,1
03 Asturias, Principado de;04 Vivienda, agua, electricidad, gas y otros combustibles;Índice;2025M10;
03 Asturias, Principado de;04 Vivienda, agua, electricidad, gas y otros combustibles;Índice;2025M09;115,433
03 Asturias, Principado de;04 Vivienda, agua, electricidad, gas y otros combustibles;Índice;2025M08;115,31
03 Asturias, Principado de;04 Vivienda, agua, electricidad, gas y otros combustibles;Índice;2025M07;115,153
03 Asturias, Principado de;04 Vivienda, agua, electricidad, gas y otros combustibles;Índice;2025M06;114,464
03 Asturias, Principado de;04 Vivienda, agua, electricidad, gas y otros combustibles;Índice;2025M05;112,964
03 Asturias, Principado de;04 Vivienda, agua, electricidad, gas y otros combustibles;Índice;2025M04;112,649
03 Asturias, Principado de;04 Vivienda, agua, electricidad, gas y otros combustibles;Índice;2025M03;113,873
03 Asturias, Principado de;04 Vivienda, agua, electricidad, gas y otros combustibles;Índice;2025M02;116,085
03 Asturias, Principado de;04 Vivienda, agua, electricidad, gas y otros combustibles;Índice;2025M01;115,2
03 Asturias, Principado de;04 Vivienda, agua, electricidad, gas y otros combustibles;Variación mensual;2025M10;
03 Asturias, Principado de;04 Vivienda, agua, electricidad, gas y otros combustibles;Variación mensual;2025M09;0,1
03 Asturias, Principado de;04 Vivienda, agua, electricidad, gas y otros combustibles;Variación mensual;2025M08;0,1
03 Asturias, Principado de;04 Vivienda, agua, electricidad, gas y otros combustibles;Variación mensual;2025M07;0,6
03 Asturias, Principado de;04 Vivienda, agua, electricidad, gas y otros combustibles;Variación mensual;2025M06;1,3
03 Asturias, Principado de;04 Vivienda, agua, electricidad, gas y otros combustibles;Variación mensual;2025M05;0,3
03 Asturias, Principado de;04 Vivienda, agua, electricidad, gas y otros combustibles;Variación mensual;2025M04;-1,1
03 Asturias, Principado de;04 Vivienda, agua, electricidad, gas y otros combustibles;Variación mensual;2025M03;-1,9
03 Asturias, Principado de;04 Vivienda, agua, electricidad, gas y otros combustibles;Variación mensual;2025M02;0,8
03 Asturias, Principado de;04 Vivienda, agua, electricidad, gas y otros combustibles;Variación mensual;2025M01;4,8
03 Asturias, Principado de;04 Vivienda, agua, electricidad, gas y otros combustibles;Variación anual;2025M10;
03 Asturias, Principado de;04 Vivienda, agua, electricidad, gas y otros combustibles;Variación anual;2025M09;8,1
03 Asturias, Principado de;04 Vivienda, agua, electricidad, gas y otros combustibles;Variación anual;2025M08;7
03 Asturias, Principado de;04 Vivienda, agua, electricidad, gas y otros combustibles;Variación anual;2025M07;7,5
03 Asturias, Principado de;04 Vivienda, agua, electricidad, gas y otros combustibles;Variación anual;2025M06;4,7
03 Asturias, Principado de;04 Vivienda, agua, electricidad, gas y otros combustibles;Variación anual;2025M05;4,1
03 Asturias, Principado de;04 Vivienda, agua, electricidad, gas y otros combustibles;Variación anual;2025M04;4,6
03 Asturias, Principado de;04 Vivienda, agua, electricidad, gas y otros combustibles;Variación anual;2025M03;6,4
03 Asturias, Principado de;04 Vivienda, agua, electricidad, gas y otros combustibles;Variación anual;2025M02;10,8
03 Asturias, Principado de;04 Vivienda, agua, electricidad, gas y otros combustibles;Variación anual;2025M01;8,4
03 Asturias, Principado de;04 Vivienda, agua, electricidad, gas y otros combustibles;Variación en lo que va de año;2025M10;
03 Asturias, Principado de;04 Vivienda, agua, electricidad, gas y otros combustibles;Variación en lo que va de año;2025M09;5
03 Asturias, Principado de;04 Vivienda, agua, electricidad, gas y otros combustibles;Variación en lo que va de año;2025M08;4,9
03 Asturias, Principado de;04 Vivienda, agua, electricidad, gas y otros combustibles;Variación en lo que va de año;2025M07;4,8
03 Asturias, Principado de;04 Vivienda, agua, electricidad, gas y otros combustibles;Variación en lo que va de año;2025M06;4,2
03 Asturias, Principado de;04 Vivienda, agua, electricidad, gas y otros combustibles;Variación en lo que va de año;2025M05;2,8
03 Asturias, Principado de;04 Vivienda, agua, electricidad, gas y otros combustibles;Variación en lo que va de año;2025M04;2,5
03 Asturias, Principado de;04 Vivienda, agua, electricidad, gas y otros combustibles;Variación en lo que va de año;2025M03;3,6
03 Asturias, Principado de;04 Vivienda, agua, electricidad, gas y otros combustibles;Variación en lo que va de año;2025M02;5,6
03 Asturias, Principado de;04 Vivienda, agua, electricidad, gas y otros combustibles;Variación en lo que va de año;2025M01;4,8
03 Asturias, Principado de;05 Muebles, artículos del hogar y artículos para el mantenimiento corriente del hogar;Índice;2025M10;
03 Asturias, Principado de;05 Muebles, artículos del hogar y artículos para el mantenimiento corriente del hogar;Índice;2025M09;112,695
03 Asturias, Principado de;05 Muebles, artículos del hogar y artículos para el mantenimiento corriente del hogar;Índice;2025M08;112,733
03 Asturias, Principado de;05 Muebles, artículos del hogar y artículos para el mantenimiento corriente del hogar;Índice;2025M07;112,967
03 Asturias, Principado de;05 Muebles, artículos del hogar y artículos para el mantenimiento corriente del hogar;Índice;2025M06;113,53
03 Asturias, Principado de;05 Muebles, artículos del hogar y artículos para el mantenimiento corriente del hogar;Índice;2025M05;113,155
03 Asturias, Principado de;05 Muebles, artículos del hogar y artículos para el mantenimiento corriente del hogar;Índice;2025M04;113,085
03 Asturias, Principado de;05 Muebles, artículos del hogar y artículos para el mantenimiento corriente del hogar;Índice;2025M03;112,566
03 Asturias, Principado de;05 Muebles, artículos del hogar y artículos para el mantenimiento corriente del hogar;Índice;2025M02;112,156
03 Asturias, Principado de;05 Muebles, artículos del hogar y artículos para el mantenimiento corriente del hogar;Índice;2025M01;111,981
03 Asturias, Principado de;05 Muebles, artículos del hogar y artículos para el mantenimiento corriente del hogar;Variación mensual;2025M10;
03 Asturias, Principado de;05 Muebles, artículos del hogar y artículos para el mantenimiento corriente del hogar;Variación mensual;2025M09;0
03 Asturias, Principado de;05 Muebles, artículos del hogar y artículos para el mantenimiento corriente del hogar;Variación mensual;2025M08;-0,2
03 Asturias, Principado de;05 Muebles, artículos del hogar y artículos para el mantenimiento corriente del hogar;Variación mensual;2025M07;-0,5
03 Asturias, Principado de;05 Muebles, artículos del hogar y artículos para el mantenimiento corriente del hogar;Variación mensual;2025M06;0,3
03 Asturias, Principado de;05 Muebles, artículos del hogar y artículos para el mantenimiento corriente del hogar;Variación mensual;2025M05;0,1
03 Asturias, Principado de;05 Muebles, artículos del hogar y artículos para el mantenimiento corriente del hogar;Variación mensual;2025M04;0,5
03 Asturias, Principado de;05 Muebles, artículos del hogar y artículos para el mantenimiento corriente del hogar;Variación mensual;2025M03;0,4
03 Asturias, Principado de;05 Muebles, artículos del hogar y artículos para el mantenimiento corriente del hogar;Variación mensual;2025M02;0,2
03 Asturias, Principado de;05 Muebles, artículos del hogar y artículos para el mantenimiento corriente del hogar;Variación mensual;2025M01;-0,9
03 Asturias, Principado de;05 Muebles, artículos del hogar y artículos para el mantenimiento corriente del hogar;Variación anual;2025M10;
03 Asturias, Principado de;05 Muebles, artículos del hogar y artículos para el mantenimiento corriente del hogar;Variación anual;2025M09;0,3
03 Asturias, Principado de;05 Muebles, artículos del hogar y artículos para el mantenimiento corriente del hogar;Variación anual;2025M08;0,2
03 Asturias, Principado de;05 Muebles, artículos del hogar y artículos para el mantenimiento corriente del hogar;Variación anual;2025M07;0,4
03 Asturias, Principado de;05 Muebles, artículos del hogar y artículos para el mantenimiento corriente del hogar;Variación anual;2025M06;0,8
03 Asturias, Principado de;05 Muebles, artículos del hogar y artículos para el mantenimiento corriente del hogar;Variación anual;2025M05;0,5
03 Asturias, Principado de;05 Muebles, artículos del hogar y artículos para el mantenimiento corriente del hogar;Variación anual;2025M04;0,5
03 Asturias, Principado de;05 Muebles, artículos del hogar y artículos para el mantenimiento corriente del hogar;Variación anual;2025M03;0,7
03 Asturias, Principado de;05 Muebles, artículos del hogar y artículos para el mantenimiento corriente del hogar;Variación anual;2025M02;0
03 Asturias, Principado de;05 Muebles, artículos del hogar y artículos para el mantenimiento corriente del hogar;Variación anual;2025M01;-0,4
03 Asturias, Principado de;05 Muebles, artículos del hogar y artículos para el mantenimiento corriente del hogar;Variación en lo que va de año;2025M10;
03 Asturias, Principado de;05 Muebles, artículos del hogar y artículos para el mantenimiento corriente del hogar;Variación en lo que va de año;2025M09;-0,2
03 Asturias, Principado de;05 Muebles, artículos del hogar y artículos para el mantenimiento corriente del hogar;Variación en lo que va de año;2025M08;-0,2
03 Asturias, Principado de;05 Muebles, artículos del hogar y artículos para el mantenimiento corriente del hogar;Variación en lo que va de año;2025M07;0
03 Asturias, Principado de;05 Muebles, artículos del hogar y artículos para el mantenimiento corriente del hogar;Variación en lo que va de año;2025M06;0,5
03 Asturias, Principado de;05 Muebles, artículos del hogar y artículos para el mantenimiento corriente del hogar;Variación en lo que va de año;2025M05;0,2
03 Asturias, Principado de;05 Muebles, artículos del hogar y artículos para el mantenimiento corriente del hogar;Variación en lo que va de año;2025M04;0,1
03 Asturias, Principado de;05 Muebles, artículos del hogar y artículos para el mantenimiento corriente del hogar;Variación en lo que va de año;2025M03;-0,3
03 Asturias, Principado de;05 Muebles, artículos del hogar y artículos para el mantenimiento corriente del hogar;Variación en lo que va de año;2025M02;-0,7
03 Asturias, Principado de;05 Muebles, artículos del hogar y artículos para el mantenimiento corriente del hogar;Variación en lo que va de año;2025M01;-0,9
03 Asturias, Principado de;06 Sanidad;Índice;2025M10;
03 Asturias, Principado de;06 Sanidad;Índice;2025M09;104,567
03 Asturias, Principado de;06 Sanidad;Índice;2025M08;104,896
03 Asturias, Principado de;06 Sanidad;Índice;2025M07;104,713
03 Asturias, Principado de;06 Sanidad;Índice;2025M06;104,836
03 Asturias, Principado de;06 Sanidad;Índice;2025M05;104,268
03 Asturias, Principado de;06 Sanidad;Índice;2025M04;104,272
03 Asturias, Principado de;06 Sanidad;Índice;2025M03;104,103
03 Asturias, Principado de;06 Sanidad;Índice;2025M02;103,836
03 Asturias, Principado de;06 Sanidad;Índice;2025M01;103,596
03 Asturias, Principado de;06 Sanidad;Variación mensual;2025M10;
03 Asturias, Principado de;06 Sanidad;Variación mensual;2025M09;-0,3
03 Asturias, Principado de;06 Sanidad;Variación mensual;2025M08;0,2
03 Asturias, Principado de;06 Sanidad;Variación mensual;2025M07;-0,1
03 Asturias, Principado de;06 Sanidad;Variación mensual;2025M06;0,5
03 Asturias, Principado de;06 Sanidad;Variación mensual;2025M05;0
03 Asturias, Principado de;06 Sanidad;Variación mensual;2025M04;0,2
03 Asturias, Principado de;06 Sanidad;Variación mensual;2025M03;0,3
03 Asturias, Principado de;06 Sanidad;Variación mensual;2025M02;0,2
03 Asturias, Principado de;06 Sanidad;Variación mensual;2025M01;0,2
03 Asturias, Principado de;06 Sanidad;Variación anual;2025M10;
03 Asturias, Principado de;06 Sanidad;Variación anual;2025M09;1,1
03 Asturias, Principado de;06 Sanidad;Variación anual;2025M08;1,3
03 Asturias, Principado de;06 Sanidad;Variación anual;2025M07;1,3
03 Asturias, Principado de;06 Sanidad;Variación anual;2025M06;1,5
03 Asturias, Principado de;06 Sanidad;Variación anual;2025M05;1,1
03 Asturias, Principado de;06 Sanidad;Variación anual;2025M04;1,5
03 Asturias, Principado de;06 Sanidad;Variación anual;2025M03;1,3
03 Asturias, Principado de;06 Sanidad;Variación anual;2025M02;1,4
03 Asturias, Principado de;06 Sanidad;Variación anual;2025M01;2,1
03 Asturias, Principado de;06 Sanidad;Variación en lo que va de año;2025M10;
03 Asturias, Principado de;06 Sanidad;Variación en lo que va de año;2025M09;1,2
03 Asturias, Principado de;06 Sanidad;Variación en lo que va de año;2025M08;1,5
03 Asturias, Principado de;06 Sanidad;Variación en lo que va de año;2025M07;1,3
03 Asturias, Principado de;06 Sanidad;Variación en lo que va de año;2025M06;1,4
03 Asturias, Principado de;06 Sanidad;Variación en lo que va de año;2025M05;0,9
03 Asturias, Principado de;06 Sanidad;Variación en lo que va de año;2025M04;0,9
03 Asturias, Principado de;06 Sanidad;Variación en lo que va de año;2025M03;0,7
03 Asturias, Principado de;06 Sanidad;Variación en lo que va de año;2025M02;0,5
03 Asturias, Principado de;06 Sanidad;Variación en lo que va de año;2025M01;0,2
03 Asturias, Principado de;07 Transporte;Índice;2025M10;
03 Asturias, Principado de;07 Transporte;Índice;2025M09;113,943
03 Asturias, Principado de;07 Transporte;Índice;2025M08;114,528
03 Asturias, Principado de;07 Transporte;Índice;2025M07;114,301
03 Asturias, Principado de;07 Transporte;Índice;2025M06;112,807
03 Asturias, Principado de;07 Transporte;Índice;2025M05;112,222
03 Asturias, Principado de;07 Transporte;Índice;2025M04;112,881
03 Asturias, Principado de;07 Transporte;Índice;2025M03;113,362
03 Asturias, Principado de;07 Transporte;Índice;2025M02;114,021
03 Asturias, Principado de;07 Transporte;Índice;2025M01;113,545
03 Asturias, Principado de;07 Transporte;Variación mensual;2025M10;
03 Asturias, Principado de;07 Transporte;Variación mensual;2025M09;-0,5
03 Asturias, Principado de;07 Transporte;Variación mensual;2025M08;0,2
03 Asturias, Principado de;07 Transporte;Variación mensual;2025M07;1,3
03 Asturias, Principado de;07 Transporte;Variación mensual;2025M06;0,5
03 Asturias, Principado de;07 Transporte;Variación mensual;2025M05;-0,6
03 Asturias, Principado de;07 Transporte;Variación mensual;2025M04;-0,4
03 Asturias, Principado de;07 Transporte;Variación mensual;2025M03;-0,6
03 Asturias, Principado de;07 Transporte;Variación mensual;2025M02;0,4
03 Asturias, Principado de;07 Transporte;Variación mensual;2025M01;0,9
03 Asturias, Principado de;07 Transporte;Variación anual;2025M10;
03 Asturias, Principado de;07 Transporte;Variación anual;2025M09;2,1
03 Asturias, Principado de;07 Transporte;Variación anual;2025M08;1,2
03 Asturias, Principado de;07 Transporte;Variación anual;2025M07;0,2
03 Asturias, Principado de;07 Transporte;Variación anual;2025M06;-1
03 Asturias, Principado de;07 Transporte;Variación anual;2025M05;-2
03 Asturias, Principado de;07 Transporte;Variación anual;2025M04;-2,2
03 Asturias, Principado de;07 Transporte;Variación anual;2025M03;-1,2
03 Asturias, Principado de;07 Transporte;Variación anual;2025M02;0,1
03 Asturias, Principado de;07 Transporte;Variación anual;2025M01;1,1
03 Asturias, Principado de;07 Transporte;Variación en lo que va de año;2025M10;
03 Asturias, Principado de;07 Transporte;Variación en lo que va de año;2025M09;1,3
03 Asturias, Principado de;07 Transporte;Variación en lo que va de año;2025M08;1,8
03 Asturias, Principado de;07 Transporte;Variación en lo que va de año;2025M07;1,6
03 Asturias, Principado de;07 Transporte;Variación en lo que va de año;2025M06;0,2
03 Asturias, Principado de;07 Transporte;Variación en lo que va de año;2025M05;-0,3
03 Asturias, Principado de;07 Transporte;Variación en lo que va de año;2025M04;0,3
03 Asturias, Principado de;07 Transporte;Variación en lo que va de año;2025M03;0,7
03 Asturias, Principado de;07 Transporte;Variación en lo que va de año;2025M02;1,3
03 Asturias, Principado de;07 Transporte;Variación en lo que va de año;2025M01;0,9
03 Asturias, Principado de;08 Comunicaciones;Índice;2025M10;
03 Asturias, Principado de;08 Comunicaciones;Índice;2025M09;102,095
03 Asturias, Principado de;08 Comunicaciones;Índice;2025M08;102,172
03 Asturias, Principado de;08 Comunicaciones;Índice;2025M07;102,053
03 Asturias, Principado de;08 Comunicaciones;Índice;2025M06;103,918
03 Asturias, Principado de;08 Comunicaciones;Índice;2025M05;103,9
03 Asturias, Principado de;08 Comunicaciones;Índice;2025M04;104,101
03 Asturias, Principado de;08 Comunicaciones;Índice;2025M03;103,907
03 Asturias, Principado de;08 Comunicaciones;Índice;2025M02;103,98
03 Asturias, Principado de;08 Comunicaciones;Índice;2025M01;103,29
03 Asturias, Principado de;08 Comunicaciones;Variación mensual;2025M10;
03 Asturias, Principado de;08 Comunicaciones;Variación mensual;2025M09;-0,1
03 Asturias, Principado de;08 Comunicaciones;Variación mensual;2025M08;0,1
03 Asturias, Principado de;08 Comunicaciones;Variación mensual;2025M07;-1,8
03 Asturias, Principado de;08 Comunicaciones;Variación mensual;2025M06;0
03 Asturias, Principado de;08 Comunicaciones;Variación mensual;2025M05;-0,2
03 Asturias, Principado de;08 Comunicaciones;Variación mensual;2025M04;0,2
03 Asturias, Principado de;08 Comunicaciones;Variación mensual;2025M03;-0,1
03 Asturias, Principado de;08 Comunicaciones;Variación mensual;2025M02;0,7
03 Asturias, Principado de;08 Comunicaciones;Variación mensual;2025M01;2,9
03 Asturias, Principado de;08 Comunicaciones;Variación anual;2025M10;
03 Asturias, Principado de;08 Comunicaciones;Variación anual;2025M09;0,7
03 Asturias, Principado de;08 Comunicaciones;Variación anual;2025M08;0,7
03 Asturias, Principado de;08 Comunicaciones;Variación anual;2025M07;0,5
03 Asturias, Principado de;08 Comunicaciones;Variación anual;2025M06;1,8
03 Asturias, Principado de;08 Comunicaciones;Variación anual;2025M05;1,8
03 Asturias, Principado de;08 Comunicaciones;Variación anual;2025M04;1,9
03 Asturias, Principado de;08 Comunicaciones;Variación anual;2025M03;1,8
03 Asturias, Principado de;08 Comunicaciones;Variación anual;2025M02;1,8
03 Asturias, Principado de;08 Comunicaciones;Variación anual;2025M01;1
03 Asturias, Principado de;08 Comunicaciones;Variación en lo que va de año;2025M10;
03 Asturias, Principado de;08 Comunicaciones;Variación en lo que va de año;2025M09;1,7
03 Asturias, Principado de;08 Comunicaciones;Variación en lo que va de año;2025M08;1,8
03 Asturias, Principado de;08 Comunicaciones;Variación en lo que va de año;2025M07;1,7
03 Asturias, Principado de;08 Comunicaciones;Variación en lo que va de año;2025M06;3,5
03 Asturias, Principado de;08 Comunicaciones;Variación en lo que va de año;2025M05;3,5
03 Asturias, Principado de;08 Comunicaciones;Variación en lo que va de año;2025M04;3,7
03 Asturias, Principado de;08 Comunicaciones;Variación en lo que va de año;2025M03;3,5
03 Asturias, Principado de;08 Comunicaciones;Variación en lo que va de año;2025M02;3,6
03 Asturias, Principado de;08 Comunicaciones;Variación en lo que va de año;2025M01;2,9
03 Asturias, Principado de;09 Ocio y cultura;Índice;2025M10;
03 Asturias, Principado de;09 Ocio y cultura;Índice;2025M09;111,384
03 Asturias, Principado de;09 Ocio y cultura;Índice;2025M08;116,287
03 Asturias, Principado de;09 Ocio y cultura;Índice;2025M07;114,284
03 Asturias, Principado de;09 Ocio y cultura;Índice;2025M06;112,476
03 Asturias, Principado de;09 Ocio y cultura;Índice;2025M05;109,121
03 Asturias, Principado de;09 Ocio y cultura;Índice;2025M04;111,306
03 Asturias, Principado de;09 Ocio y cultura;Índice;2025M03;108,215
03 Asturias, Principado de;09 Ocio y cultura;Índice;2025M02;107,967
03 Asturias, Principado de;09 Ocio y cultura;Índice;2025M01;108,157
03 Asturias, Principado de;09 Ocio y cultura;Variación mensual;2025M10;
03 Asturias, Principado de;09 Ocio y cultura;Variación mensual;2025M09;-4,2
03 Asturias, Principado de;09 Ocio y cultura;Variación mensual;2025M08;1,8
03 Asturias, Principado de;09 Ocio y cultura;Variación mensual;2025M07;1,6
03 Asturias, Principado de;09 Ocio y cultura;Variación mensual;2025M06;3,1
03 Asturias, Principado de;09 Ocio y cultura;Variación mensual;2025M05;-2
03 Asturias, Principado de;09 Ocio y cultura;Variación mensual;2025M04;2,9
03 Asturias, Principado de;09 Ocio y cultura;Variación mensual;2025M03;0,2
03 Asturias, Principado de;09 Ocio y cultura;Variación mensual;2025M02;-0,2
03 Asturias, Principado de;09 Ocio y cultura;Variación mensual;2025M01;-3,1
03 Asturias, Principado de;09 Ocio y cultura;Variación anual;2025M10;
03 Asturias, Principado de;09 Ocio y cultura;Variación anual;2025M09;1,1
03 Asturias, Principado de;09 Ocio y cultura;Variación anual;2025M08;0,2
03 Asturias, Principado de;09 Ocio y cultura;Variación anual;2025M07;-0,2
03 Asturias, Principado de;09 Ocio y cultura;Variación anual;2025M06;-0,3
03 Asturias, Principado de;09 Ocio y cultura;Variación anual;2025M05;0,2
03 Asturias, Principado de;09 Ocio y cultura;Variación anual;2025M04;2,7
03 Asturias, Principado de;09 Ocio y cultura;Variación anual;2025M03;-0,4
03 Asturias, Principado de;09 Ocio y cultura;Variación anual;2025M02;0,8
03 Asturias, Principado de;09 Ocio y cultura;Variación anual;2025M01;2,3
03 Asturias, Principado de;09 Ocio y cultura;Variación en lo que va de año;2025M10;
03 Asturias, Principado de;09 Ocio y cultura;Variación en lo que va de año;2025M09;-0,2
03 Asturias, Principado de;09 Ocio y cultura;Variación en lo que va de año;2025M08;4,2
03 Asturias, Principado de;09 Ocio y cultura;Variación en lo que va de año;2025M07;2,4
03 Asturias, Principado de;09 Ocio y cultura;Variación en lo que va de año;2025M06;0,8
03 Asturias, Principado de;09 Ocio y cultura;Variación en lo que va de año;2025M05;-2,2
03 Asturias, Principado de;09 Ocio y cultura;Variación en lo que va de año;2025M04;-0,3
03 Asturias, Principado de;09 Ocio y cultura;Variación en lo que va de año;2025M03;-3
03 Asturias, Principado de;09 Ocio y cultura;Variación en lo que va de año;2025M02;-3,3
03 Asturias, Principado de;09 Ocio y cultura;Variación en lo que va de año;2025M01;-3,1
03 Asturias, Principado de;10 Enseñanza;Índice;2025M10;
03 Asturias, Principado de;10 Enseñanza;Índice;2025M09;110,845
03 Asturias, Principado de;10 Enseñanza;Índice;2025M08;110,669
03 Asturias, Principado de;10 Enseñanza;Índice;2025M07;110,669
03 Asturias, Principado de;10 Enseñanza;Índice;2025M06;110,669
03 Asturias, Principado de;10 Enseñanza;Índice;2025M05;110,47
03 Asturias, Principado de;10 Enseñanza;Índice;2025M04;110,47
03 Asturias, Principado de;10 Enseñanza;Índice;2025M03;110,47
03 Asturias, Principado de;10 Enseñanza;Índice;2025M02;110,47
03 Asturias, Principado de;10 Enseñanza;Índice;2025M01;110,221
03 Asturias, Principado de;10 Enseñanza;Variación mensual;2025M10;
03 Asturias, Principado de;10 Enseñanza;Variación mensual;2025M09;0,2
03 Asturias, Principado de;10 Enseñanza;Variación mensual;2025M08;0
03 Asturias, Principado de;10 Enseñanza;Variación mensual;2025M07;0
03 Asturias, Principado de;10 Enseñanza;Variación mensual;2025M06;0,2
03 Asturias, Principado de;10 Enseñanza;Variación mensual;2025M05;0
03 Asturias, Principado de;10 Enseñanza;Variación mensual;2025M04;0
03 Asturias, Principado de;10 Enseñanza;Variación mensual;2025M03;0
03 Asturias, Principado de;10 Enseñanza;Variación mensual;2025M02;0,2
03 Asturias, Principado de;10 Enseñanza;Variación mensual;2025M01;0
03 Asturias, Principado de;10 Enseñanza;Variación anual;2025M10;
03 Asturias, Principado de;10 Enseñanza;Variación anual;2025M09;1,6
03 Asturias, Principado de;10 Enseñanza;Variación anual;2025M08;2,6
03 Asturias, Principado de;10 Enseñanza;Variación anual;2025M07;2,8
03 Asturias, Principado de;10 Enseñanza;Variación anual;2025M06;2,8
03 Asturias, Principado de;10 Enseñanza;Variación anual;2025M05;2,6
03 Asturias, Principado de;10 Enseñanza;Variación anual;2025M04;2,6
03 Asturias, Principado de;10 Enseñanza;Variación anual;2025M03;2,6
03 Asturias, Principado de;10 Enseñanza;Variación anual;2025M02;2,6
03 Asturias, Principado de;10 Enseñanza;Variación anual;2025M01;2,4
03 Asturias, Principado de;10 Enseñanza;Variación en lo que va de año;2025M10;
03 Asturias, Principado de;10 Enseñanza;Variación en lo que va de año;2025M09;0,6
03 Asturias, Principado de;10 Enseñanza;Variación en lo que va de año;2025M08;0,4
03 Asturias, Principado de;10 Enseñanza;Variación en lo que va de año;2025M07;0,4
03 Asturias, Principado de;10 Enseñanza;Variación en lo que va de año;2025M06;0,4
03 Asturias, Principado de;10 Enseñanza;Variación en lo que va de año;2025M05;0,2
03 Asturias, Principado de;10 Enseñanza;Variación en lo que va de año;2025M04;0,2
03 Asturias, Principado de;10 Enseñanza;Variación en lo que va de año;2025M03;0,2
03 Asturias, Principado de;10 Enseñanza;Variación en lo que va de año;2025M02;0,2
03 Asturias, Principado de;10 Enseñanza;Variación en lo que va de año;2025M01;0
03 Asturias, Principado de;11 Restaurantes y hoteles;Índice;2025M10;
03 Asturias, Principado de;11 Restaurantes y hoteles;Índice;2025M09;124,772
03 Asturias, Principado de;11 Restaurantes y hoteles;Índice;2025M08;128,276
03 Asturias, Principado de;11 Restaurantes y hoteles;Índice;2025M07;126,467
03 Asturias, Principado de;11 Restaurantes y hoteles;Índice;2025M06;123,181
03 Asturias, Principado de;11 Restaurantes y hoteles;Índice;2025M05;122,008
03 Asturias, Principado de;11 Restaurantes y hoteles;Índice;2025M04;121,934
03 Asturias, Principado de;11 Restaurantes y hoteles;Índice;2025M03;120,415
03 Asturias, Principado de;11 Restaurantes y hoteles;Índice;2025M02;119,718
03 Asturias, Principado de;11 Restaurantes y hoteles;Índice;2025M01;118,764
03 Asturias, Principado de;11 Restaurantes y hoteles;Variación mensual;2025M10;
03 Asturias, Principado de;11 Restaurantes y hoteles;Variación mensual;2025M09;-2,7
03 Asturias, Principado de;11 Restaurantes y hoteles;Variación mensual;2025M08;1,4
03 Asturias, Principado de;11 Restaurantes y hoteles;Variación mensual;2025M07;2,7
03 Asturias, Principado de;11 Restaurantes y hoteles;Variación mensual;2025M06;1
03 Asturias, Principado de;11 Restaurantes y hoteles;Variación mensual;2025M05;0,1
03 Asturias, Principado de;11 Restaurantes y hoteles;Variación mensual;2025M04;1,3
03 Asturias, Principado de;11 Restaurantes y hoteles;Variación mensual;2025M03;0,6
03 Asturias, Principado de;11 Restaurantes y hoteles;Variación mensual;2025M02;0,8
03 Asturias, Principado de;11 Restaurantes y hoteles;Variación mensual;2025M01;-0,2
03 Asturias, Principado de;11 Restaurantes y hoteles;Variación anual;2025M10;
03 Asturias, Principado de;11 Restaurantes y hoteles;Variación anual;2025M09;4,6
03 Asturias, Principado de;11 Restaurantes y hoteles;Variación anual;2025M08;6,1
03 Asturias, Principado de;11 Restaurantes y hoteles;Variación anual;2025M07;6,1
03 Asturias, Principado de;11 Restaurantes y hoteles;Variación anual;2025M06;5,1
03 Asturias, Principado de;11 Restaurantes y hoteles;Variación anual;2025M05;5
03 Asturias, Principado de;11 Restaurantes y hoteles;Variación anual;2025M04;5,1
03 Asturias, Principado de;11 Restaurantes y hoteles;Variación anual;2025M03;3,7
03 Asturias, Principado de;11 Restaurantes y hoteles;Variación anual;2025M02;4,5
03 Asturias, Principado de;11 Restaurantes y hoteles;Variación anual;2025M01;4,4
03 Asturias, Principado de;11 Restaurantes y hoteles;Variación en lo que va de año;2025M10;
03 Asturias, Principado de;11 Restaurantes y hoteles;Variación en lo que va de año;2025M09;4,8
03 Asturias, Principado de;11 Restaurantes y hoteles;Variación en lo que va de año;2025M08;7,8
03 Asturias, Principado de;11 Restaurantes y hoteles;Variación en lo que va de año;2025M07;6,2
03 Asturias, Principado de;11 Restaurantes y hoteles;Variación en lo que va de año;2025M06;3,5
03 Asturias, Principado de;11 Restaurantes y hoteles;Variación en lo que va de año;2025M05;2,5
03 Asturias, Principado de;11 Restaurantes y hoteles;Variación en lo que va de año;2025M04;2,4
03 Asturias, Principado de;11 Restaurantes y hoteles;Variación en lo que va de año;2025M03;1,2
03 Asturias, Principado de;11 Restaurantes y hoteles;Variación en lo que va de año;2025M02;0,6
03 Asturias, Principado de;11 Restaurantes y hoteles;Variación en lo que va de año;2025M01;-0,2
03 Asturias, Principado de;12 Otros bienes y servicios;Índice;2025M10;
03 Asturias, Principado de;12 Otros bienes y servicios;Índice;2025M09;116,163
03 Asturias, Principado de;12 Otros bienes y servicios;Índice;2025M08;116,31
03 Asturias, Principado de;12 Otros bienes y servicios;Índice;2025M07;115,68
03 Asturias, Principado de;12 Otros bienes y servicios;Índice;2025M06;116,313
03 Asturias, Principado de;12 Otros bienes y servicios;Índice;2025M05;115,074
03 Asturias, Principado de;12 Otros bienes y servicios;Índice;2025M04;114,885
03 Asturias, Principado de;12 Otros bienes y servicios;Índice;2025M03;114,738
03 Asturias, Principado de;12 Otros bienes y servicios;Índice;2025M02;114,279
03 Asturias, Principado de;12 Otros bienes y servicios;Índice;2025M01;113,606
03 Asturias, Principado de;12 Otros bienes y servicios;Variación mensual;2025M10;
03 Asturias, Principado de;12 Otros bienes y servicios;Variación mensual;2025M09;-0,1
03 Asturias, Principado de;12 Otros bienes y servicios;Variación mensual;2025M08;0,5
03 Asturias, Principado de;12 Otros bienes y servicios;Variación mensual;2025M07;-0,5
03 Asturias, Principado de;12 Otros bienes y servicios;Variación mensual;2025M06;1,1
03 Asturias, Principado de;12 Otros bienes y servicios;Variación mensual;2025M05;0,2
03 Asturias, Principado de;12 Otros bienes y servicios;Variación mensual;2025M04;0,1
03 Asturias, Principado de;12 Otros bienes y servicios;Variación mensual;2025M03;0,4
03 Asturias, Principado de;12 Otros bienes y servicios;Variación mensual;2025M02;0,6
03 Asturias, Principado de;12 Otros bienes y servicios;Variación mensual;2025M01;0,2
03 Asturias, Principado de;12 Otros bienes y servicios;Variación anual;2025M10;
03 Asturias, Principado de;12 Otros bienes y servicios;Variación anual;2025M09;3,4
03 Asturias, Principado de;12 Otros bienes y servicios;Variación anual;2025M08;3,1
03 Asturias, Principado de;12 Otros bienes y servicios;Variación anual;2025M07;3,1
03 Asturias, Principado de;12 Otros bienes y servicios;Variación anual;2025M06;3,1
03 Asturias, Principado de;12 Otros bienes y servicios;Variación anual;2025M05;3
03 Asturias, Principado de;12 Otros bienes y servicios;Variación anual;2025M04;2,9
03 Asturias, Principado de;12 Otros bienes y servicios;Variación anual;2025M03;3,6
03 Asturias, Principado de;12 Otros bienes y servicios;Variación anual;2025M02;3,4
03 Asturias, Principado de;12 Otros bienes y servicios;Variación anual;2025M01;3,2
03 Asturias, Principado de;12 Otros bienes y servicios;Variación en lo que va de año;2025M10;
03 Asturias, Principado de;12 Otros bienes y servicios;Variación en lo que va de año;2025M09;2,5
03 Asturias, Principado de;12 Otros bienes y servicios;Variación en lo que va de año;2025M08;2,6
03 Asturias, Principado de;12 Otros bienes y servicios;Variación en lo que va de año;2025M07;2,1
03 Asturias, Principado de;12 Otros bienes y servicios;Variación en lo que va de año;2025M06;2,6
03 Asturias, Principado de;12 Otros bienes y servicios;Variación en lo que va de año;2025M05;1,5
03 Asturias, Principado de;12 Otros bienes y servicios;Variación en lo que va de año;2025M04;1,4
03 Asturias, Principado de;12 Otros bienes y servicios;Variación en lo que va de año;2025M03;1,2
03 Asturias, Principado de;12 Otros bienes y servicios;Variación en lo que va de año;2025M02;0,8
03 Asturias, Principado de;12 Otros bienes y servicios;Variación en lo que va de año;2025M01;0,2
04 Balears, Illes;01 Alimentos y bebidas no alcohólicas;Índice;2025M10;
04 Balears, Illes;01 Alimentos y bebidas no alcohólicas;Índice;2025M09;131,153
04 Balears, Illes;01 Alimentos y bebidas no alcohólicas;Índice;2025M08;131,775
04 Balears, Illes;01 Alimentos y bebidas no alcohólicas;Índice;2025M07;133,26
04 Balears, Illes;01 Alimentos y bebidas no alcohólicas;Índice;2025M06;133,002
04 Balears, Illes;01 Alimentos y bebidas no alcohólicas;Índice;2025M05;132,984
04 Balears, Illes;01 Alimentos y bebidas no alcohólicas;Índice;2025M04;132,621
04 Balears, Illes;01 Alimentos y bebidas no alcohólicas;Índice;2025M03;132,467
04 Balears, Illes;01 Alimentos y bebidas no alcohólicas;Índice;2025M02;131,468
04 Balears, Illes;01 Alimentos y bebidas no alcohólicas;Índice;2025M01;131,149
04 Balears, Illes;01 Alimentos y bebidas no alcohólicas;Variación mensual;2025M10;
04 Balears, Illes;01 Alimentos y bebidas no alcohólicas;Variación mensual;2025M09;-0,5
04 Balears, Illes;01 Alimentos y bebidas no alcohólicas;Variación mensual;2025M08;-1,1
04 Balears, Illes;01 Alimentos y bebidas no alcohólicas;Variación mensual;2025M07;0,2
04 Balears, Illes;01 Alimentos y bebidas no alcohólicas;Variación mensual;2025M06;0
04 Balears, Illes;01 Alimentos y bebidas no alcohólicas;Variación mensual;2025M05;0,3
04 Balears, Illes;01 Alimentos y bebidas no alcohólicas;Variación mensual;2025M04;0,1
04 Balears, Illes;01 Alimentos y bebidas no alcohólicas;Variación mensual;2025M03;0,8
04 Balears, Illes;01 Alimentos y bebidas no alcohólicas;Variación mensual;2025M02;0,2
04 Balears, Illes;01 Alimentos y bebidas no alcohólicas;Variación mensual;2025M01;0,9
04 Balears, Illes;01 Alimentos y bebidas no alcohólicas;Variación anual;2025M10;
04 Balears, Illes;01 Alimentos y bebidas no alcohólicas;Variación anual;2025M09;2,6
04 Balears, Illes;01 Alimentos y bebidas no alcohólicas;Variación anual;2025M08;2,8
04 Balears, Illes;01 Alimentos y bebidas no alcohólicas;Variación anual;2025M07;4
04 Balears, Illes;01 Alimentos y bebidas no alcohólicas;Variación anual;2025M06;2,9
04 Balears, Illes;01 Alimentos y bebidas no alcohólicas;Variación anual;2025M05;3,1
04 Balears, Illes;01 Alimentos y bebidas no alcohólicas;Variación anual;2025M04;3,1
04 Balears, Illes;01 Alimentos y bebidas no alcohólicas;Variación anual;2025M03;3,8
04 Balears, Illes;01 Alimentos y bebidas no alcohólicas;Variación anual;2025M02;3,7
04 Balears, Illes;01 Alimentos y bebidas no alcohólicas;Variación anual;2025M01;3,2
04 Balears, Illes;01 Alimentos y bebidas no alcohólicas;Variación en lo que va de año;2025M10;
04 Balears, Illes;01 Alimentos y bebidas no alcohólicas;Variación en lo que va de año;2025M09;0,9
04 Balears, Illes;01 Alimentos y bebidas no alcohólicas;Variación en lo que va de año;2025M08;1,4
04 Balears, Illes;01 Alimentos y bebidas no alcohólicas;Variación en lo que va de año;2025M07;2,5
04 Balears, Illes;01 Alimentos y bebidas no alcohólicas;Variación en lo que va de año;2025M06;2,3
04 Balears, Illes;01 Alimentos y bebidas no alcohólicas;Variación en lo que va de año;2025M05;2,3
04 Balears, Illes;01 Alimentos y bebidas no alcohólicas;Variación en lo que va de año;2025M04;2
04 Balears, Illes;01 Alimentos y bebidas no alcohólicas;Variación en lo que va de año;2025M03;1,9
04 Balears, Illes;01 Alimentos y bebidas no alcohólicas;Variación en lo que va de año;2025M02;1,2
04 Balears, Illes;01 Alimentos y bebidas no alcohólicas;Variación en lo que va de año;2025M01;0,9
04 Balears, Illes;02 Bebidas alcohólicas y tabaco;Índice;2025M10;
04 Balears, Illes;02 Bebidas alcohólicas y tabaco;Índice;2025M09;122,001
04 Balears, Illes;02 Bebidas alcohólicas y tabaco;Índice;2025M08;121,623
04 Balears, Illes;02 Bebidas alcohólicas y tabaco;Índice;2025M07;121,873
04 Balears, Illes;02 Bebidas alcohólicas y tabaco;Índice;2025M06;120,994
04 Balears, Illes;02 Bebidas alcohólicas y tabaco;Índice;2025M05;121,23
04 Balears, Illes;02 Bebidas alcohólicas y tabaco;Índice;2025M04;120,403
04 Balears, Illes;02 Bebidas alcohólicas y tabaco;Índice;2025M03;120,137
04 Balears, Illes;02 Bebidas alcohólicas y tabaco;Índice;2025M02;120,266
04 Balears, Illes;02 Bebidas alcohólicas y tabaco;Índice;2025M01;119,423
04 Balears, Illes;02 Bebidas alcohólicas y tabaco;Variación mensual;2025M10;
04 Balears, Illes;02 Bebidas alcohólicas y tabaco;Variación mensual;2025M09;0,3
04 Balears, Illes;02 Bebidas alcohólicas y tabaco;Variación mensual;2025M08;-0,2
04 Balears, Illes;02 Bebidas alcohólicas y tabaco;Variación mensual;2025M07;0,7
04 Balears, Illes;02 Bebidas alcohólicas y tabaco;Variación mensual;2025M06;-0,2
04 Balears, Illes;02 Bebidas alcohólicas y tabaco;Variación mensual;2025M05;0,7
04 Balears, Illes;02 Bebidas alcohólicas y tabaco;Variación mensual;2025M04;0,2
04 Balears, Illes;02 Bebidas alcohólicas y tabaco;Variación mensual;2025M03;-0,1
04 Balears, Illes;02 Bebidas alcohólicas y tabaco;Variación mensual;2025M02;0,7
04 Balears, Illes;02 Bebidas alcohólicas y tabaco;Variación mensual;2025M01;0,6
04 Balears, Illes;02 Bebidas alcohólicas y tabaco;Variación anual;2025M10;
04 Balears, Illes;02 Bebidas alcohólicas y tabaco;Variación anual;2025M09;4,1
04 Balears, Illes;02 Bebidas alcohólicas y tabaco;Variación anual;2025M08;4,1
04 Balears, Illes;02 Bebidas alcohólicas y tabaco;Variación anual;2025M07;4,9
04 Balears, Illes;02 Bebidas alcohólicas y tabaco;Variación anual;2025M06;3,5
04 Balears, Illes;02 Bebidas alcohólicas y tabaco;Variación anual;2025M05;3,1
04 Balears, Illes;02 Bebidas alcohólicas y tabaco;Variación anual;2025M04;2,8
04 Balears, Illes;02 Bebidas alcohólicas y tabaco;Variación anual;2025M03;2,6
04 Balears, Illes;02 Bebidas alcohólicas y tabaco;Variación anual;2025M02;2,6
04 Balears, Illes;02 Bebidas alcohólicas y tabaco;Variación anual;2025M01;3,1
04 Balears, Illes;02 Bebidas alcohólicas y tabaco;Variación en lo que va de año;2025M10;
04 Balears, Illes;02 Bebidas alcohólicas y tabaco;Variación en lo que va de año;2025M09;2,8
04 Balears, Illes;02 Bebidas alcohólicas y tabaco;Variación en lo que va de año;2025M08;2,5
04 Balears, Illes;02 Bebidas alcohólicas y tabaco;Variación en lo que va de año;2025M07;2,7
04 Balears, Illes;02 Bebidas alcohólicas y tabaco;Variación en lo que va de año;2025M06;2
04 Balears, Illes;02 Bebidas alcohólicas y tabaco;Variación en lo que va de año;2025M05;2,2
04 Balears, Illes;02 Bebidas alcohólicas y tabaco;Variación en lo que va de año;2025M04;1,5
04 Balears, Illes;02 Bebidas alcohólicas y tabaco;Variación en lo que va de año;2025M03;1,2
04 Balears, Illes;02 Bebidas alcohólicas y tabaco;Variación en lo que va de año;2025M02;1,4
04 Balears, Illes;02 Bebidas alcohólicas y tabaco;Variación en lo que va de año;2025M01;0,6
04 Balears, Illes;03 Vestido y calzado;Índice;2025M10;
04 Balears, Illes;03 Vestido y calzado;Índice;2025M09;99,455
04 Balears, Illes;03 Vestido y calzado;Índice;2025M08;97,637
04 Balears, Illes;03 Vestido y calzado;Índice;2025M07;99,537
04 Balears, Illes;03 Vestido y calzado;Índice;2025M06;108,976
04 Balears, Illes;03 Vestido y calzado;Índice;2025M05;109,932
04 Balears, Illes;03 Vestido y calzado;Índice;2025M04;107,879
04 Balears, Illes;03 Vestido y calzado;Índice;2025M03;99,176
04 Balears, Illes;03 Vestido y calzado;Índice;2025M02;96,842
04 Balears, Illes;03 Vestido y calzado;Índice;2025M01;97,502
04 Balears, Illes;03 Vestido y calzado;Variación mensual;2025M10;
04 Balears, Illes;03 Vestido y calzado;Variación mensual;2025M09;1,9
04 Balears, Illes;03 Vestido y calzado;Variación mensual;2025M08;-1,9
04 Balears, Illes;03 Vestido y calzado;Variación mensual;2025M07;-8,7
04 Balears, Illes;03 Vestido y calzado;Variación mensual;2025M06;-0,9
04 Balears, Illes;03 Vestido y calzado;Variación mensual;2025M05;1,9
04 Balears, Illes;03 Vestido y calzado;Variación mensual;2025M04;8,8
04 Balears, Illes;03 Vestido y calzado;Variación mensual;2025M03;2,4
04 Balears, Illes;03 Vestido y calzado;Variación mensual;2025M02;-0,7
04 Balears, Illes;03 Vestido y calzado;Variación mensual;2025M01;-12,4
04 Balears, Illes;03 Vestido y calzado;Variación anual;2025M10;
04 Balears, Illes;03 Vestido y calzado;Variación anual;2025M09;-0,3
04 Balears, Illes;03 Vestido y calzado;Variación anual;2025M08;0,3
04 Balears, Illes;03 Vestido y calzado;Variación anual;2025M07;0,9
04 Balears, Illes;03 Vestido y calzado;Variación anual;2025M06;0,5
04 Balears, Illes;03 Vestido y calzado;Variación anual;2025M05;1
04 Balears, Illes;03 Vestido y calzado;Variación anual;2025M04;2,6
04 Balears, Illes;03 Vestido y calzado;Variación anual;2025M03;-0,6
04 Balears, Illes;03 Vestido y calzado;Variación anual;2025M02;-0,1
04 Balears, Illes;03 Vestido y calzado;Variación anual;2025M01;-1,1
04 Balears, Illes;03 Vestido y calzado;Variación en lo que va de año;2025M10;
04 Balears, Illes;03 Vestido y calzado;Variación en lo que va de año;2025M09;-10,6
04 Balears, Illes;03 Vestido y calzado;Variación en lo que va de año;2025M08;-12,3
04 Balears, Illes;03 Vestido y calzado;Variación en lo que va de año;2025M07;-10,6
04 Balears, Illes;03 Vestido y calzado;Variación en lo que va de año;2025M06;-2,1
04 Balears, Illes;03 Vestido y calzado;Variación en lo que va de año;2025M05;-1,2
04 Balears, Illes;03 Vestido y calzado;Variación en lo que va de año;2025M04;-3,1
04 Balears, Illes;03 Vestido y calzado;Variación en lo que va de año;2025M03;-10,9
04 Balears, Illes;03 Vestido y calzado;Variación en lo que va de año;2025M02;-13
04 Balears, Illes;03 Vestido y calzado;Variación en lo que va de año;2025M01;-12,4
04 Balears, Illes;04 Vivienda, agua, electricidad, gas y otros combustibles;Índice;2025M10;
04 Balears, Illes;04 Vivienda, agua, electricidad, gas y otros combustibles;Índice;2025M09;111,722
04 Balears, Illes;04 Vivienda, agua, electricidad, gas y otros combustibles;Índice;2025M08;112,064
04 Balears, Illes;04 Vivienda, agua, electricidad, gas y otros combustibles;Índice;2025M07;112,136
04 Balears, Illes;04 Vivienda, agua, electricidad, gas y otros combustibles;Índice;2025M06;111,662
04 Balears, Illes;04 Vivienda, agua, electricidad, gas y otros combustibles;Índice;2025M05;110,105
04 Balears, Illes;04 Vivienda, agua, electricidad, gas y otros combustibles;Índice;2025M04;109,565
04 Balears, Illes;04 Vivienda, agua, electricidad, gas y otros combustibles;Índice;2025M03;110,388
04 Balears, Illes;04 Vivienda, agua, electricidad, gas y otros combustibles;Índice;2025M02;112,133
04 Balears, Illes;04 Vivienda, agua, electricidad, gas y otros combustibles;Índice;2025M01;111,796
04 Balears, Illes;04 Vivienda, agua, electricidad, gas y otros combustibles;Variación mensual;2025M10;
04 Balears, Illes;04 Vivienda, agua, electricidad, gas y otros combustibles;Variación mensual;2025M09;-0,3
04 Balears, Illes;04 Vivienda, agua, electricidad, gas y otros combustibles;Variación mensual;2025M08;-0,1
04 Balears, Illes;04 Vivienda, agua, electricidad, gas y otros combustibles;Variación mensual;2025M07;0,4
04 Balears, Illes;04 Vivienda, agua, electricidad, gas y otros combustibles;Variación mensual;2025M06;1,4
04 Balears, Illes;04 Vivienda, agua, electricidad, gas y otros combustibles;Variación mensual;2025M05;0,5
04 Balears, Illes;04 Vivienda, agua, electricidad, gas y otros combustibles;Variación mensual;2025M04;-0,7
04 Balears, Illes;04 Vivienda, agua, electricidad, gas y otros combustibles;Variación mensual;2025M03;-1,6
04 Balears, Illes;04 Vivienda, agua, electricidad, gas y otros combustibles;Variación mensual;2025M02;0,3
04 Balears, Illes;04 Vivienda, agua, electricidad, gas y otros combustibles;Variación mensual;2025M01;3,4
04 Balears, Illes;04 Vivienda, agua, electricidad, gas y otros combustibles;Variación anual;2025M10;
04 Balears, Illes;04 Vivienda, agua, electricidad, gas y otros combustibles;Variación anual;2025M09;6,2
04 Balears, Illes;04 Vivienda, agua, electricidad, gas y otros combustibles;Variación anual;2025M08;5,8
04 Balears, Illes;04 Vivienda, agua, electricidad, gas y otros combustibles;Variación anual;2025M07;6,6
04 Balears, Illes;04 Vivienda, agua, electricidad, gas y otros combustibles;Variación anual;2025M06;4,2
04 Balears, Illes;04 Vivienda, agua, electricidad, gas y otros combustibles;Variación anual;2025M05;3,4
04 Balears, Illes;04 Vivienda, agua, electricidad, gas y otros combustibles;Variación anual;2025M04;4
04 Balears, Illes;04 Vivienda, agua, electricidad, gas y otros combustibles;Variación anual;2025M03;5,2
04 Balears, Illes;04 Vivienda, agua, electricidad, gas y otros combustibles;Variación anual;2025M02;9,4
04 Balears, Illes;04 Vivienda, agua, electricidad, gas y otros combustibles;Variación anual;2025M01;7,5
04 Balears, Illes;04 Vivienda, agua, electricidad, gas y otros combustibles;Variación en lo que va de año;2025M10;
04 Balears, Illes;04 Vivienda, agua, electricidad, gas y otros combustibles;Variación en lo que va de año;2025M09;3,3
04 Balears, Illes;04 Vivienda, agua, electricidad, gas y otros combustibles;Variación en lo que va de año;2025M08;3,6
04 Balears, Illes;04 Vivienda, agua, electricidad, gas y otros combustibles;Variación en lo que va de año;2025M07;3,7
04 Balears, Illes;04 Vivienda, agua, electricidad, gas y otros combustibles;Variación en lo que va de año;2025M06;3,3
04 Balears, Illes;04 Vivienda, agua, electricidad, gas y otros combustibles;Variación en lo que va de año;2025M05;1,8
04 Balears, Illes;04 Vivienda, agua, electricidad, gas y otros combustibles;Variación en lo que va de año;2025M04;1,3
04 Balears, Illes;04 Vivienda, agua, electricidad, gas y otros combustibles;Variación en lo que va de año;2025M03;2,1
04 Balears, Illes;04 Vivienda, agua, electricidad, gas y otros combustibles;Variación en lo que va de año;2025M02;3,7
04 Balears, Illes;04 Vivienda, agua, electricidad, gas y otros combustibles;Variación en lo que va de año;2025M01;3,4
04 Balears, Illes;05 Muebles, artículos del hogar y artículos para el mantenimiento corriente del hogar;Índice;2025M10;
04 Balears, Illes;05 Muebles, artículos del hogar y artículos para el mantenimiento corriente del hogar;Índice;2025M09;114,693
04 Balears, Illes;05 Muebles, artículos del hogar y artículos para el mantenimiento corriente del hogar;Índice;2025M08;114,675
04 Balears, Illes;05 Muebles, artículos del hogar y artículos para el mantenimiento corriente del hogar;Índice;2025M07;114,836
04 Balears, Illes;05 Muebles, artículos del hogar y artículos para el mantenimiento corriente del hogar;Índice;2025M06;115,739
04 Balears, Illes;05 Muebles, artículos del hogar y artículos para el mantenimiento corriente del hogar;Índice;2025M05;115,472
04 Balears, Illes;05 Muebles, artículos del hogar y artículos para el mantenimiento corriente del hogar;Índice;2025M04;114,941
04 Balears, Illes;05 Muebles, artículos del hogar y artículos para el mantenimiento corriente del hogar;Índice;2025M03;114,837
04 Balears, Illes;05 Muebles, artículos del hogar y artículos para el mantenimiento corriente del hogar;Índice;2025M02;114,165
04 Balears, Illes;05 Muebles, artículos del hogar y artículos para el mantenimiento corriente del hogar;Índice;2025M01;113,563
04 Balears, Illes;05 Muebles, artículos del hogar y artículos para el mantenimiento corriente del hogar;Variación mensual;2025M10;
04 Balears, Illes;05 Muebles, artículos del hogar y artículos para el mantenimiento corriente del hogar;Variación mensual;2025M09;0
04 Balears, Illes;05 Muebles, artículos del hogar y artículos para el mantenimiento corriente del hogar;Variación mensual;2025M08;-0,1
04 Balears, Illes;05 Muebles, artículos del hogar y artículos para el mantenimiento corriente del hogar;Variación mensual;2025M07;-0,8
04 Balears, Illes;05 Muebles, artículos del hogar y artículos para el mantenimiento corriente del hogar;Variación mensual;2025M06;0,2
04 Balears, Illes;05 Muebles, artículos del hogar y artículos para el mantenimiento corriente del hogar;Variación mensual;2025M05;0,5
04 Balears, Illes;05 Muebles, artículos del hogar y artículos para el mantenimiento corriente del hogar;Variación mensual;2025M04;0,1
04 Balears, Illes;05 Muebles, artículos del hogar y artículos para el mantenimiento corriente del hogar;Variación mensual;2025M03;0,6
04 Balears, Illes;05 Muebles, artículos del hogar y artículos para el mantenimiento corriente del hogar;Variación mensual;2025M02;0,5
04 Balears, Illes;05 Muebles, artículos del hogar y artículos para el mantenimiento corriente del hogar;Variación mensual;2025M01;-1
04 Balears, Illes;05 Muebles, artículos del hogar y artículos para el mantenimiento corriente del hogar;Variación anual;2025M10;
04 Balears, Illes;05 Muebles, artículos del hogar y artículos para el mantenimiento corriente del hogar;Variación anual;2025M09;1,7
04 Balears, Illes;05 Muebles, artículos del hogar y artículos para el mantenimiento corriente del hogar;Variación anual;2025M08;1,8
04 Balears, Illes;05 Muebles, artículos del hogar y artículos para el mantenimiento corriente del hogar;Variación anual;2025M07;2,1
04 Balears, Illes;05 Muebles, artículos del hogar y artículos para el mantenimiento corriente del hogar;Variación anual;2025M06;2,2
04 Balears, Illes;05 Muebles, artículos del hogar y artículos para el mantenimiento corriente del hogar;Variación anual;2025M05;1,8
04 Balears, Illes;05 Muebles, artículos del hogar y artículos para el mantenimiento corriente del hogar;Variación anual;2025M04;1,4
04 Balears, Illes;05 Muebles, artículos del hogar y artículos para el mantenimiento corriente del hogar;Variación anual;2025M03;1,9
04 Balears, Illes;05 Muebles, artículos del hogar y artículos para el mantenimiento corriente del hogar;Variación anual;2025M02;1,4
04 Balears, Illes;05 Muebles, artículos del hogar y artículos para el mantenimiento corriente del hogar;Variación anual;2025M01;1,5
04 Balears, Illes;05 Muebles, artículos del hogar y artículos para el mantenimiento corriente del hogar;Variación en lo que va de año;2025M10;
04 Balears, Illes;05 Muebles, artículos del hogar y artículos para el mantenimiento corriente del hogar;Variación en lo que va de año;2025M09;0
04 Balears, Illes;05 Muebles, artículos del hogar y artículos para el mantenimiento corriente del hogar;Variación en lo que va de año;2025M08;0
04 Balears, Illes;05 Muebles, artículos del hogar y artículos para el mantenimiento corriente del hogar;Variación en lo que va de año;2025M07;0,1
04 Balears, Illes;05 Muebles, artículos del hogar y artículos para el mantenimiento corriente del hogar;Variación en lo que va de año;2025M06;0,9
04 Balears, Illes;05 Muebles, artículos del hogar y artículos para el mantenimiento corriente del hogar;Variación en lo que va de año;2025M05;0,7
04 Balears, Illes;05 Muebles, artículos del hogar y artículos para el mantenimiento corriente del hogar;Variación en lo que va de año;2025M04;0,2
04 Balears, Illes;05 Muebles, artículos del hogar y artículos para el mantenimiento corriente del hogar;Variación en lo que va de año;2025M03;0,1
04 Balears, Illes;05 Muebles, artículos del hogar y artículos para el mantenimiento corriente del hogar;Variación en lo que va de año;2025M02;-0,4
04 Balears, Illes;05 Muebles, artículos del hogar y artículos para el mantenimiento corriente del hogar;Variación en lo que va de año;2025M01;-1
04 Balears, Illes;06 Sanidad;Índice;2025M10;
04 Balears, Illes;06 Sanidad;Índice;2025M09;114,022
04 Balears, Illes;06 Sanidad;Índice;2025M08;113,896
04 Balears, Illes;06 Sanidad;Índice;2025M07;114,084
04 Balears, Illes;06 Sanidad;Índice;2025M06;113,751
04 Balears, Illes;06 Sanidad;Índice;2025M05;113,619
04 Balears, Illes;06 Sanidad;Índice;2025M04;113,46
04 Balears, Illes;06 Sanidad;Índice;2025M03;112,846
04 Balears, Illes;06 Sanidad;Índice;2025M02;112,408
04 Balears, Illes;06 Sanidad;Índice;2025M01;111,55
04 Balears, Illes;06 Sanidad;Variación mensual;2025M10;
04 Balears, Illes;06 Sanidad;Variación mensual;2025M09;0,1
04 Balears, Illes;06 Sanidad;Variación mensual;2025M08;-0,2
04 Balears, Illes;06 Sanidad;Variación mensual;2025M07;0,3
04 Balears, Illes;06 Sanidad;Variación mensual;2025M06;0,1
04 Balears, Illes;06 Sanidad;Variación mensual;2025M05;0,1
04 Balears, Illes;06 Sanidad;Variación mensual;2025M04;0,5
04 Balears, Illes;06 Sanidad;Variación mensual;2025M03;0,4
04 Balears, Illes;06 Sanidad;Variación mensual;2025M02;0,8
04 Balears, Illes;06 Sanidad;Variación mensual;2025M01;0,3
04 Balears, Illes;06 Sanidad;Variación anual;2025M10;
04 Balears, Illes;06 Sanidad;Variación anual;2025M09;2,8
04 Balears, Illes;06 Sanidad;Variación anual;2025M08;2,7
04 Balears, Illes;06 Sanidad;Variación anual;2025M07;3,2
04 Balears, Illes;06 Sanidad;Variación anual;2025M06;2,9
04 Balears, Illes;06 Sanidad;Variación anual;2025M05;2,9
04 Balears, Illes;06 Sanidad;Variación anual;2025M04;2,9
04 Balears, Illes;06 Sanidad;Variación anual;2025M03;3
04 Balears, Illes;06 Sanidad;Variación anual;2025M02;2,9
04 Balears, Illes;06 Sanidad;Variación anual;2025M01;2,4
04 Balears, Illes;06 Sanidad;Variación en lo que va de año;2025M10;
04 Balears, Illes;06 Sanidad;Variación en lo que va de año;2025M09;2,5
04 Balears, Illes;06 Sanidad;Variación en lo que va de año;2025M08;2,4
04 Balears, Illes;06 Sanidad;Variación en lo que va de año;2025M07;2,5
04 Balears, Illes;06 Sanidad;Variación en lo que va de año;2025M06;2,2
04 Balears, Illes;06 Sanidad;Variación en lo que va de año;2025M05;2,1
04 Balears, Illes;06 Sanidad;Variación en lo que va de año;2025M04;2
04 Balears, Illes;06 Sanidad;Variación en lo que va de año;2025M03;1,4
04 Balears, Illes;06 Sanidad;Variación en lo que va de año;2025M02;1
04 Balears, Illes;06 Sanidad;Variación en lo que va de año;2025M01;0,3
04 Balears, Illes;07 Transporte;Índice;2025M10;
04 Balears, Illes;07 Transporte;Índice;2025M09;115,167
04 Balears, Illes;07 Transporte;Índice;2025M08;117,947
04 Balears, Illes;07 Transporte;Índice;2025M07;116,866
04 Balears, Illes;07 Transporte;Índice;2025M06;115,6
04 Balears, Illes;07 Transporte;Índice;2025M05;113,766
04 Balears, Illes;07 Transporte;Índice;2025M04;116,009
04 Balears, Illes;07 Transporte;Índice;2025M03;115,103
04 Balears, Illes;07 Transporte;Índice;2025M02;115,748
04 Balears, Illes;07 Transporte;Índice;2025M01;114,515
04 Balears, Illes;07 Transporte;Variación mensual;2025M10;
04 Balears, Illes;07 Transporte;Variación mensual;2025M09;-2,4
04 Balears, Illes;07 Transporte;Variación mensual;2025M08;0,9
04 Balears, Illes;07 Transporte;Variación mensual;2025M07;1,1
04 Balears, Illes;07 Transporte;Variación mensual;2025M06;1,6
04 Balears, Illes;07 Transporte;Variación mensual;2025M05;-1,9
04 Balears, Illes;07 Transporte;Variación mensual;2025M04;0,8
04 Balears, Illes;07 Transporte;Variación mensual;2025M03;-0,6
04 Balears, Illes;07 Transporte;Variación mensual;2025M02;1,1
04 Balears, Illes;07 Transporte;Variación mensual;2025M01;0,6
04 Balears, Illes;07 Transporte;Variación anual;2025M10;
04 Balears, Illes;07 Transporte;Variación anual;2025M09;2
04 Balears, Illes;07 Transporte;Variación anual;2025M08;2,3
04 Balears, Illes;07 Transporte;Variación anual;2025M07;1,3
04 Balears, Illes;07 Transporte;Variación anual;2025M06;0,6
04 Balears, Illes;07 Transporte;Variación anual;2025M05;-1,1
04 Balears, Illes;07 Transporte;Variación anual;2025M04;0,5
04 Balears, Illes;07 Transporte;Variación anual;2025M03;0,3
04 Balears, Illes;07 Transporte;Variación anual;2025M02;1,7
04 Balears, Illes;07 Transporte;Variación anual;2025M01;2,4
04 Balears, Illes;07 Transporte;Variación en lo que va de año;2025M10;
04 Balears, Illes;07 Transporte;Variación en lo que va de año;2025M09;1,2
04 Balears, Illes;07 Transporte;Variación en lo que va de año;2025M08;3,6
04 Balears, Illes;07 Transporte;Variación en lo que va de año;2025M07;2,7
04 Balears, Illes;07 Transporte;Variación en lo que va de año;2025M06;1,5
04 Balears, Illes;07 Transporte;Variación en lo que va de año;2025M05;-0,1
04 Balears, Illes;07 Transporte;Variación en lo que va de año;2025M04;1,9
04 Balears, Illes;07 Transporte;Variación en lo que va de año;2025M03;1,1
04 Balears, Illes;07 Transporte;Variación en lo que va de año;2025M02;1,7
04 Balears, Illes;07 Transporte;Variación en lo que va de año;2025M01;0,6
04 Balears, Illes;08 Comunicaciones;Índice;2025M10;
04 Balears, Illes;08 Comunicaciones;Índice;2025M09;103,503
04 Balears, Illes;08 Comunicaciones;Índice;2025M08;103,555
04 Balears, Illes;08 Comunicaciones;Índice;2025M07;103,475
04 Balears, Illes;08 Comunicaciones;Índice;2025M06;105,326
04 Balears, Illes;08 Comunicaciones;Índice;2025M05;105,314
04 Balears, Illes;08 Comunicaciones;Índice;2025M04;105,449
04 Balears, Illes;08 Comunicaciones;Índice;2025M03;105,258
04 Balears, Illes;08 Comunicaciones;Índice;2025M02;105,307
04 Balears, Illes;08 Comunicaciones;Índice;2025M01;104,6
04 Balears, Illes;08 Comunicaciones;Variación mensual;2025M10;
04 Balears, Illes;08 Comunicaciones;Variación mensual;2025M09;0
04 Balears, Illes;08 Comunicaciones;Variación mensual;2025M08;0,1
04 Balears, Illes;08 Comunicaciones;Variación mensual;2025M07;-1,8
04 Balears, Illes;08 Comunicaciones;Variación mensual;2025M06;0
04 Balears, Illes;08 Comunicaciones;Variación mensual;2025M05;-0,1
04 Balears, Illes;08 Comunicaciones;Variación mensual;2025M04;0,2
04 Balears, Illes;08 Comunicaciones;Variación mensual;2025M03;0
04 Balears, Illes;08 Comunicaciones;Variación mensual;2025M02;0,7
04 Balears, Illes;08 Comunicaciones;Variación mensual;2025M01;3,1
04 Balears, Illes;08 Comunicaciones;Variación anual;2025M10;
04 Balears, Illes;08 Comunicaciones;Variación anual;2025M09;1
04 Balears, Illes;08 Comunicaciones;Variación anual;2025M08;1
04 Balears, Illes;08 Comunicaciones;Variación anual;2025M07;0,9
04 Balears, Illes;08 Comunicaciones;Variación anual;2025M06;2,3
04 Balears, Illes;08 Comunicaciones;Variación anual;2025M05;2,3
04 Balears, Illes;08 Comunicaciones;Variación anual;2025M04;2,3
04 Balears, Illes;08 Comunicaciones;Variación anual;2025M03;2,3
04 Balears, Illes;08 Comunicaciones;Variación anual;2025M02;2,2
04 Balears, Illes;08 Comunicaciones;Variación anual;2025M01;1,5
04 Balears, Illes;08 Comunicaciones;Variación en lo que va de año;2025M10;
04 Balears, Illes;08 Comunicaciones;Variación en lo que va de año;2025M09;2
04 Balears, Illes;08 Comunicaciones;Variación en lo que va de año;2025M08;2,1
04 Balears, Illes;08 Comunicaciones;Variación en lo que va de año;2025M07;2
04 Balears, Illes;08 Comunicaciones;Variación en lo que va de año;2025M06;3,8
04 Balears, Illes;08 Comunicaciones;Variación en lo que va de año;2025M05;3,8
04 Balears, Illes;08 Comunicaciones;Variación en lo que va de año;2025M04;3,9
04 Balears, Illes;08 Comunicaciones;Variación en lo que va de año;2025M03;3,7
04 Balears, Illes;08 Comunicaciones;Variación en lo que va de año;2025M02;3,8
04 Balears, Illes;08 Comunicaciones;Variación en lo que va de año;2025M01;3,1
04 Balears, Illes;09 Ocio y cultura;Índice;2025M10;
04 Balears, Illes;09 Ocio y cultura;Índice;2025M09;114,282
04 Balears, Illes;09 Ocio y cultura;Índice;2025M08;117,257
04 Balears, Illes;09 Ocio y cultura;Índice;2025M07;115,513
04 Balears, Illes;09 Ocio y cultura;Índice;2025M06;113,921
04 Balears, Illes;09 Ocio y cultura;Índice;2025M05;111,907
04 Balears, Illes;09 Ocio y cultura;Índice;2025M04;113,904
04 Balears, Illes;09 Ocio y cultura;Índice;2025M03;111,379
04 Balears, Illes;09 Ocio y cultura;Índice;2025M02;112,037
04 Balears, Illes;09 Ocio y cultura;Índice;2025M01;111,451
04 Balears, Illes;09 Ocio y cultura;Variación mensual;2025M10;
04 Balears, Illes;09 Ocio y cultura;Variación mensual;2025M09;-2,5
04 Balears, Illes;09 Ocio y cultura;Variación mensual;2025M08;1,5
04 Balears, Illes;09 Ocio y cultura;Variación mensual;2025M07;1,4
04 Balears, Illes;09 Ocio y cultura;Variación mensual;2025M06;1,8
04 Balears, Illes;09 Ocio y cultura;Variación mensual;2025M05;-1,8
04 Balears, Illes;09 Ocio y cultura;Variación mensual;2025M04;2,3
04 Balears, Illes;09 Ocio y cultura;Variación mensual;2025M03;-0,6
04 Balears, Illes;09 Ocio y cultura;Variación mensual;2025M02;0,5
04 Balears, Illes;09 Ocio y cultura;Variación mensual;2025M01;-3,3
04 Balears, Illes;09 Ocio y cultura;Variación anual;2025M10;
04 Balears, Illes;09 Ocio y cultura;Variación anual;2025M09;1,2
04 Balears, Illes;09 Ocio y cultura;Variación anual;2025M08;1,9
04 Balears, Illes;09 Ocio y cultura;Variación anual;2025M07;1,3
04 Balears, Illes;09 Ocio y cultura;Variación anual;2025M06;1
04 Balears, Illes;09 Ocio y cultura;Variación anual;2025M05;0,9
04 Balears, Illes;09 Ocio y cultura;Variación anual;2025M04;1
04 Balears, Illes;09 Ocio y cultura;Variación anual;2025M03;1,3
04 Balears, Illes;09 Ocio y cultura;Variación anual;2025M02;2,8
04 Balears, Illes;09 Ocio y cultura;Variación anual;2025M01;3
04 Balears, Illes;09 Ocio y cultura;Variación en lo que va de año;2025M10;
04 Balears, Illes;09 Ocio y cultura;Variación en lo que va de año;2025M09;-0,9
04 Balears, Illes;09 Ocio y cultura;Variación en lo que va de año;2025M08;1,7
04 Balears, Illes;09 Ocio y cultura;Variación en lo que va de año;2025M07;0,2
04 Balears, Illes;09 Ocio y cultura;Variación en lo que va de año;2025M06;-1,2
04 Balears, Illes;09 Ocio y cultura;Variación en lo que va de año;2025M05;-2,9
04 Balears, Illes;09 Ocio y cultura;Variación en lo que va de año;2025M04;-1,2
04 Balears, Illes;09 Ocio y cultura;Variación en lo que va de año;2025M03;-3,4
04 Balears, Illes;09 Ocio y cultura;Variación en lo que va de año;2025M02;-2,8
04 Balears, Illes;09 Ocio y cultura;Variación en lo que va de año;2025M01;-3,3
04 Balears, Illes;10 Enseñanza;Índice;2025M10;
04 Balears, Illes;10 Enseñanza;Índice;2025M09;110,791
04 Balears, Illes;10 Enseñanza;Índice;2025M08;108,802
04 Balears, Illes;10 Enseñanza;Índice;2025M07;108,854
04 Balears, Illes;10 Enseñanza;Índice;2025M06;108,854
04 Balears, Illes;10 Enseñanza;Índice;2025M05;108,726
04 Balears, Illes;10 Enseñanza;Índice;2025M04;108,723
04 Balears, Illes;10 Enseñanza;Índice;2025M03;108,567
04 Balears, Illes;10 Enseñanza;Índice;2025M02;108,567
04 Balears, Illes;10 Enseñanza;Índice;2025M01;108,505
04 Balears, Illes;10 Enseñanza;Variación mensual;2025M10;
04 Balears, Illes;10 Enseñanza;Variación mensual;2025M09;1,8
04 Balears, Illes;10 Enseñanza;Variación mensual;2025M08;0
04 Balears, Illes;10 Enseñanza;Variación mensual;2025M07;0
04 Balears, Illes;10 Enseñanza;Variación mensual;2025M06;0,1
04 Balears, Illes;10 Enseñanza;Variación mensual;2025M05;0
04 Balears, Illes;10 Enseñanza;Variación mensual;2025M04;0,1
04 Balears, Illes;10 Enseñanza;Variación mensual;2025M03;0
04 Balears, Illes;10 Enseñanza;Variación mensual;2025M02;0,1
04 Balears, Illes;10 Enseñanza;Variación mensual;2025M01;-0,1
04 Balears, Illes;10 Enseñanza;Variación anual;2025M10;
04 Balears, Illes;10 Enseñanza;Variación anual;2025M09;3,3
04 Balears, Illes;10 Enseñanza;Variación anual;2025M08;2,8
04 Balears, Illes;10 Enseñanza;Variación anual;2025M07;2,8
04 Balears, Illes;10 Enseñanza;Variación anual;2025M06;2,7
04 Balears, Illes;10 Enseñanza;Variación anual;2025M05;2,5
04 Balears, Illes;10 Enseñanza;Variación anual;2025M04;2,5
04 Balears, Illes;10 Enseñanza;Variación anual;2025M03;2,3
04 Balears, Illes;10 Enseñanza;Variación anual;2025M02;2,3
04 Balears, Illes;10 Enseñanza;Variación anual;2025M01;2,2
04 Balears, Illes;10 Enseñanza;Variación en lo que va de año;2025M10;
04 Balears, Illes;10 Enseñanza;Variación en lo que va de año;2025M09;2
04 Balears, Illes;10 Enseñanza;Variación en lo que va de año;2025M08;0,2
04 Balears, Illes;10 Enseñanza;Variación en lo que va de año;2025M07;0,3
04 Balears, Illes;10 Enseñanza;Variación en lo que va de año;2025M06;0,3
04 Balears, Illes;10 Enseñanza;Variación en lo que va de año;2025M05;0,1
04 Balears, Illes;10 Enseñanza;Variación en lo que va de año;2025M04;0,1
04 Balears, Illes;10 Enseñanza;Variación en lo que va de año;2025M03;0
04 Balears, Illes;10 Enseñanza;Variación en lo que va de año;2025M02;0
04 Balears, Illes;10 Enseñanza;Variación en lo que va de año;2025M01;-0,1
04 Balears, Illes;11 Restaurantes y hoteles;Índice;2025M10;
04 Balears, Illes;11 Restaurantes y hoteles;Índice;2025M09;132,378
04 Balears, Illes;11 Restaurantes y hoteles;Índice;2025M08;132,566
04 Balears, Illes;11 Restaurantes y hoteles;Índice;2025M07;132,373
04 Balears, Illes;11 Restaurantes y hoteles;Índice;2025M06;129,423
04 Balears, Illes;11 Restaurantes y hoteles;Índice;2025M05;126,227
04 Balears, Illes;11 Restaurantes y hoteles;Índice;2025M04;124,026
04 Balears, Illes;11 Restaurantes y hoteles;Índice;2025M03;120,97
04 Balears, Illes;11 Restaurantes y hoteles;Índice;2025M02;119,749
04 Balears, Illes;11 Restaurantes y hoteles;Índice;2025M01;119,087
04 Balears, Illes;11 Restaurantes y hoteles;Variación mensual;2025M10;
04 Balears, Illes;11 Restaurantes y hoteles;Variación mensual;2025M09;-0,1
04 Balears, Illes;11 Restaurantes y hoteles;Variación mensual;2025M08;0,1
04 Balears, Illes;11 Restaurantes y hoteles;Variación mensual;2025M07;2,3
04 Balears, Illes;11 Restaurantes y hoteles;Variación mensual;2025M06;2,5
04 Balears, Illes;11 Restaurantes y hoteles;Variación mensual;2025M05;1,8
04 Balears, Illes;11 Restaurantes y hoteles;Variación mensual;2025M04;2,5
04 Balears, Illes;11 Restaurantes y hoteles;Variación mensual;2025M03;1
04 Balears, Illes;11 Restaurantes y hoteles;Variación mensual;2025M02;0,6
04 Balears, Illes;11 Restaurantes y hoteles;Variación mensual;2025M01;0
04 Balears, Illes;11 Restaurantes y hoteles;Variación anual;2025M10;
04 Balears, Illes;11 Restaurantes y hoteles;Variación anual;2025M09;6,1
04 Balears, Illes;11 Restaurantes y hoteles;Variación anual;2025M08;4,8
04 Balears, Illes;11 Restaurantes y hoteles;Variación anual;2025M07;5,6
04 Balears, Illes;11 Restaurantes y hoteles;Variación anual;2025M06;5
04 Balears, Illes;11 Restaurantes y hoteles;Variación anual;2025M05;4,7
04 Balears, Illes;11 Restaurantes y hoteles;Variación anual;2025M04;5
04 Balears, Illes;11 Restaurantes y hoteles;Variación anual;2025M03;3,8
04 Balears, Illes;11 Restaurantes y hoteles;Variación anual;2025M02;3,9
04 Balears, Illes;11 Restaurantes y hoteles;Variación anual;2025M01;3,8
04 Balears, Illes;11 Restaurantes y hoteles;Variación en lo que va de año;2025M10;
04 Balears, Illes;11 Restaurantes y hoteles;Variación en lo que va de año;2025M09;11,1
04 Balears, Illes;11 Restaurantes y hoteles;Variación en lo que va de año;2025M08;11,3
04 Balears, Illes;11 Restaurantes y hoteles;Variación en lo que va de año;2025M07;11,1
04 Balears, Illes;11 Restaurantes y hoteles;Variación en lo que va de año;2025M06;8,7
04 Balears, Illes;11 Restaurantes y hoteles;Variación en lo que va de año;2025M05;6
04 Balears, Illes;11 Restaurantes y hoteles;Variación en lo que va de año;2025M04;4,1
04 Balears, Illes;11 Restaurantes y hoteles;Variación en lo que va de año;2025M03;1,6
04 Balears, Illes;11 Restaurantes y hoteles;Variación en lo que va de año;2025M02;0,5
04 Balears, Illes;11 Restaurantes y hoteles;Variación en lo que va de año;2025M01;0
04 Balears, Illes;12 Otros bienes y servicios;Índice;2025M10;
04 Balears, Illes;12 Otros bienes y servicios;Índice;2025M09;118,048
04 Balears, Illes;12 Otros bienes y servicios;Índice;2025M08;117,893
04 Balears, Illes;12 Otros bienes y servicios;Índice;2025M07;117,377
04 Balears, Illes;12 Otros bienes y servicios;Índice;2025M06;117,952
04 Balears, Illes;12 Otros bienes y servicios;Índice;2025M05;117,149
04 Balears, Illes;12 Otros bienes y servicios;Índice;2025M04;116,943
04 Balears, Illes;12 Otros bienes y servicios;Índice;2025M03;116,717
04 Balears, Illes;12 Otros bienes y servicios;Índice;2025M02;116,103
04 Balears, Illes;12 Otros bienes y servicios;Índice;2025M01;115,392
04 Balears, Illes;12 Otros bienes y servicios;Variación mensual;2025M10;
04 Balears, Illes;12 Otros bienes y servicios;Variación mensual;2025M09;0,1
04 Balears, Illes;12 Otros bienes y servicios;Variación mensual;2025M08;0,4
04 Balears, Illes;12 Otros bienes y servicios;Variación mensual;2025M07;-0,5
04 Balears, Illes;12 Otros bienes y servicios;Variación mensual;2025M06;0,7
04 Balears, Illes;12 Otros bienes y servicios;Variación mensual;2025M05;0,2
04 Balears, Illes;12 Otros bienes y servicios;Variación mensual;2025M04;0,2
04 Balears, Illes;12 Otros bienes y servicios;Variación mensual;2025M03;0,5
04 Balears, Illes;12 Otros bienes y servicios;Variación mensual;2025M02;0,6
04 Balears, Illes;12 Otros bienes y servicios;Variación mensual;2025M01;0,1
04 Balears, Illes;12 Otros bienes y servicios;Variación anual;2025M10;
04 Balears, Illes;12 Otros bienes y servicios;Variación anual;2025M09;3,1
04 Balears, Illes;12 Otros bienes y servicios;Variación anual;2025M08;2,9
04 Balears, Illes;12 Otros bienes y servicios;Variación anual;2025M07;2,7
04 Balears, Illes;12 Otros bienes y servicios;Variación anual;2025M06;3,6
04 Balears, Illes;12 Otros bienes y servicios;Variación anual;2025M05;4,1
04 Balears, Illes;12 Otros bienes y servicios;Variación anual;2025M04;3,8
04 Balears, Illes;12 Otros bienes y servicios;Variación anual;2025M03;4,6
04 Balears, Illes;12 Otros bienes y servicios;Variación anual;2025M02;3,8
04 Balears, Illes;12 Otros bienes y servicios;Variación anual;2025M01;3,8
04 Balears, Illes;12 Otros bienes y servicios;Variación en lo que va de año;2025M10;
04 Balears, Illes;12 Otros bienes y servicios;Variación en lo que va de año;2025M09;2,4
04 Balears, Illes;12 Otros bienes y servicios;Variación en lo que va de año;2025M08;2,2
04 Balears, Illes;12 Otros bienes y servicios;Variación en lo que va de año;2025M07;1,8
04 Balears, Illes;12 Otros bienes y servicios;Variación en lo que va de año;2025M06;2,3
04 Balears, Illes;12 Otros bienes y servicios;Variación en lo que va de año;2025M05;1,6
04 Balears, Illes;12 Otros bienes y servicios;Variación en lo que va de año;2025M04;1,4
04 Balears, Illes;12 Otros bienes y servicios;Variación en lo que va de año;2025M03;1,2
04 Balears, Illes;12 Otros bienes y servicios;Variación en lo que va de año;2025M02;0,7
04 Balears, Illes;12 Otros bienes y servicios;Variación en lo que va de año;2025M01;0,1
05 Canarias;01 Alimentos y bebidas no alcohólicas;Índice;2025M10;
05 Canarias;01 Alimentos y bebidas no alcohólicas;Índice;2025M09;133,883
05 Canarias;01 Alimentos y bebidas no alcohólicas;Índice;2025M08;134,145
05 Canarias;01 Alimentos y bebidas no alcohólicas;Índice;2025M07;134,205
05 Canarias;01 Alimentos y bebidas no alcohólicas;Índice;2025M06;134,662
05 Canarias;01 Alimentos y bebidas no alcohólicas;Índice;2025M05;134,55
05 Canarias;01 Alimentos y bebidas no alcohólicas;Índice;2025M04;133,683
05 Canarias;01 Alimentos y bebidas no alcohólicas;Índice;2025M03;132,991
05 Canarias;01 Alimentos y bebidas no alcohólicas;Índice;2025M02;133,054
05 Canarias;01 Alimentos y bebidas no alcohólicas;Índice;2025M01;132,568
05 Canarias;01 Alimentos y bebidas no alcohólicas;Variación mensual;2025M10;
05 Canarias;01 Alimentos y bebidas no alcohólicas;Variación mensual;2025M09;-0,2
05 Canarias;01 Alimentos y bebidas no alcohólicas;Variación mensual;2025M08;0
05 Canarias;01 Alimentos y bebidas no alcohólicas;Variación mensual;2025M07;-0,3
05 Canarias;01 Alimentos y bebidas no alcohólicas;Variación mensual;2025M06;0,1
05 Canarias;01 Alimentos y bebidas no alcohólicas;Variación mensual;2025M05;0,6
05 Canarias;01 Alimentos y bebidas no alcohólicas;Variación mensual;2025M04;0,5
05 Canarias;01 Alimentos y bebidas no alcohólicas;Variación mensual;2025M03;0
05 Canarias;01 Alimentos y bebidas no alcohólicas;Variación mensual;2025M02;0,4
05 Canarias;01 Alimentos y bebidas no alcohólicas;Variación mensual;2025M01;0,3
05 Canarias;01 Alimentos y bebidas no alcohólicas;Variación anual;2025M10;
05 Canarias;01 Alimentos y bebidas no alcohólicas;Variación anual;2025M09;1,3
05 Canarias;01 Alimentos y bebidas no alcohólicas;Variación anual;2025M08;1,6
05 Canarias;01 Alimentos y bebidas no alcohólicas;Variación anual;2025M07;1,6
05 Canarias;01 Alimentos y bebidas no alcohólicas;Variación anual;2025M06;1,8
05 Canarias;01 Alimentos y bebidas no alcohólicas;Variación anual;2025M05;1,8
05 Canarias;01 Alimentos y bebidas no alcohólicas;Variación anual;2025M04;1,1
05 Canarias;01 Alimentos y bebidas no alcohólicas;Variación anual;2025M03;1,1
05 Canarias;01 Alimentos y bebidas no alcohólicas;Variación anual;2025M02;1
05 Canarias;01 Alimentos y bebidas no alcohólicas;Variación anual;2025M01;1,4
05 Canarias;01 Alimentos y bebidas no alcohólicas;Variación en lo que va de año;2025M10;
05 Canarias;01 Alimentos y bebidas no alcohólicas;Variación en lo que va de año;2025M09;1,3
05 Canarias;01 Alimentos y bebidas no alcohólicas;Variación en lo que va de año;2025M08;1,5
05 Canarias;01 Alimentos y bebidas no alcohólicas;Variación en lo que va de año;2025M07;1,6
05 Canarias;01 Alimentos y bebidas no alcohólicas;Variación en lo que va de año;2025M06;1,9
05 Canarias;01 Alimentos y bebidas no alcohólicas;Variación en lo que va de año;2025M05;1,8
05 Canarias;01 Alimentos y bebidas no alcohólicas;Variación en lo que va de año;2025M04;1,2
05 Canarias;01 Alimentos y bebidas no alcohólicas;Variación en lo que va de año;2025M03;0,6
05 Canarias;01 Alimentos y bebidas no alcohólicas;Variación en lo que va de año;2025M02;0,7
05 Canarias;01 Alimentos y bebidas no alcohólicas;Variación en lo que va de año;2025M01;0,3
05 Canarias;02 Bebidas alcohólicas y tabaco;Índice;2025M10;
05 Canarias;02 Bebidas alcohólicas y tabaco;Índice;2025M09;116,393
05 Canarias;02 Bebidas alcohólicas y tabaco;Índice;2025M08;115,972
05 Canarias;02 Bebidas alcohólicas y tabaco;Índice;2025M07;116,167
05 Canarias;02 Bebidas alcohólicas y tabaco;Índice;2025M06;115,817
05 Canarias;02 Bebidas alcohólicas y tabaco;Índice;2025M05;116,282
05 Canarias;02 Bebidas alcohólicas y tabaco;Índice;2025M04;115,765
05 Canarias;02 Bebidas alcohólicas y tabaco;Índice;2025M03;115,787
05 Canarias;02 Bebidas alcohólicas y tabaco;Índice;2025M02;114,835
05 Canarias;02 Bebidas alcohólicas y tabaco;Índice;2025M01;114,076
05 Canarias;02 Bebidas alcohólicas y tabaco;Variación mensual;2025M10;
05 Canarias;02 Bebidas alcohólicas y tabaco;Variación mensual;2025M09;0,4
05 Canarias;02 Bebidas alcohólicas y tabaco;Variación mensual;2025M08;-0,2
05 Canarias;02 Bebidas alcohólicas y tabaco;Variación mensual;2025M07;0,3
05 Canarias;02 Bebidas alcohólicas y tabaco;Variación mensual;2025M06;-0,4
05 Canarias;02 Bebidas alcohólicas y tabaco;Variación mensual;2025M05;0,4
05 Canarias;02 Bebidas alcohólicas y tabaco;Variación mensual;2025M04;0
05 Canarias;02 Bebidas alcohólicas y tabaco;Variación mensual;2025M03;0,8
05 Canarias;02 Bebidas alcohólicas y tabaco;Variación mensual;2025M02;0,7
05 Canarias;02 Bebidas alcohólicas y tabaco;Variación mensual;2025M01;0,5
05 Canarias;02 Bebidas alcohólicas y tabaco;Variación anual;2025M10;
05 Canarias;02 Bebidas alcohólicas y tabaco;Variación anual;2025M09;2,7
05 Canarias;02 Bebidas alcohólicas y tabaco;Variación anual;2025M08;2,3
05 Canarias;02 Bebidas alcohólicas y tabaco;Variación anual;2025M07;2,2
05 Canarias;02 Bebidas alcohólicas y tabaco;Variación anual;2025M06;2,2
05 Canarias;02 Bebidas alcohólicas y tabaco;Variación anual;2025M05;3,1
05 Canarias;02 Bebidas alcohólicas y tabaco;Variación anual;2025M04;2,1
05 Canarias;02 Bebidas alcohólicas y tabaco;Variación anual;2025M03;2,6
05 Canarias;02 Bebidas alcohólicas y tabaco;Variación anual;2025M02;1,9
05 Canarias;02 Bebidas alcohólicas y tabaco;Variación anual;2025M01;4,3
05 Canarias;02 Bebidas alcohólicas y tabaco;Variación en lo que va de año;2025M10;
05 Canarias;02 Bebidas alcohólicas y tabaco;Variación en lo que va de año;2025M09;2,5
05 Canarias;02 Bebidas alcohólicas y tabaco;Variación en lo que va de año;2025M08;2,1
05 Canarias;02 Bebidas alcohólicas y tabaco;Variación en lo que va de año;2025M07;2,3
05 Canarias;02 Bebidas alcohólicas y tabaco;Variación en lo que va de año;2025M06;2
05 Canarias;02 Bebidas alcohólicas y tabaco;Variación en lo que va de año;2025M05;2,4
05 Canarias;02 Bebidas alcohólicas y tabaco;Variación en lo que va de año;2025M04;2
05 Canarias;02 Bebidas alcohólicas y tabaco;Variación en lo que va de año;2025M03;2
05 Canarias;02 Bebidas alcohólicas y tabaco;Variación en lo que va de año;2025M02;1,1
05 Canarias;02 Bebidas alcohólicas y tabaco;Variación en lo que va de año;2025M01;0,5
05 Canarias;03 Vestido y calzado;Índice;2025M10;
05 Canarias;03 Vestido y calzado;Índice;2025M09;90,748
05 Canarias;03 Vestido y calzado;Índice;2025M08;90,17
05 Canarias;03 Vestido y calzado;Índice;2025M07;91,219
05 Canarias;03 Vestido y calzado;Índice;2025M06;102,099
05 Canarias;03 Vestido y calzado;Índice;2025M05;103,712
05 Canarias;03 Vestido y calzado;Índice;2025M04;103,669
05 Canarias;03 Vestido y calzado;Índice;2025M03;89,262
05 Canarias;03 Vestido y calzado;Índice;2025M02;88,589
05 Canarias;03 Vestido y calzado;Índice;2025M01;89,918
05 Canarias;03 Vestido y calzado;Variación mensual;2025M10;
05 Canarias;03 Vestido y calzado;Variación mensual;2025M09;0,6
05 Canarias;03 Vestido y calzado;Variación mensual;2025M08;-1,1
05 Canarias;03 Vestido y calzado;Variación mensual;2025M07;-10,7
05 Canarias;03 Vestido y calzado;Variación mensual;2025M06;-1,6
05 Canarias;03 Vestido y calzado;Variación mensual;2025M05;0
05 Canarias;03 Vestido y calzado;Variación mensual;2025M04;16,1
05 Canarias;03 Vestido y calzado;Variación mensual;2025M03;0,8
05 Canarias;03 Vestido y calzado;Variación mensual;2025M02;-1,5
05 Canarias;03 Vestido y calzado;Variación mensual;2025M01;-13,2
05 Canarias;03 Vestido y calzado;Variación anual;2025M10;
05 Canarias;03 Vestido y calzado;Variación anual;2025M09;1,6
05 Canarias;03 Vestido y calzado;Variación anual;2025M08;1,8
05 Canarias;03 Vestido y calzado;Variación anual;2025M07;1,8
05 Canarias;03 Vestido y calzado;Variación anual;2025M06;-0,5
05 Canarias;03 Vestido y calzado;Variación anual;2025M05;-0,4
05 Canarias;03 Vestido y calzado;Variación anual;2025M04;1
05 Canarias;03 Vestido y calzado;Variación anual;2025M03;-1,6
05 Canarias;03 Vestido y calzado;Variación anual;2025M02;-2,3
05 Canarias;03 Vestido y calzado;Variación anual;2025M01;-4,5
05 Canarias;03 Vestido y calzado;Variación en lo que va de año;2025M10;
05 Canarias;03 Vestido y calzado;Variación en lo que va de año;2025M09;-12,4
05 Canarias;03 Vestido y calzado;Variación en lo que va de año;2025M08;-13
05 Canarias;03 Vestido y calzado;Variación en lo que va de año;2025M07;-12
05 Canarias;03 Vestido y calzado;Variación en lo que va de año;2025M06;-1,5
05 Canarias;03 Vestido y calzado;Variación en lo que va de año;2025M05;0,1
05 Canarias;03 Vestido y calzado;Variación en lo que va de año;2025M04;0
05 Canarias;03 Vestido y calzado;Variación en lo que va de año;2025M03;-13,9
05 Canarias;03 Vestido y calzado;Variación en lo que va de año;2025M02;-14,5
05 Canarias;03 Vestido y calzado;Variación en lo que va de año;2025M01;-13,2
05 Canarias;04 Vivienda, agua, electricidad, gas y otros combustibles;Índice;2025M10;
05 Canarias;04 Vivienda, agua, electricidad, gas y otros combustibles;Índice;2025M09;111,191
05 Canarias;04 Vivienda, agua, electricidad, gas y otros combustibles;Índice;2025M08;111,541
05 Canarias;04 Vivienda, agua, electricidad, gas y otros combustibles;Índice;2025M07;111,491
05 Canarias;04 Vivienda, agua, electricidad, gas y otros combustibles;Índice;2025M06;111,209
05 Canarias;04 Vivienda, agua, electricidad, gas y otros combustibles;Índice;2025M05;110,161
05 Canarias;04 Vivienda, agua, electricidad, gas y otros combustibles;Índice;2025M04;109,641
05 Canarias;04 Vivienda, agua, electricidad, gas y otros combustibles;Índice;2025M03;110,073
05 Canarias;04 Vivienda, agua, electricidad, gas y otros combustibles;Índice;2025M02;111,495
05 Canarias;04 Vivienda, agua, electricidad, gas y otros combustibles;Índice;2025M01;111,015
05 Canarias;04 Vivienda, agua, electricidad, gas y otros combustibles;Variación mensual;2025M10;
05 Canarias;04 Vivienda, agua, electricidad, gas y otros combustibles;Variación mensual;2025M09;-0,3
05 Canarias;04 Vivienda, agua, electricidad, gas y otros combustibles;Variación mensual;2025M08;0
05 Canarias;04 Vivienda, agua, electricidad, gas y otros combustibles;Variación mensual;2025M07;0,3
05 Canarias;04 Vivienda, agua, electricidad, gas y otros combustibles;Variación mensual;2025M06;1
05 Canarias;04 Vivienda, agua, electricidad, gas y otros combustibles;Variación mensual;2025M05;0,5
05 Canarias;04 Vivienda, agua, electricidad, gas y otros combustibles;Variación mensual;2025M04;-0,4
05 Canarias;04 Vivienda, agua, electricidad, gas y otros combustibles;Variación mensual;2025M03;-1,3
05 Canarias;04 Vivienda, agua, electricidad, gas y otros combustibles;Variación mensual;2025M02;0,4
05 Canarias;04 Vivienda, agua, electricidad, gas y otros combustibles;Variación mensual;2025M01;2,8
05 Canarias;04 Vivienda, agua, electricidad, gas y otros combustibles;Variación anual;2025M10;
05 Canarias;04 Vivienda, agua, electricidad, gas y otros combustibles;Variación anual;2025M09;5,5
05 Canarias;04 Vivienda, agua, electricidad, gas y otros combustibles;Variación anual;2025M08;5,4
05 Canarias;04 Vivienda, agua, electricidad, gas y otros combustibles;Variación anual;2025M07;6
05 Canarias;04 Vivienda, agua, electricidad, gas y otros combustibles;Variación anual;2025M06;3,9
05 Canarias;04 Vivienda, agua, electricidad, gas y otros combustibles;Variación anual;2025M05;3,9
05 Canarias;04 Vivienda, agua, electricidad, gas y otros combustibles;Variación anual;2025M04;4,3
05 Canarias;04 Vivienda, agua, electricidad, gas y otros combustibles;Variación anual;2025M03;4,9
05 Canarias;04 Vivienda, agua, electricidad, gas y otros combustibles;Variación anual;2025M02;8,3
05 Canarias;04 Vivienda, agua, electricidad, gas y otros combustibles;Variación anual;2025M01;6,6
05 Canarias;04 Vivienda, agua, electricidad, gas y otros combustibles;Variación en lo que va de año;2025M10;
05 Canarias;04 Vivienda, agua, electricidad, gas y otros combustibles;Variación en lo que va de año;2025M09;3
05 Canarias;04 Vivienda, agua, electricidad, gas y otros combustibles;Variación en lo que va de año;2025M08;3,3
05 Canarias;04 Vivienda, agua, electricidad, gas y otros combustibles;Variación en lo que va de año;2025M07;3,2
05 Canarias;04 Vivienda, agua, electricidad, gas y otros combustibles;Variación en lo que va de año;2025M06;3
05 Canarias;04 Vivienda, agua, electricidad, gas y otros combustibles;Variación en lo que va de año;2025M05;2
05 Canarias;04 Vivienda, agua, electricidad, gas y otros combustibles;Variación en lo que va de año;2025M04;1,5
05 Canarias;04 Vivienda, agua, electricidad, gas y otros combustibles;Variación en lo que va de año;2025M03;1,9
05 Canarias;04 Vivienda, agua, electricidad, gas y otros combustibles;Variación en lo que va de año;2025M02;3,2
05 Canarias;04 Vivienda, agua, electricidad, gas y otros combustibles;Variación en lo que va de año;2025M01;2,8
05 Canarias;05 Muebles, artículos del hogar y artículos para el mantenimiento corriente del hogar;Índice;2025M10;
05 Canarias;05 Muebles, artículos del hogar y artículos para el mantenimiento corriente del hogar;Índice;2025M09;111,354
05 Canarias;05 Muebles, artículos del hogar y artículos para el mantenimiento corriente del hogar;Índice;2025M08;110,988
05 Canarias;05 Muebles, artículos del hogar y artículos para el mantenimiento corriente del hogar;Índice;2025M07;110,88
05 Canarias;05 Muebles, artículos del hogar y artículos para el mantenimiento corriente del hogar;Índice;2025M06;111,498
05 Canarias;05 Muebles, artículos del hogar y artículos para el mantenimiento corriente del hogar;Índice;2025M05;111,246
05 Canarias;05 Muebles, artículos del hogar y artículos para el mantenimiento corriente del hogar;Índice;2025M04;110,952
05 Canarias;05 Muebles, artículos del hogar y artículos para el mantenimiento corriente del hogar;Índice;2025M03;110,582
05 Canarias;05 Muebles, artículos del hogar y artículos para el mantenimiento corriente del hogar;Índice;2025M02;110,773
05 Canarias;05 Muebles, artículos del hogar y artículos para el mantenimiento corriente del hogar;Índice;2025M01;110,779
05 Canarias;05 Muebles, artículos del hogar y artículos para el mantenimiento corriente del hogar;Variación mensual;2025M10;
05 Canarias;05 Muebles, artículos del hogar y artículos para el mantenimiento corriente del hogar;Variación mensual;2025M09;0,3
05 Canarias;05 Muebles, artículos del hogar y artículos para el mantenimiento corriente del hogar;Variación mensual;2025M08;0,1
05 Canarias;05 Muebles, artículos del hogar y artículos para el mantenimiento corriente del hogar;Variación mensual;2025M07;-0,6
05 Canarias;05 Muebles, artículos del hogar y artículos para el mantenimiento corriente del hogar;Variación mensual;2025M06;0,2
05 Canarias;05 Muebles, artículos del hogar y artículos para el mantenimiento corriente del hogar;Variación mensual;2025M05;0,3
05 Canarias;05 Muebles, artículos del hogar y artículos para el mantenimiento corriente del hogar;Variación mensual;2025M04;0,3
05 Canarias;05 Muebles, artículos del hogar y artículos para el mantenimiento corriente del hogar;Variación mensual;2025M03;-0,2
05 Canarias;05 Muebles, artículos del hogar y artículos para el mantenimiento corriente del hogar;Variación mensual;2025M02;0
05 Canarias;05 Muebles, artículos del hogar y artículos para el mantenimiento corriente del hogar;Variación mensual;2025M01;-0,8
05 Canarias;05 Muebles, artículos del hogar y artículos para el mantenimiento corriente del hogar;Variación anual;2025M10;
05 Canarias;05 Muebles, artículos del hogar y artículos para el mantenimiento corriente del hogar;Variación anual;2025M09;0,5
05 Canarias;05 Muebles, artículos del hogar y artículos para el mantenimiento corriente del hogar;Variación anual;2025M08;0,2
05 Canarias;05 Muebles, artículos del hogar y artículos para el mantenimiento corriente del hogar;Variación anual;2025M07;0,1
05 Canarias;05 Muebles, artículos del hogar y artículos para el mantenimiento corriente del hogar;Variación anual;2025M06;-0,2
05 Canarias;05 Muebles, artículos del hogar y artículos para el mantenimiento corriente del hogar;Variación anual;2025M05;-0,5
05 Canarias;05 Muebles, artículos del hogar y artículos para el mantenimiento corriente del hogar;Variación anual;2025M04;-1
05 Canarias;05 Muebles, artículos del hogar y artículos para el mantenimiento corriente del hogar;Variación anual;2025M03;-1
05 Canarias;05 Muebles, artículos del hogar y artículos para el mantenimiento corriente del hogar;Variación anual;2025M02;-0,4
05 Canarias;05 Muebles, artículos del hogar y artículos para el mantenimiento corriente del hogar;Variación anual;2025M01;-0,3
05 Canarias;05 Muebles, artículos del hogar y artículos para el mantenimiento corriente del hogar;Variación en lo que va de año;2025M10;
05 Canarias;05 Muebles, artículos del hogar y artículos para el mantenimiento corriente del hogar;Variación en lo que va de año;2025M09;-0,3
05 Canarias;05 Muebles, artículos del hogar y artículos para el mantenimiento corriente del hogar;Variación en lo que va de año;2025M08;-0,7
05 Canarias;05 Muebles, artículos del hogar y artículos para el mantenimiento corriente del hogar;Variación en lo que va de año;2025M07;-0,8
05 Canarias;05 Muebles, artículos del hogar y artículos para el mantenimiento corriente del hogar;Variación en lo que va de año;2025M06;-0,2
05 Canarias;05 Muebles, artículos del hogar y artículos para el mantenimiento corriente del hogar;Variación en lo que va de año;2025M05;-0,4
05 Canarias;05 Muebles, artículos del hogar y artículos para el mantenimiento corriente del hogar;Variación en lo que va de año;2025M04;-0,7
05 Canarias;05 Muebles, artículos del hogar y artículos para el mantenimiento corriente del hogar;Variación en lo que va de año;2025M03;-1
05 Canarias;05 Muebles, artículos del hogar y artículos para el mantenimiento corriente del hogar;Variación en lo que va de año;2025M02;-0,9
05 Canarias;05 Muebles, artículos del hogar y artículos para el mantenimiento corriente del hogar;Variación en lo que va de año;2025M01;-0,8
05 Canarias;06 Sanidad;Índice;2025M10;
05 Canarias;06 Sanidad;Índice;2025M09;107,973
05 Canarias;06 Sanidad;Índice;2025M08;108,09
05 Canarias;06 Sanidad;Índice;2025M07;107,556
05 Canarias;06 Sanidad;Índice;2025M06;107,188
05 Canarias;06 Sanidad;Índice;2025M05;107,234
05 Canarias;06 Sanidad;Índice;2025M04;106,894
05 Canarias;06 Sanidad;Índice;2025M03;106,656
05 Canarias;06 Sanidad;Índice;2025M02;106,092
05 Canarias;06 Sanidad;Índice;2025M01;105,635
05 Canarias;06 Sanidad;Variación mensual;2025M10;
05 Canarias;06 Sanidad;Variación mensual;2025M09;-0,1
05 Canarias;06 Sanidad;Variación mensual;2025M08;0,5
05 Canarias;06 Sanidad;Variación mensual;2025M07;0,3
05 Canarias;06 Sanidad;Variación mensual;2025M06;0
05 Canarias;06 Sanidad;Variación mensual;2025M05;0,3
05 Canarias;06 Sanidad;Variación mensual;2025M04;0,2
05 Canarias;06 Sanidad;Variación mensual;2025M03;0,5
05 Canarias;06 Sanidad;Variación mensual;2025M02;0,4
05 Canarias;06 Sanidad;Variación mensual;2025M01;0,2
05 Canarias;06 Sanidad;Variación anual;2025M10;
05 Canarias;06 Sanidad;Variación anual;2025M09;2,1
05 Canarias;06 Sanidad;Variación anual;2025M08;2,6
05 Canarias;06 Sanidad;Variación anual;2025M07;1,9
05 Canarias;06 Sanidad;Variación anual;2025M06;1,6
05 Canarias;06 Sanidad;Variación anual;2025M05;1,5
05 Canarias;06 Sanidad;Variación anual;2025M04;1,5
05 Canarias;06 Sanidad;Variación anual;2025M03;1,7
05 Canarias;06 Sanidad;Variación anual;2025M02;1,2
05 Canarias;06 Sanidad;Variación anual;2025M01;0,9
05 Canarias;06 Sanidad;Variación en lo que va de año;2025M10;
05 Canarias;06 Sanidad;Variación en lo que va de año;2025M09;2,4
05 Canarias;06 Sanidad;Variación en lo que va de año;2025M08;2,5
05 Canarias;06 Sanidad;Variación en lo que va de año;2025M07;2
05 Canarias;06 Sanidad;Variación en lo que va de año;2025M06;1,6
05 Canarias;06 Sanidad;Variación en lo que va de año;2025M05;1,7
05 Canarias;06 Sanidad;Variación en lo que va de año;2025M04;1,3
05 Canarias;06 Sanidad;Variación en lo que va de año;2025M03;1,1
05 Canarias;06 Sanidad;Variación en lo que va de año;2025M02;0,6
05 Canarias;06 Sanidad;Variación en lo que va de año;2025M01;0,2
05 Canarias;07 Transporte;Índice;2025M10;
05 Canarias;07 Transporte;Índice;2025M09;113,922
05 Canarias;07 Transporte;Índice;2025M08;116,466
05 Canarias;07 Transporte;Índice;2025M07;116,093
05 Canarias;07 Transporte;Índice;2025M06;114,289
05 Canarias;07 Transporte;Índice;2025M05;113,48
05 Canarias;07 Transporte;Índice;2025M04;114,94
05 Canarias;07 Transporte;Índice;2025M03;114,101
05 Canarias;07 Transporte;Índice;2025M02;114,924
05 Canarias;07 Transporte;Índice;2025M01;113,992
05 Canarias;07 Transporte;Variación mensual;2025M10;
05 Canarias;07 Transporte;Variación mensual;2025M09;-2,2
05 Canarias;07 Transporte;Variación mensual;2025M08;0,3
05 Canarias;07 Transporte;Variación mensual;2025M07;1,6
05 Canarias;07 Transporte;Variación mensual;2025M06;0,7
05 Canarias;07 Transporte;Variación mensual;2025M05;-1,3
05 Canarias;07 Transporte;Variación mensual;2025M04;0,7
05 Canarias;07 Transporte;Variación mensual;2025M03;-0,7
05 Canarias;07 Transporte;Variación mensual;2025M02;0,8
05 Canarias;07 Transporte;Variación mensual;2025M01;-0,1
05 Canarias;07 Transporte;Variación anual;2025M10;
05 Canarias;07 Transporte;Variación anual;2025M09;0,6
05 Canarias;07 Transporte;Variación anual;2025M08;0,8
05 Canarias;07 Transporte;Variación anual;2025M07;0,4
05 Canarias;07 Transporte;Variación anual;2025M06;-0,7
05 Canarias;07 Transporte;Variación anual;2025M05;-1,5
05 Canarias;07 Transporte;Variación anual;2025M04;-0,1
05 Canarias;07 Transporte;Variación anual;2025M03;-0,3
05 Canarias;07 Transporte;Variación anual;2025M02;1
05 Canarias;07 Transporte;Variación anual;2025M01;1,5
05 Canarias;07 Transporte;Variación en lo que va de año;2025M10;
05 Canarias;07 Transporte;Variación en lo que va de año;2025M09;-0,2
05 Canarias;07 Transporte;Variación en lo que va de año;2025M08;2,1
05 Canarias;07 Transporte;Variación en lo que va de año;2025M07;1,7
05 Canarias;07 Transporte;Variación en lo que va de año;2025M06;0,2
05 Canarias;07 Transporte;Variación en lo que va de año;2025M05;-0,6
05 Canarias;07 Transporte;Variación en lo que va de año;2025M04;0,7
05 Canarias;07 Transporte;Variación en lo que va de año;2025M03;0
05 Canarias;07 Transporte;Variación en lo que va de año;2025M02;0,7
05 Canarias;07 Transporte;Variación en lo que va de año;2025M01;-0,1
05 Canarias;08 Comunicaciones;Índice;2025M10;
05 Canarias;08 Comunicaciones;Índice;2025M09;102,575
05 Canarias;08 Comunicaciones;Índice;2025M08;102,644
05 Canarias;08 Comunicaciones;Índice;2025M07;102,538
05 Canarias;08 Comunicaciones;Índice;2025M06;104,399
05 Canarias;08 Comunicaciones;Índice;2025M05;104,382
05 Canarias;08 Comunicaciones;Índice;2025M04;104,561
05 Canarias;08 Comunicaciones;Índice;2025M03;104,368
05 Canarias;08 Comunicaciones;Índice;2025M02;104,433
05 Canarias;08 Comunicaciones;Índice;2025M01;103,737
05 Canarias;08 Comunicaciones;Variación mensual;2025M10;
05 Canarias;08 Comunicaciones;Variación mensual;2025M09;-0,1
05 Canarias;08 Comunicaciones;Variación mensual;2025M08;0,1
05 Canarias;08 Comunicaciones;Variación mensual;2025M07;-1,8
05 Canarias;08 Comunicaciones;Variación mensual;2025M06;0
05 Canarias;08 Comunicaciones;Variación mensual;2025M05;-0,2
05 Canarias;08 Comunicaciones;Variación mensual;2025M04;0,2
05 Canarias;08 Comunicaciones;Variación mensual;2025M03;-0,1
05 Canarias;08 Comunicaciones;Variación mensual;2025M02;0,7
05 Canarias;08 Comunicaciones;Variación mensual;2025M01;3
05 Canarias;08 Comunicaciones;Variación anual;2025M10;
05 Canarias;08 Comunicaciones;Variación anual;2025M09;0,8
05 Canarias;08 Comunicaciones;Variación anual;2025M08;0,8
05 Canarias;08 Comunicaciones;Variación anual;2025M07;0,6
05 Canarias;08 Comunicaciones;Variación anual;2025M06;2
05 Canarias;08 Comunicaciones;Variación anual;2025M05;2
05 Canarias;08 Comunicaciones;Variación anual;2025M04;2,1
05 Canarias;08 Comunicaciones;Variación anual;2025M03;2
05 Canarias;08 Comunicaciones;Variación anual;2025M02;1,9
05 Canarias;08 Comunicaciones;Variación anual;2025M01;1,2
05 Canarias;08 Comunicaciones;Variación en lo que va de año;2025M10;
05 Canarias;08 Comunicaciones;Variación en lo que va de año;2025M09;1,8
05 Canarias;08 Comunicaciones;Variación en lo que va de año;2025M08;1,9
05 Canarias;08 Comunicaciones;Variación en lo que va de año;2025M07;1,8
05 Canarias;08 Comunicaciones;Variación en lo que va de año;2025M06;3,6
05 Canarias;08 Comunicaciones;Variación en lo que va de año;2025M05;3,6
05 Canarias;08 Comunicaciones;Variación en lo que va de año;2025M04;3,8
05 Canarias;08 Comunicaciones;Variación en lo que va de año;2025M03;3,6
05 Canarias;08 Comunicaciones;Variación en lo que va de año;2025M02;3,7
05 Canarias;08 Comunicaciones;Variación en lo que va de año;2025M01;3
05 Canarias;09 Ocio y cultura;Índice;2025M10;
05 Canarias;09 Ocio y cultura;Índice;2025M09;109,457
05 Canarias;09 Ocio y cultura;Índice;2025M08;113,127
05 Canarias;09 Ocio y cultura;Índice;2025M07;111,934
05 Canarias;09 Ocio y cultura;Índice;2025M06;110,286
05 Canarias;09 Ocio y cultura;Índice;2025M05;108,668
05 Canarias;09 Ocio y cultura;Índice;2025M04;110,273
05 Canarias;09 Ocio y cultura;Índice;2025M03;108,434
05 Canarias;09 Ocio y cultura;Índice;2025M02;108,415
05 Canarias;09 Ocio y cultura;Índice;2025M01;107,539
05 Canarias;09 Ocio y cultura;Variación mensual;2025M10;
05 Canarias;09 Ocio y cultura;Variación mensual;2025M09;-3,2
05 Canarias;09 Ocio y cultura;Variación mensual;2025M08;1,1
05 Canarias;09 Ocio y cultura;Variación mensual;2025M07;1,5
05 Canarias;09 Ocio y cultura;Variación mensual;2025M06;1,5
05 Canarias;09 Ocio y cultura;Variación mensual;2025M05;-1,5
05 Canarias;09 Ocio y cultura;Variación mensual;2025M04;1,7
05 Canarias;09 Ocio y cultura;Variación mensual;2025M03;0
05 Canarias;09 Ocio y cultura;Variación mensual;2025M02;0,8
05 Canarias;09 Ocio y cultura;Variación mensual;2025M01;-2,2
05 Canarias;09 Ocio y cultura;Variación anual;2025M10;
05 Canarias;09 Ocio y cultura;Variación anual;2025M09;0,2
05 Canarias;09 Ocio y cultura;Variación anual;2025M08;0,4
05 Canarias;09 Ocio y cultura;Variación anual;2025M07;0,5
05 Canarias;09 Ocio y cultura;Variación anual;2025M06;0,3
05 Canarias;09 Ocio y cultura;Variación anual;2025M05;0,1
05 Canarias;09 Ocio y cultura;Variación anual;2025M04;1,8
05 Canarias;09 Ocio y cultura;Variación anual;2025M03;0
05 Canarias;09 Ocio y cultura;Variación anual;2025M02;1,1
05 Canarias;09 Ocio y cultura;Variación anual;2025M01;0,6
05 Canarias;09 Ocio y cultura;Variación en lo que va de año;2025M10;
05 Canarias;09 Ocio y cultura;Variación en lo que va de año;2025M09;-0,4
05 Canarias;09 Ocio y cultura;Variación en lo que va de año;2025M08;2,9
05 Canarias;09 Ocio y cultura;Variación en lo que va de año;2025M07;1,8
05 Canarias;09 Ocio y cultura;Variación en lo que va de año;2025M06;0,3
05 Canarias;09 Ocio y cultura;Variación en lo que va de año;2025M05;-1,1
05 Canarias;09 Ocio y cultura;Variación en lo que va de año;2025M04;0,3
05 Canarias;09 Ocio y cultura;Variación en lo que va de año;2025M03;-1,4
05 Canarias;09 Ocio y cultura;Variación en lo que va de año;2025M02;-1,4
05 Canarias;09 Ocio y cultura;Variación en lo que va de año;2025M01;-2,2
05 Canarias;10 Enseñanza;Índice;2025M10;
05 Canarias;10 Enseñanza;Índice;2025M09;110,502
05 Canarias;10 Enseñanza;Índice;2025M08;109,764
05 Canarias;10 Enseñanza;Índice;2025M07;109,764
05 Canarias;10 Enseñanza;Índice;2025M06;109,764
05 Canarias;10 Enseñanza;Índice;2025M05;109,764
05 Canarias;10 Enseñanza;Índice;2025M04;109,764
05 Canarias;10 Enseñanza;Índice;2025M03;109,764
05 Canarias;10 Enseñanza;Índice;2025M02;109,649
05 Canarias;10 Enseñanza;Índice;2025M01;109,622
05 Canarias;10 Enseñanza;Variación mensual;2025M10;
05 Canarias;10 Enseñanza;Variación mensual;2025M09;0,7
05 Canarias;10 Enseñanza;Variación mensual;2025M08;0
05 Canarias;10 Enseñanza;Variación mensual;2025M07;0
05 Canarias;10 Enseñanza;Variación mensual;2025M06;0
05 Canarias;10 Enseñanza;Variación mensual;2025M05;0
05 Canarias;10 Enseñanza;Variación mensual;2025M04;0
05 Canarias;10 Enseñanza;Variación mensual;2025M03;0,1
05 Canarias;10 Enseñanza;Variación mensual;2025M02;0
05 Canarias;10 Enseñanza;Variación mensual;2025M01;0
05 Canarias;10 Enseñanza;Variación anual;2025M10;
05 Canarias;10 Enseñanza;Variación anual;2025M09;2,3
05 Canarias;10 Enseñanza;Variación anual;2025M08;2,2
05 Canarias;10 Enseñanza;Variación anual;2025M07;2,2
05 Canarias;10 Enseñanza;Variación anual;2025M06;2,3
05 Canarias;10 Enseñanza;Variación anual;2025M05;2,4
05 Canarias;10 Enseñanza;Variación anual;2025M04;2,4
05 Canarias;10 Enseñanza;Variación anual;2025M03;2,4
05 Canarias;10 Enseñanza;Variación anual;2025M02;2,2
05 Canarias;10 Enseñanza;Variación anual;2025M01;2,2
05 Canarias;10 Enseñanza;Variación en lo que va de año;2025M10;
05 Canarias;10 Enseñanza;Variación en lo que va de año;2025M09;0,8
05 Canarias;10 Enseñanza;Variación en lo que va de año;2025M08;0,1
05 Canarias;10 Enseñanza;Variación en lo que va de año;2025M07;0,1
05 Canarias;10 Enseñanza;Variación en lo que va de año;2025M06;0,1
05 Canarias;10 Enseñanza;Variación en lo que va de año;2025M05;0,1
05 Canarias;10 Enseñanza;Variación en lo que va de año;2025M04;0,1
05 Canarias;10 Enseñanza;Variación en lo que va de año;2025M03;0,1
05 Canarias;10 Enseñanza;Variación en lo que va de año;2025M02;0
05 Canarias;10 Enseñanza;Variación en lo que va de año;2025M01;0
05 Canarias;11 Restaurantes y hoteles;Índice;2025M10;
05 Canarias;11 Restaurantes y hoteles;Índice;2025M09;126,727
05 Canarias;11 Restaurantes y hoteles;Índice;2025M08;126,429
05 Canarias;11 Restaurantes y hoteles;Índice;2025M07;126,323
05 Canarias;11 Restaurantes y hoteles;Índice;2025M06;125,156
05 Canarias;11 Restaurantes y hoteles;Índice;2025M05;124,068
05 Canarias;11 Restaurantes y hoteles;Índice;2025M04;124,462
05 Canarias;11 Restaurantes y hoteles;Índice;2025M03;124,655
05 Canarias;11 Restaurantes y hoteles;Índice;2025M02;123,408
05 Canarias;11 Restaurantes y hoteles;Índice;2025M01;122,977
05 Canarias;11 Restaurantes y hoteles;Variación mensual;2025M10;
05 Canarias;11 Restaurantes y hoteles;Variación mensual;2025M09;0,2
05 Canarias;11 Restaurantes y hoteles;Variación mensual;2025M08;0,1
05 Canarias;11 Restaurantes y hoteles;Variación mensual;2025M07;0,9
05 Canarias;11 Restaurantes y hoteles;Variación mensual;2025M06;0,9
05 Canarias;11 Restaurantes y hoteles;Variación mensual;2025M05;-0,3
05 Canarias;11 Restaurantes y hoteles;Variación mensual;2025M04;-0,2
05 Canarias;11 Restaurantes y hoteles;Variación mensual;2025M03;1
05 Canarias;11 Restaurantes y hoteles;Variación mensual;2025M02;0,4
05 Canarias;11 Restaurantes y hoteles;Variación mensual;2025M01;0,4
05 Canarias;11 Restaurantes y hoteles;Variación anual;2025M10;
05 Canarias;11 Restaurantes y hoteles;Variación anual;2025M09;4,6
05 Canarias;11 Restaurantes y hoteles;Variación anual;2025M08;3,9
05 Canarias;11 Restaurantes y hoteles;Variación anual;2025M07;4,4
05 Canarias;11 Restaurantes y hoteles;Variación anual;2025M06;3,9
05 Canarias;11 Restaurantes y hoteles;Variación anual;2025M05;3,6
05 Canarias;11 Restaurantes y hoteles;Variación anual;2025M04;3,6
05 Canarias;11 Restaurantes y hoteles;Variación anual;2025M03;3,5
05 Canarias;11 Restaurantes y hoteles;Variación anual;2025M02;3,1
05 Canarias;11 Restaurantes y hoteles;Variación anual;2025M01;3,4
05 Canarias;11 Restaurantes y hoteles;Variación en lo que va de año;2025M10;
05 Canarias;11 Restaurantes y hoteles;Variación en lo que va de año;2025M09;3,5
05 Canarias;11 Restaurantes y hoteles;Variación en lo que va de año;2025M08;3,2
05 Canarias;11 Restaurantes y hoteles;Variación en lo que va de año;2025M07;3,1
05 Canarias;11 Restaurantes y hoteles;Variación en lo que va de año;2025M06;2,2
05 Canarias;11 Restaurantes y hoteles;Variación en lo que va de año;2025M05;1,3
05 Canarias;11 Restaurantes y hoteles;Variación en lo que va de año;2025M04;1,6
05 Canarias;11 Restaurantes y hoteles;Variación en lo que va de año;2025M03;1,8
05 Canarias;11 Restaurantes y hoteles;Variación en lo que va de año;2025M02;0,8
05 Canarias;11 Restaurantes y hoteles;Variación en lo que va de año;2025M01;0,4
05 Canarias;12 Otros bienes y servicios;Índice;2025M10;
05 Canarias;12 Otros bienes y servicios;Índice;2025M09;115,475
05 Canarias;12 Otros bienes y servicios;Índice;2025M08;115,672
05 Canarias;12 Otros bienes y servicios;Índice;2025M07;115,345
05 Canarias;12 Otros bienes y servicios;Índice;2025M06;115,635
05 Canarias;12 Otros bienes y servicios;Índice;2025M05;115,037
05 Canarias;12 Otros bienes y servicios;Índice;2025M04;114,661
05 Canarias;12 Otros bienes y servicios;Índice;2025M03;114,959
05 Canarias;12 Otros bienes y servicios;Índice;2025M02;114,523
05 Canarias;12 Otros bienes y servicios;Índice;2025M01;113,775
05 Canarias;12 Otros bienes y servicios;Variación mensual;2025M10;
05 Canarias;12 Otros bienes y servicios;Variación mensual;2025M09;-0,2
05 Canarias;12 Otros bienes y servicios;Variación mensual;2025M08;0,3
05 Canarias;12 Otros bienes y servicios;Variación mensual;2025M07;-0,3
05 Canarias;12 Otros bienes y servicios;Variación mensual;2025M06;0,5
05 Canarias;12 Otros bienes y servicios;Variación mensual;2025M05;0,3
05 Canarias;12 Otros bienes y servicios;Variación mensual;2025M04;-0,3
05 Canarias;12 Otros bienes y servicios;Variación mensual;2025M03;0,4
05 Canarias;12 Otros bienes y servicios;Variación mensual;2025M02;0,7
05 Canarias;12 Otros bienes y servicios;Variación mensual;2025M01;0,9
05 Canarias;12 Otros bienes y servicios;Variación anual;2025M10;
05 Canarias;12 Otros bienes y servicios;Variación anual;2025M09;3,1
05 Canarias;12 Otros bienes y servicios;Variación anual;2025M08;3,1
05 Canarias;12 Otros bienes y servicios;Variación anual;2025M07;3
05 Canarias;12 Otros bienes y servicios;Variación anual;2025M06;3,1
05 Canarias;12 Otros bienes y servicios;Variación anual;2025M05;3,2
05 Canarias;12 Otros bienes y servicios;Variación anual;2025M04;2,8
05 Canarias;12 Otros bienes y servicios;Variación anual;2025M03;3,5
05 Canarias;12 Otros bienes y servicios;Variación anual;2025M02;3,6
05 Canarias;12 Otros bienes y servicios;Variación anual;2025M01;3,2
05 Canarias;12 Otros bienes y servicios;Variación en lo que va de año;2025M10;
05 Canarias;12 Otros bienes y servicios;Variación en lo que va de año;2025M09;2,4
05 Canarias;12 Otros bienes y servicios;Variación en lo que va de año;2025M08;2,5
05 Canarias;12 Otros bienes y servicios;Variación en lo que va de año;2025M07;2,3
05 Canarias;12 Otros bienes y servicios;Variación en lo que va de año;2025M06;2,5
05 Canarias;12 Otros bienes y servicios;Variación en lo que va de año;2025M05;2
05 Canarias;12 Otros bienes y servicios;Variación en lo que va de año;2025M04;1,6
05 Canarias;12 Otros bienes y servicios;Variación en lo que va de año;2025M03;1,9
05 Canarias;12 Otros bienes y servicios;Variación en lo que va de año;2025M02;1,5
05 Canarias;12 Otros bienes y servicios;Variación en lo que va de año;2025M01;0,9
06 Cantabria;01 Alimentos y bebidas no alcohólicas;Índice;2025M10;
06 Cantabria;01 Alimentos y bebidas no alcohólicas;Índice;2025M09;130,607
06 Cantabria;01 Alimentos y bebidas no alcohólicas;Índice;2025M08;130,896
06 Cantabria;01 Alimentos y bebidas no alcohólicas;Índice;2025M07;131,663
06 Cantabria;01 Alimentos y bebidas no alcohólicas;Índice;2025M06;132,656
06 Cantabria;01 Alimentos y bebidas no alcohólicas;Índice;2025M05;131,477
06 Cantabria;01 Alimentos y bebidas no alcohólicas;Índice;2025M04;130,849
06 Cantabria;01 Alimentos y bebidas no alcohólicas;Índice;2025M03;130,318
06 Cantabria;01 Alimentos y bebidas no alcohólicas;Índice;2025M02;130,489
06 Cantabria;01 Alimentos y bebidas no alcohólicas;Índice;2025M01;130,296
06 Cantabria;01 Alimentos y bebidas no alcohólicas;Variación mensual;2025M10;
06 Cantabria;01 Alimentos y bebidas no alcohólicas;Variación mensual;2025M09;-0,2
06 Cantabria;01 Alimentos y bebidas no alcohólicas;Variación mensual;2025M08;-0,6
06 Cantabria;01 Alimentos y bebidas no alcohólicas;Variación mensual;2025M07;-0,7
06 Cantabria;01 Alimentos y bebidas no alcohólicas;Variación mensual;2025M06;0,9
06 Cantabria;01 Alimentos y bebidas no alcohólicas;Variación mensual;2025M05;0,5
06 Cantabria;01 Alimentos y bebidas no alcohólicas;Variación mensual;2025M04;0,4
06 Cantabria;01 Alimentos y bebidas no alcohólicas;Variación mensual;2025M03;-0,1
06 Cantabria;01 Alimentos y bebidas no alcohólicas;Variación mensual;2025M02;0,1
06 Cantabria;01 Alimentos y bebidas no alcohólicas;Variación mensual;2025M01;0,3
06 Cantabria;01 Alimentos y bebidas no alcohólicas;Variación anual;2025M10;
06 Cantabria;01 Alimentos y bebidas no alcohólicas;Variación anual;2025M09;2,6
06 Cantabria;01 Alimentos y bebidas no alcohólicas;Variación anual;2025M08;1,8
06 Cantabria;01 Alimentos y bebidas no alcohólicas;Variación anual;2025M07;2,5
06 Cantabria;01 Alimentos y bebidas no alcohólicas;Variación anual;2025M06;2,5
06 Cantabria;01 Alimentos y bebidas no alcohólicas;Variación anual;2025M05;1,6
06 Cantabria;01 Alimentos y bebidas no alcohólicas;Variación anual;2025M04;1,2
06 Cantabria;01 Alimentos y bebidas no alcohólicas;Variación anual;2025M03;2
06 Cantabria;01 Alimentos y bebidas no alcohólicas;Variación anual;2025M02;1,9
06 Cantabria;01 Alimentos y bebidas no alcohólicas;Variación anual;2025M01;1,4
06 Cantabria;01 Alimentos y bebidas no alcohólicas;Variación en lo que va de año;2025M10;
06 Cantabria;01 Alimentos y bebidas no alcohólicas;Variación en lo que va de año;2025M09;0,5
06 Cantabria;01 Alimentos y bebidas no alcohólicas;Variación en lo que va de año;2025M08;0,8
06 Cantabria;01 Alimentos y bebidas no alcohólicas;Variación en lo que va de año;2025M07;1,3
06 Cantabria;01 Alimentos y bebidas no alcohólicas;Variación en lo que va de año;2025M06;2,1
06 Cantabria;01 Alimentos y bebidas no alcohólicas;Variación en lo que va de año;2025M05;1,2
06 Cantabria;01 Alimentos y bebidas no alcohólicas;Variación en lo que va de año;2025M04;0,7
06 Cantabria;01 Alimentos y bebidas no alcohólicas;Variación en lo que va de año;2025M03;0,3
06 Cantabria;01 Alimentos y bebidas no alcohólicas;Variación en lo que va de año;2025M02;0,4
06 Cantabria;01 Alimentos y bebidas no alcohólicas;Variación en lo que va de año;2025M01;0,3
06 Cantabria;02 Bebidas alcohólicas y tabaco;Índice;2025M10;
06 Cantabria;02 Bebidas alcohólicas y tabaco;Índice;2025M09;123,881
06 Cantabria;02 Bebidas alcohólicas y tabaco;Índice;2025M08;123,229
06 Cantabria;02 Bebidas alcohólicas y tabaco;Índice;2025M07;124,349
06 Cantabria;02 Bebidas alcohólicas y tabaco;Índice;2025M06;123,83
06 Cantabria;02 Bebidas alcohólicas y tabaco;Índice;2025M05;123,461
06 Cantabria;02 Bebidas alcohólicas y tabaco;Índice;2025M04;121,633
06 Cantabria;02 Bebidas alcohólicas y tabaco;Índice;2025M03;122,002
06 Cantabria;02 Bebidas alcohólicas y tabaco;Índice;2025M02;120,77
06 Cantabria;02 Bebidas alcohólicas y tabaco;Índice;2025M01;120,499
06 Cantabria;02 Bebidas alcohólicas y tabaco;Variación mensual;2025M10;
06 Cantabria;02 Bebidas alcohólicas y tabaco;Variación mensual;2025M09;0,5
06 Cantabria;02 Bebidas alcohólicas y tabaco;Variación mensual;2025M08;-0,9
06 Cantabria;02 Bebidas alcohólicas y tabaco;Variación mensual;2025M07;0,4
06 Cantabria;02 Bebidas alcohólicas y tabaco;Variación mensual;2025M06;0,3
06 Cantabria;02 Bebidas alcohólicas y tabaco;Variación mensual;2025M05;1,5
06 Cantabria;02 Bebidas alcohólicas y tabaco;Variación mensual;2025M04;-0,3
06 Cantabria;02 Bebidas alcohólicas y tabaco;Variación mensual;2025M03;1
06 Cantabria;02 Bebidas alcohólicas y tabaco;Variación mensual;2025M02;0,2
06 Cantabria;02 Bebidas alcohólicas y tabaco;Variación mensual;2025M01;1,7
06 Cantabria;02 Bebidas alcohólicas y tabaco;Variación anual;2025M10;
06 Cantabria;02 Bebidas alcohólicas y tabaco;Variación anual;2025M09;5,6
06 Cantabria;02 Bebidas alcohólicas y tabaco;Variación anual;2025M08;5,4
06 Cantabria;02 Bebidas alcohólicas y tabaco;Variación anual;2025M07;6
06 Cantabria;02 Bebidas alcohólicas y tabaco;Variación anual;2025M06;6,2
06 Cantabria;02 Bebidas alcohólicas y tabaco;Variación anual;2025M05;4,8
06 Cantabria;02 Bebidas alcohólicas y tabaco;Variación anual;2025M04;3,9
06 Cantabria;02 Bebidas alcohólicas y tabaco;Variación anual;2025M03;4
06 Cantabria;02 Bebidas alcohólicas y tabaco;Variación anual;2025M02;3,4
06 Cantabria;02 Bebidas alcohólicas y tabaco;Variación anual;2025M01;4,8
06 Cantabria;02 Bebidas alcohólicas y tabaco;Variación en lo que va de año;2025M10;
06 Cantabria;02 Bebidas alcohólicas y tabaco;Variación en lo que va de año;2025M09;4,5
06 Cantabria;02 Bebidas alcohólicas y tabaco;Variación en lo que va de año;2025M08;4
06 Cantabria;02 Bebidas alcohólicas y tabaco;Variación en lo que va de año;2025M07;4,9
06 Cantabria;02 Bebidas alcohólicas y tabaco;Variación en lo que va de año;2025M06;4,5
06 Cantabria;02 Bebidas alcohólicas y tabaco;Variación en lo que va de año;2025M05;4,2
06 Cantabria;02 Bebidas alcohólicas y tabaco;Variación en lo que va de año;2025M04;2,6
06 Cantabria;02 Bebidas alcohólicas y tabaco;Variación en lo que va de año;2025M03;3
06 Cantabria;02 Bebidas alcohólicas y tabaco;Variación en lo que va de año;2025M02;1,9
06 Cantabria;02 Bebidas alcohólicas y tabaco;Variación en lo que va de año;2025M01;1,7
06 Cantabria;03 Vestido y calzado;Índice;2025M10;
06 Cantabria;03 Vestido y calzado;Índice;2025M09;98,097
06 Cantabria;03 Vestido y calzado;Índice;2025M08;97,624
06 Cantabria;03 Vestido y calzado;Índice;2025M07;98,644
06 Cantabria;03 Vestido y calzado;Índice;2025M06;106,754
06 Cantabria;03 Vestido y calzado;Índice;2025M05;108,029
06 Cantabria;03 Vestido y calzado;Índice;2025M04;109,193
06 Cantabria;03 Vestido y calzado;Índice;2025M03;99,141
06 Cantabria;03 Vestido y calzado;Índice;2025M02;98,085
06 Cantabria;03 Vestido y calzado;Índice;2025M01;100,076
06 Cantabria;03 Vestido y calzado;Variación mensual;2025M10;
06 Cantabria;03 Vestido y calzado;Variación mensual;2025M09;0,5
06 Cantabria;03 Vestido y calzado;Variación mensual;2025M08;-1
06 Cantabria;03 Vestido y calzado;Variación mensual;2025M07;-7,6
06 Cantabria;03 Vestido y calzado;Variación mensual;2025M06;-1,2
06 Cantabria;03 Vestido y calzado;Variación mensual;2025M05;-1,1
06 Cantabria;03 Vestido y calzado;Variación mensual;2025M04;10,1
06 Cantabria;03 Vestido y calzado;Variación mensual;2025M03;1,1
06 Cantabria;03 Vestido y calzado;Variación mensual;2025M02;-2
06 Cantabria;03 Vestido y calzado;Variación mensual;2025M01;-11,8
06 Cantabria;03 Vestido y calzado;Variación anual;2025M10;
06 Cantabria;03 Vestido y calzado;Variación anual;2025M09;-1,9
06 Cantabria;03 Vestido y calzado;Variación anual;2025M08;0,1
06 Cantabria;03 Vestido y calzado;Variación anual;2025M07;-0,2
06 Cantabria;03 Vestido y calzado;Variación anual;2025M06;-0,2
06 Cantabria;03 Vestido y calzado;Variación anual;2025M05;-2
06 Cantabria;03 Vestido y calzado;Variación anual;2025M04;5,2
06 Cantabria;03 Vestido y calzado;Variación anual;2025M03;1,1
06 Cantabria;03 Vestido y calzado;Variación anual;2025M02;1,1
06 Cantabria;03 Vestido y calzado;Variación anual;2025M01;-0,4
06 Cantabria;03 Vestido y calzado;Variación en lo que va de año;2025M10;
06 Cantabria;03 Vestido y calzado;Variación en lo que va de año;2025M09;-13,6
06 Cantabria;03 Vestido y calzado;Variación en lo que va de año;2025M08;-14
06 Cantabria;03 Vestido y calzado;Variación en lo que va de año;2025M07;-13,1
06 Cantabria;03 Vestido y calzado;Variación en lo que va de año;2025M06;-6
06 Cantabria;03 Vestido y calzado;Variación en lo que va de año;2025M05;-4,8
06 Cantabria;03 Vestido y calzado;Variación en lo que va de año;2025M04;-3,8
06 Cantabria;03 Vestido y calzado;Variación en lo que va de año;2025M03;-12,7
06 Cantabria;03 Vestido y calzado;Variación en lo que va de año;2025M02;-13,6
06 Cantabria;03 Vestido y calzado;Variación en lo que va de año;2025M01;-11,8
06 Cantabria;04 Vivienda, agua, electricidad, gas y otros combustibles;Índice;2025M10;
06 Cantabria;04 Vivienda, agua, electricidad, gas y otros combustibles;Índice;2025M09;113,427
06 Cantabria;04 Vivienda, agua, electricidad, gas y otros combustibles;Índice;2025M08;113,327
06 Cantabria;04 Vivienda, agua, electricidad, gas y otros combustibles;Índice;2025M07;113,302
06 Cantabria;04 Vivienda, agua, electricidad, gas y otros combustibles;Índice;2025M06;112,756
06 Cantabria;04 Vivienda, agua, electricidad, gas y otros combustibles;Índice;2025M05;111,576
06 Cantabria;04 Vivienda, agua, electricidad, gas y otros combustibles;Índice;2025M04;111,152
06 Cantabria;04 Vivienda, agua, electricidad, gas y otros combustibles;Índice;2025M03;112,338
06 Cantabria;04 Vivienda, agua, electricidad, gas y otros combustibles;Índice;2025M02;114,108
06 Cantabria;04 Vivienda, agua, electricidad, gas y otros combustibles;Índice;2025M01;113,289
06 Cantabria;04 Vivienda, agua, electricidad, gas y otros combustibles;Variación mensual;2025M10;
06 Cantabria;04 Vivienda, agua, electricidad, gas y otros combustibles;Variación mensual;2025M09;0,1
06 Cantabria;04 Vivienda, agua, electricidad, gas y otros combustibles;Variación mensual;2025M08;0
06 Cantabria;04 Vivienda, agua, electricidad, gas y otros combustibles;Variación mensual;2025M07;0,5
06 Cantabria;04 Vivienda, agua, electricidad, gas y otros combustibles;Variación mensual;2025M06;1,1
06 Cantabria;04 Vivienda, agua, electricidad, gas y otros combustibles;Variación mensual;2025M05;0,4
06 Cantabria;04 Vivienda, agua, electricidad, gas y otros combustibles;Variación mensual;2025M04;-1,1
06 Cantabria;04 Vivienda, agua, electricidad, gas y otros combustibles;Variación mensual;2025M03;-1,6
06 Cantabria;04 Vivienda, agua, electricidad, gas y otros combustibles;Variación mensual;2025M02;0,7
06 Cantabria;04 Vivienda, agua, electricidad, gas y otros combustibles;Variación mensual;2025M01;3,9
06 Cantabria;04 Vivienda, agua, electricidad, gas y otros combustibles;Variación anual;2025M10;
06 Cantabria;04 Vivienda, agua, electricidad, gas y otros combustibles;Variación anual;2025M09;6,7
06 Cantabria;04 Vivienda, agua, electricidad, gas y otros combustibles;Variación anual;2025M08;5,9
06 Cantabria;04 Vivienda, agua, electricidad, gas y otros combustibles;Variación anual;2025M07;6,4
06 Cantabria;04 Vivienda, agua, electricidad, gas y otros combustibles;Variación anual;2025M06;3,9
06 Cantabria;04 Vivienda, agua, electricidad, gas y otros combustibles;Variación anual;2025M05;3,5
06 Cantabria;04 Vivienda, agua, electricidad, gas y otros combustibles;Variación anual;2025M04;4
06 Cantabria;04 Vivienda, agua, electricidad, gas y otros combustibles;Variación anual;2025M03;5,6
06 Cantabria;04 Vivienda, agua, electricidad, gas y otros combustibles;Variación anual;2025M02;9,3
06 Cantabria;04 Vivienda, agua, electricidad, gas y otros combustibles;Variación anual;2025M01;7,1
06 Cantabria;04 Vivienda, agua, electricidad, gas y otros combustibles;Variación en lo que va de año;2025M10;
06 Cantabria;04 Vivienda, agua, electricidad, gas y otros combustibles;Variación en lo que va de año;2025M09;4
06 Cantabria;04 Vivienda, agua, electricidad, gas y otros combustibles;Variación en lo que va de año;2025M08;3,9
06 Cantabria;04 Vivienda, agua, electricidad, gas y otros combustibles;Variación en lo que va de año;2025M07;3,9
06 Cantabria;04 Vivienda, agua, electricidad, gas y otros combustibles;Variación en lo que va de año;2025M06;3,4
06 Cantabria;04 Vivienda, agua, electricidad, gas y otros combustibles;Variación en lo que va de año;2025M05;2,3
06 Cantabria;04 Vivienda, agua, electricidad, gas y otros combustibles;Variación en lo que va de año;2025M04;1,9
06 Cantabria;04 Vivienda, agua, electricidad, gas y otros combustibles;Variación en lo que va de año;2025M03;3
06 Cantabria;04 Vivienda, agua, electricidad, gas y otros combustibles;Variación en lo que va de año;2025M02;4,6
06 Cantabria;04 Vivienda, agua, electricidad, gas y otros combustibles;Variación en lo que va de año;2025M01;3,9
06 Cantabria;05 Muebles, artículos del hogar y artículos para el mantenimiento corriente del hogar;Índice;2025M10;
06 Cantabria;05 Muebles, artículos del hogar y artículos para el mantenimiento corriente del hogar;Índice;2025M09;109,933
06 Cantabria;05 Muebles, artículos del hogar y artículos para el mantenimiento corriente del hogar;Índice;2025M08;109,813
06 Cantabria;05 Muebles, artículos del hogar y artículos para el mantenimiento corriente del hogar;Índice;2025M07;109,803
06 Cantabria;05 Muebles, artículos del hogar y artículos para el mantenimiento corriente del hogar;Índice;2025M06;110,968
06 Cantabria;05 Muebles, artículos del hogar y artículos para el mantenimiento corriente del hogar;Índice;2025M05;110,462
06 Cantabria;05 Muebles, artículos del hogar y artículos para el mantenimiento corriente del hogar;Índice;2025M04;109,983
06 Cantabria;05 Muebles, artículos del hogar y artículos para el mantenimiento corriente del hogar;Índice;2025M03;109,168
06 Cantabria;05 Muebles, artículos del hogar y artículos para el mantenimiento corriente del hogar;Índice;2025M02;108,854
06 Cantabria;05 Muebles, artículos del hogar y artículos para el mantenimiento corriente del hogar;Índice;2025M01;108,884
06 Cantabria;05 Muebles, artículos del hogar y artículos para el mantenimiento corriente del hogar;Variación mensual;2025M10;
06 Cantabria;05 Muebles, artículos del hogar y artículos para el mantenimiento corriente del hogar;Variación mensual;2025M09;0,1
06 Cantabria;05 Muebles, artículos del hogar y artículos para el mantenimiento corriente del hogar;Variación mensual;2025M08;0
06 Cantabria;05 Muebles, artículos del hogar y artículos para el mantenimiento corriente del hogar;Variación mensual;2025M07;-1,1
06 Cantabria;05 Muebles, artículos del hogar y artículos para el mantenimiento corriente del hogar;Variación mensual;2025M06;0,5
06 Cantabria;05 Muebles, artículos del hogar y artículos para el mantenimiento corriente del hogar;Variación mensual;2025M05;0,4
06 Cantabria;05 Muebles, artículos del hogar y artículos para el mantenimiento corriente del hogar;Variación mensual;2025M04;0,7
06 Cantabria;05 Muebles, artículos del hogar y artículos para el mantenimiento corriente del hogar;Variación mensual;2025M03;0,3
06 Cantabria;05 Muebles, artículos del hogar y artículos para el mantenimiento corriente del hogar;Variación mensual;2025M02;0
06 Cantabria;05 Muebles, artículos del hogar y artículos para el mantenimiento corriente del hogar;Variación mensual;2025M01;-1,6
06 Cantabria;05 Muebles, artículos del hogar y artículos para el mantenimiento corriente del hogar;Variación anual;2025M10;
06 Cantabria;05 Muebles, artículos del hogar y artículos para el mantenimiento corriente del hogar;Variación anual;2025M09;0,3
06 Cantabria;05 Muebles, artículos del hogar y artículos para el mantenimiento corriente del hogar;Variación anual;2025M08;0,3
06 Cantabria;05 Muebles, artículos del hogar y artículos para el mantenimiento corriente del hogar;Variación anual;2025M07;0,1
06 Cantabria;05 Muebles, artículos del hogar y artículos para el mantenimiento corriente del hogar;Variación anual;2025M06;-0,2
06 Cantabria;05 Muebles, artículos del hogar y artículos para el mantenimiento corriente del hogar;Variación anual;2025M05;-0,7
06 Cantabria;05 Muebles, artículos del hogar y artículos para el mantenimiento corriente del hogar;Variación anual;2025M04;-0,7
06 Cantabria;05 Muebles, artículos del hogar y artículos para el mantenimiento corriente del hogar;Variación anual;2025M03;-1,3
06 Cantabria;05 Muebles, artículos del hogar y artículos para el mantenimiento corriente del hogar;Variación anual;2025M02;-1,2
06 Cantabria;05 Muebles, artículos del hogar y artículos para el mantenimiento corriente del hogar;Variación anual;2025M01;-1
06 Cantabria;05 Muebles, artículos del hogar y artículos para el mantenimiento corriente del hogar;Variación en lo que va de año;2025M10;
06 Cantabria;05 Muebles, artículos del hogar y artículos para el mantenimiento corriente del hogar;Variación en lo que va de año;2025M09;-0,6
06 Cantabria;05 Muebles, artículos del hogar y artículos para el mantenimiento corriente del hogar;Variación en lo que va de año;2025M08;-0,7
06 Cantabria;05 Muebles, artículos del hogar y artículos para el mantenimiento corriente del hogar;Variación en lo que va de año;2025M07;-0,7
06 Cantabria;05 Muebles, artículos del hogar y artículos para el mantenimiento corriente del hogar;Variación en lo que va de año;2025M06;0,3
06 Cantabria;05 Muebles, artículos del hogar y artículos para el mantenimiento corriente del hogar;Variación en lo que va de año;2025M05;-0,1
06 Cantabria;05 Muebles, artículos del hogar y artículos para el mantenimiento corriente del hogar;Variación en lo que va de año;2025M04;-0,6
06 Cantabria;05 Muebles, artículos del hogar y artículos para el mantenimiento corriente del hogar;Variación en lo que va de año;2025M03;-1,3
06 Cantabria;05 Muebles, artículos del hogar y artículos para el mantenimiento corriente del hogar;Variación en lo que va de año;2025M02;-1,6
06 Cantabria;05 Muebles, artículos del hogar y artículos para el mantenimiento corriente del hogar;Variación en lo que va de año;2025M01;-1,6
06 Cantabria;06 Sanidad;Índice;2025M10;
06 Cantabria;06 Sanidad;Índice;2025M09;107,673
06 Cantabria;06 Sanidad;Índice;2025M08;107,581
06 Cantabria;06 Sanidad;Índice;2025M07;107,364
06 Cantabria;06 Sanidad;Índice;2025M06;107,264
06 Cantabria;06 Sanidad;Índice;2025M05;106,358
06 Cantabria;06 Sanidad;Índice;2025M04;106,373
06 Cantabria;06 Sanidad;Índice;2025M03;106,253
06 Cantabria;06 Sanidad;Índice;2025M02;105,984
06 Cantabria;06 Sanidad;Índice;2025M01;105,605
06 Cantabria;06 Sanidad;Variación mensual;2025M10;
06 Cantabria;06 Sanidad;Variación mensual;2025M09;0,1
06 Cantabria;06 Sanidad;Variación mensual;2025M08;0,2
06 Cantabria;06 Sanidad;Variación mensual;2025M07;0,1
06 Cantabria;06 Sanidad;Variación mensual;2025M06;0,9
06 Cantabria;06 Sanidad;Variación mensual;2025M05;0
06 Cantabria;06 Sanidad;Variación mensual;2025M04;0,1
06 Cantabria;06 Sanidad;Variación mensual;2025M03;0,3
06 Cantabria;06 Sanidad;Variación mensual;2025M02;0,4
06 Cantabria;06 Sanidad;Variación mensual;2025M01;0,3
06 Cantabria;06 Sanidad;Variación anual;2025M10;
06 Cantabria;06 Sanidad;Variación anual;2025M09;2,3
06 Cantabria;06 Sanidad;Variación anual;2025M08;2,2
06 Cantabria;06 Sanidad;Variación anual;2025M07;1,9
06 Cantabria;06 Sanidad;Variación anual;2025M06;2,3
06 Cantabria;06 Sanidad;Variación anual;2025M05;1,5
06 Cantabria;06 Sanidad;Variación anual;2025M04;1,7
06 Cantabria;06 Sanidad;Variación anual;2025M03;1,8
06 Cantabria;06 Sanidad;Variación anual;2025M02;2
06 Cantabria;06 Sanidad;Variación anual;2025M01;2,6
06 Cantabria;06 Sanidad;Variación en lo que va de año;2025M10;
06 Cantabria;06 Sanidad;Variación en lo que va de año;2025M09;2,2
06 Cantabria;06 Sanidad;Variación en lo que va de año;2025M08;2,1
06 Cantabria;06 Sanidad;Variación en lo que va de año;2025M07;1,9
06 Cantabria;06 Sanidad;Variación en lo que va de año;2025M06;1,8
06 Cantabria;06 Sanidad;Variación en lo que va de año;2025M05;1
06 Cantabria;06 Sanidad;Variación en lo que va de año;2025M04;1
06 Cantabria;06 Sanidad;Variación en lo que va de año;2025M03;0,9
06 Cantabria;06 Sanidad;Variación en lo que va de año;2025M02;0,6
06 Cantabria;06 Sanidad;Variación en lo que va de año;2025M01;0,3
06 Cantabria;07 Transporte;Índice;2025M10;
06 Cantabria;07 Transporte;Índice;2025M09;111,79
06 Cantabria;07 Transporte;Índice;2025M08;112,299
06 Cantabria;07 Transporte;Índice;2025M07;111,927
06 Cantabria;07 Transporte;Índice;2025M06;110,899
06 Cantabria;07 Transporte;Índice;2025M05;109,908
06 Cantabria;07 Transporte;Índice;2025M04;111,105
06 Cantabria;07 Transporte;Índice;2025M03;111,685
06 Cantabria;07 Transporte;Índice;2025M02;112,432
06 Cantabria;07 Transporte;Índice;2025M01;111,764
06 Cantabria;07 Transporte;Variación mensual;2025M10;
06 Cantabria;07 Transporte;Variación mensual;2025M09;-0,5
06 Cantabria;07 Transporte;Variación mensual;2025M08;0,3
06 Cantabria;07 Transporte;Variación mensual;2025M07;0,9
06 Cantabria;07 Transporte;Variación mensual;2025M06;0,9
06 Cantabria;07 Transporte;Variación mensual;2025M05;-1,1
06 Cantabria;07 Transporte;Variación mensual;2025M04;-0,5
06 Cantabria;07 Transporte;Variación mensual;2025M03;-0,7
06 Cantabria;07 Transporte;Variación mensual;2025M02;0,6
06 Cantabria;07 Transporte;Variación mensual;2025M01;0,8
06 Cantabria;07 Transporte;Variación anual;2025M10;
06 Cantabria;07 Transporte;Variación anual;2025M09;1,7
06 Cantabria;07 Transporte;Variación anual;2025M08;0,4
06 Cantabria;07 Transporte;Variación anual;2025M07;-0,4
06 Cantabria;07 Transporte;Variación anual;2025M06;-1
06 Cantabria;07 Transporte;Variación anual;2025M05;-2,7
06 Cantabria;07 Transporte;Variación anual;2025M04;-2,7
06 Cantabria;07 Transporte;Variación anual;2025M03;-1,3
06 Cantabria;07 Transporte;Variación anual;2025M02;-0,1
06 Cantabria;07 Transporte;Variación anual;2025M01;0,7
06 Cantabria;07 Transporte;Variación en lo que va de año;2025M10;
06 Cantabria;07 Transporte;Variación en lo que va de año;2025M09;0,8
06 Cantabria;07 Transporte;Variación en lo que va de año;2025M08;1,2
06 Cantabria;07 Transporte;Variación en lo que va de año;2025M07;0,9
06 Cantabria;07 Transporte;Variación en lo que va de año;2025M06;0
06 Cantabria;07 Transporte;Variación en lo que va de año;2025M05;-0,9
06 Cantabria;07 Transporte;Variación en lo que va de año;2025M04;0,2
06 Cantabria;07 Transporte;Variación en lo que va de año;2025M03;0,7
06 Cantabria;07 Transporte;Variación en lo que va de año;2025M02;1,4
06 Cantabria;07 Transporte;Variación en lo que va de año;2025M01;0,8
06 Cantabria;08 Comunicaciones;Índice;2025M10;
06 Cantabria;08 Comunicaciones;Índice;2025M09;103,728
06 Cantabria;08 Comunicaciones;Índice;2025M08;103,775
06 Cantabria;08 Comunicaciones;Índice;2025M07;103,701
06 Cantabria;08 Comunicaciones;Índice;2025M06;105,55
06 Cantabria;08 Comunicaciones;Índice;2025M05;105,539
06 Cantabria;08 Comunicaciones;Índice;2025M04;105,664
06 Cantabria;08 Comunicaciones;Índice;2025M03;105,473
06 Cantabria;08 Comunicaciones;Índice;2025M02;105,518
06 Cantabria;08 Comunicaciones;Índice;2025M01;104,809
06 Cantabria;08 Comunicaciones;Variación mensual;2025M10;
06 Cantabria;08 Comunicaciones;Variación mensual;2025M09;0
06 Cantabria;08 Comunicaciones;Variación mensual;2025M08;0,1
06 Cantabria;08 Comunicaciones;Variación mensual;2025M07;-1,8
06 Cantabria;08 Comunicaciones;Variación mensual;2025M06;0
06 Cantabria;08 Comunicaciones;Variación mensual;2025M05;-0,1
06 Cantabria;08 Comunicaciones;Variación mensual;2025M04;0,2
06 Cantabria;08 Comunicaciones;Variación mensual;2025M03;0
06 Cantabria;08 Comunicaciones;Variación mensual;2025M02;0,7
06 Cantabria;08 Comunicaciones;Variación mensual;2025M01;3,1
06 Cantabria;08 Comunicaciones;Variación anual;2025M10;
06 Cantabria;08 Comunicaciones;Variación anual;2025M09;1,1
06 Cantabria;08 Comunicaciones;Variación anual;2025M08;1,1
06 Cantabria;08 Comunicaciones;Variación anual;2025M07;0,9
06 Cantabria;08 Comunicaciones;Variación anual;2025M06;2,3
06 Cantabria;08 Comunicaciones;Variación anual;2025M05;2,3
06 Cantabria;08 Comunicaciones;Variación anual;2025M04;2,4
06 Cantabria;08 Comunicaciones;Variación anual;2025M03;2,3
06 Cantabria;08 Comunicaciones;Variación anual;2025M02;2,3
06 Cantabria;08 Comunicaciones;Variación anual;2025M01;1,6
06 Cantabria;08 Comunicaciones;Variación en lo que va de año;2025M10;
06 Cantabria;08 Comunicaciones;Variación en lo que va de año;2025M09;2,1
06 Cantabria;08 Comunicaciones;Variación en lo que va de año;2025M08;2,1
06 Cantabria;08 Comunicaciones;Variación en lo que va de año;2025M07;2
06 Cantabria;08 Comunicaciones;Variación en lo que va de año;2025M06;3,9
06 Cantabria;08 Comunicaciones;Variación en lo que va de año;2025M05;3,8
06 Cantabria;08 Comunicaciones;Variación en lo que va de año;2025M04;4
06 Cantabria;08 Comunicaciones;Variación en lo que va de año;2025M03;3,8
06 Cantabria;08 Comunicaciones;Variación en lo que va de año;2025M02;3,8
06 Cantabria;08 Comunicaciones;Variación en lo que va de año;2025M01;3,1
06 Cantabria;09 Ocio y cultura;Índice;2025M10;
06 Cantabria;09 Ocio y cultura;Índice;2025M09;112,752
06 Cantabria;09 Ocio y cultura;Índice;2025M08;118,014
06 Cantabria;09 Ocio y cultura;Índice;2025M07;116,106
06 Cantabria;09 Ocio y cultura;Índice;2025M06;114,228
06 Cantabria;09 Ocio y cultura;Índice;2025M05;111,373
06 Cantabria;09 Ocio y cultura;Índice;2025M04;114,038
06 Cantabria;09 Ocio y cultura;Índice;2025M03;110,959
06 Cantabria;09 Ocio y cultura;Índice;2025M02;110,609
06 Cantabria;09 Ocio y cultura;Índice;2025M01;109,83
06 Cantabria;09 Ocio y cultura;Variación mensual;2025M10;
06 Cantabria;09 Ocio y cultura;Variación mensual;2025M09;-4,5
06 Cantabria;09 Ocio y cultura;Variación mensual;2025M08;1,6
06 Cantabria;09 Ocio y cultura;Variación mensual;2025M07;1,6
06 Cantabria;09 Ocio y cultura;Variación mensual;2025M06;2,6
06 Cantabria;09 Ocio y cultura;Variación mensual;2025M05;-2,3
06 Cantabria;09 Ocio y cultura;Variación mensual;2025M04;2,8
06 Cantabria;09 Ocio y cultura;Variación mensual;2025M03;0,3
06 Cantabria;09 Ocio y cultura;Variación mensual;2025M02;0,7
06 Cantabria;09 Ocio y cultura;Variación mensual;2025M01;-3,2
06 Cantabria;09 Ocio y cultura;Variación anual;2025M10;
06 Cantabria;09 Ocio y cultura;Variación anual;2025M09;1
06 Cantabria;09 Ocio y cultura;Variación anual;2025M08;2,1
06 Cantabria;09 Ocio y cultura;Variación anual;2025M07;1,9
06 Cantabria;09 Ocio y cultura;Variación anual;2025M06;2
06 Cantabria;09 Ocio y cultura;Variación anual;2025M05;1,7
06 Cantabria;09 Ocio y cultura;Variación anual;2025M04;4,5
06 Cantabria;09 Ocio y cultura;Variación anual;2025M03;1,4
06 Cantabria;09 Ocio y cultura;Variación anual;2025M02;3
06 Cantabria;09 Ocio y cultura;Variación anual;2025M01;3,2
06 Cantabria;09 Ocio y cultura;Variación en lo que va de año;2025M10;
06 Cantabria;09 Ocio y cultura;Variación en lo que va de año;2025M09;-0,6
06 Cantabria;09 Ocio y cultura;Variación en lo que va de año;2025M08;4,1
06 Cantabria;09 Ocio y cultura;Variación en lo que va de año;2025M07;2,4
06 Cantabria;09 Ocio y cultura;Variación en lo que va de año;2025M06;0,7
06 Cantabria;09 Ocio y cultura;Variación en lo que va de año;2025M05;-1,8
06 Cantabria;09 Ocio y cultura;Variación en lo que va de año;2025M04;0,6
06 Cantabria;09 Ocio y cultura;Variación en lo que va de año;2025M03;-2,2
06 Cantabria;09 Ocio y cultura;Variación en lo que va de año;2025M02;-2,5
06 Cantabria;09 Ocio y cultura;Variación en lo que va de año;2025M01;-3,2
06 Cantabria;10 Enseñanza;Índice;2025M10;
06 Cantabria;10 Enseñanza;Índice;2025M09;108,188
06 Cantabria;10 Enseñanza;Índice;2025M08;107,704
06 Cantabria;10 Enseñanza;Índice;2025M07;107,704
06 Cantabria;10 Enseñanza;Índice;2025M06;107,474
06 Cantabria;10 Enseñanza;Índice;2025M05;107,474
06 Cantabria;10 Enseñanza;Índice;2025M04;107,375
06 Cantabria;10 Enseñanza;Índice;2025M03;107,375
06 Cantabria;10 Enseñanza;Índice;2025M02;107,375
06 Cantabria;10 Enseñanza;Índice;2025M01;107,375
06 Cantabria;10 Enseñanza;Variación mensual;2025M10;
06 Cantabria;10 Enseñanza;Variación mensual;2025M09;0,4
06 Cantabria;10 Enseñanza;Variación mensual;2025M08;0
06 Cantabria;10 Enseñanza;Variación mensual;2025M07;0,2
06 Cantabria;10 Enseñanza;Variación mensual;2025M06;0
06 Cantabria;10 Enseñanza;Variación mensual;2025M05;0,1
06 Cantabria;10 Enseñanza;Variación mensual;2025M04;0
06 Cantabria;10 Enseñanza;Variación mensual;2025M03;0
06 Cantabria;10 Enseñanza;Variación mensual;2025M02;0
06 Cantabria;10 Enseñanza;Variación mensual;2025M01;0
06 Cantabria;10 Enseñanza;Variación anual;2025M10;
06 Cantabria;10 Enseñanza;Variación anual;2025M09;1,9
06 Cantabria;10 Enseñanza;Variación anual;2025M08;2,4
06 Cantabria;10 Enseñanza;Variación anual;2025M07;2,4
06 Cantabria;10 Enseñanza;Variación anual;2025M06;2,2
06 Cantabria;10 Enseñanza;Variación anual;2025M05;2,2
06 Cantabria;10 Enseñanza;Variación anual;2025M04;2,1
06 Cantabria;10 Enseñanza;Variación anual;2025M03;2,1
06 Cantabria;10 Enseñanza;Variación anual;2025M02;2,1
06 Cantabria;10 Enseñanza;Variación anual;2025M01;2,1
06 Cantabria;10 Enseñanza;Variación en lo que va de año;2025M10;
06 Cantabria;10 Enseñanza;Variación en lo que va de año;2025M09;0,8
06 Cantabria;10 Enseñanza;Variación en lo que va de año;2025M08;0,3
06 Cantabria;10 Enseñanza;Variación en lo que va de año;2025M07;0,3
06 Cantabria;10 Enseñanza;Variación en lo que va de año;2025M06;0,1
06 Cantabria;10 Enseñanza;Variación en lo que va de año;2025M05;0,1
06 Cantabria;10 Enseñanza;Variación en lo que va de año;2025M04;0
06 Cantabria;10 Enseñanza;Variación en lo que va de año;2025M03;0
06 Cantabria;10 Enseñanza;Variación en lo que va de año;2025M02;0
06 Cantabria;10 Enseñanza;Variación en lo que va de año;2025M01;0
06 Cantabria;11 Restaurantes y hoteles;Índice;2025M10;
06 Cantabria;11 Restaurantes y hoteles;Índice;2025M09;125,817
06 Cantabria;11 Restaurantes y hoteles;Índice;2025M08;128,898
06 Cantabria;11 Restaurantes y hoteles;Índice;2025M07;126,123
06 Cantabria;11 Restaurantes y hoteles;Índice;2025M06;124,252
06 Cantabria;11 Restaurantes y hoteles;Índice;2025M05;123,369
06 Cantabria;11 Restaurantes y hoteles;Índice;2025M04;122,473
06 Cantabria;11 Restaurantes y hoteles;Índice;2025M03;120,781
06 Cantabria;11 Restaurantes y hoteles;Índice;2025M02;119,996
06 Cantabria;11 Restaurantes y hoteles;Índice;2025M01;120,147
06 Cantabria;11 Restaurantes y hoteles;Variación mensual;2025M10;
06 Cantabria;11 Restaurantes y hoteles;Variación mensual;2025M09;-2,4
06 Cantabria;11 Restaurantes y hoteles;Variación mensual;2025M08;2,2
06 Cantabria;11 Restaurantes y hoteles;Variación mensual;2025M07;1,5
06 Cantabria;11 Restaurantes y hoteles;Variación mensual;2025M06;0,7
06 Cantabria;11 Restaurantes y hoteles;Variación mensual;2025M05;0,7
06 Cantabria;11 Restaurantes y hoteles;Variación mensual;2025M04;1,4
06 Cantabria;11 Restaurantes y hoteles;Variación mensual;2025M03;0,7
06 Cantabria;11 Restaurantes y hoteles;Variación mensual;2025M02;-0,1
06 Cantabria;11 Restaurantes y hoteles;Variación mensual;2025M01;0
06 Cantabria;11 Restaurantes y hoteles;Variación anual;2025M10;
06 Cantabria;11 Restaurantes y hoteles;Variación anual;2025M09;4
06 Cantabria;11 Restaurantes y hoteles;Variación anual;2025M08;4,4
06 Cantabria;11 Restaurantes y hoteles;Variación anual;2025M07;3,8
06 Cantabria;11 Restaurantes y hoteles;Variación anual;2025M06;4,2
06 Cantabria;11 Restaurantes y hoteles;Variación anual;2025M05;4,8
06 Cantabria;11 Restaurantes y hoteles;Variación anual;2025M04;4,4
06 Cantabria;11 Restaurantes y hoteles;Variación anual;2025M03;3,5
06 Cantabria;11 Restaurantes y hoteles;Variación anual;2025M02;3,5
06 Cantabria;11 Restaurantes y hoteles;Variación anual;2025M01;4,3
06 Cantabria;11 Restaurantes y hoteles;Variación en lo que va de año;2025M10;
06 Cantabria;11 Restaurantes y hoteles;Variación en lo que va de año;2025M09;4,7
06 Cantabria;11 Restaurantes y hoteles;Variación en lo que va de año;2025M08;7,3
06 Cantabria;11 Restaurantes y hoteles;Variación en lo que va de año;2025M07;5
06 Cantabria;11 Restaurantes y hoteles;Variación en lo que va de año;2025M06;3,4
06 Cantabria;11 Restaurantes y hoteles;Variación en lo que va de año;2025M05;2,7
06 Cantabria;11 Restaurantes y hoteles;Variación en lo que va de año;2025M04;1,9
06 Cantabria;11 Restaurantes y hoteles;Variación en lo que va de año;2025M03;0,5
06 Cantabria;11 Restaurantes y hoteles;Variación en lo que va de año;2025M02;-0,1
06 Cantabria;11 Restaurantes y hoteles;Variación en lo que va de año;2025M01;0
06 Cantabria;12 Otros bienes y servicios;Índice;2025M10;
06 Cantabria;12 Otros bienes y servicios;Índice;2025M09;117,466
06 Cantabria;12 Otros bienes y servicios;Índice;2025M08;117,563
06 Cantabria;12 Otros bienes y servicios;Índice;2025M07;117,081
06 Cantabria;12 Otros bienes y servicios;Índice;2025M06;117,349
06 Cantabria;12 Otros bienes y servicios;Índice;2025M05;115,603
06 Cantabria;12 Otros bienes y servicios;Índice;2025M04;116,183
06 Cantabria;12 Otros bienes y servicios;Índice;2025M03;115,885
06 Cantabria;12 Otros bienes y servicios;Índice;2025M02;115,475
06 Cantabria;12 Otros bienes y servicios;Índice;2025M01;115,297
06 Cantabria;12 Otros bienes y servicios;Variación mensual;2025M10;
06 Cantabria;12 Otros bienes y servicios;Variación mensual;2025M09;-0,1
06 Cantabria;12 Otros bienes y servicios;Variación mensual;2025M08;0,4
06 Cantabria;12 Otros bienes y servicios;Variación mensual;2025M07;-0,2
06 Cantabria;12 Otros bienes y servicios;Variación mensual;2025M06;1,5
06 Cantabria;12 Otros bienes y servicios;Variación mensual;2025M05;-0,5
06 Cantabria;12 Otros bienes y servicios;Variación mensual;2025M04;0,3
06 Cantabria;12 Otros bienes y servicios;Variación mensual;2025M03;0,4
06 Cantabria;12 Otros bienes y servicios;Variación mensual;2025M02;0,2
06 Cantabria;12 Otros bienes y servicios;Variación mensual;2025M01;0,8
06 Cantabria;12 Otros bienes y servicios;Variación anual;2025M10;
06 Cantabria;12 Otros bienes y servicios;Variación anual;2025M09;3,2
06 Cantabria;12 Otros bienes y servicios;Variación anual;2025M08;3,4
06 Cantabria;12 Otros bienes y servicios;Variación anual;2025M07;3,2
06 Cantabria;12 Otros bienes y servicios;Variación anual;2025M06;3
06 Cantabria;12 Otros bienes y servicios;Variación anual;2025M05;2,4
06 Cantabria;12 Otros bienes y servicios;Variación anual;2025M04;2,8
06 Cantabria;12 Otros bienes y servicios;Variación anual;2025M03;3
06 Cantabria;12 Otros bienes y servicios;Variación anual;2025M02;2,8
06 Cantabria;12 Otros bienes y servicios;Variación anual;2025M01;3
06 Cantabria;12 Otros bienes y servicios;Variación en lo que va de año;2025M10;
06 Cantabria;12 Otros bienes y servicios;Variación en lo que va de año;2025M09;2,7
06 Cantabria;12 Otros bienes y servicios;Variación en lo que va de año;2025M08;2,8
06 Cantabria;12 Otros bienes y servicios;Variación en lo que va de año;2025M07;2,4
06 Cantabria;12 Otros bienes y servicios;Variación en lo que va de año;2025M06;2,6
06 Cantabria;12 Otros bienes y servicios;Variación en lo que va de año;2025M05;1,1
06 Cantabria;12 Otros bienes y servicios;Variación en lo que va de año;2025M04;1,6
06 Cantabria;12 Otros bienes y servicios;Variación en lo que va de año;2025M03;1,4
06 Cantabria;12 Otros bienes y servicios;Variación en lo que va de año;2025M02;1
06 Cantabria;12 Otros bienes y servicios;Variación en lo que va de año;2025M01;0,8
07 Castilla y León;01 Alimentos y bebidas no alcohólicas;Índice;2025M10;
07 Castilla y León;01 Alimentos y bebidas no alcohólicas;Índice;2025M09;132,598
07 Castilla y León;01 Alimentos y bebidas no alcohólicas;Índice;2025M08;133,015
07 Castilla y León;01 Alimentos y bebidas no alcohólicas;Índice;2025M07;134,372
07 Castilla y León;01 Alimentos y bebidas no alcohólicas;Índice;2025M06;135,092
07 Castilla y León;01 Alimentos y bebidas no alcohólicas;Índice;2025M05;134,465
07 Castilla y León;01 Alimentos y bebidas no alcohólicas;Índice;2025M04;133,219
07 Castilla y León;01 Alimentos y bebidas no alcohólicas;Índice;2025M03;132,684
07 Castilla y León;01 Alimentos y bebidas no alcohólicas;Índice;2025M02;132,401
07 Castilla y León;01 Alimentos y bebidas no alcohólicas;Índice;2025M01;131,703
07 Castilla y León;01 Alimentos y bebidas no alcohólicas;Variación mensual;2025M10;
07 Castilla y León;01 Alimentos y bebidas no alcohólicas;Variación mensual;2025M09;-0,3
07 Castilla y León;01 Alimentos y bebidas no alcohólicas;Variación mensual;2025M08;-1
07 Castilla y León;01 Alimentos y bebidas no alcohólicas;Variación mensual;2025M07;-0,5
07 Castilla y León;01 Alimentos y bebidas no alcohólicas;Variación mensual;2025M06;0,5
07 Castilla y León;01 Alimentos y bebidas no alcohólicas;Variación mensual;2025M05;0,9
07 Castilla y León;01 Alimentos y bebidas no alcohólicas;Variación mensual;2025M04;0,4
07 Castilla y León;01 Alimentos y bebidas no alcohólicas;Variación mensual;2025M03;0,2
07 Castilla y León;01 Alimentos y bebidas no alcohólicas;Variación mensual;2025M02;0,5
07 Castilla y León;01 Alimentos y bebidas no alcohólicas;Variación mensual;2025M01;0,3
07 Castilla y León;01 Alimentos y bebidas no alcohólicas;Variación anual;2025M10;
07 Castilla y León;01 Alimentos y bebidas no alcohólicas;Variación anual;2025M09;3
07 Castilla y León;01 Alimentos y bebidas no alcohólicas;Variación anual;2025M08;3
07 Castilla y León;01 Alimentos y bebidas no alcohólicas;Variación anual;2025M07;3,5
07 Castilla y León;01 Alimentos y bebidas no alcohólicas;Variación anual;2025M06;3,5
07 Castilla y León;01 Alimentos y bebidas no alcohólicas;Variación anual;2025M05;3,1
07 Castilla y León;01 Alimentos y bebidas no alcohólicas;Variación anual;2025M04;2,3
07 Castilla y León;01 Alimentos y bebidas no alcohólicas;Variación anual;2025M03;2,6
07 Castilla y León;01 Alimentos y bebidas no alcohólicas;Variación anual;2025M02;2,3
07 Castilla y León;01 Alimentos y bebidas no alcohólicas;Variación anual;2025M01;1,7
07 Castilla y León;01 Alimentos y bebidas no alcohólicas;Variación en lo que va de año;2025M10;
07 Castilla y León;01 Alimentos y bebidas no alcohólicas;Variación en lo que va de año;2025M09;1
07 Castilla y León;01 Alimentos y bebidas no alcohólicas;Variación en lo que va de año;2025M08;1,3
07 Castilla y León;01 Alimentos y bebidas no alcohólicas;Variación en lo que va de año;2025M07;2,4
07 Castilla y León;01 Alimentos y bebidas no alcohólicas;Variación en lo que va de año;2025M06;2,9
07 Castilla y León;01 Alimentos y bebidas no alcohólicas;Variación en lo que va de año;2025M05;2,5
07 Castilla y León;01 Alimentos y bebidas no alcohólicas;Variación en lo que va de año;2025M04;1,5
07 Castilla y León;01 Alimentos y bebidas no alcohólicas;Variación en lo que va de año;2025M03;1,1
07 Castilla y León;01 Alimentos y bebidas no alcohólicas;Variación en lo que va de año;2025M02;0,9
07 Castilla y León;01 Alimentos y bebidas no alcohólicas;Variación en lo que va de año;2025M01;0,3
07 Castilla y León;02 Bebidas alcohólicas y tabaco;Índice;2025M10;
07 Castilla y León;02 Bebidas alcohólicas y tabaco;Índice;2025M09;121,454
07 Castilla y León;02 Bebidas alcohólicas y tabaco;Índice;2025M08;120,888
07 Castilla y León;02 Bebidas alcohólicas y tabaco;Índice;2025M07;121,189
07 Castilla y León;02 Bebidas alcohólicas y tabaco;Índice;2025M06;121,122
07 Castilla y León;02 Bebidas alcohólicas y tabaco;Índice;2025M05;120,295
07 Castilla y León;02 Bebidas alcohólicas y tabaco;Índice;2025M04;119,191
07 Castilla y León;02 Bebidas alcohólicas y tabaco;Índice;2025M03;119,465
07 Castilla y León;02 Bebidas alcohólicas y tabaco;Índice;2025M02;119,123
07 Castilla y León;02 Bebidas alcohólicas y tabaco;Índice;2025M01;118,863
07 Castilla y León;02 Bebidas alcohólicas y tabaco;Variación mensual;2025M10;
07 Castilla y León;02 Bebidas alcohólicas y tabaco;Variación mensual;2025M09;0,5
07 Castilla y León;02 Bebidas alcohólicas y tabaco;Variación mensual;2025M08;-0,2
07 Castilla y León;02 Bebidas alcohólicas y tabaco;Variación mensual;2025M07;0,1
07 Castilla y León;02 Bebidas alcohólicas y tabaco;Variación mensual;2025M06;0,7
07 Castilla y León;02 Bebidas alcohólicas y tabaco;Variación mensual;2025M05;0,9
07 Castilla y León;02 Bebidas alcohólicas y tabaco;Variación mensual;2025M04;-0,2
07 Castilla y León;02 Bebidas alcohólicas y tabaco;Variación mensual;2025M03;0,3
07 Castilla y León;02 Bebidas alcohólicas y tabaco;Variación mensual;2025M02;0,2
07 Castilla y León;02 Bebidas alcohólicas y tabaco;Variación mensual;2025M01;1,5
07 Castilla y León;02 Bebidas alcohólicas y tabaco;Variación anual;2025M10;
07 Castilla y León;02 Bebidas alcohólicas y tabaco;Variación anual;2025M09;4,8
07 Castilla y León;02 Bebidas alcohólicas y tabaco;Variación anual;2025M08;4,3
07 Castilla y León;02 Bebidas alcohólicas y tabaco;Variación anual;2025M07;4,3
07 Castilla y León;02 Bebidas alcohólicas y tabaco;Variación anual;2025M06;4,3
07 Castilla y León;02 Bebidas alcohólicas y tabaco;Variación anual;2025M05;3,4
07 Castilla y León;02 Bebidas alcohólicas y tabaco;Variación anual;2025M04;2,5
07 Castilla y León;02 Bebidas alcohólicas y tabaco;Variación anual;2025M03;3
07 Castilla y León;02 Bebidas alcohólicas y tabaco;Variación anual;2025M02;2,7
07 Castilla y León;02 Bebidas alcohólicas y tabaco;Variación anual;2025M01;4,4
07 Castilla y León;02 Bebidas alcohólicas y tabaco;Variación en lo que va de año;2025M10;
07 Castilla y León;02 Bebidas alcohólicas y tabaco;Variación en lo que va de año;2025M09;3,7
07 Castilla y León;02 Bebidas alcohólicas y tabaco;Variación en lo que va de año;2025M08;3,2
07 Castilla y León;02 Bebidas alcohólicas y tabaco;Variación en lo que va de año;2025M07;3,5
07 Castilla y León;02 Bebidas alcohólicas y tabaco;Variación en lo que va de año;2025M06;3,4
07 Castilla y León;02 Bebidas alcohólicas y tabaco;Variación en lo que va de año;2025M05;2,7
07 Castilla y León;02 Bebidas alcohólicas y tabaco;Variación en lo que va de año;2025M04;1,8
07 Castilla y León;02 Bebidas alcohólicas y tabaco;Variación en lo que va de año;2025M03;2
07 Castilla y León;02 Bebidas alcohólicas y tabaco;Variación en lo que va de año;2025M02;1,7
07 Castilla y León;02 Bebidas alcohólicas y tabaco;Variación en lo que va de año;2025M01;1,5
07 Castilla y León;03 Vestido y calzado;Índice;2025M10;
07 Castilla y León;03 Vestido y calzado;Índice;2025M09;101,187
07 Castilla y León;03 Vestido y calzado;Índice;2025M08;99,991
07 Castilla y León;03 Vestido y calzado;Índice;2025M07;100,964
07 Castilla y León;03 Vestido y calzado;Índice;2025M06;112,898
07 Castilla y León;03 Vestido y calzado;Índice;2025M05;113,562
07 Castilla y León;03 Vestido y calzado;Índice;2025M04;109,771
07 Castilla y León;03 Vestido y calzado;Índice;2025M03;101,581
07 Castilla y León;03 Vestido y calzado;Índice;2025M02;99,911
07 Castilla y León;03 Vestido y calzado;Índice;2025M01;101,304
07 Castilla y León;03 Vestido y calzado;Variación mensual;2025M10;
07 Castilla y León;03 Vestido y calzado;Variación mensual;2025M09;1,2
07 Castilla y León;03 Vestido y calzado;Variación mensual;2025M08;-1
07 Castilla y León;03 Vestido y calzado;Variación mensual;2025M07;-10,6
07 Castilla y León;03 Vestido y calzado;Variación mensual;2025M06;-0,6
07 Castilla y León;03 Vestido y calzado;Variación mensual;2025M05;3,5
07 Castilla y León;03 Vestido y calzado;Variación mensual;2025M04;8,1
07 Castilla y León;03 Vestido y calzado;Variación mensual;2025M03;1,7
07 Castilla y León;03 Vestido y calzado;Variación mensual;2025M02;-1,4
07 Castilla y León;03 Vestido y calzado;Variación mensual;2025M01;-12,3
07 Castilla y León;03 Vestido y calzado;Variación anual;2025M10;
07 Castilla y León;03 Vestido y calzado;Variación anual;2025M09;0,7
07 Castilla y León;03 Vestido y calzado;Variación anual;2025M08;0,8
07 Castilla y León;03 Vestido y calzado;Variación anual;2025M07;1,1
07 Castilla y León;03 Vestido y calzado;Variación anual;2025M06;0,7
07 Castilla y León;03 Vestido y calzado;Variación anual;2025M05;0,8
07 Castilla y León;03 Vestido y calzado;Variación anual;2025M04;1,3
07 Castilla y León;03 Vestido y calzado;Variación anual;2025M03;1,3
07 Castilla y León;03 Vestido y calzado;Variación anual;2025M02;0,6
07 Castilla y León;03 Vestido y calzado;Variación anual;2025M01;-0,1
07 Castilla y León;03 Vestido y calzado;Variación en lo que va de año;2025M10;
07 Castilla y León;03 Vestido y calzado;Variación en lo que va de año;2025M09;-12,4
07 Castilla y León;03 Vestido y calzado;Variación en lo que va de año;2025M08;-13,5
07 Castilla y León;03 Vestido y calzado;Variación en lo que va de año;2025M07;-12,6
07 Castilla y León;03 Vestido y calzado;Variación en lo que va de año;2025M06;-2,3
07 Castilla y León;03 Vestido y calzado;Variación en lo que va de año;2025M05;-1,7
07 Castilla y León;03 Vestido y calzado;Variación en lo que va de año;2025M04;-5
07 Castilla y León;03 Vestido y calzado;Variación en lo que va de año;2025M03;-12,1
07 Castilla y León;03 Vestido y calzado;Variación en lo que va de año;2025M02;-13,6
07 Castilla y León;03 Vestido y calzado;Variación en lo que va de año;2025M01;-12,3
07 Castilla y León;04 Vivienda, agua, electricidad, gas y otros combustibles;Índice;2025M10;
07 Castilla y León;04 Vivienda, agua, electricidad, gas y otros combustibles;Índice;2025M09;114,977
07 Castilla y León;04 Vivienda, agua, electricidad, gas y otros combustibles;Índice;2025M08;114,992
07 Castilla y León;04 Vivienda, agua, electricidad, gas y otros combustibles;Índice;2025M07;115,01
07 Castilla y León;04 Vivienda, agua, electricidad, gas y otros combustibles;Índice;2025M06;114,278
07 Castilla y León;04 Vivienda, agua, electricidad, gas y otros combustibles;Índice;2025M05;112,947
07 Castilla y León;04 Vivienda, agua, electricidad, gas y otros combustibles;Índice;2025M04;112,801
07 Castilla y León;04 Vivienda, agua, electricidad, gas y otros combustibles;Índice;2025M03;114,177
07 Castilla y León;04 Vivienda, agua, electricidad, gas y otros combustibles;Índice;2025M02;116,481
07 Castilla y León;04 Vivienda, agua, electricidad, gas y otros combustibles;Índice;2025M01;115,86
07 Castilla y León;04 Vivienda, agua, electricidad, gas y otros combustibles;Variación mensual;2025M10;
07 Castilla y León;04 Vivienda, agua, electricidad, gas y otros combustibles;Variación mensual;2025M09;0
07 Castilla y León;04 Vivienda, agua, electricidad, gas y otros combustibles;Variación mensual;2025M08;0
07 Castilla y León;04 Vivienda, agua, electricidad, gas y otros combustibles;Variación mensual;2025M07;0,6
07 Castilla y León;04 Vivienda, agua, electricidad, gas y otros combustibles;Variación mensual;2025M06;1,2
07 Castilla y León;04 Vivienda, agua, electricidad, gas y otros combustibles;Variación mensual;2025M05;0,1
07 Castilla y León;04 Vivienda, agua, electricidad, gas y otros combustibles;Variación mensual;2025M04;-1,2
07 Castilla y León;04 Vivienda, agua, electricidad, gas y otros combustibles;Variación mensual;2025M03;-2
07 Castilla y León;04 Vivienda, agua, electricidad, gas y otros combustibles;Variación mensual;2025M02;0,5
07 Castilla y León;04 Vivienda, agua, electricidad, gas y otros combustibles;Variación mensual;2025M01;4,2
07 Castilla y León;04 Vivienda, agua, electricidad, gas y otros combustibles;Variación anual;2025M10;
07 Castilla y León;04 Vivienda, agua, electricidad, gas y otros combustibles;Variación anual;2025M09;6,4
07 Castilla y León;04 Vivienda, agua, electricidad, gas y otros combustibles;Variación anual;2025M08;5,3
07 Castilla y León;04 Vivienda, agua, electricidad, gas y otros combustibles;Variación anual;2025M07;6,1
07 Castilla y León;04 Vivienda, agua, electricidad, gas y otros combustibles;Variación anual;2025M06;3,2
07 Castilla y León;04 Vivienda, agua, electricidad, gas y otros combustibles;Variación anual;2025M05;2,8
07 Castilla y León;04 Vivienda, agua, electricidad, gas y otros combustibles;Variación anual;2025M04;3,3
07 Castilla y León;04 Vivienda, agua, electricidad, gas y otros combustibles;Variación anual;2025M03;5
07 Castilla y León;04 Vivienda, agua, electricidad, gas y otros combustibles;Variación anual;2025M02;9,4
07 Castilla y León;04 Vivienda, agua, electricidad, gas y otros combustibles;Variación anual;2025M01;7,4
07 Castilla y León;04 Vivienda, agua, electricidad, gas y otros combustibles;Variación en lo que va de año;2025M10;
07 Castilla y León;04 Vivienda, agua, electricidad, gas y otros combustibles;Variación en lo que va de año;2025M09;3,4
07 Castilla y León;04 Vivienda, agua, electricidad, gas y otros combustibles;Variación en lo que va de año;2025M08;3,5
07 Castilla y León;04 Vivienda, agua, electricidad, gas y otros combustibles;Variación en lo que va de año;2025M07;3,5
07 Castilla y León;04 Vivienda, agua, electricidad, gas y otros combustibles;Variación en lo que va de año;2025M06;2,8
07 Castilla y León;04 Vivienda, agua, electricidad, gas y otros combustibles;Variación en lo que va de año;2025M05;1,6
07 Castilla y León;04 Vivienda, agua, electricidad, gas y otros combustibles;Variación en lo que va de año;2025M04;1,5
07 Castilla y León;04 Vivienda, agua, electricidad, gas y otros combustibles;Variación en lo que va de año;2025M03;2,7
07 Castilla y León;04 Vivienda, agua, electricidad, gas y otros combustibles;Variación en lo que va de año;2025M02;4,8
07 Castilla y León;04 Vivienda, agua, electricidad, gas y otros combustibles;Variación en lo que va de año;2025M01;4,2
07 Castilla y León;05 Muebles, artículos del hogar y artículos para el mantenimiento corriente del hogar;Índice;2025M10;
07 Castilla y León;05 Muebles, artículos del hogar y artículos para el mantenimiento corriente del hogar;Índice;2025M09;114,004
07 Castilla y León;05 Muebles, artículos del hogar y artículos para el mantenimiento corriente del hogar;Índice;2025M08;114,003
07 Castilla y León;05 Muebles, artículos del hogar y artículos para el mantenimiento corriente del hogar;Índice;2025M07;114,063
07 Castilla y León;05 Muebles, artículos del hogar y artículos para el mantenimiento corriente del hogar;Índice;2025M06;114,438
07 Castilla y León;05 Muebles, artículos del hogar y artículos para el mantenimiento corriente del hogar;Índice;2025M05;114,39
07 Castilla y León;05 Muebles, artículos del hogar y artículos para el mantenimiento corriente del hogar;Índice;2025M04;113,903
07 Castilla y León;05 Muebles, artículos del hogar y artículos para el mantenimiento corriente del hogar;Índice;2025M03;113,541
07 Castilla y León;05 Muebles, artículos del hogar y artículos para el mantenimiento corriente del hogar;Índice;2025M02;113,147
07 Castilla y León;05 Muebles, artículos del hogar y artículos para el mantenimiento corriente del hogar;Índice;2025M01;112,894
07 Castilla y León;05 Muebles, artículos del hogar y artículos para el mantenimiento corriente del hogar;Variación mensual;2025M10;
07 Castilla y León;05 Muebles, artículos del hogar y artículos para el mantenimiento corriente del hogar;Variación mensual;2025M09;0
07 Castilla y León;05 Muebles, artículos del hogar y artículos para el mantenimiento corriente del hogar;Variación mensual;2025M08;-0,1
07 Castilla y León;05 Muebles, artículos del hogar y artículos para el mantenimiento corriente del hogar;Variación mensual;2025M07;-0,3
07 Castilla y León;05 Muebles, artículos del hogar y artículos para el mantenimiento corriente del hogar;Variación mensual;2025M06;0
07 Castilla y León;05 Muebles, artículos del hogar y artículos para el mantenimiento corriente del hogar;Variación mensual;2025M05;0,4
07 Castilla y León;05 Muebles, artículos del hogar y artículos para el mantenimiento corriente del hogar;Variación mensual;2025M04;0,3
07 Castilla y León;05 Muebles, artículos del hogar y artículos para el mantenimiento corriente del hogar;Variación mensual;2025M03;0,3
07 Castilla y León;05 Muebles, artículos del hogar y artículos para el mantenimiento corriente del hogar;Variación mensual;2025M02;0,2
07 Castilla y León;05 Muebles, artículos del hogar y artículos para el mantenimiento corriente del hogar;Variación mensual;2025M01;-0,1
07 Castilla y León;05 Muebles, artículos del hogar y artículos para el mantenimiento corriente del hogar;Variación anual;2025M10;
07 Castilla y León;05 Muebles, artículos del hogar y artículos para el mantenimiento corriente del hogar;Variación anual;2025M09;1,5
07 Castilla y León;05 Muebles, artículos del hogar y artículos para el mantenimiento corriente del hogar;Variación anual;2025M08;1,5
07 Castilla y León;05 Muebles, artículos del hogar y artículos para el mantenimiento corriente del hogar;Variación anual;2025M07;1,5
07 Castilla y León;05 Muebles, artículos del hogar y artículos para el mantenimiento corriente del hogar;Variación anual;2025M06;1,5
07 Castilla y León;05 Muebles, artículos del hogar y artículos para el mantenimiento corriente del hogar;Variación anual;2025M05;1,5
07 Castilla y León;05 Muebles, artículos del hogar y artículos para el mantenimiento corriente del hogar;Variación anual;2025M04;1,3
07 Castilla y León;05 Muebles, artículos del hogar y artículos para el mantenimiento corriente del hogar;Variación anual;2025M03;1,5
07 Castilla y León;05 Muebles, artículos del hogar y artículos para el mantenimiento corriente del hogar;Variación anual;2025M02;1,3
07 Castilla y León;05 Muebles, artículos del hogar y artículos para el mantenimiento corriente del hogar;Variación anual;2025M01;1,2
07 Castilla y León;05 Muebles, artículos del hogar y artículos para el mantenimiento corriente del hogar;Variación en lo que va de año;2025M10;
07 Castilla y León;05 Muebles, artículos del hogar y artículos para el mantenimiento corriente del hogar;Variación en lo que va de año;2025M09;0,9
07 Castilla y León;05 Muebles, artículos del hogar y artículos para el mantenimiento corriente del hogar;Variación en lo que va de año;2025M08;0,9
07 Castilla y León;05 Muebles, artículos del hogar y artículos para el mantenimiento corriente del hogar;Variación en lo que va de año;2025M07;0,9
07 Castilla y León;05 Muebles, artículos del hogar y artículos para el mantenimiento corriente del hogar;Variación en lo que va de año;2025M06;1,2
07 Castilla y León;05 Muebles, artículos del hogar y artículos para el mantenimiento corriente del hogar;Variación en lo que va de año;2025M05;1,2
07 Castilla y León;05 Muebles, artículos del hogar y artículos para el mantenimiento corriente del hogar;Variación en lo que va de año;2025M04;0,8
07 Castilla y León;05 Muebles, artículos del hogar y artículos para el mantenimiento corriente del hogar;Variación en lo que va de año;2025M03;0,4
07 Castilla y León;05 Muebles, artículos del hogar y artículos para el mantenimiento corriente del hogar;Variación en lo que va de año;2025M02;0,1
07 Castilla y León;05 Muebles, artículos del hogar y artículos para el mantenimiento corriente del hogar;Variación en lo que va de año;2025M01;-0,1
07 Castilla y León;06 Sanidad;Índice;2025M10;
07 Castilla y León;06 Sanidad;Índice;2025M09;105,934
07 Castilla y León;06 Sanidad;Índice;2025M08;105,889
07 Castilla y León;06 Sanidad;Índice;2025M07;105,907
07 Castilla y León;06 Sanidad;Índice;2025M06;106,088
07 Castilla y León;06 Sanidad;Índice;2025M05;105,775
07 Castilla y León;06 Sanidad;Índice;2025M04;105,733
07 Castilla y León;06 Sanidad;Índice;2025M03;105,264
07 Castilla y León;06 Sanidad;Índice;2025M02;104,681
07 Castilla y León;06 Sanidad;Índice;2025M01;104,6
07 Castilla y León;06 Sanidad;Variación mensual;2025M10;
07 Castilla y León;06 Sanidad;Variación mensual;2025M09;0
07 Castilla y León;06 Sanidad;Variación mensual;2025M08;0
07 Castilla y León;06 Sanidad;Variación mensual;2025M07;-0,2
07 Castilla y León;06 Sanidad;Variación mensual;2025M06;0,3
07 Castilla y León;06 Sanidad;Variación mensual;2025M05;0
07 Castilla y León;06 Sanidad;Variación mensual;2025M04;0,4
07 Castilla y León;06 Sanidad;Variación mensual;2025M03;0,6
07 Castilla y León;06 Sanidad;Variación mensual;2025M02;0,1
07 Castilla y León;06 Sanidad;Variación mensual;2025M01;0,5
07 Castilla y León;06 Sanidad;Variación anual;2025M10;
07 Castilla y León;06 Sanidad;Variación anual;2025M09;1,6
07 Castilla y León;06 Sanidad;Variación anual;2025M08;1,6
07 Castilla y León;06 Sanidad;Variación anual;2025M07;1,7
07 Castilla y León;06 Sanidad;Variación anual;2025M06;1,7
07 Castilla y León;06 Sanidad;Variación anual;2025M05;1,3
07 Castilla y León;06 Sanidad;Variación anual;2025M04;1,3
07 Castilla y León;06 Sanidad;Variación anual;2025M03;1
07 Castilla y León;06 Sanidad;Variación anual;2025M02;0,7
07 Castilla y León;06 Sanidad;Variación anual;2025M01;0,8
07 Castilla y León;06 Sanidad;Variación en lo que va de año;2025M10;
07 Castilla y León;06 Sanidad;Variación en lo que va de año;2025M09;1,8
07 Castilla y León;06 Sanidad;Variación en lo que va de año;2025M08;1,7
07 Castilla y León;06 Sanidad;Variación en lo que va de año;2025M07;1,7
07 Castilla y León;06 Sanidad;Variación en lo que va de año;2025M06;1,9
07 Castilla y León;06 Sanidad;Variación en lo que va de año;2025M05;1,6
07 Castilla y León;06 Sanidad;Variación en lo que va de año;2025M04;1,6
07 Castilla y León;06 Sanidad;Variación en lo que va de año;2025M03;1,1
07 Castilla y León;06 Sanidad;Variación en lo que va de año;2025M02;0,6
07 Castilla y León;06 Sanidad;Variación en lo que va de año;2025M01;0,5
07 Castilla y León;07 Transporte;Índice;2025M10;
07 Castilla y León;07 Transporte;Índice;2025M09;114,026
07 Castilla y León;07 Transporte;Índice;2025M08;114,318
07 Castilla y León;07 Transporte;Índice;2025M07;114,054
07 Castilla y León;07 Transporte;Índice;2025M06;113,516
07 Castilla y León;07 Transporte;Índice;2025M05;112,381
07 Castilla y León;07 Transporte;Índice;2025M04;113,322
07 Castilla y León;07 Transporte;Índice;2025M03;113,585
07 Castilla y León;07 Transporte;Índice;2025M02;114,34
07 Castilla y León;07 Transporte;Índice;2025M01;113,986
07 Castilla y León;07 Transporte;Variación mensual;2025M10;
07 Castilla y León;07 Transporte;Variación mensual;2025M09;-0,3
07 Castilla y León;07 Transporte;Variación mensual;2025M08;0,2
07 Castilla y León;07 Transporte;Variación mensual;2025M07;0,5
07 Castilla y León;07 Transporte;Variación mensual;2025M06;1
07 Castilla y León;07 Transporte;Variación mensual;2025M05;-0,8
07 Castilla y León;07 Transporte;Variación mensual;2025M04;-0,2
07 Castilla y León;07 Transporte;Variación mensual;2025M03;-0,7
07 Castilla y León;07 Transporte;Variación mensual;2025M02;0,3
07 Castilla y León;07 Transporte;Variación mensual;2025M01;1
07 Castilla y León;07 Transporte;Variación anual;2025M10;
07 Castilla y León;07 Transporte;Variación anual;2025M09;2,1
07 Castilla y León;07 Transporte;Variación anual;2025M08;0,7
07 Castilla y León;07 Transporte;Variación anual;2025M07;-0,2
07 Castilla y León;07 Transporte;Variación anual;2025M06;-0,4
07 Castilla y León;07 Transporte;Variación anual;2025M05;-2
07 Castilla y León;07 Transporte;Variación anual;2025M04;-1,9
07 Castilla y León;07 Transporte;Variación anual;2025M03;-0,9
07 Castilla y León;07 Transporte;Variación anual;2025M02;0,2
07 Castilla y León;07 Transporte;Variación anual;2025M01;1,2
07 Castilla y León;07 Transporte;Variación en lo que va de año;2025M10;
07 Castilla y León;07 Transporte;Variación en lo que va de año;2025M09;1
07 Castilla y León;07 Transporte;Variación en lo que va de año;2025M08;1,3
07 Castilla y León;07 Transporte;Variación en lo que va de año;2025M07;1,1
07 Castilla y León;07 Transporte;Variación en lo que va de año;2025M06;0,6
07 Castilla y León;07 Transporte;Variación en lo que va de año;2025M05;-0,4
07 Castilla y León;07 Transporte;Variación en lo que va de año;2025M04;0,4
07 Castilla y León;07 Transporte;Variación en lo que va de año;2025M03;0,6
07 Castilla y León;07 Transporte;Variación en lo que va de año;2025M02;1,3
07 Castilla y León;07 Transporte;Variación en lo que va de año;2025M01;1
07 Castilla y León;08 Comunicaciones;Índice;2025M10;
07 Castilla y León;08 Comunicaciones;Índice;2025M09;102,63
07 Castilla y León;08 Comunicaciones;Índice;2025M08;102,698
07 Castilla y León;08 Comunicaciones;Índice;2025M07;102,593
07 Castilla y León;08 Comunicaciones;Índice;2025M06;104,453
07 Castilla y León;08 Comunicaciones;Índice;2025M05;104,437
07 Castilla y León;08 Comunicaciones;Índice;2025M04;104,614
07 Castilla y León;08 Comunicaciones;Índice;2025M03;104,421
07 Castilla y León;08 Comunicaciones;Índice;2025M02;104,485
07 Castilla y León;08 Comunicaciones;Índice;2025M01;103,788
07 Castilla y León;08 Comunicaciones;Variación mensual;2025M10;
07 Castilla y León;08 Comunicaciones;Variación mensual;2025M09;-0,1
07 Castilla y León;08 Comunicaciones;Variación mensual;2025M08;0,1
07 Castilla y León;08 Comunicaciones;Variación mensual;2025M07;-1,8
07 Castilla y León;08 Comunicaciones;Variación mensual;2025M06;0
07 Castilla y León;08 Comunicaciones;Variación mensual;2025M05;-0,2
07 Castilla y León;08 Comunicaciones;Variación mensual;2025M04;0,2
07 Castilla y León;08 Comunicaciones;Variación mensual;2025M03;-0,1
07 Castilla y León;08 Comunicaciones;Variación mensual;2025M02;0,7
07 Castilla y León;08 Comunicaciones;Variación mensual;2025M01;3
07 Castilla y León;08 Comunicaciones;Variación anual;2025M10;
07 Castilla y León;08 Comunicaciones;Variación anual;2025M09;0,9
07 Castilla y León;08 Comunicaciones;Variación anual;2025M08;0,8
07 Castilla y León;08 Comunicaciones;Variación anual;2025M07;0,6
07 Castilla y León;08 Comunicaciones;Variación anual;2025M06;2
07 Castilla y León;08 Comunicaciones;Variación anual;2025M05;2
07 Castilla y León;08 Comunicaciones;Variación anual;2025M04;2,1
07 Castilla y León;08 Comunicaciones;Variación anual;2025M03;2
07 Castilla y León;08 Comunicaciones;Variación anual;2025M02;2
07 Castilla y León;08 Comunicaciones;Variación anual;2025M01;1,2
07 Castilla y León;08 Comunicaciones;Variación en lo que va de año;2025M10;
07 Castilla y León;08 Comunicaciones;Variación en lo que va de año;2025M09;1,8
07 Castilla y León;08 Comunicaciones;Variación en lo que va de año;2025M08;1,9
07 Castilla y León;08 Comunicaciones;Variación en lo que va de año;2025M07;1,8
07 Castilla y León;08 Comunicaciones;Variación en lo que va de año;2025M06;3,6
07 Castilla y León;08 Comunicaciones;Variación en lo que va de año;2025M05;3,6
07 Castilla y León;08 Comunicaciones;Variación en lo que va de año;2025M04;3,8
07 Castilla y León;08 Comunicaciones;Variación en lo que va de año;2025M03;3,6
07 Castilla y León;08 Comunicaciones;Variación en lo que va de año;2025M02;3,7
07 Castilla y León;08 Comunicaciones;Variación en lo que va de año;2025M01;3
07 Castilla y León;09 Ocio y cultura;Índice;2025M10;
07 Castilla y León;09 Ocio y cultura;Índice;2025M09;109,31
07 Castilla y León;09 Ocio y cultura;Índice;2025M08;114,071
07 Castilla y León;09 Ocio y cultura;Índice;2025M07;112,277
07 Castilla y León;09 Ocio y cultura;Índice;2025M06;110,224
07 Castilla y León;09 Ocio y cultura;Índice;2025M05;107,864
07 Castilla y León;09 Ocio y cultura;Índice;2025M04;110,174
07 Castilla y León;09 Ocio y cultura;Índice;2025M03;107,19
07 Castilla y León;09 Ocio y cultura;Índice;2025M02;107,046
07 Castilla y León;09 Ocio y cultura;Índice;2025M01;106,78
07 Castilla y León;09 Ocio y cultura;Variación mensual;2025M10;
07 Castilla y León;09 Ocio y cultura;Variación mensual;2025M09;-4,2
07 Castilla y León;09 Ocio y cultura;Variación mensual;2025M08;1,6
07 Castilla y León;09 Ocio y cultura;Variación mensual;2025M07;1,9
07 Castilla y León;09 Ocio y cultura;Variación mensual;2025M06;2,2
07 Castilla y León;09 Ocio y cultura;Variación mensual;2025M05;-2,1
07 Castilla y León;09 Ocio y cultura;Variación mensual;2025M04;2,8
07 Castilla y León;09 Ocio y cultura;Variación mensual;2025M03;0,1
07 Castilla y León;09 Ocio y cultura;Variación mensual;2025M02;0,2
07 Castilla y León;09 Ocio y cultura;Variación mensual;2025M01;-3,1
07 Castilla y León;09 Ocio y cultura;Variación anual;2025M10;
07 Castilla y León;09 Ocio y cultura;Variación anual;2025M09;0,7
07 Castilla y León;09 Ocio y cultura;Variación anual;2025M08;0,6
07 Castilla y León;09 Ocio y cultura;Variación anual;2025M07;0,5
07 Castilla y León;09 Ocio y cultura;Variación anual;2025M06;0,1
07 Castilla y León;09 Ocio y cultura;Variación anual;2025M05;0,3
07 Castilla y León;09 Ocio y cultura;Variación anual;2025M04;2,9
07 Castilla y León;09 Ocio y cultura;Variación anual;2025M03;-0,3
07 Castilla y León;09 Ocio y cultura;Variación anual;2025M02;1,3
07 Castilla y León;09 Ocio y cultura;Variación anual;2025M01;1,9
07 Castilla y León;09 Ocio y cultura;Variación en lo que va de año;2025M10;
07 Castilla y León;09 Ocio y cultura;Variación en lo que va de año;2025M09;-0,8
07 Castilla y León;09 Ocio y cultura;Variación en lo que va de año;2025M08;3,5
07 Castilla y León;09 Ocio y cultura;Variación en lo que va de año;2025M07;1,8
07 Castilla y León;09 Ocio y cultura;Variación en lo que va de año;2025M06;0
07 Castilla y León;09 Ocio y cultura;Variación en lo que va de año;2025M05;-2,2
07 Castilla y León;09 Ocio y cultura;Variación en lo que va de año;2025M04;-0,1
07 Castilla y León;09 Ocio y cultura;Variación en lo que va de año;2025M03;-2,8
07 Castilla y León;09 Ocio y cultura;Variación en lo que va de año;2025M02;-2,9
07 Castilla y León;09 Ocio y cultura;Variación en lo que va de año;2025M01;-3,1
07 Castilla y León;10 Enseñanza;Índice;2025M10;
07 Castilla y León;10 Enseñanza;Índice;2025M09;103,075
07 Castilla y León;10 Enseñanza;Índice;2025M08;102,113
07 Castilla y León;10 Enseñanza;Índice;2025M07;102,113
07 Castilla y León;10 Enseñanza;Índice;2025M06;102,113
07 Castilla y León;10 Enseñanza;Índice;2025M05;102,113
07 Castilla y León;10 Enseñanza;Índice;2025M04;102,137
07 Castilla y León;10 Enseñanza;Índice;2025M03;102,138
07 Castilla y León;10 Enseñanza;Índice;2025M02;102,15
07 Castilla y León;10 Enseñanza;Índice;2025M01;102,222
07 Castilla y León;10 Enseñanza;Variación mensual;2025M10;
07 Castilla y León;10 Enseñanza;Variación mensual;2025M09;0,9
07 Castilla y León;10 Enseñanza;Variación mensual;2025M08;0
07 Castilla y León;10 Enseñanza;Variación mensual;2025M07;0
07 Castilla y León;10 Enseñanza;Variación mensual;2025M06;0
07 Castilla y León;10 Enseñanza;Variación mensual;2025M05;0
07 Castilla y León;10 Enseñanza;Variación mensual;2025M04;0
07 Castilla y León;10 Enseñanza;Variación mensual;2025M03;0
07 Castilla y León;10 Enseñanza;Variación mensual;2025M02;-0,1
07 Castilla y León;10 Enseñanza;Variación mensual;2025M01;0,1
07 Castilla y León;10 Enseñanza;Variación anual;2025M10;
07 Castilla y León;10 Enseñanza;Variación anual;2025M09;1,1
07 Castilla y León;10 Enseñanza;Variación anual;2025M08;-0,3
07 Castilla y León;10 Enseñanza;Variación anual;2025M07;-0,2
07 Castilla y León;10 Enseñanza;Variación anual;2025M06;-0,2
07 Castilla y León;10 Enseñanza;Variación anual;2025M05;-0,2
07 Castilla y León;10 Enseñanza;Variación anual;2025M04;-0,1
07 Castilla y León;10 Enseñanza;Variación anual;2025M03;-0,2
07 Castilla y León;10 Enseñanza;Variación anual;2025M02;-0,1
07 Castilla y León;10 Enseñanza;Variación anual;2025M01;0
07 Castilla y León;10 Enseñanza;Variación en lo que va de año;2025M10;
07 Castilla y León;10 Enseñanza;Variación en lo que va de año;2025M09;1
07 Castilla y León;10 Enseñanza;Variación en lo que va de año;2025M08;0
07 Castilla y León;10 Enseñanza;Variación en lo que va de año;2025M07;0
07 Castilla y León;10 Enseñanza;Variación en lo que va de año;2025M06;0
07 Castilla y León;10 Enseñanza;Variación en lo que va de año;2025M05;0
07 Castilla y León;10 Enseñanza;Variación en lo que va de año;2025M04;0
07 Castilla y León;10 Enseñanza;Variación en lo que va de año;2025M03;0
07 Castilla y León;10 Enseñanza;Variación en lo que va de año;2025M02;0,1
07 Castilla y León;10 Enseñanza;Variación en lo que va de año;2025M01;0,1
07 Castilla y León;11 Restaurantes y hoteles;Índice;2025M10;
07 Castilla y León;11 Restaurantes y hoteles;Índice;2025M09;125,818
07 Castilla y León;11 Restaurantes y hoteles;Índice;2025M08;125,869
07 Castilla y León;11 Restaurantes y hoteles;Índice;2025M07;125,542
07 Castilla y León;11 Restaurantes y hoteles;Índice;2025M06;124,994
07 Castilla y León;11 Restaurantes y hoteles;Índice;2025M05;124,135
07 Castilla y León;11 Restaurantes y hoteles;Índice;2025M04;123,852
07 Castilla y León;11 Restaurantes y hoteles;Índice;2025M03;122,118
07 Castilla y León;11 Restaurantes y hoteles;Índice;2025M02;121,267
07 Castilla y León;11 Restaurantes y hoteles;Índice;2025M01;120,059
07 Castilla y León;11 Restaurantes y hoteles;Variación mensual;2025M10;
07 Castilla y León;11 Restaurantes y hoteles;Variación mensual;2025M09;0
07 Castilla y León;11 Restaurantes y hoteles;Variación mensual;2025M08;0,3
07 Castilla y León;11 Restaurantes y hoteles;Variación mensual;2025M07;0,4
07 Castilla y León;11 Restaurantes y hoteles;Variación mensual;2025M06;0,7
07 Castilla y León;11 Restaurantes y hoteles;Variación mensual;2025M05;0,2
07 Castilla y León;11 Restaurantes y hoteles;Variación mensual;2025M04;1,4
07 Castilla y León;11 Restaurantes y hoteles;Variación mensual;2025M03;0,7
07 Castilla y León;11 Restaurantes y hoteles;Variación mensual;2025M02;1
07 Castilla y León;11 Restaurantes y hoteles;Variación mensual;2025M01;-0,6
07 Castilla y León;11 Restaurantes y hoteles;Variación anual;2025M10;
07 Castilla y León;11 Restaurantes y hoteles;Variación anual;2025M09;3,7
07 Castilla y León;11 Restaurantes y hoteles;Variación anual;2025M08;3,9
07 Castilla y León;11 Restaurantes y hoteles;Variación anual;2025M07;4
07 Castilla y León;11 Restaurantes y hoteles;Variación anual;2025M06;4
07 Castilla y León;11 Restaurantes y hoteles;Variación anual;2025M05;3,6
07 Castilla y León;11 Restaurantes y hoteles;Variación anual;2025M04;4,2
07 Castilla y León;11 Restaurantes y hoteles;Variación anual;2025M03;3,3
07 Castilla y León;11 Restaurantes y hoteles;Variación anual;2025M02;3,3
07 Castilla y León;11 Restaurantes y hoteles;Variación anual;2025M01;3,6
07 Castilla y León;11 Restaurantes y hoteles;Variación en lo que va de año;2025M10;
07 Castilla y León;11 Restaurantes y hoteles;Variación en lo que va de año;2025M09;4,1
07 Castilla y León;11 Restaurantes y hoteles;Variación en lo que va de año;2025M08;4,2
07 Castilla y León;11 Restaurantes y hoteles;Variación en lo que va de año;2025M07;3,9
07 Castilla y León;11 Restaurantes y hoteles;Variación en lo que va de año;2025M06;3,4
07 Castilla y León;11 Restaurantes y hoteles;Variación en lo que va de año;2025M05;2,7
07 Castilla y León;11 Restaurantes y hoteles;Variación en lo que va de año;2025M04;2,5
07 Castilla y León;11 Restaurantes y hoteles;Variación en lo que va de año;2025M03;1,1
07 Castilla y León;11 Restaurantes y hoteles;Variación en lo que va de año;2025M02;0,4
07 Castilla y León;11 Restaurantes y hoteles;Variación en lo que va de año;2025M01;-0,6
07 Castilla y León;12 Otros bienes y servicios;Índice;2025M10;
07 Castilla y León;12 Otros bienes y servicios;Índice;2025M09;114,445
07 Castilla y León;12 Otros bienes y servicios;Índice;2025M08;114,336
07 Castilla y León;12 Otros bienes y servicios;Índice;2025M07;114,269
07 Castilla y León;12 Otros bienes y servicios;Índice;2025M06;114,577
07 Castilla y León;12 Otros bienes y servicios;Índice;2025M05;113,817
07 Castilla y León;12 Otros bienes y servicios;Índice;2025M04;113,646
07 Castilla y León;12 Otros bienes y servicios;Índice;2025M03;113,217
07 Castilla y León;12 Otros bienes y servicios;Índice;2025M02;112,773
07 Castilla y León;12 Otros bienes y servicios;Índice;2025M01;112,236
07 Castilla y León;12 Otros bienes y servicios;Variación mensual;2025M10;
07 Castilla y León;12 Otros bienes y servicios;Variación mensual;2025M09;0,1
07 Castilla y León;12 Otros bienes y servicios;Variación mensual;2025M08;0,1
07 Castilla y León;12 Otros bienes y servicios;Variación mensual;2025M07;-0,3
07 Castilla y León;12 Otros bienes y servicios;Variación mensual;2025M06;0,7
07 Castilla y León;12 Otros bienes y servicios;Variación mensual;2025M05;0,2
07 Castilla y León;12 Otros bienes y servicios;Variación mensual;2025M04;0,4
07 Castilla y León;12 Otros bienes y servicios;Variación mensual;2025M03;0,4
07 Castilla y León;12 Otros bienes y servicios;Variación mensual;2025M02;0,5
07 Castilla y León;12 Otros bienes y servicios;Variación mensual;2025M01;0,7
07 Castilla y León;12 Otros bienes y servicios;Variación anual;2025M10;
07 Castilla y León;12 Otros bienes y servicios;Variación anual;2025M09;3,3
07 Castilla y León;12 Otros bienes y servicios;Variación anual;2025M08;3,2
07 Castilla y León;12 Otros bienes y servicios;Variación anual;2025M07;3,4
07 Castilla y León;12 Otros bienes y servicios;Variación anual;2025M06;3,4
07 Castilla y León;12 Otros bienes y servicios;Variación anual;2025M05;3,5
07 Castilla y León;12 Otros bienes y servicios;Variación anual;2025M04;3,5
07 Castilla y León;12 Otros bienes y servicios;Variación anual;2025M03;3,4
07 Castilla y León;12 Otros bienes y servicios;Variación anual;2025M02;3,2
07 Castilla y León;12 Otros bienes y servicios;Variación anual;2025M01;3,1
07 Castilla y León;12 Otros bienes y servicios;Variación en lo que va de año;2025M10;
07 Castilla y León;12 Otros bienes y servicios;Variación en lo que va de año;2025M09;2,6
07 Castilla y León;12 Otros bienes y servicios;Variación en lo que va de año;2025M08;2,5
07 Castilla y León;12 Otros bienes y servicios;Variación en lo que va de año;2025M07;2,5
07 Castilla y León;12 Otros bienes y servicios;Variación en lo que va de año;2025M06;2,8
07 Castilla y León;12 Otros bienes y servicios;Variación en lo que va de año;2025M05;2,1
07 Castilla y León;12 Otros bienes y servicios;Variación en lo que va de año;2025M04;1,9
07 Castilla y León;12 Otros bienes y servicios;Variación en lo que va de año;2025M03;1,5
07 Castilla y León;12 Otros bienes y servicios;Variación en lo que va de año;2025M02;1,1
07 Castilla y León;12 Otros bienes y servicios;Variación en lo que va de año;2025M01;0,7
08 Castilla - La Mancha;01 Alimentos y bebidas no alcohólicas;Índice;2025M10;
08 Castilla - La Mancha;01 Alimentos y bebidas no alcohólicas;Índice;2025M09;132,345
08 Castilla - La Mancha;01 Alimentos y bebidas no alcohólicas;Índice;2025M08;132,388
08 Castilla - La Mancha;01 Alimentos y bebidas no alcohólicas;Índice;2025M07;134,509
08 Castilla - La Mancha;01 Alimentos y bebidas no alcohólicas;Índice;2025M06;135,596
08 Castilla - La Mancha;01 Alimentos y bebidas no alcohólicas;Índice;2025M05;134,611
08 Castilla - La Mancha;01 Alimentos y bebidas no alcohólicas;Índice;2025M04;133,664
08 Castilla - La Mancha;01 Alimentos y bebidas no alcohólicas;Índice;2025M03;133,108
08 Castilla - La Mancha;01 Alimentos y bebidas no alcohólicas;Índice;2025M02;132,722
08 Castilla - La Mancha;01 Alimentos y bebidas no alcohólicas;Índice;2025M01;132,639
08 Castilla - La Mancha;01 Alimentos y bebidas no alcohólicas;Variación mensual;2025M10;
08 Castilla - La Mancha;01 Alimentos y bebidas no alcohólicas;Variación mensual;2025M09;0
08 Castilla - La Mancha;01 Alimentos y bebidas no alcohólicas;Variación mensual;2025M08;-1,6
08 Castilla - La Mancha;01 Alimentos y bebidas no alcohólicas;Variación mensual;2025M07;-0,8
08 Castilla - La Mancha;01 Alimentos y bebidas no alcohólicas;Variación mensual;2025M06;0,7
08 Castilla - La Mancha;01 Alimentos y bebidas no alcohólicas;Variación mensual;2025M05;0,7
08 Castilla - La Mancha;01 Alimentos y bebidas no alcohólicas;Variación mensual;2025M04;0,4
08 Castilla - La Mancha;01 Alimentos y bebidas no alcohólicas;Variación mensual;2025M03;0,3
08 Castilla - La Mancha;01 Alimentos y bebidas no alcohólicas;Variación mensual;2025M02;0,1
08 Castilla - La Mancha;01 Alimentos y bebidas no alcohólicas;Variación mensual;2025M01;0,7
08 Castilla - La Mancha;01 Alimentos y bebidas no alcohólicas;Variación anual;2025M10;
08 Castilla - La Mancha;01 Alimentos y bebidas no alcohólicas;Variación anual;2025M09;1,8
08 Castilla - La Mancha;01 Alimentos y bebidas no alcohólicas;Variación anual;2025M08;1,5
08 Castilla - La Mancha;01 Alimentos y bebidas no alcohólicas;Variación anual;2025M07;2,4
08 Castilla - La Mancha;01 Alimentos y bebidas no alcohólicas;Variación anual;2025M06;3
08 Castilla - La Mancha;01 Alimentos y bebidas no alcohólicas;Variación anual;2025M05;2,4
08 Castilla - La Mancha;01 Alimentos y bebidas no alcohólicas;Variación anual;2025M04;1,7
08 Castilla - La Mancha;01 Alimentos y bebidas no alcohólicas;Variación anual;2025M03;2,2
08 Castilla - La Mancha;01 Alimentos y bebidas no alcohólicas;Variación anual;2025M02;1,8
08 Castilla - La Mancha;01 Alimentos y bebidas no alcohólicas;Variación anual;2025M01;1,8
08 Castilla - La Mancha;01 Alimentos y bebidas no alcohólicas;Variación en lo que va de año;2025M10;
08 Castilla - La Mancha;01 Alimentos y bebidas no alcohólicas;Variación en lo que va de año;2025M09;0,4
08 Castilla - La Mancha;01 Alimentos y bebidas no alcohólicas;Variación en lo que va de año;2025M08;0,5
08 Castilla - La Mancha;01 Alimentos y bebidas no alcohólicas;Variación en lo que va de año;2025M07;2,1
08 Castilla - La Mancha;01 Alimentos y bebidas no alcohólicas;Variación en lo que va de año;2025M06;2,9
08 Castilla - La Mancha;01 Alimentos y bebidas no alcohólicas;Variación en lo que va de año;2025M05;2,2
08 Castilla - La Mancha;01 Alimentos y bebidas no alcohólicas;Variación en lo que va de año;2025M04;1,4
08 Castilla - La Mancha;01 Alimentos y bebidas no alcohólicas;Variación en lo que va de año;2025M03;1
08 Castilla - La Mancha;01 Alimentos y bebidas no alcohólicas;Variación en lo que va de año;2025M02;0,7
08 Castilla - La Mancha;01 Alimentos y bebidas no alcohólicas;Variación en lo que va de año;2025M01;0,7
08 Castilla - La Mancha;02 Bebidas alcohólicas y tabaco;Índice;2025M10;
08 Castilla - La Mancha;02 Bebidas alcohólicas y tabaco;Índice;2025M09;121,913
08 Castilla - La Mancha;02 Bebidas alcohólicas y tabaco;Índice;2025M08;121,358
08 Castilla - La Mancha;02 Bebidas alcohólicas y tabaco;Índice;2025M07;121,665
08 Castilla - La Mancha;02 Bebidas alcohólicas y tabaco;Índice;2025M06;122,244
08 Castilla - La Mancha;02 Bebidas alcohólicas y tabaco;Índice;2025M05;121,49
08 Castilla - La Mancha;02 Bebidas alcohólicas y tabaco;Índice;2025M04;120,508
08 Castilla - La Mancha;02 Bebidas alcohólicas y tabaco;Índice;2025M03;120,229
08 Castilla - La Mancha;02 Bebidas alcohólicas y tabaco;Índice;2025M02;119,624
08 Castilla - La Mancha;02 Bebidas alcohólicas y tabaco;Índice;2025M01;119,97
08 Castilla - La Mancha;02 Bebidas alcohólicas y tabaco;Variación mensual;2025M10;
08 Castilla - La Mancha;02 Bebidas alcohólicas y tabaco;Variación mensual;2025M09;0,5
08 Castilla - La Mancha;02 Bebidas alcohólicas y tabaco;Variación mensual;2025M08;-0,3
08 Castilla - La Mancha;02 Bebidas alcohólicas y tabaco;Variación mensual;2025M07;-0,5
08 Castilla - La Mancha;02 Bebidas alcohólicas y tabaco;Variación mensual;2025M06;0,6
08 Castilla - La Mancha;02 Bebidas alcohólicas y tabaco;Variación mensual;2025M05;0,8
08 Castilla - La Mancha;02 Bebidas alcohólicas y tabaco;Variación mensual;2025M04;0,2
08 Castilla - La Mancha;02 Bebidas alcohólicas y tabaco;Variación mensual;2025M03;0,5
08 Castilla - La Mancha;02 Bebidas alcohólicas y tabaco;Variación mensual;2025M02;-0,3
08 Castilla - La Mancha;02 Bebidas alcohólicas y tabaco;Variación mensual;2025M01;1,9
08 Castilla - La Mancha;02 Bebidas alcohólicas y tabaco;Variación anual;2025M10;
08 Castilla - La Mancha;02 Bebidas alcohólicas y tabaco;Variación anual;2025M09;4,5
08 Castilla - La Mancha;02 Bebidas alcohólicas y tabaco;Variación anual;2025M08;4,2
08 Castilla - La Mancha;02 Bebidas alcohólicas y tabaco;Variación anual;2025M07;4,8
08 Castilla - La Mancha;02 Bebidas alcohólicas y tabaco;Variación anual;2025M06;4,7
08 Castilla - La Mancha;02 Bebidas alcohólicas y tabaco;Variación anual;2025M05;3,9
08 Castilla - La Mancha;02 Bebidas alcohólicas y tabaco;Variación anual;2025M04;3,1
08 Castilla - La Mancha;02 Bebidas alcohólicas y tabaco;Variación anual;2025M03;2,9
08 Castilla - La Mancha;02 Bebidas alcohólicas y tabaco;Variación anual;2025M02;2,6
08 Castilla - La Mancha;02 Bebidas alcohólicas y tabaco;Variación anual;2025M01;4,1
08 Castilla - La Mancha;02 Bebidas alcohólicas y tabaco;Variación en lo que va de año;2025M10;
08 Castilla - La Mancha;02 Bebidas alcohólicas y tabaco;Variación en lo que va de año;2025M09;3,5
08 Castilla - La Mancha;02 Bebidas alcohólicas y tabaco;Variación en lo que va de año;2025M08;3,1
08 Castilla - La Mancha;02 Bebidas alcohólicas y tabaco;Variación en lo que va de año;2025M07;3,3
08 Castilla - La Mancha;02 Bebidas alcohólicas y tabaco;Variación en lo que va de año;2025M06;3,8
08 Castilla - La Mancha;02 Bebidas alcohólicas y tabaco;Variación en lo que va de año;2025M05;3,2
08 Castilla - La Mancha;02 Bebidas alcohólicas y tabaco;Variación en lo que va de año;2025M04;2,4
08 Castilla - La Mancha;02 Bebidas alcohólicas y tabaco;Variación en lo que va de año;2025M03;2,1
08 Castilla - La Mancha;02 Bebidas alcohólicas y tabaco;Variación en lo que va de año;2025M02;1,6
08 Castilla - La Mancha;02 Bebidas alcohólicas y tabaco;Variación en lo que va de año;2025M01;1,9
08 Castilla - La Mancha;03 Vestido y calzado;Índice;2025M10;
08 Castilla - La Mancha;03 Vestido y calzado;Índice;2025M09;102,463
08 Castilla - La Mancha;03 Vestido y calzado;Índice;2025M08;100,964
08 Castilla - La Mancha;03 Vestido y calzado;Índice;2025M07;101,925
08 Castilla - La Mancha;03 Vestido y calzado;Índice;2025M06;110,957
08 Castilla - La Mancha;03 Vestido y calzado;Índice;2025M05;111,241
08 Castilla - La Mancha;03 Vestido y calzado;Índice;2025M04;109,714
08 Castilla - La Mancha;03 Vestido y calzado;Índice;2025M03;102,609
08 Castilla - La Mancha;03 Vestido y calzado;Índice;2025M02;101,105
08 Castilla - La Mancha;03 Vestido y calzado;Índice;2025M01;102,182
08 Castilla - La Mancha;03 Vestido y calzado;Variación mensual;2025M10;
08 Castilla - La Mancha;03 Vestido y calzado;Variación mensual;2025M09;1,5
08 Castilla - La Mancha;03 Vestido y calzado;Variación mensual;2025M08;-0,9
08 Castilla - La Mancha;03 Vestido y calzado;Variación mensual;2025M07;-8,1
08 Castilla - La Mancha;03 Vestido y calzado;Variación mensual;2025M06;-0,3
08 Castilla - La Mancha;03 Vestido y calzado;Variación mensual;2025M05;1,4
08 Castilla - La Mancha;03 Vestido y calzado;Variación mensual;2025M04;6,9
08 Castilla - La Mancha;03 Vestido y calzado;Variación mensual;2025M03;1,5
08 Castilla - La Mancha;03 Vestido y calzado;Variación mensual;2025M02;-1,1
08 Castilla - La Mancha;03 Vestido y calzado;Variación mensual;2025M01;-11,8
08 Castilla - La Mancha;03 Vestido y calzado;Variación anual;2025M10;
08 Castilla - La Mancha;03 Vestido y calzado;Variación anual;2025M09;-1,1
08 Castilla - La Mancha;03 Vestido y calzado;Variación anual;2025M08;-0,6
08 Castilla - La Mancha;03 Vestido y calzado;Variación anual;2025M07;-0,8
08 Castilla - La Mancha;03 Vestido y calzado;Variación anual;2025M06;-0,8
08 Castilla - La Mancha;03 Vestido y calzado;Variación anual;2025M05;-1,1
08 Castilla - La Mancha;03 Vestido y calzado;Variación anual;2025M04;-1,3
08 Castilla - La Mancha;03 Vestido y calzado;Variación anual;2025M03;-0,7
08 Castilla - La Mancha;03 Vestido y calzado;Variación anual;2025M02;0,3
08 Castilla - La Mancha;03 Vestido y calzado;Variación anual;2025M01;0
08 Castilla - La Mancha;03 Vestido y calzado;Variación en lo que va de año;2025M10;
08 Castilla - La Mancha;03 Vestido y calzado;Variación en lo que va de año;2025M09;-11,5
08 Castilla - La Mancha;03 Vestido y calzado;Variación en lo que va de año;2025M08;-12,8
08 Castilla - La Mancha;03 Vestido y calzado;Variación en lo que va de año;2025M07;-12
08 Castilla - La Mancha;03 Vestido y calzado;Variación en lo que va de año;2025M06;-4,2
08 Castilla - La Mancha;03 Vestido y calzado;Variación en lo que va de año;2025M05;-3,9
08 Castilla - La Mancha;03 Vestido y calzado;Variación en lo que va de año;2025M04;-5,2
08 Castilla - La Mancha;03 Vestido y calzado;Variación en lo que va de año;2025M03;-11,4
08 Castilla - La Mancha;03 Vestido y calzado;Variación en lo que va de año;2025M02;-12,7
08 Castilla - La Mancha;03 Vestido y calzado;Variación en lo que va de año;2025M01;-11,8
08 Castilla - La Mancha;04 Vivienda, agua, electricidad, gas y otros combustibles;Índice;2025M10;
08 Castilla - La Mancha;04 Vivienda, agua, electricidad, gas y otros combustibles;Índice;2025M09;116,46
08 Castilla - La Mancha;04 Vivienda, agua, electricidad, gas y otros combustibles;Índice;2025M08;116,43
08 Castilla - La Mancha;04 Vivienda, agua, electricidad, gas y otros combustibles;Índice;2025M07;116,676
08 Castilla - La Mancha;04 Vivienda, agua, electricidad, gas y otros combustibles;Índice;2025M06;115,723
08 Castilla - La Mancha;04 Vivienda, agua, electricidad, gas y otros combustibles;Índice;2025M05;114,004
08 Castilla - La Mancha;04 Vivienda, agua, electricidad, gas y otros combustibles;Índice;2025M04;113,914
08 Castilla - La Mancha;04 Vivienda, agua, electricidad, gas y otros combustibles;Índice;2025M03;115,373
08 Castilla - La Mancha;04 Vivienda, agua, electricidad, gas y otros combustibles;Índice;2025M02;118,073
08 Castilla - La Mancha;04 Vivienda, agua, electricidad, gas y otros combustibles;Índice;2025M01;117,073
08 Castilla - La Mancha;04 Vivienda, agua, electricidad, gas y otros combustibles;Variación mensual;2025M10;
08 Castilla - La Mancha;04 Vivienda, agua, electricidad, gas y otros combustibles;Variación mensual;2025M09;0
08 Castilla - La Mancha;04 Vivienda, agua, electricidad, gas y otros combustibles;Variación mensual;2025M08;-0,2
08 Castilla - La Mancha;04 Vivienda, agua, electricidad, gas y otros combustibles;Variación mensual;2025M07;0,8
08 Castilla - La Mancha;04 Vivienda, agua, electricidad, gas y otros combustibles;Variación mensual;2025M06;1,5
08 Castilla - La Mancha;04 Vivienda, agua, electricidad, gas y otros combustibles;Variación mensual;2025M05;0,1
08 Castilla - La Mancha;04 Vivienda, agua, electricidad, gas y otros combustibles;Variación mensual;2025M04;-1,3
08 Castilla - La Mancha;04 Vivienda, agua, electricidad, gas y otros combustibles;Variación mensual;2025M03;-2,3
08 Castilla - La Mancha;04 Vivienda, agua, electricidad, gas y otros combustibles;Variación mensual;2025M02;0,9
08 Castilla - La Mancha;04 Vivienda, agua, electricidad, gas y otros combustibles;Variación mensual;2025M01;4,5
08 Castilla - La Mancha;04 Vivienda, agua, electricidad, gas y otros combustibles;Variación anual;2025M10;
08 Castilla - La Mancha;04 Vivienda, agua, electricidad, gas y otros combustibles;Variación anual;2025M09;7,3
08 Castilla - La Mancha;04 Vivienda, agua, electricidad, gas y otros combustibles;Variación anual;2025M08;6
08 Castilla - La Mancha;04 Vivienda, agua, electricidad, gas y otros combustibles;Variación anual;2025M07;6,7
08 Castilla - La Mancha;04 Vivienda, agua, electricidad, gas y otros combustibles;Variación anual;2025M06;3,6
08 Castilla - La Mancha;04 Vivienda, agua, electricidad, gas y otros combustibles;Variación anual;2025M05;2,8
08 Castilla - La Mancha;04 Vivienda, agua, electricidad, gas y otros combustibles;Variación anual;2025M04;3,4
08 Castilla - La Mancha;04 Vivienda, agua, electricidad, gas y otros combustibles;Variación anual;2025M03;5,2
08 Castilla - La Mancha;04 Vivienda, agua, electricidad, gas y otros combustibles;Variación anual;2025M02;10,2
08 Castilla - La Mancha;04 Vivienda, agua, electricidad, gas y otros combustibles;Variación anual;2025M01;8,4
08 Castilla - La Mancha;04 Vivienda, agua, electricidad, gas y otros combustibles;Variación en lo que va de año;2025M10;
08 Castilla - La Mancha;04 Vivienda, agua, electricidad, gas y otros combustibles;Variación en lo que va de año;2025M09;3,9
08 Castilla - La Mancha;04 Vivienda, agua, electricidad, gas y otros combustibles;Variación en lo que va de año;2025M08;3,9
08 Castilla - La Mancha;04 Vivienda, agua, electricidad, gas y otros combustibles;Variación en lo que va de año;2025M07;4,1
08 Castilla - La Mancha;04 Vivienda, agua, electricidad, gas y otros combustibles;Variación en lo que va de año;2025M06;3,3
08 Castilla - La Mancha;04 Vivienda, agua, electricidad, gas y otros combustibles;Variación en lo que va de año;2025M05;1,7
08 Castilla - La Mancha;04 Vivienda, agua, electricidad, gas y otros combustibles;Variación en lo que va de año;2025M04;1,6
08 Castilla - La Mancha;04 Vivienda, agua, electricidad, gas y otros combustibles;Variación en lo que va de año;2025M03;2,9
08 Castilla - La Mancha;04 Vivienda, agua, electricidad, gas y otros combustibles;Variación en lo que va de año;2025M02;5,4
08 Castilla - La Mancha;04 Vivienda, agua, electricidad, gas y otros combustibles;Variación en lo que va de año;2025M01;4,5
08 Castilla - La Mancha;05 Muebles, artículos del hogar y artículos para el mantenimiento corriente del hogar;Índice;2025M10;
08 Castilla - La Mancha;05 Muebles, artículos del hogar y artículos para el mantenimiento corriente del hogar;Índice;2025M09;112,945
08 Castilla - La Mancha;05 Muebles, artículos del hogar y artículos para el mantenimiento corriente del hogar;Índice;2025M08;113,119
08 Castilla - La Mancha;05 Muebles, artículos del hogar y artículos para el mantenimiento corriente del hogar;Índice;2025M07;112,548
08 Castilla - La Mancha;05 Muebles, artículos del hogar y artículos para el mantenimiento corriente del hogar;Índice;2025M06;113,249
08 Castilla - La Mancha;05 Muebles, artículos del hogar y artículos para el mantenimiento corriente del hogar;Índice;2025M05;113,395
08 Castilla - La Mancha;05 Muebles, artículos del hogar y artículos para el mantenimiento corriente del hogar;Índice;2025M04;113,114
08 Castilla - La Mancha;05 Muebles, artículos del hogar y artículos para el mantenimiento corriente del hogar;Índice;2025M03;113,105
08 Castilla - La Mancha;05 Muebles, artículos del hogar y artículos para el mantenimiento corriente del hogar;Índice;2025M02;112,844
08 Castilla - La Mancha;05 Muebles, artículos del hogar y artículos para el mantenimiento corriente del hogar;Índice;2025M01;112,572
08 Castilla - La Mancha;05 Muebles, artículos del hogar y artículos para el mantenimiento corriente del hogar;Variación mensual;2025M10;
08 Castilla - La Mancha;05 Muebles, artículos del hogar y artículos para el mantenimiento corriente del hogar;Variación mensual;2025M09;-0,2
08 Castilla - La Mancha;05 Muebles, artículos del hogar y artículos para el mantenimiento corriente del hogar;Variación mensual;2025M08;0,5
08 Castilla - La Mancha;05 Muebles, artículos del hogar y artículos para el mantenimiento corriente del hogar;Variación mensual;2025M07;-0,6
08 Castilla - La Mancha;05 Muebles, artículos del hogar y artículos para el mantenimiento corriente del hogar;Variación mensual;2025M06;-0,1
08 Castilla - La Mancha;05 Muebles, artículos del hogar y artículos para el mantenimiento corriente del hogar;Variación mensual;2025M05;0,2
08 Castilla - La Mancha;05 Muebles, artículos del hogar y artículos para el mantenimiento corriente del hogar;Variación mensual;2025M04;0
08 Castilla - La Mancha;05 Muebles, artículos del hogar y artículos para el mantenimiento corriente del hogar;Variación mensual;2025M03;0,2
08 Castilla - La Mancha;05 Muebles, artículos del hogar y artículos para el mantenimiento corriente del hogar;Variación mensual;2025M02;0,2
08 Castilla - La Mancha;05 Muebles, artículos del hogar y artículos para el mantenimiento corriente del hogar;Variación mensual;2025M01;0
08 Castilla - La Mancha;05 Muebles, artículos del hogar y artículos para el mantenimiento corriente del hogar;Variación anual;2025M10;
08 Castilla - La Mancha;05 Muebles, artículos del hogar y artículos para el mantenimiento corriente del hogar;Variación anual;2025M09;0,9
08 Castilla - La Mancha;05 Muebles, artículos del hogar y artículos para el mantenimiento corriente del hogar;Variación anual;2025M08;0,9
08 Castilla - La Mancha;05 Muebles, artículos del hogar y artículos para el mantenimiento corriente del hogar;Variación anual;2025M07;0,4
08 Castilla - La Mancha;05 Muebles, artículos del hogar y artículos para el mantenimiento corriente del hogar;Variación anual;2025M06;0,5
08 Castilla - La Mancha;05 Muebles, artículos del hogar y artículos para el mantenimiento corriente del hogar;Variación anual;2025M05;0,5
08 Castilla - La Mancha;05 Muebles, artículos del hogar y artículos para el mantenimiento corriente del hogar;Variación anual;2025M04;0,1
08 Castilla - La Mancha;05 Muebles, artículos del hogar y artículos para el mantenimiento corriente del hogar;Variación anual;2025M03;0,4
08 Castilla - La Mancha;05 Muebles, artículos del hogar y artículos para el mantenimiento corriente del hogar;Variación anual;2025M02;0,3
08 Castilla - La Mancha;05 Muebles, artículos del hogar y artículos para el mantenimiento corriente del hogar;Variación anual;2025M01;0,3
08 Castilla - La Mancha;05 Muebles, artículos del hogar y artículos para el mantenimiento corriente del hogar;Variación en lo que va de año;2025M10;
08 Castilla - La Mancha;05 Muebles, artículos del hogar y artículos para el mantenimiento corriente del hogar;Variación en lo que va de año;2025M09;0,3
08 Castilla - La Mancha;05 Muebles, artículos del hogar y artículos para el mantenimiento corriente del hogar;Variación en lo que va de año;2025M08;0,5
08 Castilla - La Mancha;05 Muebles, artículos del hogar y artículos para el mantenimiento corriente del hogar;Variación en lo que va de año;2025M07;0
08 Castilla - La Mancha;05 Muebles, artículos del hogar y artículos para el mantenimiento corriente del hogar;Variación en lo que va de año;2025M06;0,6
08 Castilla - La Mancha;05 Muebles, artículos del hogar y artículos para el mantenimiento corriente del hogar;Variación en lo que va de año;2025M05;0,7
08 Castilla - La Mancha;05 Muebles, artículos del hogar y artículos para el mantenimiento corriente del hogar;Variación en lo que va de año;2025M04;0,5
08 Castilla - La Mancha;05 Muebles, artículos del hogar y artículos para el mantenimiento corriente del hogar;Variación en lo que va de año;2025M03;0,5
08 Castilla - La Mancha;05 Muebles, artículos del hogar y artículos para el mantenimiento corriente del hogar;Variación en lo que va de año;2025M02;0,2
08 Castilla - La Mancha;05 Muebles, artículos del hogar y artículos para el mantenimiento corriente del hogar;Variación en lo que va de año;2025M01;0
08 Castilla - La Mancha;06 Sanidad;Índice;2025M10;
08 Castilla - La Mancha;06 Sanidad;Índice;2025M09;107,018
08 Castilla - La Mancha;06 Sanidad;Índice;2025M08;106,993
08 Castilla - La Mancha;06 Sanidad;Índice;2025M07;106,936
08 Castilla - La Mancha;06 Sanidad;Índice;2025M06;107,166
08 Castilla - La Mancha;06 Sanidad;Índice;2025M05;106,758
08 Castilla - La Mancha;06 Sanidad;Índice;2025M04;106,678
08 Castilla - La Mancha;06 Sanidad;Índice;2025M03;106,62
08 Castilla - La Mancha;06 Sanidad;Índice;2025M02;106,3
08 Castilla - La Mancha;06 Sanidad;Índice;2025M01;106,151
08 Castilla - La Mancha;06 Sanidad;Variación mensual;2025M10;
08 Castilla - La Mancha;06 Sanidad;Variación mensual;2025M09;0
08 Castilla - La Mancha;06 Sanidad;Variación mensual;2025M08;0,1
08 Castilla - La Mancha;06 Sanidad;Variación mensual;2025M07;-0,2
08 Castilla - La Mancha;06 Sanidad;Variación mensual;2025M06;0,4
08 Castilla - La Mancha;06 Sanidad;Variación mensual;2025M05;0,1
08 Castilla - La Mancha;06 Sanidad;Variación mensual;2025M04;0,1
08 Castilla - La Mancha;06 Sanidad;Variación mensual;2025M03;0,3
08 Castilla - La Mancha;06 Sanidad;Variación mensual;2025M02;0,1
08 Castilla - La Mancha;06 Sanidad;Variación mensual;2025M01;0,6
08 Castilla - La Mancha;06 Sanidad;Variación anual;2025M10;
08 Castilla - La Mancha;06 Sanidad;Variación anual;2025M09;2
08 Castilla - La Mancha;06 Sanidad;Variación anual;2025M08;1,8
08 Castilla - La Mancha;06 Sanidad;Variación anual;2025M07;1,9
08 Castilla - La Mancha;06 Sanidad;Variación anual;2025M06;2,2
08 Castilla - La Mancha;06 Sanidad;Variación anual;2025M05;2,1
08 Castilla - La Mancha;06 Sanidad;Variación anual;2025M04;2
08 Castilla - La Mancha;06 Sanidad;Variación anual;2025M03;2,3
08 Castilla - La Mancha;06 Sanidad;Variación anual;2025M02;2
08 Castilla - La Mancha;06 Sanidad;Variación anual;2025M01;1,9
08 Castilla - La Mancha;06 Sanidad;Variación en lo que va de año;2025M10;
08 Castilla - La Mancha;06 Sanidad;Variación en lo que va de año;2025M09;1,4
08 Castilla - La Mancha;06 Sanidad;Variación en lo que va de año;2025M08;1,4
08 Castilla - La Mancha;06 Sanidad;Variación en lo que va de año;2025M07;1,3
08 Castilla - La Mancha;06 Sanidad;Variación en lo que va de año;2025M06;1,5
08 Castilla - La Mancha;06 Sanidad;Variación en lo que va de año;2025M05;1,1
08 Castilla - La Mancha;06 Sanidad;Variación en lo que va de año;2025M04;1,1
08 Castilla - La Mancha;06 Sanidad;Variación en lo que va de año;2025M03;1
08 Castilla - La Mancha;06 Sanidad;Variación en lo que va de año;2025M02;0,7
08 Castilla - La Mancha;06 Sanidad;Variación en lo que va de año;2025M01;0,6
08 Castilla - La Mancha;07 Transporte;Índice;2025M10;
08 Castilla - La Mancha;07 Transporte;Índice;2025M09;113,628
08 Castilla - La Mancha;07 Transporte;Índice;2025M08;113,814
08 Castilla - La Mancha;07 Transporte;Índice;2025M07;113,68
08 Castilla - La Mancha;07 Transporte;Índice;2025M06;112,772
08 Castilla - La Mancha;07 Transporte;Índice;2025M05;112,149
08 Castilla - La Mancha;07 Transporte;Índice;2025M04;113,218
08 Castilla - La Mancha;07 Transporte;Índice;2025M03;113,69
08 Castilla - La Mancha;07 Transporte;Índice;2025M02;114,469
08 Castilla - La Mancha;07 Transporte;Índice;2025M01;113,898
08 Castilla - La Mancha;07 Transporte;Variación mensual;2025M10;
08 Castilla - La Mancha;07 Transporte;Variación mensual;2025M09;-0,2
08 Castilla - La Mancha;07 Transporte;Variación mensual;2025M08;0,1
08 Castilla - La Mancha;07 Transporte;Variación mensual;2025M07;0,8
08 Castilla - La Mancha;07 Transporte;Variación mensual;2025M06;0,6
08 Castilla - La Mancha;07 Transporte;Variación mensual;2025M05;-0,9
08 Castilla - La Mancha;07 Transporte;Variación mensual;2025M04;-0,4
08 Castilla - La Mancha;07 Transporte;Variación mensual;2025M03;-0,7
08 Castilla - La Mancha;07 Transporte;Variación mensual;2025M02;0,5
08 Castilla - La Mancha;07 Transporte;Variación mensual;2025M01;0,9
08 Castilla - La Mancha;07 Transporte;Variación anual;2025M10;
08 Castilla - La Mancha;07 Transporte;Variación anual;2025M09;1,9
08 Castilla - La Mancha;07 Transporte;Variación anual;2025M08;0,7
08 Castilla - La Mancha;07 Transporte;Variación anual;2025M07;-0,4
08 Castilla - La Mancha;07 Transporte;Variación anual;2025M06;-0,9
08 Castilla - La Mancha;07 Transporte;Variación anual;2025M05;-2,1
08 Castilla - La Mancha;07 Transporte;Variación anual;2025M04;-2
08 Castilla - La Mancha;07 Transporte;Variación anual;2025M03;-0,9
08 Castilla - La Mancha;07 Transporte;Variación anual;2025M02;0,1
08 Castilla - La Mancha;07 Transporte;Variación anual;2025M01;1,2
08 Castilla - La Mancha;07 Transporte;Variación en lo que va de año;2025M10;
08 Castilla - La Mancha;07 Transporte;Variación en lo que va de año;2025M09;0,7
08 Castilla - La Mancha;07 Transporte;Variación en lo que va de año;2025M08;0,8
08 Castilla - La Mancha;07 Transporte;Variación en lo que va de año;2025M07;0,7
08 Castilla - La Mancha;07 Transporte;Variación en lo que va de año;2025M06;-0,1
08 Castilla - La Mancha;07 Transporte;Variación en lo que va de año;2025M05;-0,7
08 Castilla - La Mancha;07 Transporte;Variación en lo que va de año;2025M04;0,3
08 Castilla - La Mancha;07 Transporte;Variación en lo que va de año;2025M03;0,7
08 Castilla - La Mancha;07 Transporte;Variación en lo que va de año;2025M02;1,4
08 Castilla - La Mancha;07 Transporte;Variación en lo que va de año;2025M01;0,9
08 Castilla - La Mancha;08 Comunicaciones;Índice;2025M10;
08 Castilla - La Mancha;08 Comunicaciones;Índice;2025M09;103,253
08 Castilla - La Mancha;08 Comunicaciones;Índice;2025M08;103,309
08 Castilla - La Mancha;08 Comunicaciones;Índice;2025M07;103,222
08 Castilla - La Mancha;08 Comunicaciones;Índice;2025M06;105,075
08 Castilla - La Mancha;08 Comunicaciones;Índice;2025M05;105,062
08 Castilla - La Mancha;08 Comunicaciones;Índice;2025M04;105,209
08 Castilla - La Mancha;08 Comunicaciones;Índice;2025M03;105,017
08 Castilla - La Mancha;08 Comunicaciones;Índice;2025M02;105,071
08 Castilla - La Mancha;08 Comunicaciones;Índice;2025M01;104,367
08 Castilla - La Mancha;08 Comunicaciones;Variación mensual;2025M10;
08 Castilla - La Mancha;08 Comunicaciones;Variación mensual;2025M09;-0,1
08 Castilla - La Mancha;08 Comunicaciones;Variación mensual;2025M08;0,1
08 Castilla - La Mancha;08 Comunicaciones;Variación mensual;2025M07;-1,8
08 Castilla - La Mancha;08 Comunicaciones;Variación mensual;2025M06;0
08 Castilla - La Mancha;08 Comunicaciones;Variación mensual;2025M05;-0,1
08 Castilla - La Mancha;08 Comunicaciones;Variación mensual;2025M04;0,2
08 Castilla - La Mancha;08 Comunicaciones;Variación mensual;2025M03;-0,1
08 Castilla - La Mancha;08 Comunicaciones;Variación mensual;2025M02;0,7
08 Castilla - La Mancha;08 Comunicaciones;Variación mensual;2025M01;3,1
08 Castilla - La Mancha;08 Comunicaciones;Variación anual;2025M10;
08 Castilla - La Mancha;08 Comunicaciones;Variación anual;2025M09;1
08 Castilla - La Mancha;08 Comunicaciones;Variación anual;2025M08;1
08 Castilla - La Mancha;08 Comunicaciones;Variación anual;2025M07;0,8
08 Castilla - La Mancha;08 Comunicaciones;Variación anual;2025M06;2,2
08 Castilla - La Mancha;08 Comunicaciones;Variación anual;2025M05;2,2
08 Castilla - La Mancha;08 Comunicaciones;Variación anual;2025M04;2,3
08 Castilla - La Mancha;08 Comunicaciones;Variación anual;2025M03;2,2
08 Castilla - La Mancha;08 Comunicaciones;Variación anual;2025M02;2,2
08 Castilla - La Mancha;08 Comunicaciones;Variación anual;2025M01;1,4
08 Castilla - La Mancha;08 Comunicaciones;Variación en lo que va de año;2025M10;
08 Castilla - La Mancha;08 Comunicaciones;Variación en lo que va de año;2025M09;2
08 Castilla - La Mancha;08 Comunicaciones;Variación en lo que va de año;2025M08;2
08 Castilla - La Mancha;08 Comunicaciones;Variación en lo que va de año;2025M07;1,9
08 Castilla - La Mancha;08 Comunicaciones;Variación en lo que va de año;2025M06;3,8
08 Castilla - La Mancha;08 Comunicaciones;Variación en lo que va de año;2025M05;3,7
08 Castilla - La Mancha;08 Comunicaciones;Variación en lo que va de año;2025M04;3,9
08 Castilla - La Mancha;08 Comunicaciones;Variación en lo que va de año;2025M03;3,7
08 Castilla - La Mancha;08 Comunicaciones;Variación en lo que va de año;2025M02;3,8
08 Castilla - La Mancha;08 Comunicaciones;Variación en lo que va de año;2025M01;3,1
08 Castilla - La Mancha;09 Ocio y cultura;Índice;2025M10;
08 Castilla - La Mancha;09 Ocio y cultura;Índice;2025M09;107,757
08 Castilla - La Mancha;09 Ocio y cultura;Índice;2025M08;112,405
08 Castilla - La Mancha;09 Ocio y cultura;Índice;2025M07;110,855
08 Castilla - La Mancha;09 Ocio y cultura;Índice;2025M06;109,107
08 Castilla - La Mancha;09 Ocio y cultura;Índice;2025M05;106,868
08 Castilla - La Mancha;09 Ocio y cultura;Índice;2025M04;108,936
08 Castilla - La Mancha;09 Ocio y cultura;Índice;2025M03;106,387
08 Castilla - La Mancha;09 Ocio y cultura;Índice;2025M02;106,229
08 Castilla - La Mancha;09 Ocio y cultura;Índice;2025M01;105,59
08 Castilla - La Mancha;09 Ocio y cultura;Variación mensual;2025M10;
08 Castilla - La Mancha;09 Ocio y cultura;Variación mensual;2025M09;-4,1
08 Castilla - La Mancha;09 Ocio y cultura;Variación mensual;2025M08;1,4
08 Castilla - La Mancha;09 Ocio y cultura;Variación mensual;2025M07;1,6
08 Castilla - La Mancha;09 Ocio y cultura;Variación mensual;2025M06;2,1
08 Castilla - La Mancha;09 Ocio y cultura;Variación mensual;2025M05;-1,9
08 Castilla - La Mancha;09 Ocio y cultura;Variación mensual;2025M04;2,4
08 Castilla - La Mancha;09 Ocio y cultura;Variación mensual;2025M03;0,1
08 Castilla - La Mancha;09 Ocio y cultura;Variación mensual;2025M02;0,6
08 Castilla - La Mancha;09 Ocio y cultura;Variación mensual;2025M01;-3,1
08 Castilla - La Mancha;09 Ocio y cultura;Variación anual;2025M10;
08 Castilla - La Mancha;09 Ocio y cultura;Variación anual;2025M09;0,4
08 Castilla - La Mancha;09 Ocio y cultura;Variación anual;2025M08;0,5
08 Castilla - La Mancha;09 Ocio y cultura;Variación anual;2025M07;0,2
08 Castilla - La Mancha;09 Ocio y cultura;Variación anual;2025M06;0
08 Castilla - La Mancha;09 Ocio y cultura;Variación anual;2025M05;0,1
08 Castilla - La Mancha;09 Ocio y cultura;Variación anual;2025M04;2,3
08 Castilla - La Mancha;09 Ocio y cultura;Variación anual;2025M03;-0,5
08 Castilla - La Mancha;09 Ocio y cultura;Variación anual;2025M02;0,9
08 Castilla - La Mancha;09 Ocio y cultura;Variación anual;2025M01;1
08 Castilla - La Mancha;09 Ocio y cultura;Variación en lo que va de año;2025M10;
08 Castilla - La Mancha;09 Ocio y cultura;Variación en lo que va de año;2025M09;-1,1
08 Castilla - La Mancha;09 Ocio y cultura;Variación en lo que va de año;2025M08;3,2
08 Castilla - La Mancha;09 Ocio y cultura;Variación en lo que va de año;2025M07;1,8
08 Castilla - La Mancha;09 Ocio y cultura;Variación en lo que va de año;2025M06;0,2
08 Castilla - La Mancha;09 Ocio y cultura;Variación en lo que va de año;2025M05;-1,9
08 Castilla - La Mancha;09 Ocio y cultura;Variación en lo que va de año;2025M04;0
08 Castilla - La Mancha;09 Ocio y cultura;Variación en lo que va de año;2025M03;-2,3
08 Castilla - La Mancha;09 Ocio y cultura;Variación en lo que va de año;2025M02;-2,5
08 Castilla - La Mancha;09 Ocio y cultura;Variación en lo que va de año;2025M01;-3,1
08 Castilla - La Mancha;10 Enseñanza;Índice;2025M10;
08 Castilla - La Mancha;10 Enseñanza;Índice;2025M09;110,643
08 Castilla - La Mancha;10 Enseñanza;Índice;2025M08;109,469
08 Castilla - La Mancha;10 Enseñanza;Índice;2025M07;109,445
08 Castilla - La Mancha;10 Enseñanza;Índice;2025M06;109,445
08 Castilla - La Mancha;10 Enseñanza;Índice;2025M05;109,445
08 Castilla - La Mancha;10 Enseñanza;Índice;2025M04;109,445
08 Castilla - La Mancha;10 Enseñanza;Índice;2025M03;109,445
08 Castilla - La Mancha;10 Enseñanza;Índice;2025M02;109,424
08 Castilla - La Mancha;10 Enseñanza;Índice;2025M01;109,424
08 Castilla - La Mancha;10 Enseñanza;Variación mensual;2025M10;
08 Castilla - La Mancha;10 Enseñanza;Variación mensual;2025M09;1,1
08 Castilla - La Mancha;10 Enseñanza;Variación mensual;2025M08;0
08 Castilla - La Mancha;10 Enseñanza;Variación mensual;2025M07;0
08 Castilla - La Mancha;10 Enseñanza;Variación mensual;2025M06;0
08 Castilla - La Mancha;10 Enseñanza;Variación mensual;2025M05;0
08 Castilla - La Mancha;10 Enseñanza;Variación mensual;2025M04;0
08 Castilla - La Mancha;10 Enseñanza;Variación mensual;2025M03;0
08 Castilla - La Mancha;10 Enseñanza;Variación mensual;2025M02;0
08 Castilla - La Mancha;10 Enseñanza;Variación mensual;2025M01;0
08 Castilla - La Mancha;10 Enseñanza;Variación anual;2025M10;
08 Castilla - La Mancha;10 Enseñanza;Variación anual;2025M09;2
08 Castilla - La Mancha;10 Enseñanza;Variación anual;2025M08;2,2
08 Castilla - La Mancha;10 Enseñanza;Variación anual;2025M07;2,1
08 Castilla - La Mancha;10 Enseñanza;Variación anual;2025M06;2,1
08 Castilla - La Mancha;10 Enseñanza;Variación anual;2025M05;2,2
08 Castilla - La Mancha;10 Enseñanza;Variación anual;2025M04;2,2
08 Castilla - La Mancha;10 Enseñanza;Variación anual;2025M03;2,4
08 Castilla - La Mancha;10 Enseñanza;Variación anual;2025M02;2,4
08 Castilla - La Mancha;10 Enseñanza;Variación anual;2025M01;2,4
08 Castilla - La Mancha;10 Enseñanza;Variación en lo que va de año;2025M10;
08 Castilla - La Mancha;10 Enseñanza;Variación en lo que va de año;2025M09;1,1
08 Castilla - La Mancha;10 Enseñanza;Variación en lo que va de año;2025M08;0
08 Castilla - La Mancha;10 Enseñanza;Variación en lo que va de año;2025M07;0
08 Castilla - La Mancha;10 Enseñanza;Variación en lo que va de año;2025M06;0
08 Castilla - La Mancha;10 Enseñanza;Variación en lo que va de año;2025M05;0
08 Castilla - La Mancha;10 Enseñanza;Variación en lo que va de año;2025M04;0
08 Castilla - La Mancha;10 Enseñanza;Variación en lo que va de año;2025M03;0
08 Castilla - La Mancha;10 Enseñanza;Variación en lo que va de año;2025M02;0
08 Castilla - La Mancha;10 Enseñanza;Variación en lo que va de año;2025M01;0
08 Castilla - La Mancha;11 Restaurantes y hoteles;Índice;2025M10;
08 Castilla - La Mancha;11 Restaurantes y hoteles;Índice;2025M09;126,518
08 Castilla - La Mancha;11 Restaurantes y hoteles;Índice;2025M08;126,555
08 Castilla - La Mancha;11 Restaurantes y hoteles;Índice;2025M07;125,789
08 Castilla - La Mancha;11 Restaurantes y hoteles;Índice;2025M06;125,495
08 Castilla - La Mancha;11 Restaurantes y hoteles;Índice;2025M05;125,053
08 Castilla - La Mancha;11 Restaurantes y hoteles;Índice;2025M04;125,127
08 Castilla - La Mancha;11 Restaurantes y hoteles;Índice;2025M03;123,224
08 Castilla - La Mancha;11 Restaurantes y hoteles;Índice;2025M02;122,214
08 Castilla - La Mancha;11 Restaurantes y hoteles;Índice;2025M01;121,798
08 Castilla - La Mancha;11 Restaurantes y hoteles;Variación mensual;2025M10;
08 Castilla - La Mancha;11 Restaurantes y hoteles;Variación mensual;2025M09;0
08 Castilla - La Mancha;11 Restaurantes y hoteles;Variación mensual;2025M08;0,6
08 Castilla - La Mancha;11 Restaurantes y hoteles;Variación mensual;2025M07;0,2
08 Castilla - La Mancha;11 Restaurantes y hoteles;Variación mensual;2025M06;0,4
08 Castilla - La Mancha;11 Restaurantes y hoteles;Variación mensual;2025M05;-0,1
08 Castilla - La Mancha;11 Restaurantes y hoteles;Variación mensual;2025M04;1,5
08 Castilla - La Mancha;11 Restaurantes y hoteles;Variación mensual;2025M03;0,8
08 Castilla - La Mancha;11 Restaurantes y hoteles;Variación mensual;2025M02;0,3
08 Castilla - La Mancha;11 Restaurantes y hoteles;Variación mensual;2025M01;0,2
08 Castilla - La Mancha;11 Restaurantes y hoteles;Variación anual;2025M10;
08 Castilla - La Mancha;11 Restaurantes y hoteles;Variación anual;2025M09;3,4
08 Castilla - La Mancha;11 Restaurantes y hoteles;Variación anual;2025M08;4,2
08 Castilla - La Mancha;11 Restaurantes y hoteles;Variación anual;2025M07;4
08 Castilla - La Mancha;11 Restaurantes y hoteles;Variación anual;2025M06;3,6
08 Castilla - La Mancha;11 Restaurantes y hoteles;Variación anual;2025M05;3,5
08 Castilla - La Mancha;11 Restaurantes y hoteles;Variación anual;2025M04;4
08 Castilla - La Mancha;11 Restaurantes y hoteles;Variación anual;2025M03;3,2
08 Castilla - La Mancha;11 Restaurantes y hoteles;Variación anual;2025M02;3,3
08 Castilla - La Mancha;11 Restaurantes y hoteles;Variación anual;2025M01;3,8
08 Castilla - La Mancha;11 Restaurantes y hoteles;Variación en lo que va de año;2025M10;
08 Castilla - La Mancha;11 Restaurantes y hoteles;Variación en lo que va de año;2025M09;4,1
08 Castilla - La Mancha;11 Restaurantes y hoteles;Variación en lo que va de año;2025M08;4,1
08 Castilla - La Mancha;11 Restaurantes y hoteles;Variación en lo que va de año;2025M07;3,5
08 Castilla - La Mancha;11 Restaurantes y hoteles;Variación en lo que va de año;2025M06;3,2
08 Castilla - La Mancha;11 Restaurantes y hoteles;Variación en lo que va de año;2025M05;2,9
08 Castilla - La Mancha;11 Restaurantes y hoteles;Variación en lo que va de año;2025M04;2,9
08 Castilla - La Mancha;11 Restaurantes y hoteles;Variación en lo que va de año;2025M03;1,4
08 Castilla - La Mancha;11 Restaurantes y hoteles;Variación en lo que va de año;2025M02;0,5
08 Castilla - La Mancha;11 Restaurantes y hoteles;Variación en lo que va de año;2025M01;0,2
08 Castilla - La Mancha;12 Otros bienes y servicios;Índice;2025M10;
08 Castilla - La Mancha;12 Otros bienes y servicios;Índice;2025M09;116,399
08 Castilla - La Mancha;12 Otros bienes y servicios;Índice;2025M08;116,415
08 Castilla - La Mancha;12 Otros bienes y servicios;Índice;2025M07;116,313
08 Castilla - La Mancha;12 Otros bienes y servicios;Índice;2025M06;116,789
08 Castilla - La Mancha;12 Otros bienes y servicios;Índice;2025M05;115,756
08 Castilla - La Mancha;12 Otros bienes y servicios;Índice;2025M04;115,471
08 Castilla - La Mancha;12 Otros bienes y servicios;Índice;2025M03;115,109
08 Castilla - La Mancha;12 Otros bienes y servicios;Índice;2025M02;114,87
08 Castilla - La Mancha;12 Otros bienes y servicios;Índice;2025M01;114,197
08 Castilla - La Mancha;12 Otros bienes y servicios;Variación mensual;2025M10;
08 Castilla - La Mancha;12 Otros bienes y servicios;Variación mensual;2025M09;0
08 Castilla - La Mancha;12 Otros bienes y servicios;Variación mensual;2025M08;0,1
08 Castilla - La Mancha;12 Otros bienes y servicios;Variación mensual;2025M07;-0,4
08 Castilla - La Mancha;12 Otros bienes y servicios;Variación mensual;2025M06;0,9
08 Castilla - La Mancha;12 Otros bienes y servicios;Variación mensual;2025M05;0,2
08 Castilla - La Mancha;12 Otros bienes y servicios;Variación mensual;2025M04;0,3
08 Castilla - La Mancha;12 Otros bienes y servicios;Variación mensual;2025M03;0,2
08 Castilla - La Mancha;12 Otros bienes y servicios;Variación mensual;2025M02;0,6
08 Castilla - La Mancha;12 Otros bienes y servicios;Variación mensual;2025M01;0,7
08 Castilla - La Mancha;12 Otros bienes y servicios;Variación anual;2025M10;
08 Castilla - La Mancha;12 Otros bienes y servicios;Variación anual;2025M09;3,4
08 Castilla - La Mancha;12 Otros bienes y servicios;Variación anual;2025M08;3,1
08 Castilla - La Mancha;12 Otros bienes y servicios;Variación anual;2025M07;3,3
08 Castilla - La Mancha;12 Otros bienes y servicios;Variación anual;2025M06;3,5
08 Castilla - La Mancha;12 Otros bienes y servicios;Variación anual;2025M05;3,3
08 Castilla - La Mancha;12 Otros bienes y servicios;Variación anual;2025M04;3,3
08 Castilla - La Mancha;12 Otros bienes y servicios;Variación anual;2025M03;3,6
08 Castilla - La Mancha;12 Otros bienes y servicios;Variación anual;2025M02;3,3
08 Castilla - La Mancha;12 Otros bienes y servicios;Variación anual;2025M01;3,3
08 Castilla - La Mancha;12 Otros bienes y servicios;Variación en lo que va de año;2025M10;
08 Castilla - La Mancha;12 Otros bienes y servicios;Variación en lo que va de año;2025M09;2,6
08 Castilla - La Mancha;12 Otros bienes y servicios;Variación en lo que va de año;2025M08;2,7
08 Castilla - La Mancha;12 Otros bienes y servicios;Variación en lo que va de año;2025M07;2,6
08 Castilla - La Mancha;12 Otros bienes y servicios;Variación en lo que va de año;2025M06;3
08 Castilla - La Mancha;12 Otros bienes y servicios;Variación en lo que va de año;2025M05;2,1
08 Castilla - La Mancha;12 Otros bienes y servicios;Variación en lo que va de año;2025M04;1,8
08 Castilla - La Mancha;12 Otros bienes y servicios;Variación en lo que va de año;2025M03;1,5
08 Castilla - La Mancha;12 Otros bienes y servicios;Variación en lo que va de año;2025M02;1,3
08 Castilla - La Mancha;12 Otros bienes y servicios;Variación en lo que va de año;2025M01;0,7
09 Cataluña;01 Alimentos y bebidas no alcohólicas;Índice;2025M10;
09 Cataluña;01 Alimentos y bebidas no alcohólicas;Índice;2025M09;128,714
09 Cataluña;01 Alimentos y bebidas no alcohólicas;Índice;2025M08;128,601
09 Cataluña;01 Alimentos y bebidas no alcohólicas;Índice;2025M07;129,348
09 Cataluña;01 Alimentos y bebidas no alcohólicas;Índice;2025M06;129,603
09 Cataluña;01 Alimentos y bebidas no alcohólicas;Índice;2025M05;129,254
09 Cataluña;01 Alimentos y bebidas no alcohólicas;Índice;2025M04;129,062
09 Cataluña;01 Alimentos y bebidas no alcohólicas;Índice;2025M03;128,822
09 Cataluña;01 Alimentos y bebidas no alcohólicas;Índice;2025M02;128,748
09 Cataluña;01 Alimentos y bebidas no alcohólicas;Índice;2025M01;128,179
09 Cataluña;01 Alimentos y bebidas no alcohólicas;Variación mensual;2025M10;
09 Cataluña;01 Alimentos y bebidas no alcohólicas;Variación mensual;2025M09;0,1
09 Cataluña;01 Alimentos y bebidas no alcohólicas;Variación mensual;2025M08;-0,6
09 Cataluña;01 Alimentos y bebidas no alcohólicas;Variación mensual;2025M07;-0,2
09 Cataluña;01 Alimentos y bebidas no alcohólicas;Variación mensual;2025M06;0,3
09 Cataluña;01 Alimentos y bebidas no alcohólicas;Variación mensual;2025M05;0,1
09 Cataluña;01 Alimentos y bebidas no alcohólicas;Variación mensual;2025M04;0,2
09 Cataluña;01 Alimentos y bebidas no alcohólicas;Variación mensual;2025M03;0,1
09 Cataluña;01 Alimentos y bebidas no alcohólicas;Variación mensual;2025M02;0,4
09 Cataluña;01 Alimentos y bebidas no alcohólicas;Variación mensual;2025M01;0,8
09 Cataluña;01 Alimentos y bebidas no alcohólicas;Variación anual;2025M10;
09 Cataluña;01 Alimentos y bebidas no alcohólicas;Variación anual;2025M09;2,5
09 Cataluña;01 Alimentos y bebidas no alcohólicas;Variación anual;2025M08;2,3
09 Cataluña;01 Alimentos y bebidas no alcohólicas;Variación anual;2025M07;2,4
09 Cataluña;01 Alimentos y bebidas no alcohólicas;Variación anual;2025M06;2,6
09 Cataluña;01 Alimentos y bebidas no alcohólicas;Variación anual;2025M05;2,5
09 Cataluña;01 Alimentos y bebidas no alcohólicas;Variación anual;2025M04;2,3
09 Cataluña;01 Alimentos y bebidas no alcohólicas;Variación anual;2025M03;2,7
09 Cataluña;01 Alimentos y bebidas no alcohólicas;Variación anual;2025M02;2,9
09 Cataluña;01 Alimentos y bebidas no alcohólicas;Variación anual;2025M01;2,2
09 Cataluña;01 Alimentos y bebidas no alcohólicas;Variación en lo que va de año;2025M10;
09 Cataluña;01 Alimentos y bebidas no alcohólicas;Variación en lo que va de año;2025M09;1,2
09 Cataluña;01 Alimentos y bebidas no alcohólicas;Variación en lo que va de año;2025M08;1,1
09 Cataluña;01 Alimentos y bebidas no alcohólicas;Variación en lo que va de año;2025M07;1,7
09 Cataluña;01 Alimentos y bebidas no alcohólicas;Variación en lo que va de año;2025M06;1,9
09 Cataluña;01 Alimentos y bebidas no alcohólicas;Variación en lo que va de año;2025M05;1,6
09 Cataluña;01 Alimentos y bebidas no alcohólicas;Variación en lo que va de año;2025M04;1,5
09 Cataluña;01 Alimentos y bebidas no alcohólicas;Variación en lo que va de año;2025M03;1,3
09 Cataluña;01 Alimentos y bebidas no alcohólicas;Variación en lo que va de año;2025M02;1,2
09 Cataluña;01 Alimentos y bebidas no alcohólicas;Variación en lo que va de año;2025M01;0,8
09 Cataluña;02 Bebidas alcohólicas y tabaco;Índice;2025M10;
09 Cataluña;02 Bebidas alcohólicas y tabaco;Índice;2025M09;121,363
09 Cataluña;02 Bebidas alcohólicas y tabaco;Índice;2025M08;120,946
09 Cataluña;02 Bebidas alcohólicas y tabaco;Índice;2025M07;120,604
09 Cataluña;02 Bebidas alcohólicas y tabaco;Índice;2025M06;121,066
09 Cataluña;02 Bebidas alcohólicas y tabaco;Índice;2025M05;120,927
09 Cataluña;02 Bebidas alcohólicas y tabaco;Índice;2025M04;118,971
09 Cataluña;02 Bebidas alcohólicas y tabaco;Índice;2025M03;119,918
09 Cataluña;02 Bebidas alcohólicas y tabaco;Índice;2025M02;119,774
09 Cataluña;02 Bebidas alcohólicas y tabaco;Índice;2025M01;118,886
09 Cataluña;02 Bebidas alcohólicas y tabaco;Variación mensual;2025M10;
09 Cataluña;02 Bebidas alcohólicas y tabaco;Variación mensual;2025M09;0,3
09 Cataluña;02 Bebidas alcohólicas y tabaco;Variación mensual;2025M08;0,3
09 Cataluña;02 Bebidas alcohólicas y tabaco;Variación mensual;2025M07;-0,4
09 Cataluña;02 Bebidas alcohólicas y tabaco;Variación mensual;2025M06;0,1
09 Cataluña;02 Bebidas alcohólicas y tabaco;Variación mensual;2025M05;1,6
09 Cataluña;02 Bebidas alcohólicas y tabaco;Variación mensual;2025M04;-0,8
09 Cataluña;02 Bebidas alcohólicas y tabaco;Variación mensual;2025M03;0,1
09 Cataluña;02 Bebidas alcohólicas y tabaco;Variación mensual;2025M02;0,7
09 Cataluña;02 Bebidas alcohólicas y tabaco;Variación mensual;2025M01;1,6
09 Cataluña;02 Bebidas alcohólicas y tabaco;Variación anual;2025M10;
09 Cataluña;02 Bebidas alcohólicas y tabaco;Variación anual;2025M09;4,1
09 Cataluña;02 Bebidas alcohólicas y tabaco;Variación anual;2025M08;3,8
09 Cataluña;02 Bebidas alcohólicas y tabaco;Variación anual;2025M07;3,7
09 Cataluña;02 Bebidas alcohólicas y tabaco;Variación anual;2025M06;4,4
09 Cataluña;02 Bebidas alcohólicas y tabaco;Variación anual;2025M05;3,8
09 Cataluña;02 Bebidas alcohólicas y tabaco;Variación anual;2025M04;2,2
09 Cataluña;02 Bebidas alcohólicas y tabaco;Variación anual;2025M03;3,4
09 Cataluña;02 Bebidas alcohólicas y tabaco;Variación anual;2025M02;3,2
09 Cataluña;02 Bebidas alcohólicas y tabaco;Variación anual;2025M01;4,5
09 Cataluña;02 Bebidas alcohólicas y tabaco;Variación en lo que va de año;2025M10;
09 Cataluña;02 Bebidas alcohólicas y tabaco;Variación en lo que va de año;2025M09;3,7
09 Cataluña;02 Bebidas alcohólicas y tabaco;Variación en lo que va de año;2025M08;3,3
09 Cataluña;02 Bebidas alcohólicas y tabaco;Variación en lo que va de año;2025M07;3,1
09 Cataluña;02 Bebidas alcohólicas y tabaco;Variación en lo que va de año;2025M06;3,4
09 Cataluña;02 Bebidas alcohólicas y tabaco;Variación en lo que va de año;2025M05;3,3
09 Cataluña;02 Bebidas alcohólicas y tabaco;Variación en lo que va de año;2025M04;1,7
09 Cataluña;02 Bebidas alcohólicas y tabaco;Variación en lo que va de año;2025M03;2,5
09 Cataluña;02 Bebidas alcohólicas y tabaco;Variación en lo que va de año;2025M02;2,3
09 Cataluña;02 Bebidas alcohólicas y tabaco;Variación en lo que va de año;2025M01;1,6
09 Cataluña;03 Vestido y calzado;Índice;2025M10;
09 Cataluña;03 Vestido y calzado;Índice;2025M09;106,108
09 Cataluña;03 Vestido y calzado;Índice;2025M08;104,246
09 Cataluña;03 Vestido y calzado;Índice;2025M07;104,911
09 Cataluña;03 Vestido y calzado;Índice;2025M06;115,3
09 Cataluña;03 Vestido y calzado;Índice;2025M05;116,12
09 Cataluña;03 Vestido y calzado;Índice;2025M04;110,64
09 Cataluña;03 Vestido y calzado;Índice;2025M03;105,328
09 Cataluña;03 Vestido y calzado;Índice;2025M02;103,161
09 Cataluña;03 Vestido y calzado;Índice;2025M01;104,853
09 Cataluña;03 Vestido y calzado;Variación mensual;2025M10;
09 Cataluña;03 Vestido y calzado;Variación mensual;2025M09;1,8
09 Cataluña;03 Vestido y calzado;Variación mensual;2025M08;-0,6
09 Cataluña;03 Vestido y calzado;Variación mensual;2025M07;-9
09 Cataluña;03 Vestido y calzado;Variación mensual;2025M06;-0,7
09 Cataluña;03 Vestido y calzado;Variación mensual;2025M05;5
09 Cataluña;03 Vestido y calzado;Variación mensual;2025M04;5
09 Cataluña;03 Vestido y calzado;Variación mensual;2025M03;2,1
09 Cataluña;03 Vestido y calzado;Variación mensual;2025M02;-1,6
09 Cataluña;03 Vestido y calzado;Variación mensual;2025M01;-10,8
09 Cataluña;03 Vestido y calzado;Variación anual;2025M10;
09 Cataluña;03 Vestido y calzado;Variación anual;2025M09;1,9
09 Cataluña;03 Vestido y calzado;Variación anual;2025M08;1,4
09 Cataluña;03 Vestido y calzado;Variación anual;2025M07;1,7
09 Cataluña;03 Vestido y calzado;Variación anual;2025M06;1,1
09 Cataluña;03 Vestido y calzado;Variación anual;2025M05;1,6
09 Cataluña;03 Vestido y calzado;Variación anual;2025M04;0,4
09 Cataluña;03 Vestido y calzado;Variación anual;2025M03;0,3
09 Cataluña;03 Vestido y calzado;Variación anual;2025M02;0,2
09 Cataluña;03 Vestido y calzado;Variación anual;2025M01;-0,1
09 Cataluña;03 Vestido y calzado;Variación en lo que va de año;2025M10;
09 Cataluña;03 Vestido y calzado;Variación en lo que va de año;2025M09;-9,7
09 Cataluña;03 Vestido y calzado;Variación en lo que va de año;2025M08;-11,3
09 Cataluña;03 Vestido y calzado;Variación en lo que va de año;2025M07;-10,8
09 Cataluña;03 Vestido y calzado;Variación en lo que va de año;2025M06;-1,9
09 Cataluña;03 Vestido y calzado;Variación en lo que va de año;2025M05;-1,2
09 Cataluña;03 Vestido y calzado;Variación en lo que va de año;2025M04;-5,9
09 Cataluña;03 Vestido y calzado;Variación en lo que va de año;2025M03;-10,4
09 Cataluña;03 Vestido y calzado;Variación en lo que va de año;2025M02;-12,2
09 Cataluña;03 Vestido y calzado;Variación en lo que va de año;2025M01;-10,8
09 Cataluña;04 Vivienda, agua, electricidad, gas y otros combustibles;Índice;2025M10;
09 Cataluña;04 Vivienda, agua, electricidad, gas y otros combustibles;Índice;2025M09;112,389
09 Cataluña;04 Vivienda, agua, electricidad, gas y otros combustibles;Índice;2025M08;112,413
09 Cataluña;04 Vivienda, agua, electricidad, gas y otros combustibles;Índice;2025M07;112,451
09 Cataluña;04 Vivienda, agua, electricidad, gas y otros combustibles;Índice;2025M06;112,112
09 Cataluña;04 Vivienda, agua, electricidad, gas y otros combustibles;Índice;2025M05;111
09 Cataluña;04 Vivienda, agua, electricidad, gas y otros combustibles;Índice;2025M04;110,631
09 Cataluña;04 Vivienda, agua, electricidad, gas y otros combustibles;Índice;2025M03;111,781
09 Cataluña;04 Vivienda, agua, electricidad, gas y otros combustibles;Índice;2025M02;113,425
09 Cataluña;04 Vivienda, agua, electricidad, gas y otros combustibles;Índice;2025M01;112,936
09 Cataluña;04 Vivienda, agua, electricidad, gas y otros combustibles;Variación mensual;2025M10;
09 Cataluña;04 Vivienda, agua, electricidad, gas y otros combustibles;Variación mensual;2025M09;0
09 Cataluña;04 Vivienda, agua, electricidad, gas y otros combustibles;Variación mensual;2025M08;0
09 Cataluña;04 Vivienda, agua, electricidad, gas y otros combustibles;Variación mensual;2025M07;0,3
09 Cataluña;04 Vivienda, agua, electricidad, gas y otros combustibles;Variación mensual;2025M06;1
09 Cataluña;04 Vivienda, agua, electricidad, gas y otros combustibles;Variación mensual;2025M05;0,3
09 Cataluña;04 Vivienda, agua, electricidad, gas y otros combustibles;Variación mensual;2025M04;-1
09 Cataluña;04 Vivienda, agua, electricidad, gas y otros combustibles;Variación mensual;2025M03;-1,4
09 Cataluña;04 Vivienda, agua, electricidad, gas y otros combustibles;Variación mensual;2025M02;0,4
09 Cataluña;04 Vivienda, agua, electricidad, gas y otros combustibles;Variación mensual;2025M01;3,4
09 Cataluña;04 Vivienda, agua, electricidad, gas y otros combustibles;Variación anual;2025M10;
09 Cataluña;04 Vivienda, agua, electricidad, gas y otros combustibles;Variación anual;2025M09;5,2
09 Cataluña;04 Vivienda, agua, electricidad, gas y otros combustibles;Variación anual;2025M08;4,5
09 Cataluña;04 Vivienda, agua, electricidad, gas y otros combustibles;Variación anual;2025M07;5,1
09 Cataluña;04 Vivienda, agua, electricidad, gas y otros combustibles;Variación anual;2025M06;3
09 Cataluña;04 Vivienda, agua, electricidad, gas y otros combustibles;Variación anual;2025M05;2,6
09 Cataluña;04 Vivienda, agua, electricidad, gas y otros combustibles;Variación anual;2025M04;2,9
09 Cataluña;04 Vivienda, agua, electricidad, gas y otros combustibles;Variación anual;2025M03;4,7
09 Cataluña;04 Vivienda, agua, electricidad, gas y otros combustibles;Variación anual;2025M02;8,9
09 Cataluña;04 Vivienda, agua, electricidad, gas y otros combustibles;Variación anual;2025M01;7,4
09 Cataluña;04 Vivienda, agua, electricidad, gas y otros combustibles;Variación en lo que va de año;2025M10;
09 Cataluña;04 Vivienda, agua, electricidad, gas y otros combustibles;Variación en lo que va de año;2025M09;2,9
09 Cataluña;04 Vivienda, agua, electricidad, gas y otros combustibles;Variación en lo que va de año;2025M08;2,9
09 Cataluña;04 Vivienda, agua, electricidad, gas y otros combustibles;Variación en lo que va de año;2025M07;2,9
09 Cataluña;04 Vivienda, agua, electricidad, gas y otros combustibles;Variación en lo que va de año;2025M06;2,6
09 Cataluña;04 Vivienda, agua, electricidad, gas y otros combustibles;Variación en lo que va de año;2025M05;1,6
09 Cataluña;04 Vivienda, agua, electricidad, gas y otros combustibles;Variación en lo que va de año;2025M04;1,2
09 Cataluña;04 Vivienda, agua, electricidad, gas y otros combustibles;Variación en lo que va de año;2025M03;2,3
09 Cataluña;04 Vivienda, agua, electricidad, gas y otros combustibles;Variación en lo que va de año;2025M02;3,8
09 Cataluña;04 Vivienda, agua, electricidad, gas y otros combustibles;Variación en lo que va de año;2025M01;3,4
09 Cataluña;05 Muebles, artículos del hogar y artículos para el mantenimiento corriente del hogar;Índice;2025M10;
09 Cataluña;05 Muebles, artículos del hogar y artículos para el mantenimiento corriente del hogar;Índice;2025M09;113,478
09 Cataluña;05 Muebles, artículos del hogar y artículos para el mantenimiento corriente del hogar;Índice;2025M08;113,107
09 Cataluña;05 Muebles, artículos del hogar y artículos para el mantenimiento corriente del hogar;Índice;2025M07;113,053
09 Cataluña;05 Muebles, artículos del hogar y artículos para el mantenimiento corriente del hogar;Índice;2025M06;113,779
09 Cataluña;05 Muebles, artículos del hogar y artículos para el mantenimiento corriente del hogar;Índice;2025M05;113,885
09 Cataluña;05 Muebles, artículos del hogar y artículos para el mantenimiento corriente del hogar;Índice;2025M04;113,524
09 Cataluña;05 Muebles, artículos del hogar y artículos para el mantenimiento corriente del hogar;Índice;2025M03;113,433
09 Cataluña;05 Muebles, artículos del hogar y artículos para el mantenimiento corriente del hogar;Índice;2025M02;113,132
09 Cataluña;05 Muebles, artículos del hogar y artículos para el mantenimiento corriente del hogar;Índice;2025M01;113,043
09 Cataluña;05 Muebles, artículos del hogar y artículos para el mantenimiento corriente del hogar;Variación mensual;2025M10;
09 Cataluña;05 Muebles, artículos del hogar y artículos para el mantenimiento corriente del hogar;Variación mensual;2025M09;0,3
09 Cataluña;05 Muebles, artículos del hogar y artículos para el mantenimiento corriente del hogar;Variación mensual;2025M08;0
09 Cataluña;05 Muebles, artículos del hogar y artículos para el mantenimiento corriente del hogar;Variación mensual;2025M07;-0,6
09 Cataluña;05 Muebles, artículos del hogar y artículos para el mantenimiento corriente del hogar;Variación mensual;2025M06;-0,1
09 Cataluña;05 Muebles, artículos del hogar y artículos para el mantenimiento corriente del hogar;Variación mensual;2025M05;0,3
09 Cataluña;05 Muebles, artículos del hogar y artículos para el mantenimiento corriente del hogar;Variación mensual;2025M04;0,1
09 Cataluña;05 Muebles, artículos del hogar y artículos para el mantenimiento corriente del hogar;Variación mensual;2025M03;0,3
09 Cataluña;05 Muebles, artículos del hogar y artículos para el mantenimiento corriente del hogar;Variación mensual;2025M02;0,1
09 Cataluña;05 Muebles, artículos del hogar y artículos para el mantenimiento corriente del hogar;Variación mensual;2025M01;-0,3
09 Cataluña;05 Muebles, artículos del hogar y artículos para el mantenimiento corriente del hogar;Variación anual;2025M10;
09 Cataluña;05 Muebles, artículos del hogar y artículos para el mantenimiento corriente del hogar;Variación anual;2025M09;0,7
09 Cataluña;05 Muebles, artículos del hogar y artículos para el mantenimiento corriente del hogar;Variación anual;2025M08;0,3
09 Cataluña;05 Muebles, artículos del hogar y artículos para el mantenimiento corriente del hogar;Variación anual;2025M07;0,2
09 Cataluña;05 Muebles, artículos del hogar y artículos para el mantenimiento corriente del hogar;Variación anual;2025M06;0,4
09 Cataluña;05 Muebles, artículos del hogar y artículos para el mantenimiento corriente del hogar;Variación anual;2025M05;0,4
09 Cataluña;05 Muebles, artículos del hogar y artículos para el mantenimiento corriente del hogar;Variación anual;2025M04;0
09 Cataluña;05 Muebles, artículos del hogar y artículos para el mantenimiento corriente del hogar;Variación anual;2025M03;0,4
09 Cataluña;05 Muebles, artículos del hogar y artículos para el mantenimiento corriente del hogar;Variación anual;2025M02;0,3
09 Cataluña;05 Muebles, artículos del hogar y artículos para el mantenimiento corriente del hogar;Variación anual;2025M01;0,5
09 Cataluña;05 Muebles, artículos del hogar y artículos para el mantenimiento corriente del hogar;Variación en lo que va de año;2025M10;
09 Cataluña;05 Muebles, artículos del hogar y artículos para el mantenimiento corriente del hogar;Variación en lo que va de año;2025M09;0,1
09 Cataluña;05 Muebles, artículos del hogar y artículos para el mantenimiento corriente del hogar;Variación en lo que va de año;2025M08;-0,2
09 Cataluña;05 Muebles, artículos del hogar y artículos para el mantenimiento corriente del hogar;Variación en lo que va de año;2025M07;-0,3
09 Cataluña;05 Muebles, artículos del hogar y artículos para el mantenimiento corriente del hogar;Variación en lo que va de año;2025M06;0,4
09 Cataluña;05 Muebles, artículos del hogar y artículos para el mantenimiento corriente del hogar;Variación en lo que va de año;2025M05;0,5
09 Cataluña;05 Muebles, artículos del hogar y artículos para el mantenimiento corriente del hogar;Variación en lo que va de año;2025M04;0,1
09 Cataluña;05 Muebles, artículos del hogar y artículos para el mantenimiento corriente del hogar;Variación en lo que va de año;2025M03;0,1
09 Cataluña;05 Muebles, artículos del hogar y artículos para el mantenimiento corriente del hogar;Variación en lo que va de año;2025M02;-0,2
09 Cataluña;05 Muebles, artículos del hogar y artículos para el mantenimiento corriente del hogar;Variación en lo que va de año;2025M01;-0,3
09 Cataluña;06 Sanidad;Índice;2025M10;
09 Cataluña;06 Sanidad;Índice;2025M09;108,187
09 Cataluña;06 Sanidad;Índice;2025M08;108,139
09 Cataluña;06 Sanidad;Índice;2025M07;108,106
09 Cataluña;06 Sanidad;Índice;2025M06;107,998
09 Cataluña;06 Sanidad;Índice;2025M05;107,858
09 Cataluña;06 Sanidad;Índice;2025M04;107,95
09 Cataluña;06 Sanidad;Índice;2025M03;107,49
09 Cataluña;06 Sanidad;Índice;2025M02;107,35
09 Cataluña;06 Sanidad;Índice;2025M01;106,931
09 Cataluña;06 Sanidad;Variación mensual;2025M10;
09 Cataluña;06 Sanidad;Variación mensual;2025M09;0
09 Cataluña;06 Sanidad;Variación mensual;2025M08;0
09 Cataluña;06 Sanidad;Variación mensual;2025M07;0,1
09 Cataluña;06 Sanidad;Variación mensual;2025M06;0,1
09 Cataluña;06 Sanidad;Variación mensual;2025M05;-0,1
09 Cataluña;06 Sanidad;Variación mensual;2025M04;0,4
09 Cataluña;06 Sanidad;Variación mensual;2025M03;0,1
09 Cataluña;06 Sanidad;Variación mensual;2025M02;0,4
09 Cataluña;06 Sanidad;Variación mensual;2025M01;0
09 Cataluña;06 Sanidad;Variación anual;2025M10;
09 Cataluña;06 Sanidad;Variación anual;2025M09;1,1
09 Cataluña;06 Sanidad;Variación anual;2025M08;1
09 Cataluña;06 Sanidad;Variación anual;2025M07;1
09 Cataluña;06 Sanidad;Variación anual;2025M06;0,9
09 Cataluña;06 Sanidad;Variación anual;2025M05;0,9
09 Cataluña;06 Sanidad;Variación anual;2025M04;1,3
09 Cataluña;06 Sanidad;Variación anual;2025M03;1,1
09 Cataluña;06 Sanidad;Variación anual;2025M02;1,4
09 Cataluña;06 Sanidad;Variación anual;2025M01;1,4
09 Cataluña;06 Sanidad;Variación en lo que va de año;2025M10;
09 Cataluña;06 Sanidad;Variación en lo que va de año;2025M09;1,2
09 Cataluña;06 Sanidad;Variación en lo que va de año;2025M08;1,2
09 Cataluña;06 Sanidad;Variación en lo que va de año;2025M07;1,1
09 Cataluña;06 Sanidad;Variación en lo que va de año;2025M06;1
09 Cataluña;06 Sanidad;Variación en lo que va de año;2025M05;0,9
09 Cataluña;06 Sanidad;Variación en lo que va de año;2025M04;1
09 Cataluña;06 Sanidad;Variación en lo que va de año;2025M03;0,6
09 Cataluña;06 Sanidad;Variación en lo que va de año;2025M02;0,4
09 Cataluña;06 Sanidad;Variación en lo que va de año;2025M01;0
09 Cataluña;07 Transporte;Índice;2025M10;
09 Cataluña;07 Transporte;Índice;2025M09;113,118
09 Cataluña;07 Transporte;Índice;2025M08;114,018
09 Cataluña;07 Transporte;Índice;2025M07;113,712
09 Cataluña;07 Transporte;Índice;2025M06;112,845
09 Cataluña;07 Transporte;Índice;2025M05;111,812
09 Cataluña;07 Transporte;Índice;2025M04;112,932
09 Cataluña;07 Transporte;Índice;2025M03;112,996
09 Cataluña;07 Transporte;Índice;2025M02;113,694
09 Cataluña;07 Transporte;Índice;2025M01;112,973
09 Cataluña;07 Transporte;Variación mensual;2025M10;
09 Cataluña;07 Transporte;Variación mensual;2025M09;-0,8
09 Cataluña;07 Transporte;Variación mensual;2025M08;0,3
09 Cataluña;07 Transporte;Variación mensual;2025M07;0,8
09 Cataluña;07 Transporte;Variación mensual;2025M06;0,9
09 Cataluña;07 Transporte;Variación mensual;2025M05;-1
09 Cataluña;07 Transporte;Variación mensual;2025M04;-0,1
09 Cataluña;07 Transporte;Variación mensual;2025M03;-0,6
09 Cataluña;07 Transporte;Variación mensual;2025M02;0,6
09 Cataluña;07 Transporte;Variación mensual;2025M01;0,6
09 Cataluña;07 Transporte;Variación anual;2025M10;
09 Cataluña;07 Transporte;Variación anual;2025M09;1,7
09 Cataluña;07 Transporte;Variación anual;2025M08;0,6
09 Cataluña;07 Transporte;Variación anual;2025M07;-0,5
09 Cataluña;07 Transporte;Variación anual;2025M06;-1,1
09 Cataluña;07 Transporte;Variación anual;2025M05;-2,3
09 Cataluña;07 Transporte;Variación anual;2025M04;-1,9
09 Cataluña;07 Transporte;Variación anual;2025M03;-1,3
09 Cataluña;07 Transporte;Variación anual;2025M02;0,1
09 Cataluña;07 Transporte;Variación anual;2025M01;1
09 Cataluña;07 Transporte;Variación en lo que va de año;2025M10;
09 Cataluña;07 Transporte;Variación en lo que va de año;2025M09;0,7
09 Cataluña;07 Transporte;Variación en lo que va de año;2025M08;1,5
09 Cataluña;07 Transporte;Variación en lo que va de año;2025M07;1,2
09 Cataluña;07 Transporte;Variación en lo que va de año;2025M06;0,5
09 Cataluña;07 Transporte;Variación en lo que va de año;2025M05;-0,5
09 Cataluña;07 Transporte;Variación en lo que va de año;2025M04;0,5
09 Cataluña;07 Transporte;Variación en lo que va de año;2025M03;0,6
09 Cataluña;07 Transporte;Variación en lo que va de año;2025M02;1,2
09 Cataluña;07 Transporte;Variación en lo que va de año;2025M01;0,6
09 Cataluña;08 Comunicaciones;Índice;2025M10;
09 Cataluña;08 Comunicaciones;Índice;2025M09;102,348
09 Cataluña;08 Comunicaciones;Índice;2025M08;102,421
09 Cataluña;08 Comunicaciones;Índice;2025M07;102,309
09 Cataluña;08 Comunicaciones;Índice;2025M06;104,172
09 Cataluña;08 Comunicaciones;Índice;2025M05;104,154
09 Cataluña;08 Comunicaciones;Índice;2025M04;104,344
09 Cataluña;08 Comunicaciones;Índice;2025M03;104,15
09 Cataluña;08 Comunicaciones;Índice;2025M02;104,219
09 Cataluña;08 Comunicaciones;Índice;2025M01;103,526
09 Cataluña;08 Comunicaciones;Variación mensual;2025M10;
09 Cataluña;08 Comunicaciones;Variación mensual;2025M09;-0,1
09 Cataluña;08 Comunicaciones;Variación mensual;2025M08;0,1
09 Cataluña;08 Comunicaciones;Variación mensual;2025M07;-1,8
09 Cataluña;08 Comunicaciones;Variación mensual;2025M06;0
09 Cataluña;08 Comunicaciones;Variación mensual;2025M05;-0,2
09 Cataluña;08 Comunicaciones;Variación mensual;2025M04;0,2
09 Cataluña;08 Comunicaciones;Variación mensual;2025M03;-0,1
09 Cataluña;08 Comunicaciones;Variación mensual;2025M02;0,7
09 Cataluña;08 Comunicaciones;Variación mensual;2025M01;3
09 Cataluña;08 Comunicaciones;Variación anual;2025M10;
09 Cataluña;08 Comunicaciones;Variación anual;2025M09;0,8
09 Cataluña;08 Comunicaciones;Variación anual;2025M08;0,8
09 Cataluña;08 Comunicaciones;Variación anual;2025M07;0,6
09 Cataluña;08 Comunicaciones;Variación anual;2025M06;1,9
09 Cataluña;08 Comunicaciones;Variación anual;2025M05;1,9
09 Cataluña;08 Comunicaciones;Variación anual;2025M04;2
09 Cataluña;08 Comunicaciones;Variación anual;2025M03;1,9
09 Cataluña;08 Comunicaciones;Variación anual;2025M02;1,9
09 Cataluña;08 Comunicaciones;Variación anual;2025M01;1,1
09 Cataluña;08 Comunicaciones;Variación en lo que va de año;2025M10;
09 Cataluña;08 Comunicaciones;Variación en lo que va de año;2025M09;1,8
09 Cataluña;08 Comunicaciones;Variación en lo que va de año;2025M08;1,9
09 Cataluña;08 Comunicaciones;Variación en lo que va de año;2025M07;1,7
09 Cataluña;08 Comunicaciones;Variación en lo que va de año;2025M06;3,6
09 Cataluña;08 Comunicaciones;Variación en lo que va de año;2025M05;3,6
09 Cataluña;08 Comunicaciones;Variación en lo que va de año;2025M04;3,8
09 Cataluña;08 Comunicaciones;Variación en lo que va de año;2025M03;3,6
09 Cataluña;08 Comunicaciones;Variación en lo que va de año;2025M02;3,6
09 Cataluña;08 Comunicaciones;Variación en lo que va de año;2025M01;3
09 Cataluña;09 Ocio y cultura;Índice;2025M10;
09 Cataluña;09 Ocio y cultura;Índice;2025M09;112,293
09 Cataluña;09 Ocio y cultura;Índice;2025M08;117,866
09 Cataluña;09 Ocio y cultura;Índice;2025M07;116,057
09 Cataluña;09 Ocio y cultura;Índice;2025M06;113,849
09 Cataluña;09 Ocio y cultura;Índice;2025M05;111,052
09 Cataluña;09 Ocio y cultura;Índice;2025M04;113,171
09 Cataluña;09 Ocio y cultura;Índice;2025M03;109,93
09 Cataluña;09 Ocio y cultura;Índice;2025M02;110,03
09 Cataluña;09 Ocio y cultura;Índice;2025M01;109,03
09 Cataluña;09 Ocio y cultura;Variación mensual;2025M10;
09 Cataluña;09 Ocio y cultura;Variación mensual;2025M09;-4,7
09 Cataluña;09 Ocio y cultura;Variación mensual;2025M08;1,6
09 Cataluña;09 Ocio y cultura;Variación mensual;2025M07;1,9
09 Cataluña;09 Ocio y cultura;Variación mensual;2025M06;2,5
09 Cataluña;09 Ocio y cultura;Variación mensual;2025M05;-1,9
09 Cataluña;09 Ocio y cultura;Variación mensual;2025M04;2,9
09 Cataluña;09 Ocio y cultura;Variación mensual;2025M03;-0,1
09 Cataluña;09 Ocio y cultura;Variación mensual;2025M02;0,9
09 Cataluña;09 Ocio y cultura;Variación mensual;2025M01;-3,8
09 Cataluña;09 Ocio y cultura;Variación anual;2025M10;
09 Cataluña;09 Ocio y cultura;Variación anual;2025M09;1,3
09 Cataluña;09 Ocio y cultura;Variación anual;2025M08;1
09 Cataluña;09 Ocio y cultura;Variación anual;2025M07;1
09 Cataluña;09 Ocio y cultura;Variación anual;2025M06;0,9
09 Cataluña;09 Ocio y cultura;Variación anual;2025M05;0,9
09 Cataluña;09 Ocio y cultura;Variación anual;2025M04;3,5
09 Cataluña;09 Ocio y cultura;Variación anual;2025M03;0
09 Cataluña;09 Ocio y cultura;Variación anual;2025M02;2,1
09 Cataluña;09 Ocio y cultura;Variación anual;2025M01;2,3
09 Cataluña;09 Ocio y cultura;Variación en lo que va de año;2025M10;
09 Cataluña;09 Ocio y cultura;Variación en lo que va de año;2025M09;-0,9
09 Cataluña;09 Ocio y cultura;Variación en lo que va de año;2025M08;4
09 Cataluña;09 Ocio y cultura;Variación en lo que va de año;2025M07;2,4
09 Cataluña;09 Ocio y cultura;Variación en lo que va de año;2025M06;0,5
09 Cataluña;09 Ocio y cultura;Variación en lo que va de año;2025M05;-2
09 Cataluña;09 Ocio y cultura;Variación en lo que va de año;2025M04;-0,1
09 Cataluña;09 Ocio y cultura;Variación en lo que va de año;2025M03;-3
09 Cataluña;09 Ocio y cultura;Variación en lo que va de año;2025M02;-2,9
09 Cataluña;09 Ocio y cultura;Variación en lo que va de año;2025M01;-3,8
09 Cataluña;10 Enseñanza;Índice;2025M10;
09 Cataluña;10 Enseñanza;Índice;2025M09;110,176
09 Cataluña;10 Enseñanza;Índice;2025M08;107,986
09 Cataluña;10 Enseñanza;Índice;2025M07;107,962
09 Cataluña;10 Enseñanza;Índice;2025M06;107,955
09 Cataluña;10 Enseñanza;Índice;2025M05;108,018
09 Cataluña;10 Enseñanza;Índice;2025M04;108,018
09 Cataluña;10 Enseñanza;Índice;2025M03;108,018
09 Cataluña;10 Enseñanza;Índice;2025M02;107,971
09 Cataluña;10 Enseñanza;Índice;2025M01;107,966
09 Cataluña;10 Enseñanza;Variación mensual;2025M10;
09 Cataluña;10 Enseñanza;Variación mensual;2025M09;2
09 Cataluña;10 Enseñanza;Variación mensual;2025M08;0
09 Cataluña;10 Enseñanza;Variación mensual;2025M07;0
09 Cataluña;10 Enseñanza;Variación mensual;2025M06;-0,1
09 Cataluña;10 Enseñanza;Variación mensual;2025M05;0
09 Cataluña;10 Enseñanza;Variación mensual;2025M04;0
09 Cataluña;10 Enseñanza;Variación mensual;2025M03;0
09 Cataluña;10 Enseñanza;Variación mensual;2025M02;0
09 Cataluña;10 Enseñanza;Variación mensual;2025M01;0
09 Cataluña;10 Enseñanza;Variación anual;2025M10;
09 Cataluña;10 Enseñanza;Variación anual;2025M09;3,7
09 Cataluña;10 Enseñanza;Variación anual;2025M08;2,8
09 Cataluña;10 Enseñanza;Variación anual;2025M07;2,8
09 Cataluña;10 Enseñanza;Variación anual;2025M06;2,8
09 Cataluña;10 Enseñanza;Variación anual;2025M05;2,8
09 Cataluña;10 Enseñanza;Variación anual;2025M04;2,8
09 Cataluña;10 Enseñanza;Variación anual;2025M03;2,8
09 Cataluña;10 Enseñanza;Variación anual;2025M02;2,8
09 Cataluña;10 Enseñanza;Variación anual;2025M01;2,8
09 Cataluña;10 Enseñanza;Variación en lo que va de año;2025M10;
09 Cataluña;10 Enseñanza;Variación en lo que va de año;2025M09;2
09 Cataluña;10 Enseñanza;Variación en lo que va de año;2025M08;0
09 Cataluña;10 Enseñanza;Variación en lo que va de año;2025M07;0
09 Cataluña;10 Enseñanza;Variación en lo que va de año;2025M06;0
09 Cataluña;10 Enseñanza;Variación en lo que va de año;2025M05;0
09 Cataluña;10 Enseñanza;Variación en lo que va de año;2025M04;0
09 Cataluña;10 Enseñanza;Variación en lo que va de año;2025M03;0
09 Cataluña;10 Enseñanza;Variación en lo que va de año;2025M02;0
09 Cataluña;10 Enseñanza;Variación en lo que va de año;2025M01;0
09 Cataluña;11 Restaurantes y hoteles;Índice;2025M10;
09 Cataluña;11 Restaurantes y hoteles;Índice;2025M09;123,626
09 Cataluña;11 Restaurantes y hoteles;Índice;2025M08;124,213
09 Cataluña;11 Restaurantes y hoteles;Índice;2025M07;123,683
09 Cataluña;11 Restaurantes y hoteles;Índice;2025M06;123,346
09 Cataluña;11 Restaurantes y hoteles;Índice;2025M05;122,494
09 Cataluña;11 Restaurantes y hoteles;Índice;2025M04;121,915
09 Cataluña;11 Restaurantes y hoteles;Índice;2025M03;119,938
09 Cataluña;11 Restaurantes y hoteles;Índice;2025M02;118,794
09 Cataluña;11 Restaurantes y hoteles;Índice;2025M01;117,937
09 Cataluña;11 Restaurantes y hoteles;Variación mensual;2025M10;
09 Cataluña;11 Restaurantes y hoteles;Variación mensual;2025M09;-0,5
09 Cataluña;11 Restaurantes y hoteles;Variación mensual;2025M08;0,4
09 Cataluña;11 Restaurantes y hoteles;Variación mensual;2025M07;0,3
09 Cataluña;11 Restaurantes y hoteles;Variación mensual;2025M06;0,7
09 Cataluña;11 Restaurantes y hoteles;Variación mensual;2025M05;0,5
09 Cataluña;11 Restaurantes y hoteles;Variación mensual;2025M04;1,6
09 Cataluña;11 Restaurantes y hoteles;Variación mensual;2025M03;1
09 Cataluña;11 Restaurantes y hoteles;Variación mensual;2025M02;0,7
09 Cataluña;11 Restaurantes y hoteles;Variación mensual;2025M01;0,3
09 Cataluña;11 Restaurantes y hoteles;Variación anual;2025M10;
09 Cataluña;11 Restaurantes y hoteles;Variación anual;2025M09;3
09 Cataluña;11 Restaurantes y hoteles;Variación anual;2025M08;4,2
09 Cataluña;11 Restaurantes y hoteles;Variación anual;2025M07;3,9
09 Cataluña;11 Restaurantes y hoteles;Variación anual;2025M06;4
09 Cataluña;11 Restaurantes y hoteles;Variación anual;2025M05;4,3
09 Cataluña;11 Restaurantes y hoteles;Variación anual;2025M04;4,9
09 Cataluña;11 Restaurantes y hoteles;Variación anual;2025M03;4
09 Cataluña;11 Restaurantes y hoteles;Variación anual;2025M02;3,8
09 Cataluña;11 Restaurantes y hoteles;Variación anual;2025M01;4,2
09 Cataluña;11 Restaurantes y hoteles;Variación en lo que va de año;2025M10;
09 Cataluña;11 Restaurantes y hoteles;Variación en lo que va de año;2025M09;5,1
09 Cataluña;11 Restaurantes y hoteles;Variación en lo que va de año;2025M08;5,6
09 Cataluña;11 Restaurantes y hoteles;Variación en lo que va de año;2025M07;5,2
09 Cataluña;11 Restaurantes y hoteles;Variación en lo que va de año;2025M06;4,9
09 Cataluña;11 Restaurantes y hoteles;Variación en lo que va de año;2025M05;4,2
09 Cataluña;11 Restaurantes y hoteles;Variación en lo que va de año;2025M04;3,7
09 Cataluña;11 Restaurantes y hoteles;Variación en lo que va de año;2025M03;2
09 Cataluña;11 Restaurantes y hoteles;Variación en lo que va de año;2025M02;1
09 Cataluña;11 Restaurantes y hoteles;Variación en lo que va de año;2025M01;0,3
09 Cataluña;12 Otros bienes y servicios;Índice;2025M10;
09 Cataluña;12 Otros bienes y servicios;Índice;2025M09;116,77
09 Cataluña;12 Otros bienes y servicios;Índice;2025M08;116,694
09 Cataluña;12 Otros bienes y servicios;Índice;2025M07;116,384
09 Cataluña;12 Otros bienes y servicios;Índice;2025M06;116,728
09 Cataluña;12 Otros bienes y servicios;Índice;2025M05;115,664
09 Cataluña;12 Otros bienes y servicios;Índice;2025M04;115,574
09 Cataluña;12 Otros bienes y servicios;Índice;2025M03;115,009
09 Cataluña;12 Otros bienes y servicios;Índice;2025M02;114,456
09 Cataluña;12 Otros bienes y servicios;Índice;2025M01;113,924
09 Cataluña;12 Otros bienes y servicios;Variación mensual;2025M10;
09 Cataluña;12 Otros bienes y servicios;Variación mensual;2025M09;0,1
09 Cataluña;12 Otros bienes y servicios;Variación mensual;2025M08;0,3
09 Cataluña;12 Otros bienes y servicios;Variación mensual;2025M07;-0,3
09 Cataluña;12 Otros bienes y servicios;Variación mensual;2025M06;0,9
09 Cataluña;12 Otros bienes y servicios;Variación mensual;2025M05;0,1
09 Cataluña;12 Otros bienes y servicios;Variación mensual;2025M04;0,5
09 Cataluña;12 Otros bienes y servicios;Variación mensual;2025M03;0,5
09 Cataluña;12 Otros bienes y servicios;Variación mensual;2025M02;0,5
09 Cataluña;12 Otros bienes y servicios;Variación mensual;2025M01;0,7
09 Cataluña;12 Otros bienes y servicios;Variación anual;2025M10;
09 Cataluña;12 Otros bienes y servicios;Variación anual;2025M09;3,7
09 Cataluña;12 Otros bienes y servicios;Variación anual;2025M08;3,6
09 Cataluña;12 Otros bienes y servicios;Variación anual;2025M07;3,4
09 Cataluña;12 Otros bienes y servicios;Variación anual;2025M06;3,5
09 Cataluña;12 Otros bienes y servicios;Variación anual;2025M05;3,8
09 Cataluña;12 Otros bienes y servicios;Variación anual;2025M04;3,8
09 Cataluña;12 Otros bienes y servicios;Variación anual;2025M03;4
09 Cataluña;12 Otros bienes y servicios;Variación anual;2025M02;4
09 Cataluña;12 Otros bienes y servicios;Variación anual;2025M01;4,2
09 Cataluña;12 Otros bienes y servicios;Variación en lo que va de año;2025M10;
09 Cataluña;12 Otros bienes y servicios;Variación en lo que va de año;2025M09;3,2
09 Cataluña;12 Otros bienes y servicios;Variación en lo que va de año;2025M08;3,1
09 Cataluña;12 Otros bienes y servicios;Variación en lo que va de año;2025M07;2,9
09 Cataluña;12 Otros bienes y servicios;Variación en lo que va de año;2025M06;3,2
09 Cataluña;12 Otros bienes y servicios;Variación en lo que va de año;2025M05;2,2
09 Cataluña;12 Otros bienes y servicios;Variación en lo que va de año;2025M04;2,2
09 Cataluña;12 Otros bienes y servicios;Variación en lo que va de año;2025M03;1,7
09 Cataluña;12 Otros bienes y servicios;Variación en lo que va de año;2025M02;1,2
09 Cataluña;12 Otros bienes y servicios;Variación en lo que va de año;2025M01;0,7
10 Comunitat Valenciana;01 Alimentos y bebidas no alcohólicas;Índice;2025M10;
10 Comunitat Valenciana;01 Alimentos y bebidas no alcohólicas;Índice;2025M09;131,419
10 Comunitat Valenciana;01 Alimentos y bebidas no alcohólicas;Índice;2025M08;131,743
10 Comunitat Valenciana;01 Alimentos y bebidas no alcohólicas;Índice;2025M07;132,857
10 Comunitat Valenciana;01 Alimentos y bebidas no alcohólicas;Índice;2025M06;133,353
10 Comunitat Valenciana;01 Alimentos y bebidas no alcohólicas;Índice;2025M05;132,891
10 Comunitat Valenciana;01 Alimentos y bebidas no alcohólicas;Índice;2025M04;132,474
10 Comunitat Valenciana;01 Alimentos y bebidas no alcohólicas;Índice;2025M03;131,843
10 Comunitat Valenciana;01 Alimentos y bebidas no alcohólicas;Índice;2025M02;131,137
10 Comunitat Valenciana;01 Alimentos y bebidas no alcohólicas;Índice;2025M01;130,474
10 Comunitat Valenciana;01 Alimentos y bebidas no alcohólicas;Variación mensual;2025M10;
10 Comunitat Valenciana;01 Alimentos y bebidas no alcohólicas;Variación mensual;2025M09;-0,2
10 Comunitat Valenciana;01 Alimentos y bebidas no alcohólicas;Variación mensual;2025M08;-0,8
10 Comunitat Valenciana;01 Alimentos y bebidas no alcohólicas;Variación mensual;2025M07;-0,4
10 Comunitat Valenciana;01 Alimentos y bebidas no alcohólicas;Variación mensual;2025M06;0,3
10 Comunitat Valenciana;01 Alimentos y bebidas no alcohólicas;Variación mensual;2025M05;0,3
10 Comunitat Valenciana;01 Alimentos y bebidas no alcohólicas;Variación mensual;2025M04;0,5
10 Comunitat Valenciana;01 Alimentos y bebidas no alcohólicas;Variación mensual;2025M03;0,5
10 Comunitat Valenciana;01 Alimentos y bebidas no alcohólicas;Variación mensual;2025M02;0,5
10 Comunitat Valenciana;01 Alimentos y bebidas no alcohólicas;Variación mensual;2025M01;0,6
10 Comunitat Valenciana;01 Alimentos y bebidas no alcohólicas;Variación anual;2025M10;
10 Comunitat Valenciana;01 Alimentos y bebidas no alcohólicas;Variación anual;2025M09;2,5
10 Comunitat Valenciana;01 Alimentos y bebidas no alcohólicas;Variación anual;2025M08;2,5
10 Comunitat Valenciana;01 Alimentos y bebidas no alcohólicas;Variación anual;2025M07;3,2
10 Comunitat Valenciana;01 Alimentos y bebidas no alcohólicas;Variación anual;2025M06;3,1
10 Comunitat Valenciana;01 Alimentos y bebidas no alcohólicas;Variación anual;2025M05;2,6
10 Comunitat Valenciana;01 Alimentos y bebidas no alcohólicas;Variación anual;2025M04;2,4
10 Comunitat Valenciana;01 Alimentos y bebidas no alcohólicas;Variación anual;2025M03;2,5
10 Comunitat Valenciana;01 Alimentos y bebidas no alcohólicas;Variación anual;2025M02;2,1
10 Comunitat Valenciana;01 Alimentos y bebidas no alcohólicas;Variación anual;2025M01;1,7
10 Comunitat Valenciana;01 Alimentos y bebidas no alcohólicas;Variación en lo que va de año;2025M10;
10 Comunitat Valenciana;01 Alimentos y bebidas no alcohólicas;Variación en lo que va de año;2025M09;1,3
10 Comunitat Valenciana;01 Alimentos y bebidas no alcohólicas;Variación en lo que va de año;2025M08;1,6
10 Comunitat Valenciana;01 Alimentos y bebidas no alcohólicas;Variación en lo que va de año;2025M07;2,4
10 Comunitat Valenciana;01 Alimentos y bebidas no alcohólicas;Variación en lo que va de año;2025M06;2,8
10 Comunitat Valenciana;01 Alimentos y bebidas no alcohólicas;Variación en lo que va de año;2025M05;2,5
10 Comunitat Valenciana;01 Alimentos y bebidas no alcohólicas;Variación en lo que va de año;2025M04;2,1
10 Comunitat Valenciana;01 Alimentos y bebidas no alcohólicas;Variación en lo que va de año;2025M03;1,7
10 Comunitat Valenciana;01 Alimentos y bebidas no alcohólicas;Variación en lo que va de año;2025M02;1,1
10 Comunitat Valenciana;01 Alimentos y bebidas no alcohólicas;Variación en lo que va de año;2025M01;0,6
10 Comunitat Valenciana;02 Bebidas alcohólicas y tabaco;Índice;2025M10;
10 Comunitat Valenciana;02 Bebidas alcohólicas y tabaco;Índice;2025M09;120,5
10 Comunitat Valenciana;02 Bebidas alcohólicas y tabaco;Índice;2025M08;120,679
10 Comunitat Valenciana;02 Bebidas alcohólicas y tabaco;Índice;2025M07;120,436
10 Comunitat Valenciana;02 Bebidas alcohólicas y tabaco;Índice;2025M06;120,369
10 Comunitat Valenciana;02 Bebidas alcohólicas y tabaco;Índice;2025M05;119,973
10 Comunitat Valenciana;02 Bebidas alcohólicas y tabaco;Índice;2025M04;119,546
10 Comunitat Valenciana;02 Bebidas alcohólicas y tabaco;Índice;2025M03;119,59
10 Comunitat Valenciana;02 Bebidas alcohólicas y tabaco;Índice;2025M02;119,223
10 Comunitat Valenciana;02 Bebidas alcohólicas y tabaco;Índice;2025M01;118,96
10 Comunitat Valenciana;02 Bebidas alcohólicas y tabaco;Variación mensual;2025M10;
10 Comunitat Valenciana;02 Bebidas alcohólicas y tabaco;Variación mensual;2025M09;-0,1
10 Comunitat Valenciana;02 Bebidas alcohólicas y tabaco;Variación mensual;2025M08;0,2
10 Comunitat Valenciana;02 Bebidas alcohólicas y tabaco;Variación mensual;2025M07;0,1
10 Comunitat Valenciana;02 Bebidas alcohólicas y tabaco;Variación mensual;2025M06;0,3
10 Comunitat Valenciana;02 Bebidas alcohólicas y tabaco;Variación mensual;2025M05;0,4
10 Comunitat Valenciana;02 Bebidas alcohólicas y tabaco;Variación mensual;2025M04;0
10 Comunitat Valenciana;02 Bebidas alcohólicas y tabaco;Variación mensual;2025M03;0,3
10 Comunitat Valenciana;02 Bebidas alcohólicas y tabaco;Variación mensual;2025M02;0,2
10 Comunitat Valenciana;02 Bebidas alcohólicas y tabaco;Variación mensual;2025M01;1,7
10 Comunitat Valenciana;02 Bebidas alcohólicas y tabaco;Variación anual;2025M10;
10 Comunitat Valenciana;02 Bebidas alcohólicas y tabaco;Variación anual;2025M09;4,1
10 Comunitat Valenciana;02 Bebidas alcohólicas y tabaco;Variación anual;2025M08;4,5
10 Comunitat Valenciana;02 Bebidas alcohólicas y tabaco;Variación anual;2025M07;4,5
10 Comunitat Valenciana;02 Bebidas alcohólicas y tabaco;Variación anual;2025M06;4
10 Comunitat Valenciana;02 Bebidas alcohólicas y tabaco;Variación anual;2025M05;3,5
10 Comunitat Valenciana;02 Bebidas alcohólicas y tabaco;Variación anual;2025M04;2,9
10 Comunitat Valenciana;02 Bebidas alcohólicas y tabaco;Variación anual;2025M03;3,3
10 Comunitat Valenciana;02 Bebidas alcohólicas y tabaco;Variación anual;2025M02;2,9
10 Comunitat Valenciana;02 Bebidas alcohólicas y tabaco;Variación anual;2025M01;4,1
10 Comunitat Valenciana;02 Bebidas alcohólicas y tabaco;Variación en lo que va de año;2025M10;
10 Comunitat Valenciana;02 Bebidas alcohólicas y tabaco;Variación en lo que va de año;2025M09;3
10 Comunitat Valenciana;02 Bebidas alcohólicas y tabaco;Variación en lo que va de año;2025M08;3,2
10 Comunitat Valenciana;02 Bebidas alcohólicas y tabaco;Variación en lo que va de año;2025M07;3
10 Comunitat Valenciana;02 Bebidas alcohólicas y tabaco;Variación en lo que va de año;2025M06;2,9
10 Comunitat Valenciana;02 Bebidas alcohólicas y tabaco;Variación en lo que va de año;2025M05;2,6
10 Comunitat Valenciana;02 Bebidas alcohólicas y tabaco;Variación en lo que va de año;2025M04;2,2
10 Comunitat Valenciana;02 Bebidas alcohólicas y tabaco;Variación en lo que va de año;2025M03;2,2
10 Comunitat Valenciana;02 Bebidas alcohólicas y tabaco;Variación en lo que va de año;2025M02;1,9
10 Comunitat Valenciana;02 Bebidas alcohólicas y tabaco;Variación en lo que va de año;2025M01;1,7
10 Comunitat Valenciana;03 Vestido y calzado;Índice;2025M10;
10 Comunitat Valenciana;03 Vestido y calzado;Índice;2025M09;103,102
10 Comunitat Valenciana;03 Vestido y calzado;Índice;2025M08;99,529
10 Comunitat Valenciana;03 Vestido y calzado;Índice;2025M07;100,35
10 Comunitat Valenciana;03 Vestido y calzado;Índice;2025M06;110,009
10 Comunitat Valenciana;03 Vestido y calzado;Índice;2025M05;111,868
10 Comunitat Valenciana;03 Vestido y calzado;Índice;2025M04;109,437
10 Comunitat Valenciana;03 Vestido y calzado;Índice;2025M03;102,467
10 Comunitat Valenciana;03 Vestido y calzado;Índice;2025M02;99,111
10 Comunitat Valenciana;03 Vestido y calzado;Índice;2025M01;100,982
10 Comunitat Valenciana;03 Vestido y calzado;Variación mensual;2025M10;
10 Comunitat Valenciana;03 Vestido y calzado;Variación mensual;2025M09;3,6
10 Comunitat Valenciana;03 Vestido y calzado;Variación mensual;2025M08;-0,8
10 Comunitat Valenciana;03 Vestido y calzado;Variación mensual;2025M07;-8,8
10 Comunitat Valenciana;03 Vestido y calzado;Variación mensual;2025M06;-1,7
10 Comunitat Valenciana;03 Vestido y calzado;Variación mensual;2025M05;2,2
10 Comunitat Valenciana;03 Vestido y calzado;Variación mensual;2025M04;6,8
10 Comunitat Valenciana;03 Vestido y calzado;Variación mensual;2025M03;3,4
10 Comunitat Valenciana;03 Vestido y calzado;Variación mensual;2025M02;-1,9
10 Comunitat Valenciana;03 Vestido y calzado;Variación mensual;2025M01;-11,1
10 Comunitat Valenciana;03 Vestido y calzado;Variación anual;2025M10;
10 Comunitat Valenciana;03 Vestido y calzado;Variación anual;2025M09;-0,5
10 Comunitat Valenciana;03 Vestido y calzado;Variación anual;2025M08;0,3
10 Comunitat Valenciana;03 Vestido y calzado;Variación anual;2025M07;0,4
10 Comunitat Valenciana;03 Vestido y calzado;Variación anual;2025M06;0
10 Comunitat Valenciana;03 Vestido y calzado;Variación anual;2025M05;0
10 Comunitat Valenciana;03 Vestido y calzado;Variación anual;2025M04;0,5
10 Comunitat Valenciana;03 Vestido y calzado;Variación anual;2025M03;-0,3
10 Comunitat Valenciana;03 Vestido y calzado;Variación anual;2025M02;-0,6
10 Comunitat Valenciana;03 Vestido y calzado;Variación anual;2025M01;0,5
10 Comunitat Valenciana;03 Vestido y calzado;Variación en lo que va de año;2025M10;
10 Comunitat Valenciana;03 Vestido y calzado;Variación en lo que va de año;2025M09;-9,3
10 Comunitat Valenciana;03 Vestido y calzado;Variación en lo que va de año;2025M08;-12,4
10 Comunitat Valenciana;03 Vestido y calzado;Variación en lo que va de año;2025M07;-11,7
10 Comunitat Valenciana;03 Vestido y calzado;Variación en lo que va de año;2025M06;-3,2
10 Comunitat Valenciana;03 Vestido y calzado;Variación en lo que va de año;2025M05;-1,5
10 Comunitat Valenciana;03 Vestido y calzado;Variación en lo que va de año;2025M04;-3,7
10 Comunitat Valenciana;03 Vestido y calzado;Variación en lo que va de año;2025M03;-9,8
10 Comunitat Valenciana;03 Vestido y calzado;Variación en lo que va de año;2025M02;-12,8
10 Comunitat Valenciana;03 Vestido y calzado;Variación en lo que va de año;2025M01;-11,1
10 Comunitat Valenciana;04 Vivienda, agua, electricidad, gas y otros combustibles;Índice;2025M10;
10 Comunitat Valenciana;04 Vivienda, agua, electricidad, gas y otros combustibles;Índice;2025M09;114,482
10 Comunitat Valenciana;04 Vivienda, agua, electricidad, gas y otros combustibles;Índice;2025M08;114,535
10 Comunitat Valenciana;04 Vivienda, agua, electricidad, gas y otros combustibles;Índice;2025M07;114,549
10 Comunitat Valenciana;04 Vivienda, agua, electricidad, gas y otros combustibles;Índice;2025M06;112,48
10 Comunitat Valenciana;04 Vivienda, agua, electricidad, gas y otros combustibles;Índice;2025M05;110,844
10 Comunitat Valenciana;04 Vivienda, agua, electricidad, gas y otros combustibles;Índice;2025M04;110,143
10 Comunitat Valenciana;04 Vivienda, agua, electricidad, gas y otros combustibles;Índice;2025M03;111,377
10 Comunitat Valenciana;04 Vivienda, agua, electricidad, gas y otros combustibles;Índice;2025M02;113,505
10 Comunitat Valenciana;04 Vivienda, agua, electricidad, gas y otros combustibles;Índice;2025M01;112,579
10 Comunitat Valenciana;04 Vivienda, agua, electricidad, gas y otros combustibles;Variación mensual;2025M10;
10 Comunitat Valenciana;04 Vivienda, agua, electricidad, gas y otros combustibles;Variación mensual;2025M09;0
10 Comunitat Valenciana;04 Vivienda, agua, electricidad, gas y otros combustibles;Variación mensual;2025M08;0
10 Comunitat Valenciana;04 Vivienda, agua, electricidad, gas y otros combustibles;Variación mensual;2025M07;1,8
10 Comunitat Valenciana;04 Vivienda, agua, electricidad, gas y otros combustibles;Variación mensual;2025M06;1,5
10 Comunitat Valenciana;04 Vivienda, agua, electricidad, gas y otros combustibles;Variación mensual;2025M05;0,6
10 Comunitat Valenciana;04 Vivienda, agua, electricidad, gas y otros combustibles;Variación mensual;2025M04;-1,1
10 Comunitat Valenciana;04 Vivienda, agua, electricidad, gas y otros combustibles;Variación mensual;2025M03;-1,9
10 Comunitat Valenciana;04 Vivienda, agua, electricidad, gas y otros combustibles;Variación mensual;2025M02;0,8
10 Comunitat Valenciana;04 Vivienda, agua, electricidad, gas y otros combustibles;Variación mensual;2025M01;5
10 Comunitat Valenciana;04 Vivienda, agua, electricidad, gas y otros combustibles;Variación anual;2025M10;
10 Comunitat Valenciana;04 Vivienda, agua, electricidad, gas y otros combustibles;Variación anual;2025M09;10,2
10 Comunitat Valenciana;04 Vivienda, agua, electricidad, gas y otros combustibles;Variación anual;2025M08;9,4
10 Comunitat Valenciana;04 Vivienda, agua, electricidad, gas y otros combustibles;Variación anual;2025M07;10,3
10 Comunitat Valenciana;04 Vivienda, agua, electricidad, gas y otros combustibles;Variación anual;2025M06;5,7
10 Comunitat Valenciana;04 Vivienda, agua, electricidad, gas y otros combustibles;Variación anual;2025M05;5,3
10 Comunitat Valenciana;04 Vivienda, agua, electricidad, gas y otros combustibles;Variación anual;2025M04;5,7
10 Comunitat Valenciana;04 Vivienda, agua, electricidad, gas y otros combustibles;Variación anual;2025M03;7,4
10 Comunitat Valenciana;04 Vivienda, agua, electricidad, gas y otros combustibles;Variación anual;2025M02;12,5
10 Comunitat Valenciana;04 Vivienda, agua, electricidad, gas y otros combustibles;Variación anual;2025M01;9,7
10 Comunitat Valenciana;04 Vivienda, agua, electricidad, gas y otros combustibles;Variación en lo que va de año;2025M10;
10 Comunitat Valenciana;04 Vivienda, agua, electricidad, gas y otros combustibles;Variación en lo que va de año;2025M09;6,8
10 Comunitat Valenciana;04 Vivienda, agua, electricidad, gas y otros combustibles;Variación en lo que va de año;2025M08;6,9
10 Comunitat Valenciana;04 Vivienda, agua, electricidad, gas y otros combustibles;Variación en lo que va de año;2025M07;6,9
10 Comunitat Valenciana;04 Vivienda, agua, electricidad, gas y otros combustibles;Variación en lo que va de año;2025M06;4,9
10 Comunitat Valenciana;04 Vivienda, agua, electricidad, gas y otros combustibles;Variación en lo que va de año;2025M05;3,4
10 Comunitat Valenciana;04 Vivienda, agua, electricidad, gas y otros combustibles;Variación en lo que va de año;2025M04;2,8
10 Comunitat Valenciana;04 Vivienda, agua, electricidad, gas y otros combustibles;Variación en lo que va de año;2025M03;3,9
10 Comunitat Valenciana;04 Vivienda, agua, electricidad, gas y otros combustibles;Variación en lo que va de año;2025M02;5,9
10 Comunitat Valenciana;04 Vivienda, agua, electricidad, gas y otros combustibles;Variación en lo que va de año;2025M01;5
10 Comunitat Valenciana;05 Muebles, artículos del hogar y artículos para el mantenimiento corriente del hogar;Índice;2025M10;
10 Comunitat Valenciana;05 Muebles, artículos del hogar y artículos para el mantenimiento corriente del hogar;Índice;2025M09;112,908
10 Comunitat Valenciana;05 Muebles, artículos del hogar y artículos para el mantenimiento corriente del hogar;Índice;2025M08;112,646
10 Comunitat Valenciana;05 Muebles, artículos del hogar y artículos para el mantenimiento corriente del hogar;Índice;2025M07;112,557
10 Comunitat Valenciana;05 Muebles, artículos del hogar y artículos para el mantenimiento corriente del hogar;Índice;2025M06;113,262
10 Comunitat Valenciana;05 Muebles, artículos del hogar y artículos para el mantenimiento corriente del hogar;Índice;2025M05;112,877
10 Comunitat Valenciana;05 Muebles, artículos del hogar y artículos para el mantenimiento corriente del hogar;Índice;2025M04;112,388
10 Comunitat Valenciana;05 Muebles, artículos del hogar y artículos para el mantenimiento corriente del hogar;Índice;2025M03;112,049
10 Comunitat Valenciana;05 Muebles, artículos del hogar y artículos para el mantenimiento corriente del hogar;Índice;2025M02;111,883
10 Comunitat Valenciana;05 Muebles, artículos del hogar y artículos para el mantenimiento corriente del hogar;Índice;2025M01;111,753
10 Comunitat Valenciana;05 Muebles, artículos del hogar y artículos para el mantenimiento corriente del hogar;Variación mensual;2025M10;
10 Comunitat Valenciana;05 Muebles, artículos del hogar y artículos para el mantenimiento corriente del hogar;Variación mensual;2025M09;0,2
10 Comunitat Valenciana;05 Muebles, artículos del hogar y artículos para el mantenimiento corriente del hogar;Variación mensual;2025M08;0,1
10 Comunitat Valenciana;05 Muebles, artículos del hogar y artículos para el mantenimiento corriente del hogar;Variación mensual;2025M07;-0,6
10 Comunitat Valenciana;05 Muebles, artículos del hogar y artículos para el mantenimiento corriente del hogar;Variación mensual;2025M06;0,3
10 Comunitat Valenciana;05 Muebles, artículos del hogar y artículos para el mantenimiento corriente del hogar;Variación mensual;2025M05;0,4
10 Comunitat Valenciana;05 Muebles, artículos del hogar y artículos para el mantenimiento corriente del hogar;Variación mensual;2025M04;0,3
10 Comunitat Valenciana;05 Muebles, artículos del hogar y artículos para el mantenimiento corriente del hogar;Variación mensual;2025M03;0,1
10 Comunitat Valenciana;05 Muebles, artículos del hogar y artículos para el mantenimiento corriente del hogar;Variación mensual;2025M02;0,1
10 Comunitat Valenciana;05 Muebles, artículos del hogar y artículos para el mantenimiento corriente del hogar;Variación mensual;2025M01;-0,5
10 Comunitat Valenciana;05 Muebles, artículos del hogar y artículos para el mantenimiento corriente del hogar;Variación anual;2025M10;
10 Comunitat Valenciana;05 Muebles, artículos del hogar y artículos para el mantenimiento corriente del hogar;Variación anual;2025M09;1
10 Comunitat Valenciana;05 Muebles, artículos del hogar y artículos para el mantenimiento corriente del hogar;Variación anual;2025M08;1,1
10 Comunitat Valenciana;05 Muebles, artículos del hogar y artículos para el mantenimiento corriente del hogar;Variación anual;2025M07;1
10 Comunitat Valenciana;05 Muebles, artículos del hogar y artículos para el mantenimiento corriente del hogar;Variación anual;2025M06;0,7
10 Comunitat Valenciana;05 Muebles, artículos del hogar y artículos para el mantenimiento corriente del hogar;Variación anual;2025M05;0,2
10 Comunitat Valenciana;05 Muebles, artículos del hogar y artículos para el mantenimiento corriente del hogar;Variación anual;2025M04;-0,1
10 Comunitat Valenciana;05 Muebles, artículos del hogar y artículos para el mantenimiento corriente del hogar;Variación anual;2025M03;-0,2
10 Comunitat Valenciana;05 Muebles, artículos del hogar y artículos para el mantenimiento corriente del hogar;Variación anual;2025M02;0
10 Comunitat Valenciana;05 Muebles, artículos del hogar y artículos para el mantenimiento corriente del hogar;Variación anual;2025M01;-0,1
10 Comunitat Valenciana;05 Muebles, artículos del hogar y artículos para el mantenimiento corriente del hogar;Variación en lo que va de año;2025M10;
10 Comunitat Valenciana;05 Muebles, artículos del hogar y artículos para el mantenimiento corriente del hogar;Variación en lo que va de año;2025M09;0,5
10 Comunitat Valenciana;05 Muebles, artículos del hogar y artículos para el mantenimiento corriente del hogar;Variación en lo que va de año;2025M08;0,3
10 Comunitat Valenciana;05 Muebles, artículos del hogar y artículos para el mantenimiento corriente del hogar;Variación en lo que va de año;2025M07;0,2
10 Comunitat Valenciana;05 Muebles, artículos del hogar y artículos para el mantenimiento corriente del hogar;Variación en lo que va de año;2025M06;0,9
10 Comunitat Valenciana;05 Muebles, artículos del hogar y artículos para el mantenimiento corriente del hogar;Variación en lo que va de año;2025M05;0,5
10 Comunitat Valenciana;05 Muebles, artículos del hogar y artículos para el mantenimiento corriente del hogar;Variación en lo que va de año;2025M04;0,1
10 Comunitat Valenciana;05 Muebles, artículos del hogar y artículos para el mantenimiento corriente del hogar;Variación en lo que va de año;2025M03;-0,2
10 Comunitat Valenciana;05 Muebles, artículos del hogar y artículos para el mantenimiento corriente del hogar;Variación en lo que va de año;2025M02;-0,4
10 Comunitat Valenciana;05 Muebles, artículos del hogar y artículos para el mantenimiento corriente del hogar;Variación en lo que va de año;2025M01;-0,5
10 Comunitat Valenciana;06 Sanidad;Índice;2025M10;
10 Comunitat Valenciana;06 Sanidad;Índice;2025M09;108,539
10 Comunitat Valenciana;06 Sanidad;Índice;2025M08;108,487
10 Comunitat Valenciana;06 Sanidad;Índice;2025M07;108,761
10 Comunitat Valenciana;06 Sanidad;Índice;2025M06;108,384
10 Comunitat Valenciana;06 Sanidad;Índice;2025M05;108,598
10 Comunitat Valenciana;06 Sanidad;Índice;2025M04;108,141
10 Comunitat Valenciana;06 Sanidad;Índice;2025M03;107,885
10 Comunitat Valenciana;06 Sanidad;Índice;2025M02;107,043
10 Comunitat Valenciana;06 Sanidad;Índice;2025M01;107,167
10 Comunitat Valenciana;06 Sanidad;Variación mensual;2025M10;
10 Comunitat Valenciana;06 Sanidad;Variación mensual;2025M09;0
10 Comunitat Valenciana;06 Sanidad;Variación mensual;2025M08;-0,3
10 Comunitat Valenciana;06 Sanidad;Variación mensual;2025M07;0,3
10 Comunitat Valenciana;06 Sanidad;Variación mensual;2025M06;-0,2
10 Comunitat Valenciana;06 Sanidad;Variación mensual;2025M05;0,4
10 Comunitat Valenciana;06 Sanidad;Variación mensual;2025M04;0,2
10 Comunitat Valenciana;06 Sanidad;Variación mensual;2025M03;0,8
10 Comunitat Valenciana;06 Sanidad;Variación mensual;2025M02;-0,1
10 Comunitat Valenciana;06 Sanidad;Variación mensual;2025M01;0,2
10 Comunitat Valenciana;06 Sanidad;Variación anual;2025M10;
10 Comunitat Valenciana;06 Sanidad;Variación anual;2025M09;2,1
10 Comunitat Valenciana;06 Sanidad;Variación anual;2025M08;2,2
10 Comunitat Valenciana;06 Sanidad;Variación anual;2025M07;2,6
10 Comunitat Valenciana;06 Sanidad;Variación anual;2025M06;2,4
10 Comunitat Valenciana;06 Sanidad;Variación anual;2025M05;2,7
10 Comunitat Valenciana;06 Sanidad;Variación anual;2025M04;2,4
10 Comunitat Valenciana;06 Sanidad;Variación anual;2025M03;2,6
10 Comunitat Valenciana;06 Sanidad;Variación anual;2025M02;2,4
10 Comunitat Valenciana;06 Sanidad;Variación anual;2025M01;2,8
10 Comunitat Valenciana;06 Sanidad;Variación en lo que va de año;2025M10;
10 Comunitat Valenciana;06 Sanidad;Variación en lo que va de año;2025M09;1,5
10 Comunitat Valenciana;06 Sanidad;Variación en lo que va de año;2025M08;1,5
10 Comunitat Valenciana;06 Sanidad;Variación en lo que va de año;2025M07;1,7
10 Comunitat Valenciana;06 Sanidad;Variación en lo que va de año;2025M06;1,4
10 Comunitat Valenciana;06 Sanidad;Variación en lo que va de año;2025M05;1,6
10 Comunitat Valenciana;06 Sanidad;Variación en lo que va de año;2025M04;1,2
10 Comunitat Valenciana;06 Sanidad;Variación en lo que va de año;2025M03;0,9
10 Comunitat Valenciana;06 Sanidad;Variación en lo que va de año;2025M02;0,1
10 Comunitat Valenciana;06 Sanidad;Variación en lo que va de año;2025M01;0,2
10 Comunitat Valenciana;07 Transporte;Índice;2025M10;
10 Comunitat Valenciana;07 Transporte;Índice;2025M09;114,276
10 Comunitat Valenciana;07 Transporte;Índice;2025M08;114,96
10 Comunitat Valenciana;07 Transporte;Índice;2025M07;114,791
10 Comunitat Valenciana;07 Transporte;Índice;2025M06;113,761
10 Comunitat Valenciana;07 Transporte;Índice;2025M05;112,779
10 Comunitat Valenciana;07 Transporte;Índice;2025M04;113,823
10 Comunitat Valenciana;07 Transporte;Índice;2025M03;114,161
10 Comunitat Valenciana;07 Transporte;Índice;2025M02;114,888
10 Comunitat Valenciana;07 Transporte;Índice;2025M01;113,922
10 Comunitat Valenciana;07 Transporte;Variación mensual;2025M10;
10 Comunitat Valenciana;07 Transporte;Variación mensual;2025M09;-0,6
10 Comunitat Valenciana;07 Transporte;Variación mensual;2025M08;0,1
10 Comunitat Valenciana;07 Transporte;Variación mensual;2025M07;0,9
10 Comunitat Valenciana;07 Transporte;Variación mensual;2025M06;0,9
10 Comunitat Valenciana;07 Transporte;Variación mensual;2025M05;-0,9
10 Comunitat Valenciana;07 Transporte;Variación mensual;2025M04;-0,3
10 Comunitat Valenciana;07 Transporte;Variación mensual;2025M03;-0,6
10 Comunitat Valenciana;07 Transporte;Variación mensual;2025M02;0,8
10 Comunitat Valenciana;07 Transporte;Variación mensual;2025M01;0,7
10 Comunitat Valenciana;07 Transporte;Variación anual;2025M10;
10 Comunitat Valenciana;07 Transporte;Variación anual;2025M09;2,4
10 Comunitat Valenciana;07 Transporte;Variación anual;2025M08;1,2
10 Comunitat Valenciana;07 Transporte;Variación anual;2025M07;0,1
10 Comunitat Valenciana;07 Transporte;Variación anual;2025M06;-0,4
10 Comunitat Valenciana;07 Transporte;Variación anual;2025M05;-1,8
10 Comunitat Valenciana;07 Transporte;Variación anual;2025M04;-1,6
10 Comunitat Valenciana;07 Transporte;Variación anual;2025M03;-0,9
10 Comunitat Valenciana;07 Transporte;Variación anual;2025M02;0,2
10 Comunitat Valenciana;07 Transporte;Variación anual;2025M01;1,1
10 Comunitat Valenciana;07 Transporte;Variación en lo que va de año;2025M10;
10 Comunitat Valenciana;07 Transporte;Variación en lo que va de año;2025M09;1,1
10 Comunitat Valenciana;07 Transporte;Variación en lo que va de año;2025M08;1,7
10 Comunitat Valenciana;07 Transporte;Variación en lo que va de año;2025M07;1,5
10 Comunitat Valenciana;07 Transporte;Variación en lo que va de año;2025M06;0,6
10 Comunitat Valenciana;07 Transporte;Variación en lo que va de año;2025M05;-0,3
10 Comunitat Valenciana;07 Transporte;Variación en lo que va de año;2025M04;0,7
10 Comunitat Valenciana;07 Transporte;Variación en lo que va de año;2025M03;0,9
10 Comunitat Valenciana;07 Transporte;Variación en lo que va de año;2025M02;1,6
10 Comunitat Valenciana;07 Transporte;Variación en lo que va de año;2025M01;0,7
10 Comunitat Valenciana;08 Comunicaciones;Índice;2025M10;
10 Comunitat Valenciana;08 Comunicaciones;Índice;2025M09;101,671
10 Comunitat Valenciana;08 Comunicaciones;Índice;2025M08;101,756
10 Comunitat Valenciana;08 Comunicaciones;Índice;2025M07;101,625
10 Comunitat Valenciana;08 Comunicaciones;Índice;2025M06;103,494
10 Comunitat Valenciana;08 Comunicaciones;Índice;2025M05;103,474
10 Comunitat Valenciana;08 Comunicaciones;Índice;2025M04;103,696
10 Comunitat Valenciana;08 Comunicaciones;Índice;2025M03;103,5
10 Comunitat Valenciana;08 Comunicaciones;Índice;2025M02;103,58
10 Comunitat Valenciana;08 Comunicaciones;Índice;2025M01;102,895
10 Comunitat Valenciana;08 Comunicaciones;Variación mensual;2025M10;
10 Comunitat Valenciana;08 Comunicaciones;Variación mensual;2025M09;-0,1
10 Comunitat Valenciana;08 Comunicaciones;Variación mensual;2025M08;0,1
10 Comunitat Valenciana;08 Comunicaciones;Variación mensual;2025M07;-1,8
10 Comunitat Valenciana;08 Comunicaciones;Variación mensual;2025M06;0
10 Comunitat Valenciana;08 Comunicaciones;Variación mensual;2025M05;-0,2
10 Comunitat Valenciana;08 Comunicaciones;Variación mensual;2025M04;0,2
10 Comunitat Valenciana;08 Comunicaciones;Variación mensual;2025M03;-0,1
10 Comunitat Valenciana;08 Comunicaciones;Variación mensual;2025M02;0,7
10 Comunitat Valenciana;08 Comunicaciones;Variación mensual;2025M01;2,9
10 Comunitat Valenciana;08 Comunicaciones;Variación anual;2025M10;
10 Comunitat Valenciana;08 Comunicaciones;Variación anual;2025M09;0,6
10 Comunitat Valenciana;08 Comunicaciones;Variación anual;2025M08;0,6
10 Comunitat Valenciana;08 Comunicaciones;Variación anual;2025M07;0,4
10 Comunitat Valenciana;08 Comunicaciones;Variación anual;2025M06;1,7
10 Comunitat Valenciana;08 Comunicaciones;Variación anual;2025M05;1,7
10 Comunitat Valenciana;08 Comunicaciones;Variación anual;2025M04;1,8
10 Comunitat Valenciana;08 Comunicaciones;Variación anual;2025M03;1,7
10 Comunitat Valenciana;08 Comunicaciones;Variación anual;2025M02;1,7
10 Comunitat Valenciana;08 Comunicaciones;Variación anual;2025M01;0,9
10 Comunitat Valenciana;08 Comunicaciones;Variación en lo que va de año;2025M10;
10 Comunitat Valenciana;08 Comunicaciones;Variación en lo que va de año;2025M09;1,6
10 Comunitat Valenciana;08 Comunicaciones;Variación en lo que va de año;2025M08;1,7
10 Comunitat Valenciana;08 Comunicaciones;Variación en lo que va de año;2025M07;1,6
10 Comunitat Valenciana;08 Comunicaciones;Variación en lo que va de año;2025M06;3,5
10 Comunitat Valenciana;08 Comunicaciones;Variación en lo que va de año;2025M05;3,4
10 Comunitat Valenciana;08 Comunicaciones;Variación en lo que va de año;2025M04;3,7
10 Comunitat Valenciana;08 Comunicaciones;Variación en lo que va de año;2025M03;3,5
10 Comunitat Valenciana;08 Comunicaciones;Variación en lo que va de año;2025M02;3,6
10 Comunitat Valenciana;08 Comunicaciones;Variación en lo que va de año;2025M01;2,9
10 Comunitat Valenciana;09 Ocio y cultura;Índice;2025M10;
10 Comunitat Valenciana;09 Ocio y cultura;Índice;2025M09;109,591
10 Comunitat Valenciana;09 Ocio y cultura;Índice;2025M08;114,054
10 Comunitat Valenciana;09 Ocio y cultura;Índice;2025M07;112,906
10 Comunitat Valenciana;09 Ocio y cultura;Índice;2025M06;111,151
10 Comunitat Valenciana;09 Ocio y cultura;Índice;2025M05;108,932
10 Comunitat Valenciana;09 Ocio y cultura;Índice;2025M04;110,758
10 Comunitat Valenciana;09 Ocio y cultura;Índice;2025M03;107,912
10 Comunitat Valenciana;09 Ocio y cultura;Índice;2025M02;107,893
10 Comunitat Valenciana;09 Ocio y cultura;Índice;2025M01;107,675
10 Comunitat Valenciana;09 Ocio y cultura;Variación mensual;2025M10;
10 Comunitat Valenciana;09 Ocio y cultura;Variación mensual;2025M09;-3,9
10 Comunitat Valenciana;09 Ocio y cultura;Variación mensual;2025M08;1
10 Comunitat Valenciana;09 Ocio y cultura;Variación mensual;2025M07;1,6
10 Comunitat Valenciana;09 Ocio y cultura;Variación mensual;2025M06;2
10 Comunitat Valenciana;09 Ocio y cultura;Variación mensual;2025M05;-1,6
10 Comunitat Valenciana;09 Ocio y cultura;Variación mensual;2025M04;2,6
10 Comunitat Valenciana;09 Ocio y cultura;Variación mensual;2025M03;0
10 Comunitat Valenciana;09 Ocio y cultura;Variación mensual;2025M02;0,2
10 Comunitat Valenciana;09 Ocio y cultura;Variación mensual;2025M01;-2,6
10 Comunitat Valenciana;09 Ocio y cultura;Variación anual;2025M10;
10 Comunitat Valenciana;09 Ocio y cultura;Variación anual;2025M09;0,1
10 Comunitat Valenciana;09 Ocio y cultura;Variación anual;2025M08;0,6
10 Comunitat Valenciana;09 Ocio y cultura;Variación anual;2025M07;0,8
10 Comunitat Valenciana;09 Ocio y cultura;Variación anual;2025M06;0,7
10 Comunitat Valenciana;09 Ocio y cultura;Variación anual;2025M05;0,7
10 Comunitat Valenciana;09 Ocio y cultura;Variación anual;2025M04;3,1
10 Comunitat Valenciana;09 Ocio y cultura;Variación anual;2025M03;-0,4
10 Comunitat Valenciana;09 Ocio y cultura;Variación anual;2025M02;1,4
10 Comunitat Valenciana;09 Ocio y cultura;Variación anual;2025M01;2,5
10 Comunitat Valenciana;09 Ocio y cultura;Variación en lo que va de año;2025M10;
10 Comunitat Valenciana;09 Ocio y cultura;Variación en lo que va de año;2025M09;-0,8
10 Comunitat Valenciana;09 Ocio y cultura;Variación en lo que va de año;2025M08;3,2
10 Comunitat Valenciana;09 Ocio y cultura;Variación en lo que va de año;2025M07;2,2
10 Comunitat Valenciana;09 Ocio y cultura;Variación en lo que va de año;2025M06;0,6
10 Comunitat Valenciana;09 Ocio y cultura;Variación en lo que va de año;2025M05;-1,4
10 Comunitat Valenciana;09 Ocio y cultura;Variación en lo que va de año;2025M04;0,2
10 Comunitat Valenciana;09 Ocio y cultura;Variación en lo que va de año;2025M03;-2,4
10 Comunitat Valenciana;09 Ocio y cultura;Variación en lo que va de año;2025M02;-2,4
10 Comunitat Valenciana;09 Ocio y cultura;Variación en lo que va de año;2025M01;-2,6
10 Comunitat Valenciana;10 Enseñanza;Índice;2025M10;
10 Comunitat Valenciana;10 Enseñanza;Índice;2025M09;110,468
10 Comunitat Valenciana;10 Enseñanza;Índice;2025M08;108,832
10 Comunitat Valenciana;10 Enseñanza;Índice;2025M07;108,832
10 Comunitat Valenciana;10 Enseñanza;Índice;2025M06;108,325
10 Comunitat Valenciana;10 Enseñanza;Índice;2025M05;108,325
10 Comunitat Valenciana;10 Enseñanza;Índice;2025M04;108,301
10 Comunitat Valenciana;10 Enseñanza;Índice;2025M03;108,301
10 Comunitat Valenciana;10 Enseñanza;Índice;2025M02;108,268
10 Comunitat Valenciana;10 Enseñanza;Índice;2025M01;107,977
10 Comunitat Valenciana;10 Enseñanza;Variación mensual;2025M10;
10 Comunitat Valenciana;10 Enseñanza;Variación mensual;2025M09;1,5
10 Comunitat Valenciana;10 Enseñanza;Variación mensual;2025M08;0
10 Comunitat Valenciana;10 Enseñanza;Variación mensual;2025M07;0,5
10 Comunitat Valenciana;10 Enseñanza;Variación mensual;2025M06;0
10 Comunitat Valenciana;10 Enseñanza;Variación mensual;2025M05;0
10 Comunitat Valenciana;10 Enseñanza;Variación mensual;2025M04;0
10 Comunitat Valenciana;10 Enseñanza;Variación mensual;2025M03;0
10 Comunitat Valenciana;10 Enseñanza;Variación mensual;2025M02;0,3
10 Comunitat Valenciana;10 Enseñanza;Variación mensual;2025M01;0
10 Comunitat Valenciana;10 Enseñanza;Variación anual;2025M10;
10 Comunitat Valenciana;10 Enseñanza;Variación anual;2025M09;4,2
10 Comunitat Valenciana;10 Enseñanza;Variación anual;2025M08;4,1
10 Comunitat Valenciana;10 Enseñanza;Variación anual;2025M07;4,1
10 Comunitat Valenciana;10 Enseñanza;Variación anual;2025M06;3,6
10 Comunitat Valenciana;10 Enseñanza;Variación anual;2025M05;3,6
10 Comunitat Valenciana;10 Enseñanza;Variación anual;2025M04;3,6
10 Comunitat Valenciana;10 Enseñanza;Variación anual;2025M03;3,6
10 Comunitat Valenciana;10 Enseñanza;Variación anual;2025M02;3,5
10 Comunitat Valenciana;10 Enseñanza;Variación anual;2025M01;3,4
10 Comunitat Valenciana;10 Enseñanza;Variación en lo que va de año;2025M10;
10 Comunitat Valenciana;10 Enseñanza;Variación en lo que va de año;2025M09;2,3
10 Comunitat Valenciana;10 Enseñanza;Variación en lo que va de año;2025M08;0,8
10 Comunitat Valenciana;10 Enseñanza;Variación en lo que va de año;2025M07;0,8
10 Comunitat Valenciana;10 Enseñanza;Variación en lo que va de año;2025M06;0,3
10 Comunitat Valenciana;10 Enseñanza;Variación en lo que va de año;2025M05;0,3
10 Comunitat Valenciana;10 Enseñanza;Variación en lo que va de año;2025M04;0,3
10 Comunitat Valenciana;10 Enseñanza;Variación en lo que va de año;2025M03;0,3
10 Comunitat Valenciana;10 Enseñanza;Variación en lo que va de año;2025M02;0,3
10 Comunitat Valenciana;10 Enseñanza;Variación en lo que va de año;2025M01;0
10 Comunitat Valenciana;11 Restaurantes y hoteles;Índice;2025M10;
10 Comunitat Valenciana;11 Restaurantes y hoteles;Índice;2025M09;128,212
10 Comunitat Valenciana;11 Restaurantes y hoteles;Índice;2025M08;128,704
10 Comunitat Valenciana;11 Restaurantes y hoteles;Índice;2025M07;128,014
10 Comunitat Valenciana;11 Restaurantes y hoteles;Índice;2025M06;126,871
10 Comunitat Valenciana;11 Restaurantes y hoteles;Índice;2025M05;125,16
10 Comunitat Valenciana;11 Restaurantes y hoteles;Índice;2025M04;124,735
10 Comunitat Valenciana;11 Restaurantes y hoteles;Índice;2025M03;123,43
10 Comunitat Valenciana;11 Restaurantes y hoteles;Índice;2025M02;122,346
10 Comunitat Valenciana;11 Restaurantes y hoteles;Índice;2025M01;121,297
10 Comunitat Valenciana;11 Restaurantes y hoteles;Variación mensual;2025M10;
10 Comunitat Valenciana;11 Restaurantes y hoteles;Variación mensual;2025M09;-0,4
10 Comunitat Valenciana;11 Restaurantes y hoteles;Variación mensual;2025M08;0,5
10 Comunitat Valenciana;11 Restaurantes y hoteles;Variación mensual;2025M07;0,9
10 Comunitat Valenciana;11 Restaurantes y hoteles;Variación mensual;2025M06;1,4
10 Comunitat Valenciana;11 Restaurantes y hoteles;Variación mensual;2025M05;0,3
10 Comunitat Valenciana;11 Restaurantes y hoteles;Variación mensual;2025M04;1,1
10 Comunitat Valenciana;11 Restaurantes y hoteles;Variación mensual;2025M03;0,9
10 Comunitat Valenciana;11 Restaurantes y hoteles;Variación mensual;2025M02;0,9
10 Comunitat Valenciana;11 Restaurantes y hoteles;Variación mensual;2025M01;0
10 Comunitat Valenciana;11 Restaurantes y hoteles;Variación anual;2025M10;
10 Comunitat Valenciana;11 Restaurantes y hoteles;Variación anual;2025M09;4,8
10 Comunitat Valenciana;11 Restaurantes y hoteles;Variación anual;2025M08;4,8
10 Comunitat Valenciana;11 Restaurantes y hoteles;Variación anual;2025M07;4,5
10 Comunitat Valenciana;11 Restaurantes y hoteles;Variación anual;2025M06;4,7
10 Comunitat Valenciana;11 Restaurantes y hoteles;Variación anual;2025M05;4,6
10 Comunitat Valenciana;11 Restaurantes y hoteles;Variación anual;2025M04;4,9
10 Comunitat Valenciana;11 Restaurantes y hoteles;Variación anual;2025M03;4,5
10 Comunitat Valenciana;11 Restaurantes y hoteles;Variación anual;2025M02;4,5
10 Comunitat Valenciana;11 Restaurantes y hoteles;Variación anual;2025M01;4,2
10 Comunitat Valenciana;11 Restaurantes y hoteles;Variación en lo que va de año;2025M10;
10 Comunitat Valenciana;11 Restaurantes y hoteles;Variación en lo que va de año;2025M09;5,7
10 Comunitat Valenciana;11 Restaurantes y hoteles;Variación en lo que va de año;2025M08;6,2
10 Comunitat Valenciana;11 Restaurantes y hoteles;Variación en lo que va de año;2025M07;5,6
10 Comunitat Valenciana;11 Restaurantes y hoteles;Variación en lo que va de año;2025M06;4,6
10 Comunitat Valenciana;11 Restaurantes y hoteles;Variación en lo que va de año;2025M05;3,2
10 Comunitat Valenciana;11 Restaurantes y hoteles;Variación en lo que va de año;2025M04;2,9
10 Comunitat Valenciana;11 Restaurantes y hoteles;Variación en lo que va de año;2025M03;1,8
10 Comunitat Valenciana;11 Restaurantes y hoteles;Variación en lo que va de año;2025M02;0,9
10 Comunitat Valenciana;11 Restaurantes y hoteles;Variación en lo que va de año;2025M01;0
10 Comunitat Valenciana;12 Otros bienes y servicios;Índice;2025M10;
10 Comunitat Valenciana;12 Otros bienes y servicios;Índice;2025M09;116,448
10 Comunitat Valenciana;12 Otros bienes y servicios;Índice;2025M08;116,466
10 Comunitat Valenciana;12 Otros bienes y servicios;Índice;2025M07;116,131
10 Comunitat Valenciana;12 Otros bienes y servicios;Índice;2025M06;116,561
10 Comunitat Valenciana;12 Otros bienes y servicios;Índice;2025M05;115,593
10 Comunitat Valenciana;12 Otros bienes y servicios;Índice;2025M04;115,267
10 Comunitat Valenciana;12 Otros bienes y servicios;Índice;2025M03;115,266
10 Comunitat Valenciana;12 Otros bienes y servicios;Índice;2025M02;114,565
10 Comunitat Valenciana;12 Otros bienes y servicios;Índice;2025M01;114,092
10 Comunitat Valenciana;12 Otros bienes y servicios;Variación mensual;2025M10;
10 Comunitat Valenciana;12 Otros bienes y servicios;Variación mensual;2025M09;0
10 Comunitat Valenciana;12 Otros bienes y servicios;Variación mensual;2025M08;0,3
10 Comunitat Valenciana;12 Otros bienes y servicios;Variación mensual;2025M07;-0,4
10 Comunitat Valenciana;12 Otros bienes y servicios;Variación mensual;2025M06;0,8
10 Comunitat Valenciana;12 Otros bienes y servicios;Variación mensual;2025M05;0,3
10 Comunitat Valenciana;12 Otros bienes y servicios;Variación mensual;2025M04;0
10 Comunitat Valenciana;12 Otros bienes y servicios;Variación mensual;2025M03;0,6
10 Comunitat Valenciana;12 Otros bienes y servicios;Variación mensual;2025M02;0,4
10 Comunitat Valenciana;12 Otros bienes y servicios;Variación mensual;2025M01;0,4
10 Comunitat Valenciana;12 Otros bienes y servicios;Variación anual;2025M10;
10 Comunitat Valenciana;12 Otros bienes y servicios;Variación anual;2025M09;3,5
10 Comunitat Valenciana;12 Otros bienes y servicios;Variación anual;2025M08;3,3
10 Comunitat Valenciana;12 Otros bienes y servicios;Variación anual;2025M07;3,3
10 Comunitat Valenciana;12 Otros bienes y servicios;Variación anual;2025M06;3,2
10 Comunitat Valenciana;12 Otros bienes y servicios;Variación anual;2025M05;3,5
10 Comunitat Valenciana;12 Otros bienes y servicios;Variación anual;2025M04;3,4
10 Comunitat Valenciana;12 Otros bienes y servicios;Variación anual;2025M03;3,6
10 Comunitat Valenciana;12 Otros bienes y servicios;Variación anual;2025M02;3,2
10 Comunitat Valenciana;12 Otros bienes y servicios;Variación anual;2025M01;3,6
10 Comunitat Valenciana;12 Otros bienes y servicios;Variación en lo que va de año;2025M10;
10 Comunitat Valenciana;12 Otros bienes y servicios;Variación en lo que va de año;2025M09;2,4
10 Comunitat Valenciana;12 Otros bienes y servicios;Variación en lo que va de año;2025M08;2,4
10 Comunitat Valenciana;12 Otros bienes y servicios;Variación en lo que va de año;2025M07;2,1
10 Comunitat Valenciana;12 Otros bienes y servicios;Variación en lo que va de año;2025M06;2,5
10 Comunitat Valenciana;12 Otros bienes y servicios;Variación en lo que va de año;2025M05;1,7
10 Comunitat Valenciana;12 Otros bienes y servicios;Variación en lo que va de año;2025M04;1,4
10 Comunitat Valenciana;12 Otros bienes y servicios;Variación en lo que va de año;2025M03;1,4
10 Comunitat Valenciana;12 Otros bienes y servicios;Variación en lo que va de año;2025M02;0,8
10 Comunitat Valenciana;12 Otros bienes y servicios;Variación en lo que va de año;2025M01;0,4
11 Extremadura;01 Alimentos y bebidas no alcohólicas;Índice;2025M10;
11 Extremadura;01 Alimentos y bebidas no alcohólicas;Índice;2025M09;133,528
11 Extremadura;01 Alimentos y bebidas no alcohólicas;Índice;2025M08;133,823
11 Extremadura;01 Alimentos y bebidas no alcohólicas;Índice;2025M07;135,405
11 Extremadura;01 Alimentos y bebidas no alcohólicas;Índice;2025M06;136,26
11 Extremadura;01 Alimentos y bebidas no alcohólicas;Índice;2025M05;135,787
11 Extremadura;01 Alimentos y bebidas no alcohólicas;Índice;2025M04;134,64
11 Extremadura;01 Alimentos y bebidas no alcohólicas;Índice;2025M03;133,699
11 Extremadura;01 Alimentos y bebidas no alcohólicas;Índice;2025M02;133,268
11 Extremadura;01 Alimentos y bebidas no alcohólicas;Índice;2025M01;132,351
11 Extremadura;01 Alimentos y bebidas no alcohólicas;Variación mensual;2025M10;
11 Extremadura;01 Alimentos y bebidas no alcohólicas;Variación mensual;2025M09;-0,2
11 Extremadura;01 Alimentos y bebidas no alcohólicas;Variación mensual;2025M08;-1,2
11 Extremadura;01 Alimentos y bebidas no alcohólicas;Variación mensual;2025M07;-0,6
11 Extremadura;01 Alimentos y bebidas no alcohólicas;Variación mensual;2025M06;0,3
11 Extremadura;01 Alimentos y bebidas no alcohólicas;Variación mensual;2025M05;0,9
11 Extremadura;01 Alimentos y bebidas no alcohólicas;Variación mensual;2025M04;0,7
11 Extremadura;01 Alimentos y bebidas no alcohólicas;Variación mensual;2025M03;0,3
11 Extremadura;01 Alimentos y bebidas no alcohólicas;Variación mensual;2025M02;0,7
11 Extremadura;01 Alimentos y bebidas no alcohólicas;Variación mensual;2025M01;0,2
11 Extremadura;01 Alimentos y bebidas no alcohólicas;Variación anual;2025M10;
11 Extremadura;01 Alimentos y bebidas no alcohólicas;Variación anual;2025M09;2
11 Extremadura;01 Alimentos y bebidas no alcohólicas;Variación anual;2025M08;2
11 Extremadura;01 Alimentos y bebidas no alcohólicas;Variación anual;2025M07;2,9
11 Extremadura;01 Alimentos y bebidas no alcohólicas;Variación anual;2025M06;2,9
11 Extremadura;01 Alimentos y bebidas no alcohólicas;Variación anual;2025M05;2,6
11 Extremadura;01 Alimentos y bebidas no alcohólicas;Variación anual;2025M04;1,9
11 Extremadura;01 Alimentos y bebidas no alcohólicas;Variación anual;2025M03;2
11 Extremadura;01 Alimentos y bebidas no alcohólicas;Variación anual;2025M02;1,6
11 Extremadura;01 Alimentos y bebidas no alcohólicas;Variación anual;2025M01;1
11 Extremadura;01 Alimentos y bebidas no alcohólicas;Variación en lo que va de año;2025M10;
11 Extremadura;01 Alimentos y bebidas no alcohólicas;Variación en lo que va de año;2025M09;1,1
11 Extremadura;01 Alimentos y bebidas no alcohólicas;Variación en lo que va de año;2025M08;1,3
11 Extremadura;01 Alimentos y bebidas no alcohólicas;Variación en lo que va de año;2025M07;2,5
11 Extremadura;01 Alimentos y bebidas no alcohólicas;Variación en lo que va de año;2025M06;3,1
11 Extremadura;01 Alimentos y bebidas no alcohólicas;Variación en lo que va de año;2025M05;2,8
11 Extremadura;01 Alimentos y bebidas no alcohólicas;Variación en lo que va de año;2025M04;1,9
11 Extremadura;01 Alimentos y bebidas no alcohólicas;Variación en lo que va de año;2025M03;1,2
11 Extremadura;01 Alimentos y bebidas no alcohólicas;Variación en lo que va de año;2025M02;0,9
11 Extremadura;01 Alimentos y bebidas no alcohólicas;Variación en lo que va de año;2025M01;0,2
11 Extremadura;02 Bebidas alcohólicas y tabaco;Índice;2025M10;
11 Extremadura;02 Bebidas alcohólicas y tabaco;Índice;2025M09;122,03
11 Extremadura;02 Bebidas alcohólicas y tabaco;Índice;2025M08;121,932
11 Extremadura;02 Bebidas alcohólicas y tabaco;Índice;2025M07;122,044
11 Extremadura;02 Bebidas alcohólicas y tabaco;Índice;2025M06;122,461
11 Extremadura;02 Bebidas alcohólicas y tabaco;Índice;2025M05;120,865
11 Extremadura;02 Bebidas alcohólicas y tabaco;Índice;2025M04;120,163
11 Extremadura;02 Bebidas alcohólicas y tabaco;Índice;2025M03;119,776
11 Extremadura;02 Bebidas alcohólicas y tabaco;Índice;2025M02;119,849
11 Extremadura;02 Bebidas alcohólicas y tabaco;Índice;2025M01;120,183
11 Extremadura;02 Bebidas alcohólicas y tabaco;Variación mensual;2025M10;
11 Extremadura;02 Bebidas alcohólicas y tabaco;Variación mensual;2025M09;0,1
11 Extremadura;02 Bebidas alcohólicas y tabaco;Variación mensual;2025M08;-0,1
11 Extremadura;02 Bebidas alcohólicas y tabaco;Variación mensual;2025M07;-0,3
11 Extremadura;02 Bebidas alcohólicas y tabaco;Variación mensual;2025M06;1,3
11 Extremadura;02 Bebidas alcohólicas y tabaco;Variación mensual;2025M05;0,6
11 Extremadura;02 Bebidas alcohólicas y tabaco;Variación mensual;2025M04;0,3
11 Extremadura;02 Bebidas alcohólicas y tabaco;Variación mensual;2025M03;-0,1
11 Extremadura;02 Bebidas alcohólicas y tabaco;Variación mensual;2025M02;-0,3
11 Extremadura;02 Bebidas alcohólicas y tabaco;Variación mensual;2025M01;1,6
11 Extremadura;02 Bebidas alcohólicas y tabaco;Variación anual;2025M10;
11 Extremadura;02 Bebidas alcohólicas y tabaco;Variación anual;2025M09;4,5
11 Extremadura;02 Bebidas alcohólicas y tabaco;Variación anual;2025M08;4,1
11 Extremadura;02 Bebidas alcohólicas y tabaco;Variación anual;2025M07;4
11 Extremadura;02 Bebidas alcohólicas y tabaco;Variación anual;2025M06;4,3
11 Extremadura;02 Bebidas alcohólicas y tabaco;Variación anual;2025M05;2,9
11 Extremadura;02 Bebidas alcohólicas y tabaco;Variación anual;2025M04;2,3
11 Extremadura;02 Bebidas alcohólicas y tabaco;Variación anual;2025M03;2,7
11 Extremadura;02 Bebidas alcohólicas y tabaco;Variación anual;2025M02;2,8
11 Extremadura;02 Bebidas alcohólicas y tabaco;Variación anual;2025M01;4,7
11 Extremadura;02 Bebidas alcohólicas y tabaco;Variación en lo que va de año;2025M10;
11 Extremadura;02 Bebidas alcohólicas y tabaco;Variación en lo que va de año;2025M09;3,1
11 Extremadura;02 Bebidas alcohólicas y tabaco;Variación en lo que va de año;2025M08;3
11 Extremadura;02 Bebidas alcohólicas y tabaco;Variación en lo que va de año;2025M07;3,1
11 Extremadura;02 Bebidas alcohólicas y tabaco;Variación en lo que va de año;2025M06;3,5
11 Extremadura;02 Bebidas alcohólicas y tabaco;Variación en lo que va de año;2025M05;2,1
11 Extremadura;02 Bebidas alcohólicas y tabaco;Variación en lo que va de año;2025M04;1,5
11 Extremadura;02 Bebidas alcohólicas y tabaco;Variación en lo que va de año;2025M03;1,2
11 Extremadura;02 Bebidas alcohólicas y tabaco;Variación en lo que va de año;2025M02;1,3
11 Extremadura;02 Bebidas alcohólicas y tabaco;Variación en lo que va de año;2025M01;1,6
11 Extremadura;03 Vestido y calzado;Índice;2025M10;
11 Extremadura;03 Vestido y calzado;Índice;2025M09;93,184
11 Extremadura;03 Vestido y calzado;Índice;2025M08;92,634
11 Extremadura;03 Vestido y calzado;Índice;2025M07;95,497
11 Extremadura;03 Vestido y calzado;Índice;2025M06;102,274
11 Extremadura;03 Vestido y calzado;Índice;2025M05;103,685
11 Extremadura;03 Vestido y calzado;Índice;2025M04;102,942
11 Extremadura;03 Vestido y calzado;Índice;2025M03;93,338
11 Extremadura;03 Vestido y calzado;Índice;2025M02;91,159
11 Extremadura;03 Vestido y calzado;Índice;2025M01;93,983
11 Extremadura;03 Vestido y calzado;Variación mensual;2025M10;
11 Extremadura;03 Vestido y calzado;Variación mensual;2025M09;0,6
11 Extremadura;03 Vestido y calzado;Variación mensual;2025M08;-3
11 Extremadura;03 Vestido y calzado;Variación mensual;2025M07;-6,6
11 Extremadura;03 Vestido y calzado;Variación mensual;2025M06;-1,4
11 Extremadura;03 Vestido y calzado;Variación mensual;2025M05;0,7
11 Extremadura;03 Vestido y calzado;Variación mensual;2025M04;10,3
11 Extremadura;03 Vestido y calzado;Variación mensual;2025M03;2,4
11 Extremadura;03 Vestido y calzado;Variación mensual;2025M02;-3
11 Extremadura;03 Vestido y calzado;Variación mensual;2025M01;-11
11 Extremadura;03 Vestido y calzado;Variación anual;2025M10;
11 Extremadura;03 Vestido y calzado;Variación anual;2025M09;1
11 Extremadura;03 Vestido y calzado;Variación anual;2025M08;0,8
11 Extremadura;03 Vestido y calzado;Variación anual;2025M07;2,8
11 Extremadura;03 Vestido y calzado;Variación anual;2025M06;-1,1
11 Extremadura;03 Vestido y calzado;Variación anual;2025M05;-1,4
11 Extremadura;03 Vestido y calzado;Variación anual;2025M04;-1,5
11 Extremadura;03 Vestido y calzado;Variación anual;2025M03;0
11 Extremadura;03 Vestido y calzado;Variación anual;2025M02;-1,3
11 Extremadura;03 Vestido y calzado;Variación anual;2025M01;0,6
11 Extremadura;03 Vestido y calzado;Variación en lo que va de año;2025M10;
11 Extremadura;03 Vestido y calzado;Variación en lo que va de año;2025M09;-11,7
11 Extremadura;03 Vestido y calzado;Variación en lo que va de año;2025M08;-12,3
11 Extremadura;03 Vestido y calzado;Variación en lo que va de año;2025M07;-9,5
11 Extremadura;03 Vestido y calzado;Variación en lo que va de año;2025M06;-3,1
11 Extremadura;03 Vestido y calzado;Variación en lo que va de año;2025M05;-1,8
11 Extremadura;03 Vestido y calzado;Variación en lo que va de año;2025M04;-2,5
11 Extremadura;03 Vestido y calzado;Variación en lo que va de año;2025M03;-11,6
11 Extremadura;03 Vestido y calzado;Variación en lo que va de año;2025M02;-13,6
11 Extremadura;03 Vestido y calzado;Variación en lo que va de año;2025M01;-11
11 Extremadura;04 Vivienda, agua, electricidad, gas y otros combustibles;Índice;2025M10;
11 Extremadura;04 Vivienda, agua, electricidad, gas y otros combustibles;Índice;2025M09;115,863
11 Extremadura;04 Vivienda, agua, electricidad, gas y otros combustibles;Índice;2025M08;115,942
11 Extremadura;04 Vivienda, agua, electricidad, gas y otros combustibles;Índice;2025M07;116,084
11 Extremadura;04 Vivienda, agua, electricidad, gas y otros combustibles;Índice;2025M06;115,648
11 Extremadura;04 Vivienda, agua, electricidad, gas y otros combustibles;Índice;2025M05;114,042
11 Extremadura;04 Vivienda, agua, electricidad, gas y otros combustibles;Índice;2025M04;113,56
11 Extremadura;04 Vivienda, agua, electricidad, gas y otros combustibles;Índice;2025M03;111,096
11 Extremadura;04 Vivienda, agua, electricidad, gas y otros combustibles;Índice;2025M02;113,507
11 Extremadura;04 Vivienda, agua, electricidad, gas y otros combustibles;Índice;2025M01;113,109
11 Extremadura;04 Vivienda, agua, electricidad, gas y otros combustibles;Variación mensual;2025M10;
11 Extremadura;04 Vivienda, agua, electricidad, gas y otros combustibles;Variación mensual;2025M09;-0,1
11 Extremadura;04 Vivienda, agua, electricidad, gas y otros combustibles;Variación mensual;2025M08;-0,1
11 Extremadura;04 Vivienda, agua, electricidad, gas y otros combustibles;Variación mensual;2025M07;0,4
11 Extremadura;04 Vivienda, agua, electricidad, gas y otros combustibles;Variación mensual;2025M06;1,4
11 Extremadura;04 Vivienda, agua, electricidad, gas y otros combustibles;Variación mensual;2025M05;0,4
11 Extremadura;04 Vivienda, agua, electricidad, gas y otros combustibles;Variación mensual;2025M04;2,2
11 Extremadura;04 Vivienda, agua, electricidad, gas y otros combustibles;Variación mensual;2025M03;-2,1
11 Extremadura;04 Vivienda, agua, electricidad, gas y otros combustibles;Variación mensual;2025M02;0,4
11 Extremadura;04 Vivienda, agua, electricidad, gas y otros combustibles;Variación mensual;2025M01;4,4
11 Extremadura;04 Vivienda, agua, electricidad, gas y otros combustibles;Variación anual;2025M10;
11 Extremadura;04 Vivienda, agua, electricidad, gas y otros combustibles;Variación anual;2025M09;10,8
11 Extremadura;04 Vivienda, agua, electricidad, gas y otros combustibles;Variación anual;2025M08;10
11 Extremadura;04 Vivienda, agua, electricidad, gas y otros combustibles;Variación anual;2025M07;12,1
11 Extremadura;04 Vivienda, agua, electricidad, gas y otros combustibles;Variación anual;2025M06;8,8
11 Extremadura;04 Vivienda, agua, electricidad, gas y otros combustibles;Variación anual;2025M05;8,6
11 Extremadura;04 Vivienda, agua, electricidad, gas y otros combustibles;Variación anual;2025M04;9,2
11 Extremadura;04 Vivienda, agua, electricidad, gas y otros combustibles;Variación anual;2025M03;7,1
11 Extremadura;04 Vivienda, agua, electricidad, gas y otros combustibles;Variación anual;2025M02;12,4
11 Extremadura;04 Vivienda, agua, electricidad, gas y otros combustibles;Variación anual;2025M01;10
11 Extremadura;04 Vivienda, agua, electricidad, gas y otros combustibles;Variación en lo que va de año;2025M10;
11 Extremadura;04 Vivienda, agua, electricidad, gas y otros combustibles;Variación en lo que va de año;2025M09;7
11 Extremadura;04 Vivienda, agua, electricidad, gas y otros combustibles;Variación en lo que va de año;2025M08;7,1
11 Extremadura;04 Vivienda, agua, electricidad, gas y otros combustibles;Variación en lo que va de año;2025M07;7,2
11 Extremadura;04 Vivienda, agua, electricidad, gas y otros combustibles;Variación en lo que va de año;2025M06;6,8
11 Extremadura;04 Vivienda, agua, electricidad, gas y otros combustibles;Variación en lo que va de año;2025M05;5,3
11 Extremadura;04 Vivienda, agua, electricidad, gas y otros combustibles;Variación en lo que va de año;2025M04;4,9
11 Extremadura;04 Vivienda, agua, electricidad, gas y otros combustibles;Variación en lo que va de año;2025M03;2,6
11 Extremadura;04 Vivienda, agua, electricidad, gas y otros combustibles;Variación en lo que va de año;2025M02;4,8
11 Extremadura;04 Vivienda, agua, electricidad, gas y otros combustibles;Variación en lo que va de año;2025M01;4,4
11 Extremadura;05 Muebles, artículos del hogar y artículos para el mantenimiento corriente del hogar;Índice;2025M10;
11 Extremadura;05 Muebles, artículos del hogar y artículos para el mantenimiento corriente del hogar;Índice;2025M09;109,921
11 Extremadura;05 Muebles, artículos del hogar y artículos para el mantenimiento corriente del hogar;Índice;2025M08;110,003
11 Extremadura;05 Muebles, artículos del hogar y artículos para el mantenimiento corriente del hogar;Índice;2025M07;109,837
11 Extremadura;05 Muebles, artículos del hogar y artículos para el mantenimiento corriente del hogar;Índice;2025M06;110,037
11 Extremadura;05 Muebles, artículos del hogar y artículos para el mantenimiento corriente del hogar;Índice;2025M05;109,935
11 Extremadura;05 Muebles, artículos del hogar y artículos para el mantenimiento corriente del hogar;Índice;2025M04;109,754
11 Extremadura;05 Muebles, artículos del hogar y artículos para el mantenimiento corriente del hogar;Índice;2025M03;109,491
11 Extremadura;05 Muebles, artículos del hogar y artículos para el mantenimiento corriente del hogar;Índice;2025M02;109,072
11 Extremadura;05 Muebles, artículos del hogar y artículos para el mantenimiento corriente del hogar;Índice;2025M01;109,237
11 Extremadura;05 Muebles, artículos del hogar y artículos para el mantenimiento corriente del hogar;Variación mensual;2025M10;
11 Extremadura;05 Muebles, artículos del hogar y artículos para el mantenimiento corriente del hogar;Variación mensual;2025M09;-0,1
11 Extremadura;05 Muebles, artículos del hogar y artículos para el mantenimiento corriente del hogar;Variación mensual;2025M08;0,2
11 Extremadura;05 Muebles, artículos del hogar y artículos para el mantenimiento corriente del hogar;Variación mensual;2025M07;-0,2
11 Extremadura;05 Muebles, artículos del hogar y artículos para el mantenimiento corriente del hogar;Variación mensual;2025M06;0,1
11 Extremadura;05 Muebles, artículos del hogar y artículos para el mantenimiento corriente del hogar;Variación mensual;2025M05;0,2
11 Extremadura;05 Muebles, artículos del hogar y artículos para el mantenimiento corriente del hogar;Variación mensual;2025M04;0,2
11 Extremadura;05 Muebles, artículos del hogar y artículos para el mantenimiento corriente del hogar;Variación mensual;2025M03;0,4
11 Extremadura;05 Muebles, artículos del hogar y artículos para el mantenimiento corriente del hogar;Variación mensual;2025M02;-0,2
11 Extremadura;05 Muebles, artículos del hogar y artículos para el mantenimiento corriente del hogar;Variación mensual;2025M01;-0,5
11 Extremadura;05 Muebles, artículos del hogar y artículos para el mantenimiento corriente del hogar;Variación anual;2025M10;
11 Extremadura;05 Muebles, artículos del hogar y artículos para el mantenimiento corriente del hogar;Variación anual;2025M09;0,7
11 Extremadura;05 Muebles, artículos del hogar y artículos para el mantenimiento corriente del hogar;Variación anual;2025M08;0,8
11 Extremadura;05 Muebles, artículos del hogar y artículos para el mantenimiento corriente del hogar;Variación anual;2025M07;0,9
11 Extremadura;05 Muebles, artículos del hogar y artículos para el mantenimiento corriente del hogar;Variación anual;2025M06;0,6
11 Extremadura;05 Muebles, artículos del hogar y artículos para el mantenimiento corriente del hogar;Variación anual;2025M05;0,7
11 Extremadura;05 Muebles, artículos del hogar y artículos para el mantenimiento corriente del hogar;Variación anual;2025M04;0,7
11 Extremadura;05 Muebles, artículos del hogar y artículos para el mantenimiento corriente del hogar;Variación anual;2025M03;0,4
11 Extremadura;05 Muebles, artículos del hogar y artículos para el mantenimiento corriente del hogar;Variación anual;2025M02;0
11 Extremadura;05 Muebles, artículos del hogar y artículos para el mantenimiento corriente del hogar;Variación anual;2025M01;-0,1
11 Extremadura;05 Muebles, artículos del hogar y artículos para el mantenimiento corriente del hogar;Variación en lo que va de año;2025M10;
11 Extremadura;05 Muebles, artículos del hogar y artículos para el mantenimiento corriente del hogar;Variación en lo que va de año;2025M09;0,1
11 Extremadura;05 Muebles, artículos del hogar y artículos para el mantenimiento corriente del hogar;Variación en lo que va de año;2025M08;0,2
11 Extremadura;05 Muebles, artículos del hogar y artículos para el mantenimiento corriente del hogar;Variación en lo que va de año;2025M07;0
11 Extremadura;05 Muebles, artículos del hogar y artículos para el mantenimiento corriente del hogar;Variación en lo que va de año;2025M06;0,2
11 Extremadura;05 Muebles, artículos del hogar y artículos para el mantenimiento corriente del hogar;Variación en lo que va de año;2025M05;0,1
11 Extremadura;05 Muebles, artículos del hogar y artículos para el mantenimiento corriente del hogar;Variación en lo que va de año;2025M04;0
11 Extremadura;05 Muebles, artículos del hogar y artículos para el mantenimiento corriente del hogar;Variación en lo que va de año;2025M03;-0,3
11 Extremadura;05 Muebles, artículos del hogar y artículos para el mantenimiento corriente del hogar;Variación en lo que va de año;2025M02;-0,7
11 Extremadura;05 Muebles, artículos del hogar y artículos para el mantenimiento corriente del hogar;Variación en lo que va de año;2025M01;-0,5
11 Extremadura;06 Sanidad;Índice;2025M10;
11 Extremadura;06 Sanidad;Índice;2025M09;103,855
11 Extremadura;06 Sanidad;Índice;2025M08;103,833
11 Extremadura;06 Sanidad;Índice;2025M07;104,069
11 Extremadura;06 Sanidad;Índice;2025M06;103,882
11 Extremadura;06 Sanidad;Índice;2025M05;103,585
11 Extremadura;06 Sanidad;Índice;2025M04;103,557
11 Extremadura;06 Sanidad;Índice;2025M03;102,835
11 Extremadura;06 Sanidad;Índice;2025M02;102,543
11 Extremadura;06 Sanidad;Índice;2025M01;102,977
11 Extremadura;06 Sanidad;Variación mensual;2025M10;
11 Extremadura;06 Sanidad;Variación mensual;2025M09;0
11 Extremadura;06 Sanidad;Variación mensual;2025M08;-0,2
11 Extremadura;06 Sanidad;Variación mensual;2025M07;0,2
11 Extremadura;06 Sanidad;Variación mensual;2025M06;0,3
11 Extremadura;06 Sanidad;Variación mensual;2025M05;0
11 Extremadura;06 Sanidad;Variación mensual;2025M04;0,7
11 Extremadura;06 Sanidad;Variación mensual;2025M03;0,3
11 Extremadura;06 Sanidad;Variación mensual;2025M02;-0,4
11 Extremadura;06 Sanidad;Variación mensual;2025M01;0,3
11 Extremadura;06 Sanidad;Variación anual;2025M10;
11 Extremadura;06 Sanidad;Variación anual;2025M09;1,5
11 Extremadura;06 Sanidad;Variación anual;2025M08;1,8
11 Extremadura;06 Sanidad;Variación anual;2025M07;1,9
11 Extremadura;06 Sanidad;Variación anual;2025M06;1,9
11 Extremadura;06 Sanidad;Variación anual;2025M05;2,4
11 Extremadura;06 Sanidad;Variación anual;2025M04;2,6
11 Extremadura;06 Sanidad;Variación anual;2025M03;1,9
11 Extremadura;06 Sanidad;Variación anual;2025M02;1,3
11 Extremadura;06 Sanidad;Variación anual;2025M01;2
11 Extremadura;06 Sanidad;Variación en lo que va de año;2025M10;
11 Extremadura;06 Sanidad;Variación en lo que va de año;2025M09;1,2
11 Extremadura;06 Sanidad;Variación en lo que va de año;2025M08;1,1
11 Extremadura;06 Sanidad;Variación en lo que va de año;2025M07;1,4
11 Extremadura;06 Sanidad;Variación en lo que va de año;2025M06;1,2
11 Extremadura;06 Sanidad;Variación en lo que va de año;2025M05;0,9
11 Extremadura;06 Sanidad;Variación en lo que va de año;2025M04;0,9
11 Extremadura;06 Sanidad;Variación en lo que va de año;2025M03;0,2
11 Extremadura;06 Sanidad;Variación en lo que va de año;2025M02;-0,1
11 Extremadura;06 Sanidad;Variación en lo que va de año;2025M01;0,3
11 Extremadura;07 Transporte;Índice;2025M10;
11 Extremadura;07 Transporte;Índice;2025M09;112,495
11 Extremadura;07 Transporte;Índice;2025M08;112,879
11 Extremadura;07 Transporte;Índice;2025M07;113,151
11 Extremadura;07 Transporte;Índice;2025M06;112,34
11 Extremadura;07 Transporte;Índice;2025M05;111,697
11 Extremadura;07 Transporte;Índice;2025M04;112,528
11 Extremadura;07 Transporte;Índice;2025M03;113,229
11 Extremadura;07 Transporte;Índice;2025M02;113,976
11 Extremadura;07 Transporte;Índice;2025M01;113,722
11 Extremadura;07 Transporte;Variación mensual;2025M10;
11 Extremadura;07 Transporte;Variación mensual;2025M09;-0,3
11 Extremadura;07 Transporte;Variación mensual;2025M08;-0,2
11 Extremadura;07 Transporte;Variación mensual;2025M07;0,7
11 Extremadura;07 Transporte;Variación mensual;2025M06;0,6
11 Extremadura;07 Transporte;Variación mensual;2025M05;-0,7
11 Extremadura;07 Transporte;Variación mensual;2025M04;-0,6
11 Extremadura;07 Transporte;Variación mensual;2025M03;-0,7
11 Extremadura;07 Transporte;Variación mensual;2025M02;0,2
11 Extremadura;07 Transporte;Variación mensual;2025M01;1,3
11 Extremadura;07 Transporte;Variación anual;2025M10;
11 Extremadura;07 Transporte;Variación anual;2025M09;1,6
11 Extremadura;07 Transporte;Variación anual;2025M08;0,4
11 Extremadura;07 Transporte;Variación anual;2025M07;-0,3
11 Extremadura;07 Transporte;Variación anual;2025M06;-0,6
11 Extremadura;07 Transporte;Variación anual;2025M05;-1,9
11 Extremadura;07 Transporte;Variación anual;2025M04;-1,7
11 Extremadura;07 Transporte;Variación anual;2025M03;-0,3
11 Extremadura;07 Transporte;Variación anual;2025M02;1
11 Extremadura;07 Transporte;Variación anual;2025M01;2,5
11 Extremadura;07 Transporte;Variación en lo que va de año;2025M10;
11 Extremadura;07 Transporte;Variación en lo que va de año;2025M09;0,2
11 Extremadura;07 Transporte;Variación en lo que va de año;2025M08;0,6
11 Extremadura;07 Transporte;Variación en lo que va de año;2025M07;0,8
11 Extremadura;07 Transporte;Variación en lo que va de año;2025M06;0,1
11 Extremadura;07 Transporte;Variación en lo que va de año;2025M05;-0,5
11 Extremadura;07 Transporte;Variación en lo que va de año;2025M04;0,3
11 Extremadura;07 Transporte;Variación en lo que va de año;2025M03;0,9
11 Extremadura;07 Transporte;Variación en lo que va de año;2025M02;1,6
11 Extremadura;07 Transporte;Variación en lo que va de año;2025M01;1,3
11 Extremadura;08 Comunicaciones;Índice;2025M10;
11 Extremadura;08 Comunicaciones;Índice;2025M09;102,056
11 Extremadura;08 Comunicaciones;Índice;2025M08;102,133
11 Extremadura;08 Comunicaciones;Índice;2025M07;102,013
11 Extremadura;08 Comunicaciones;Índice;2025M06;103,879
11 Extremadura;08 Comunicaciones;Índice;2025M05;103,86
11 Extremadura;08 Comunicaciones;Índice;2025M04;104,064
11 Extremadura;08 Comunicaciones;Índice;2025M03;103,869
11 Extremadura;08 Comunicaciones;Índice;2025M02;103,943
11 Extremadura;08 Comunicaciones;Índice;2025M01;103,253
11 Extremadura;08 Comunicaciones;Variación mensual;2025M10;
11 Extremadura;08 Comunicaciones;Variación mensual;2025M09;-0,1
11 Extremadura;08 Comunicaciones;Variación mensual;2025M08;0,1
11 Extremadura;08 Comunicaciones;Variación mensual;2025M07;-1,8
11 Extremadura;08 Comunicaciones;Variación mensual;2025M06;0
11 Extremadura;08 Comunicaciones;Variación mensual;2025M05;-0,2
11 Extremadura;08 Comunicaciones;Variación mensual;2025M04;0,2
11 Extremadura;08 Comunicaciones;Variación mensual;2025M03;-0,1
11 Extremadura;08 Comunicaciones;Variación mensual;2025M02;0,7
11 Extremadura;08 Comunicaciones;Variación mensual;2025M01;2,9
11 Extremadura;08 Comunicaciones;Variación anual;2025M10;
11 Extremadura;08 Comunicaciones;Variación anual;2025M09;0,7
11 Extremadura;08 Comunicaciones;Variación anual;2025M08;0,7
11 Extremadura;08 Comunicaciones;Variación anual;2025M07;0,5
11 Extremadura;08 Comunicaciones;Variación anual;2025M06;1,8
11 Extremadura;08 Comunicaciones;Variación anual;2025M05;1,8
11 Extremadura;08 Comunicaciones;Variación anual;2025M04;1,9
11 Extremadura;08 Comunicaciones;Variación anual;2025M03;1,8
11 Extremadura;08 Comunicaciones;Variación anual;2025M02;1,8
11 Extremadura;08 Comunicaciones;Variación anual;2025M01;1
11 Extremadura;08 Comunicaciones;Variación en lo que va de año;2025M10;
11 Extremadura;08 Comunicaciones;Variación en lo que va de año;2025M09;1,7
11 Extremadura;08 Comunicaciones;Variación en lo que va de año;2025M08;1,8
11 Extremadura;08 Comunicaciones;Variación en lo que va de año;2025M07;1,7
11 Extremadura;08 Comunicaciones;Variación en lo que va de año;2025M06;3,5
11 Extremadura;08 Comunicaciones;Variación en lo que va de año;2025M05;3,5
11 Extremadura;08 Comunicaciones;Variación en lo que va de año;2025M04;3,7
11 Extremadura;08 Comunicaciones;Variación en lo que va de año;2025M03;3,5
11 Extremadura;08 Comunicaciones;Variación en lo que va de año;2025M02;3,6
11 Extremadura;08 Comunicaciones;Variación en lo que va de año;2025M01;2,9
11 Extremadura;09 Ocio y cultura;Índice;2025M10;
11 Extremadura;09 Ocio y cultura;Índice;2025M09;103,956
11 Extremadura;09 Ocio y cultura;Índice;2025M08;110,028
11 Extremadura;09 Ocio y cultura;Índice;2025M07;108,412
11 Extremadura;09 Ocio y cultura;Índice;2025M06;106,683
11 Extremadura;09 Ocio y cultura;Índice;2025M05;104,484
11 Extremadura;09 Ocio y cultura;Índice;2025M04;105,855
11 Extremadura;09 Ocio y cultura;Índice;2025M03;103,871
11 Extremadura;09 Ocio y cultura;Índice;2025M02;103,587
11 Extremadura;09 Ocio y cultura;Índice;2025M01;103,611
11 Extremadura;09 Ocio y cultura;Variación mensual;2025M10;
11 Extremadura;09 Ocio y cultura;Variación mensual;2025M09;-5,5
11 Extremadura;09 Ocio y cultura;Variación mensual;2025M08;1,5
11 Extremadura;09 Ocio y cultura;Variación mensual;2025M07;1,6
11 Extremadura;09 Ocio y cultura;Variación mensual;2025M06;2,1
11 Extremadura;09 Ocio y cultura;Variación mensual;2025M05;-1,3
11 Extremadura;09 Ocio y cultura;Variación mensual;2025M04;1,9
11 Extremadura;09 Ocio y cultura;Variación mensual;2025M03;0,3
11 Extremadura;09 Ocio y cultura;Variación mensual;2025M02;0
11 Extremadura;09 Ocio y cultura;Variación mensual;2025M01;-2,4
11 Extremadura;09 Ocio y cultura;Variación anual;2025M10;
11 Extremadura;09 Ocio y cultura;Variación anual;2025M09;-1,1
11 Extremadura;09 Ocio y cultura;Variación anual;2025M08;0,7
11 Extremadura;09 Ocio y cultura;Variación anual;2025M07;0,6
11 Extremadura;09 Ocio y cultura;Variación anual;2025M06;0,4
11 Extremadura;09 Ocio y cultura;Variación anual;2025M05;0
11 Extremadura;09 Ocio y cultura;Variación anual;2025M04;2
11 Extremadura;09 Ocio y cultura;Variación anual;2025M03;-0,5
11 Extremadura;09 Ocio y cultura;Variación anual;2025M02;0,6
11 Extremadura;09 Ocio y cultura;Variación anual;2025M01;1,2
11 Extremadura;09 Ocio y cultura;Variación en lo que va de año;2025M10;
11 Extremadura;09 Ocio y cultura;Variación en lo que va de año;2025M09;-2,1
11 Extremadura;09 Ocio y cultura;Variación en lo que va de año;2025M08;3,6
11 Extremadura;09 Ocio y cultura;Variación en lo que va de año;2025M07;2,1
11 Extremadura;09 Ocio y cultura;Variación en lo que va de año;2025M06;0,5
11 Extremadura;09 Ocio y cultura;Variación en lo que va de año;2025M05;-1,6
11 Extremadura;09 Ocio y cultura;Variación en lo que va de año;2025M04;-0,3
11 Extremadura;09 Ocio y cultura;Variación en lo que va de año;2025M03;-2,2
11 Extremadura;09 Ocio y cultura;Variación en lo que va de año;2025M02;-2,5
11 Extremadura;09 Ocio y cultura;Variación en lo que va de año;2025M01;-2,4
11 Extremadura;10 Enseñanza;Índice;2025M10;
11 Extremadura;10 Enseñanza;Índice;2025M09;108,215
11 Extremadura;10 Enseñanza;Índice;2025M08;107,067
11 Extremadura;10 Enseñanza;Índice;2025M07;107,067
11 Extremadura;10 Enseñanza;Índice;2025M06;106,793
11 Extremadura;10 Enseñanza;Índice;2025M05;106,793
11 Extremadura;10 Enseñanza;Índice;2025M04;106,773
11 Extremadura;10 Enseñanza;Índice;2025M03;106,773
11 Extremadura;10 Enseñanza;Índice;2025M02;106,773
11 Extremadura;10 Enseñanza;Índice;2025M01;106,732
11 Extremadura;10 Enseñanza;Variación mensual;2025M10;
11 Extremadura;10 Enseñanza;Variación mensual;2025M09;1,1
11 Extremadura;10 Enseñanza;Variación mensual;2025M08;0
11 Extremadura;10 Enseñanza;Variación mensual;2025M07;0,3
11 Extremadura;10 Enseñanza;Variación mensual;2025M06;0
11 Extremadura;10 Enseñanza;Variación mensual;2025M05;0
11 Extremadura;10 Enseñanza;Variación mensual;2025M04;0
11 Extremadura;10 Enseñanza;Variación mensual;2025M03;0
11 Extremadura;10 Enseñanza;Variación mensual;2025M02;0
11 Extremadura;10 Enseñanza;Variación mensual;2025M01;0
11 Extremadura;10 Enseñanza;Variación anual;2025M10;
11 Extremadura;10 Enseñanza;Variación anual;2025M09;2,3
11 Extremadura;10 Enseñanza;Variación anual;2025M08;1,8
11 Extremadura;10 Enseñanza;Variación anual;2025M07;1,9
11 Extremadura;10 Enseñanza;Variación anual;2025M06;1,7
11 Extremadura;10 Enseñanza;Variación anual;2025M05;1,7
11 Extremadura;10 Enseñanza;Variación anual;2025M04;1,6
11 Extremadura;10 Enseñanza;Variación anual;2025M03;1,6
11 Extremadura;10 Enseñanza;Variación anual;2025M02;1,6
11 Extremadura;10 Enseñanza;Variación anual;2025M01;1,6
11 Extremadura;10 Enseñanza;Variación en lo que va de año;2025M10;
11 Extremadura;10 Enseñanza;Variación en lo que va de año;2025M09;1,4
11 Extremadura;10 Enseñanza;Variación en lo que va de año;2025M08;0,3
11 Extremadura;10 Enseñanza;Variación en lo que va de año;2025M07;0,3
11 Extremadura;10 Enseñanza;Variación en lo que va de año;2025M06;0,1
11 Extremadura;10 Enseñanza;Variación en lo que va de año;2025M05;0,1
11 Extremadura;10 Enseñanza;Variación en lo que va de año;2025M04;0
11 Extremadura;10 Enseñanza;Variación en lo que va de año;2025M03;0
11 Extremadura;10 Enseñanza;Variación en lo que va de año;2025M02;0
11 Extremadura;10 Enseñanza;Variación en lo que va de año;2025M01;0
11 Extremadura;11 Restaurantes y hoteles;Índice;2025M10;
11 Extremadura;11 Restaurantes y hoteles;Índice;2025M09;122,864
11 Extremadura;11 Restaurantes y hoteles;Índice;2025M08;122,342
11 Extremadura;11 Restaurantes y hoteles;Índice;2025M07;122,267
11 Extremadura;11 Restaurantes y hoteles;Índice;2025M06;122,996
11 Extremadura;11 Restaurantes y hoteles;Índice;2025M05;121,636
11 Extremadura;11 Restaurantes y hoteles;Índice;2025M04;121,573
11 Extremadura;11 Restaurantes y hoteles;Índice;2025M03;120,547
11 Extremadura;11 Restaurantes y hoteles;Índice;2025M02;118,808
11 Extremadura;11 Restaurantes y hoteles;Índice;2025M01;117,696
11 Extremadura;11 Restaurantes y hoteles;Variación mensual;2025M10;
11 Extremadura;11 Restaurantes y hoteles;Variación mensual;2025M09;0,4
11 Extremadura;11 Restaurantes y hoteles;Variación mensual;2025M08;0,1
11 Extremadura;11 Restaurantes y hoteles;Variación mensual;2025M07;-0,6
11 Extremadura;11 Restaurantes y hoteles;Variación mensual;2025M06;1,1
11 Extremadura;11 Restaurantes y hoteles;Variación mensual;2025M05;0,1
11 Extremadura;11 Restaurantes y hoteles;Variación mensual;2025M04;0,9
11 Extremadura;11 Restaurantes y hoteles;Variación mensual;2025M03;1,5
11 Extremadura;11 Restaurantes y hoteles;Variación mensual;2025M02;0,9
11 Extremadura;11 Restaurantes y hoteles;Variación mensual;2025M01;-0,5
11 Extremadura;11 Restaurantes y hoteles;Variación anual;2025M10;
11 Extremadura;11 Restaurantes y hoteles;Variación anual;2025M09;4,2
11 Extremadura;11 Restaurantes y hoteles;Variación anual;2025M08;3,7
11 Extremadura;11 Restaurantes y hoteles;Variación anual;2025M07;3,9
11 Extremadura;11 Restaurantes y hoteles;Variación anual;2025M06;3,8
11 Extremadura;11 Restaurantes y hoteles;Variación anual;2025M05;3,3
11 Extremadura;11 Restaurantes y hoteles;Variación anual;2025M04;3,9
11 Extremadura;11 Restaurantes y hoteles;Variación anual;2025M03;3,5
11 Extremadura;11 Restaurantes y hoteles;Variación anual;2025M02;2,8
11 Extremadura;11 Restaurantes y hoteles;Variación anual;2025M01;2,9
11 Extremadura;11 Restaurantes y hoteles;Variación en lo que va de año;2025M10;
11 Extremadura;11 Restaurantes y hoteles;Variación en lo que va de año;2025M09;3,9
11 Extremadura;11 Restaurantes y hoteles;Variación en lo que va de año;2025M08;3,5
11 Extremadura;11 Restaurantes y hoteles;Variación en lo que va de año;2025M07;3,4
11 Extremadura;11 Restaurantes y hoteles;Variación en lo que va de año;2025M06;4
11 Extremadura;11 Restaurantes y hoteles;Variación en lo que va de año;2025M05;2,9
11 Extremadura;11 Restaurantes y hoteles;Variación en lo que va de año;2025M04;2,8
11 Extremadura;11 Restaurantes y hoteles;Variación en lo que va de año;2025M03;2
11 Extremadura;11 Restaurantes y hoteles;Variación en lo que va de año;2025M02;0,5
11 Extremadura;11 Restaurantes y hoteles;Variación en lo que va de año;2025M01;-0,5
11 Extremadura;12 Otros bienes y servicios;Índice;2025M10;
11 Extremadura;12 Otros bienes y servicios;Índice;2025M09;116,265
11 Extremadura;12 Otros bienes y servicios;Índice;2025M08;116,359
11 Extremadura;12 Otros bienes y servicios;Índice;2025M07;116,322
11 Extremadura;12 Otros bienes y servicios;Índice;2025M06;116,671
11 Extremadura;12 Otros bienes y servicios;Índice;2025M05;115,507
11 Extremadura;12 Otros bienes y servicios;Índice;2025M04;115,726
11 Extremadura;12 Otros bienes y servicios;Índice;2025M03;115,292
11 Extremadura;12 Otros bienes y servicios;Índice;2025M02;114,739
11 Extremadura;12 Otros bienes y servicios;Índice;2025M01;114,488
11 Extremadura;12 Otros bienes y servicios;Variación mensual;2025M10;
11 Extremadura;12 Otros bienes y servicios;Variación mensual;2025M09;-0,1
11 Extremadura;12 Otros bienes y servicios;Variación mensual;2025M08;0
11 Extremadura;12 Otros bienes y servicios;Variación mensual;2025M07;-0,3
11 Extremadura;12 Otros bienes y servicios;Variación mensual;2025M06;1
11 Extremadura;12 Otros bienes y servicios;Variación mensual;2025M05;-0,2
11 Extremadura;12 Otros bienes y servicios;Variación mensual;2025M04;0,4
11 Extremadura;12 Otros bienes y servicios;Variación mensual;2025M03;0,5
11 Extremadura;12 Otros bienes y servicios;Variación mensual;2025M02;0,2
11 Extremadura;12 Otros bienes y servicios;Variación mensual;2025M01;0,5
11 Extremadura;12 Otros bienes y servicios;Variación anual;2025M10;
11 Extremadura;12 Otros bienes y servicios;Variación anual;2025M09;3,1
11 Extremadura;12 Otros bienes y servicios;Variación anual;2025M08;2,7
11 Extremadura;12 Otros bienes y servicios;Variación anual;2025M07;3,2
11 Extremadura;12 Otros bienes y servicios;Variación anual;2025M06;2,9
11 Extremadura;12 Otros bienes y servicios;Variación anual;2025M05;3
11 Extremadura;12 Otros bienes y servicios;Variación anual;2025M04;3,4
11 Extremadura;12 Otros bienes y servicios;Variación anual;2025M03;3,2
11 Extremadura;12 Otros bienes y servicios;Variación anual;2025M02;2,8
11 Extremadura;12 Otros bienes y servicios;Variación anual;2025M01;3,7
11 Extremadura;12 Otros bienes y servicios;Variación en lo que va de año;2025M10;
11 Extremadura;12 Otros bienes y servicios;Variación en lo que va de año;2025M09;2,1
11 Extremadura;12 Otros bienes y servicios;Variación en lo que va de año;2025M08;2,2
11 Extremadura;12 Otros bienes y servicios;Variación en lo que va de año;2025M07;2,1
11 Extremadura;12 Otros bienes y servicios;Variación en lo que va de año;2025M06;2,4
11 Extremadura;12 Otros bienes y servicios;Variación en lo que va de año;2025M05;1,4
11 Extremadura;12 Otros bienes y servicios;Variación en lo que va de año;2025M04;1,6
11 Extremadura;12 Otros bienes y servicios;Variación en lo que va de año;2025M03;1,2
11 Extremadura;12 Otros bienes y servicios;Variación en lo que va de año;2025M02;0,7
11 Extremadura;12 Otros bienes y servicios;Variación en lo que va de año;2025M01;0,5
12 Galicia;01 Alimentos y bebidas no alcohólicas;Índice;2025M10;
12 Galicia;01 Alimentos y bebidas no alcohólicas;Índice;2025M09;130,645
12 Galicia;01 Alimentos y bebidas no alcohólicas;Índice;2025M08;130,942
12 Galicia;01 Alimentos y bebidas no alcohólicas;Índice;2025M07;131,444
12 Galicia;01 Alimentos y bebidas no alcohólicas;Índice;2025M06;131,76
12 Galicia;01 Alimentos y bebidas no alcohólicas;Índice;2025M05;131,312
12 Galicia;01 Alimentos y bebidas no alcohólicas;Índice;2025M04;130,949
12 Galicia;01 Alimentos y bebidas no alcohólicas;Índice;2025M03;130,408
12 Galicia;01 Alimentos y bebidas no alcohólicas;Índice;2025M02;130,621
12 Galicia;01 Alimentos y bebidas no alcohólicas;Índice;2025M01;130,553
12 Galicia;01 Alimentos y bebidas no alcohólicas;Variación mensual;2025M10;
12 Galicia;01 Alimentos y bebidas no alcohólicas;Variación mensual;2025M09;-0,2
12 Galicia;01 Alimentos y bebidas no alcohólicas;Variación mensual;2025M08;-0,4
12 Galicia;01 Alimentos y bebidas no alcohólicas;Variación mensual;2025M07;-0,2
12 Galicia;01 Alimentos y bebidas no alcohólicas;Variación mensual;2025M06;0,3
12 Galicia;01 Alimentos y bebidas no alcohólicas;Variación mensual;2025M05;0,3
12 Galicia;01 Alimentos y bebidas no alcohólicas;Variación mensual;2025M04;0,4
12 Galicia;01 Alimentos y bebidas no alcohólicas;Variación mensual;2025M03;-0,2
12 Galicia;01 Alimentos y bebidas no alcohólicas;Variación mensual;2025M02;0,1
12 Galicia;01 Alimentos y bebidas no alcohólicas;Variación mensual;2025M01;0,8
12 Galicia;01 Alimentos y bebidas no alcohólicas;Variación anual;2025M10;
12 Galicia;01 Alimentos y bebidas no alcohólicas;Variación anual;2025M09;2,4
12 Galicia;01 Alimentos y bebidas no alcohólicas;Variación anual;2025M08;2,1
12 Galicia;01 Alimentos y bebidas no alcohólicas;Variación anual;2025M07;2,1
12 Galicia;01 Alimentos y bebidas no alcohólicas;Variación anual;2025M06;1,7
12 Galicia;01 Alimentos y bebidas no alcohólicas;Variación anual;2025M05;1,5
12 Galicia;01 Alimentos y bebidas no alcohólicas;Variación anual;2025M04;1,1
12 Galicia;01 Alimentos y bebidas no alcohólicas;Variación anual;2025M03;1,3
12 Galicia;01 Alimentos y bebidas no alcohólicas;Variación anual;2025M02;1,6
12 Galicia;01 Alimentos y bebidas no alcohólicas;Variación anual;2025M01;1,2
12 Galicia;01 Alimentos y bebidas no alcohólicas;Variación en lo que va de año;2025M10;
12 Galicia;01 Alimentos y bebidas no alcohólicas;Variación en lo que va de año;2025M09;0,9
12 Galicia;01 Alimentos y bebidas no alcohólicas;Variación en lo que va de año;2025M08;1,1
12 Galicia;01 Alimentos y bebidas no alcohólicas;Variación en lo que va de año;2025M07;1,5
12 Galicia;01 Alimentos y bebidas no alcohólicas;Variación en lo que va de año;2025M06;1,7
12 Galicia;01 Alimentos y bebidas no alcohólicas;Variación en lo que va de año;2025M05;1,4
12 Galicia;01 Alimentos y bebidas no alcohólicas;Variación en lo que va de año;2025M04;1,1
12 Galicia;01 Alimentos y bebidas no alcohólicas;Variación en lo que va de año;2025M03;0,7
12 Galicia;01 Alimentos y bebidas no alcohólicas;Variación en lo que va de año;2025M02;0,8
12 Galicia;01 Alimentos y bebidas no alcohólicas;Variación en lo que va de año;2025M01;0,8
12 Galicia;02 Bebidas alcohólicas y tabaco;Índice;2025M10;
12 Galicia;02 Bebidas alcohólicas y tabaco;Índice;2025M09;120,819
12 Galicia;02 Bebidas alcohólicas y tabaco;Índice;2025M08;120,783
12 Galicia;02 Bebidas alcohólicas y tabaco;Índice;2025M07;121,027
12 Galicia;02 Bebidas alcohólicas y tabaco;Índice;2025M06;120,735
12 Galicia;02 Bebidas alcohólicas y tabaco;Índice;2025M05;120,307
12 Galicia;02 Bebidas alcohólicas y tabaco;Índice;2025M04;119,363
12 Galicia;02 Bebidas alcohólicas y tabaco;Índice;2025M03;119,62
12 Galicia;02 Bebidas alcohólicas y tabaco;Índice;2025M02;119,232
12 Galicia;02 Bebidas alcohólicas y tabaco;Índice;2025M01;118,79
12 Galicia;02 Bebidas alcohólicas y tabaco;Variación mensual;2025M10;
12 Galicia;02 Bebidas alcohólicas y tabaco;Variación mensual;2025M09;0
12 Galicia;02 Bebidas alcohólicas y tabaco;Variación mensual;2025M08;-0,2
12 Galicia;02 Bebidas alcohólicas y tabaco;Variación mensual;2025M07;0,2
12 Galicia;02 Bebidas alcohólicas y tabaco;Variación mensual;2025M06;0,4
12 Galicia;02 Bebidas alcohólicas y tabaco;Variación mensual;2025M05;0,8
12 Galicia;02 Bebidas alcohólicas y tabaco;Variación mensual;2025M04;-0,2
12 Galicia;02 Bebidas alcohólicas y tabaco;Variación mensual;2025M03;0,3
12 Galicia;02 Bebidas alcohólicas y tabaco;Variación mensual;2025M02;0,4
12 Galicia;02 Bebidas alcohólicas y tabaco;Variación mensual;2025M01;2
12 Galicia;02 Bebidas alcohólicas y tabaco;Variación anual;2025M10;
12 Galicia;02 Bebidas alcohólicas y tabaco;Variación anual;2025M09;3,8
12 Galicia;02 Bebidas alcohólicas y tabaco;Variación anual;2025M08;4
12 Galicia;02 Bebidas alcohólicas y tabaco;Variación anual;2025M07;3,8
12 Galicia;02 Bebidas alcohólicas y tabaco;Variación anual;2025M06;4,1
12 Galicia;02 Bebidas alcohólicas y tabaco;Variación anual;2025M05;3
12 Galicia;02 Bebidas alcohólicas y tabaco;Variación anual;2025M04;2,4
12 Galicia;02 Bebidas alcohólicas y tabaco;Variación anual;2025M03;3,6
12 Galicia;02 Bebidas alcohólicas y tabaco;Variación anual;2025M02;3,4
12 Galicia;02 Bebidas alcohólicas y tabaco;Variación anual;2025M01;4,1
12 Galicia;02 Bebidas alcohólicas y tabaco;Variación en lo que va de año;2025M10;
12 Galicia;02 Bebidas alcohólicas y tabaco;Variación en lo que va de año;2025M09;3,7
12 Galicia;02 Bebidas alcohólicas y tabaco;Variación en lo que va de año;2025M08;3,7
12 Galicia;02 Bebidas alcohólicas y tabaco;Variación en lo que va de año;2025M07;3,9
12 Galicia;02 Bebidas alcohólicas y tabaco;Variación en lo que va de año;2025M06;3,6
12 Galicia;02 Bebidas alcohólicas y tabaco;Variación en lo que va de año;2025M05;3,3
12 Galicia;02 Bebidas alcohólicas y tabaco;Variación en lo que va de año;2025M04;2,5
12 Galicia;02 Bebidas alcohólicas y tabaco;Variación en lo que va de año;2025M03;2,7
12 Galicia;02 Bebidas alcohólicas y tabaco;Variación en lo que va de año;2025M02;2,4
12 Galicia;02 Bebidas alcohólicas y tabaco;Variación en lo que va de año;2025M01;2
12 Galicia;03 Vestido y calzado;Índice;2025M10;
12 Galicia;03 Vestido y calzado;Índice;2025M09;100,799
12 Galicia;03 Vestido y calzado;Índice;2025M08;99,606
12 Galicia;03 Vestido y calzado;Índice;2025M07;100,34
12 Galicia;03 Vestido y calzado;Índice;2025M06;110,709
12 Galicia;03 Vestido y calzado;Índice;2025M05;112,492
12 Galicia;03 Vestido y calzado;Índice;2025M04;110,738
12 Galicia;03 Vestido y calzado;Índice;2025M03;99,73
12 Galicia;03 Vestido y calzado;Índice;2025M02;99,046
12 Galicia;03 Vestido y calzado;Índice;2025M01;101,274
12 Galicia;03 Vestido y calzado;Variación mensual;2025M10;
12 Galicia;03 Vestido y calzado;Variación mensual;2025M09;1,2
12 Galicia;03 Vestido y calzado;Variación mensual;2025M08;-0,7
12 Galicia;03 Vestido y calzado;Variación mensual;2025M07;-9,4
12 Galicia;03 Vestido y calzado;Variación mensual;2025M06;-1,6
12 Galicia;03 Vestido y calzado;Variación mensual;2025M05;1,6
12 Galicia;03 Vestido y calzado;Variación mensual;2025M04;11
12 Galicia;03 Vestido y calzado;Variación mensual;2025M03;0,7
12 Galicia;03 Vestido y calzado;Variación mensual;2025M02;-2,2
12 Galicia;03 Vestido y calzado;Variación mensual;2025M01;-11,2
12 Galicia;03 Vestido y calzado;Variación anual;2025M10;
12 Galicia;03 Vestido y calzado;Variación anual;2025M09;1,3
12 Galicia;03 Vestido y calzado;Variación anual;2025M08;1,4
12 Galicia;03 Vestido y calzado;Variación anual;2025M07;1,2
12 Galicia;03 Vestido y calzado;Variación anual;2025M06;0,6
12 Galicia;03 Vestido y calzado;Variación anual;2025M05;1,2
12 Galicia;03 Vestido y calzado;Variación anual;2025M04;2,1
12 Galicia;03 Vestido y calzado;Variación anual;2025M03;0,1
12 Galicia;03 Vestido y calzado;Variación anual;2025M02;0,7
12 Galicia;03 Vestido y calzado;Variación anual;2025M01;-0,2
12 Galicia;03 Vestido y calzado;Variación en lo que va de año;2025M10;
12 Galicia;03 Vestido y calzado;Variación en lo que va de año;2025M09;-11,6
12 Galicia;03 Vestido y calzado;Variación en lo que va de año;2025M08;-12,6
12 Galicia;03 Vestido y calzado;Variación en lo que va de año;2025M07;-12
12 Galicia;03 Vestido y calzado;Variación en lo que va de año;2025M06;-2,9
12 Galicia;03 Vestido y calzado;Variación en lo que va de año;2025M05;-1,3
12 Galicia;03 Vestido y calzado;Variación en lo que va de año;2025M04;-2,9
12 Galicia;03 Vestido y calzado;Variación en lo que va de año;2025M03;-12,5
12 Galicia;03 Vestido y calzado;Variación en lo que va de año;2025M02;-13,1
12 Galicia;03 Vestido y calzado;Variación en lo que va de año;2025M01;-11,2
12 Galicia;04 Vivienda, agua, electricidad, gas y otros combustibles;Índice;2025M10;
12 Galicia;04 Vivienda, agua, electricidad, gas y otros combustibles;Índice;2025M09;114,282
12 Galicia;04 Vivienda, agua, electricidad, gas y otros combustibles;Índice;2025M08;114,404
12 Galicia;04 Vivienda, agua, electricidad, gas y otros combustibles;Índice;2025M07;114,52
12 Galicia;04 Vivienda, agua, electricidad, gas y otros combustibles;Índice;2025M06;113,957
12 Galicia;04 Vivienda, agua, electricidad, gas y otros combustibles;Índice;2025M05;112,4
12 Galicia;04 Vivienda, agua, electricidad, gas y otros combustibles;Índice;2025M04;112,18
12 Galicia;04 Vivienda, agua, electricidad, gas y otros combustibles;Índice;2025M03;113,077
12 Galicia;04 Vivienda, agua, electricidad, gas y otros combustibles;Índice;2025M02;115,215
12 Galicia;04 Vivienda, agua, electricidad, gas y otros combustibles;Índice;2025M01;114,702
12 Galicia;04 Vivienda, agua, electricidad, gas y otros combustibles;Variación mensual;2025M10;
12 Galicia;04 Vivienda, agua, electricidad, gas y otros combustibles;Variación mensual;2025M09;-0,1
12 Galicia;04 Vivienda, agua, electricidad, gas y otros combustibles;Variación mensual;2025M08;-0,1
12 Galicia;04 Vivienda, agua, electricidad, gas y otros combustibles;Variación mensual;2025M07;0,5
12 Galicia;04 Vivienda, agua, electricidad, gas y otros combustibles;Variación mensual;2025M06;1,4
12 Galicia;04 Vivienda, agua, electricidad, gas y otros combustibles;Variación mensual;2025M05;0,2
12 Galicia;04 Vivienda, agua, electricidad, gas y otros combustibles;Variación mensual;2025M04;-0,8
12 Galicia;04 Vivienda, agua, electricidad, gas y otros combustibles;Variación mensual;2025M03;-1,9
12 Galicia;04 Vivienda, agua, electricidad, gas y otros combustibles;Variación mensual;2025M02;0,4
12 Galicia;04 Vivienda, agua, electricidad, gas y otros combustibles;Variación mensual;2025M01;3,9
12 Galicia;04 Vivienda, agua, electricidad, gas y otros combustibles;Variación anual;2025M10;
12 Galicia;04 Vivienda, agua, electricidad, gas y otros combustibles;Variación anual;2025M09;6,6
12 Galicia;04 Vivienda, agua, electricidad, gas y otros combustibles;Variación anual;2025M08;5,8
12 Galicia;04 Vivienda, agua, electricidad, gas y otros combustibles;Variación anual;2025M07;6,5
12 Galicia;04 Vivienda, agua, electricidad, gas y otros combustibles;Variación anual;2025M06;3,8
12 Galicia;04 Vivienda, agua, electricidad, gas y otros combustibles;Variación anual;2025M05;3,3
12 Galicia;04 Vivienda, agua, electricidad, gas y otros combustibles;Variación anual;2025M04;3,9
12 Galicia;04 Vivienda, agua, electricidad, gas y otros combustibles;Variación anual;2025M03;5,1
12 Galicia;04 Vivienda, agua, electricidad, gas y otros combustibles;Variación anual;2025M02;9,7
12 Galicia;04 Vivienda, agua, electricidad, gas y otros combustibles;Variación anual;2025M01;7,8
12 Galicia;04 Vivienda, agua, electricidad, gas y otros combustibles;Variación en lo que va de año;2025M10;
12 Galicia;04 Vivienda, agua, electricidad, gas y otros combustibles;Variación en lo que va de año;2025M09;3,5
12 Galicia;04 Vivienda, agua, electricidad, gas y otros combustibles;Variación en lo que va de año;2025M08;3,6
12 Galicia;04 Vivienda, agua, electricidad, gas y otros combustibles;Variación en lo que va de año;2025M07;3,7
12 Galicia;04 Vivienda, agua, electricidad, gas y otros combustibles;Variación en lo que va de año;2025M06;3,2
12 Galicia;04 Vivienda, agua, electricidad, gas y otros combustibles;Variación en lo que va de año;2025M05;1,8
12 Galicia;04 Vivienda, agua, electricidad, gas y otros combustibles;Variación en lo que va de año;2025M04;1,6
12 Galicia;04 Vivienda, agua, electricidad, gas y otros combustibles;Variación en lo que va de año;2025M03;2,4
12 Galicia;04 Vivienda, agua, electricidad, gas y otros combustibles;Variación en lo que va de año;2025M02;4,4
12 Galicia;04 Vivienda, agua, electricidad, gas y otros combustibles;Variación en lo que va de año;2025M01;3,9
12 Galicia;05 Muebles, artículos del hogar y artículos para el mantenimiento corriente del hogar;Índice;2025M10;
12 Galicia;05 Muebles, artículos del hogar y artículos para el mantenimiento corriente del hogar;Índice;2025M09;114,755
12 Galicia;05 Muebles, artículos del hogar y artículos para el mantenimiento corriente del hogar;Índice;2025M08;114,864
12 Galicia;05 Muebles, artículos del hogar y artículos para el mantenimiento corriente del hogar;Índice;2025M07;114,747
12 Galicia;05 Muebles, artículos del hogar y artículos para el mantenimiento corriente del hogar;Índice;2025M06;115,569
12 Galicia;05 Muebles, artículos del hogar y artículos para el mantenimiento corriente del hogar;Índice;2025M05;115,633
12 Galicia;05 Muebles, artículos del hogar y artículos para el mantenimiento corriente del hogar;Índice;2025M04;115,09
12 Galicia;05 Muebles, artículos del hogar y artículos para el mantenimiento corriente del hogar;Índice;2025M03;114,867
12 Galicia;05 Muebles, artículos del hogar y artículos para el mantenimiento corriente del hogar;Índice;2025M02;114,587
12 Galicia;05 Muebles, artículos del hogar y artículos para el mantenimiento corriente del hogar;Índice;2025M01;114,577
12 Galicia;05 Muebles, artículos del hogar y artículos para el mantenimiento corriente del hogar;Variación mensual;2025M10;
12 Galicia;05 Muebles, artículos del hogar y artículos para el mantenimiento corriente del hogar;Variación mensual;2025M09;-0,1
12 Galicia;05 Muebles, artículos del hogar y artículos para el mantenimiento corriente del hogar;Variación mensual;2025M08;0,1
12 Galicia;05 Muebles, artículos del hogar y artículos para el mantenimiento corriente del hogar;Variación mensual;2025M07;-0,7
12 Galicia;05 Muebles, artículos del hogar y artículos para el mantenimiento corriente del hogar;Variación mensual;2025M06;-0,1
12 Galicia;05 Muebles, artículos del hogar y artículos para el mantenimiento corriente del hogar;Variación mensual;2025M05;0,5
12 Galicia;05 Muebles, artículos del hogar y artículos para el mantenimiento corriente del hogar;Variación mensual;2025M04;0,2
12 Galicia;05 Muebles, artículos del hogar y artículos para el mantenimiento corriente del hogar;Variación mensual;2025M03;0,2
12 Galicia;05 Muebles, artículos del hogar y artículos para el mantenimiento corriente del hogar;Variación mensual;2025M02;0
12 Galicia;05 Muebles, artículos del hogar y artículos para el mantenimiento corriente del hogar;Variación mensual;2025M01;-0,3
12 Galicia;05 Muebles, artículos del hogar y artículos para el mantenimiento corriente del hogar;Variación anual;2025M10;
12 Galicia;05 Muebles, artículos del hogar y artículos para el mantenimiento corriente del hogar;Variación anual;2025M09;0,2
12 Galicia;05 Muebles, artículos del hogar y artículos para el mantenimiento corriente del hogar;Variación anual;2025M08;0,8
12 Galicia;05 Muebles, artículos del hogar y artículos para el mantenimiento corriente del hogar;Variación anual;2025M07;0,5
12 Galicia;05 Muebles, artículos del hogar y artículos para el mantenimiento corriente del hogar;Variación anual;2025M06;0,8
12 Galicia;05 Muebles, artículos del hogar y artículos para el mantenimiento corriente del hogar;Variación anual;2025M05;0,7
12 Galicia;05 Muebles, artículos del hogar y artículos para el mantenimiento corriente del hogar;Variación anual;2025M04;0,4
12 Galicia;05 Muebles, artículos del hogar y artículos para el mantenimiento corriente del hogar;Variación anual;2025M03;0,7
12 Galicia;05 Muebles, artículos del hogar y artículos para el mantenimiento corriente del hogar;Variación anual;2025M02;0,6
12 Galicia;05 Muebles, artículos del hogar y artículos para el mantenimiento corriente del hogar;Variación anual;2025M01;0,9
12 Galicia;05 Muebles, artículos del hogar y artículos para el mantenimiento corriente del hogar;Variación en lo que va de año;2025M10;
12 Galicia;05 Muebles, artículos del hogar y artículos para el mantenimiento corriente del hogar;Variación en lo que va de año;2025M09;-0,1
12 Galicia;05 Muebles, artículos del hogar y artículos para el mantenimiento corriente del hogar;Variación en lo que va de año;2025M08;0
12 Galicia;05 Muebles, artículos del hogar y artículos para el mantenimiento corriente del hogar;Variación en lo que va de año;2025M07;-0,1
12 Galicia;05 Muebles, artículos del hogar y artículos para el mantenimiento corriente del hogar;Variación en lo que va de año;2025M06;0,6
12 Galicia;05 Muebles, artículos del hogar y artículos para el mantenimiento corriente del hogar;Variación en lo que va de año;2025M05;0,6
12 Galicia;05 Muebles, artículos del hogar y artículos para el mantenimiento corriente del hogar;Variación en lo que va de año;2025M04;0,2
12 Galicia;05 Muebles, artículos del hogar y artículos para el mantenimiento corriente del hogar;Variación en lo que va de año;2025M03;0
12 Galicia;05 Muebles, artículos del hogar y artículos para el mantenimiento corriente del hogar;Variación en lo que va de año;2025M02;-0,3
12 Galicia;05 Muebles, artículos del hogar y artículos para el mantenimiento corriente del hogar;Variación en lo que va de año;2025M01;-0,3
12 Galicia;06 Sanidad;Índice;2025M10;
12 Galicia;06 Sanidad;Índice;2025M09;108,937
12 Galicia;06 Sanidad;Índice;2025M08;108,829
12 Galicia;06 Sanidad;Índice;2025M07;108,677
12 Galicia;06 Sanidad;Índice;2025M06;108,243
12 Galicia;06 Sanidad;Índice;2025M05;108,027
12 Galicia;06 Sanidad;Índice;2025M04;107,811
12 Galicia;06 Sanidad;Índice;2025M03;107,122
12 Galicia;06 Sanidad;Índice;2025M02;106,956
12 Galicia;06 Sanidad;Índice;2025M01;106,837
12 Galicia;06 Sanidad;Variación mensual;2025M10;
12 Galicia;06 Sanidad;Variación mensual;2025M09;0,1
12 Galicia;06 Sanidad;Variación mensual;2025M08;0,1
12 Galicia;06 Sanidad;Variación mensual;2025M07;0,4
12 Galicia;06 Sanidad;Variación mensual;2025M06;0,2
12 Galicia;06 Sanidad;Variación mensual;2025M05;0,2
12 Galicia;06 Sanidad;Variación mensual;2025M04;0,6
12 Galicia;06 Sanidad;Variación mensual;2025M03;0,2
12 Galicia;06 Sanidad;Variación mensual;2025M02;0,1
12 Galicia;06 Sanidad;Variación mensual;2025M01;0,4
12 Galicia;06 Sanidad;Variación anual;2025M10;
12 Galicia;06 Sanidad;Variación anual;2025M09;2,1
12 Galicia;06 Sanidad;Variación anual;2025M08;2,6
12 Galicia;06 Sanidad;Variación anual;2025M07;2,5
12 Galicia;06 Sanidad;Variación anual;2025M06;2,2
12 Galicia;06 Sanidad;Variación anual;2025M05;2,1
12 Galicia;06 Sanidad;Variación anual;2025M04;2,2
12 Galicia;06 Sanidad;Variación anual;2025M03;2,2
12 Galicia;06 Sanidad;Variación anual;2025M02;2,5
12 Galicia;06 Sanidad;Variación anual;2025M01;2,5
12 Galicia;06 Sanidad;Variación en lo que va de año;2025M10;
12 Galicia;06 Sanidad;Variación en lo que va de año;2025M09;2,3
12 Galicia;06 Sanidad;Variación en lo que va de año;2025M08;2,2
12 Galicia;06 Sanidad;Variación en lo que va de año;2025M07;2,1
12 Galicia;06 Sanidad;Variación en lo que va de año;2025M06;1,7
12 Galicia;06 Sanidad;Variación en lo que va de año;2025M05;1,5
12 Galicia;06 Sanidad;Variación en lo que va de año;2025M04;1,3
12 Galicia;06 Sanidad;Variación en lo que va de año;2025M03;0,6
12 Galicia;06 Sanidad;Variación en lo que va de año;2025M02;0,5
12 Galicia;06 Sanidad;Variación en lo que va de año;2025M01;0,4
12 Galicia;07 Transporte;Índice;2025M10;
12 Galicia;07 Transporte;Índice;2025M09;114,628
12 Galicia;07 Transporte;Índice;2025M08;115,387
12 Galicia;07 Transporte;Índice;2025M07;114,895
12 Galicia;07 Transporte;Índice;2025M06;113,983
12 Galicia;07 Transporte;Índice;2025M05;113,046
12 Galicia;07 Transporte;Índice;2025M04;114,182
12 Galicia;07 Transporte;Índice;2025M03;114,561
12 Galicia;07 Transporte;Índice;2025M02;115,411
12 Galicia;07 Transporte;Índice;2025M01;114,938
12 Galicia;07 Transporte;Variación mensual;2025M10;
12 Galicia;07 Transporte;Variación mensual;2025M09;-0,7
12 Galicia;07 Transporte;Variación mensual;2025M08;0,4
12 Galicia;07 Transporte;Variación mensual;2025M07;0,8
12 Galicia;07 Transporte;Variación mensual;2025M06;0,8
12 Galicia;07 Transporte;Variación mensual;2025M05;-1
12 Galicia;07 Transporte;Variación mensual;2025M04;-0,3
12 Galicia;07 Transporte;Variación mensual;2025M03;-0,7
12 Galicia;07 Transporte;Variación mensual;2025M02;0,4
12 Galicia;07 Transporte;Variación mensual;2025M01;1,1
12 Galicia;07 Transporte;Variación anual;2025M10;
12 Galicia;07 Transporte;Variación anual;2025M09;2,2
12 Galicia;07 Transporte;Variación anual;2025M08;1
12 Galicia;07 Transporte;Variación anual;2025M07;-0,3
12 Galicia;07 Transporte;Variación anual;2025M06;-0,8
12 Galicia;07 Transporte;Variación anual;2025M05;-2,1
12 Galicia;07 Transporte;Variación anual;2025M04;-1,8
12 Galicia;07 Transporte;Variación anual;2025M03;-0,7
12 Galicia;07 Transporte;Variación anual;2025M02;0,7
12 Galicia;07 Transporte;Variación anual;2025M01;1,8
12 Galicia;07 Transporte;Variación en lo que va de año;2025M10;
12 Galicia;07 Transporte;Variación en lo que va de año;2025M09;0,8
12 Galicia;07 Transporte;Variación en lo que va de año;2025M08;1,4
12 Galicia;07 Transporte;Variación en lo que va de año;2025M07;1
12 Galicia;07 Transporte;Variación en lo que va de año;2025M06;0,2
12 Galicia;07 Transporte;Variación en lo que va de año;2025M05;-0,6
12 Galicia;07 Transporte;Variación en lo que va de año;2025M04;0,4
12 Galicia;07 Transporte;Variación en lo que va de año;2025M03;0,7
12 Galicia;07 Transporte;Variación en lo que va de año;2025M02;1,5
12 Galicia;07 Transporte;Variación en lo que va de año;2025M01;1,1
12 Galicia;08 Comunicaciones;Índice;2025M10;
12 Galicia;08 Comunicaciones;Índice;2025M09;102,548
12 Galicia;08 Comunicaciones;Índice;2025M08;102,617
12 Galicia;08 Comunicaciones;Índice;2025M07;102,51
12 Galicia;08 Comunicaciones;Índice;2025M06;104,371
12 Galicia;08 Comunicaciones;Índice;2025M05;104,354
12 Galicia;08 Comunicaciones;Índice;2025M04;104,535
12 Galicia;08 Comunicaciones;Índice;2025M03;104,341
12 Galicia;08 Comunicaciones;Índice;2025M02;104,407
12 Galicia;08 Comunicaciones;Índice;2025M01;103,711
12 Galicia;08 Comunicaciones;Variación mensual;2025M10;
12 Galicia;08 Comunicaciones;Variación mensual;2025M09;-0,1
12 Galicia;08 Comunicaciones;Variación mensual;2025M08;0,1
12 Galicia;08 Comunicaciones;Variación mensual;2025M07;-1,8
12 Galicia;08 Comunicaciones;Variación mensual;2025M06;0
12 Galicia;08 Comunicaciones;Variación mensual;2025M05;-0,2
12 Galicia;08 Comunicaciones;Variación mensual;2025M04;0,2
12 Galicia;08 Comunicaciones;Variación mensual;2025M03;-0,1
12 Galicia;08 Comunicaciones;Variación mensual;2025M02;0,7
12 Galicia;08 Comunicaciones;Variación mensual;2025M01;3
12 Galicia;08 Comunicaciones;Variación anual;2025M10;
12 Galicia;08 Comunicaciones;Variación anual;2025M09;0,8
12 Galicia;08 Comunicaciones;Variación anual;2025M08;0,8
12 Galicia;08 Comunicaciones;Variación anual;2025M07;0,6
12 Galicia;08 Comunicaciones;Variación anual;2025M06;2
12 Galicia;08 Comunicaciones;Variación anual;2025M05;2
12 Galicia;08 Comunicaciones;Variación anual;2025M04;2,1
12 Galicia;08 Comunicaciones;Variación anual;2025M03;2
12 Galicia;08 Comunicaciones;Variación anual;2025M02;1,9
12 Galicia;08 Comunicaciones;Variación anual;2025M01;1,2
12 Galicia;08 Comunicaciones;Variación en lo que va de año;2025M10;
12 Galicia;08 Comunicaciones;Variación en lo que va de año;2025M09;1,8
12 Galicia;08 Comunicaciones;Variación en lo que va de año;2025M08;1,9
12 Galicia;08 Comunicaciones;Variación en lo que va de año;2025M07;1,8
12 Galicia;08 Comunicaciones;Variación en lo que va de año;2025M06;3,6
12 Galicia;08 Comunicaciones;Variación en lo que va de año;2025M05;3,6
12 Galicia;08 Comunicaciones;Variación en lo que va de año;2025M04;3,8
12 Galicia;08 Comunicaciones;Variación en lo que va de año;2025M03;3,6
12 Galicia;08 Comunicaciones;Variación en lo que va de año;2025M02;3,7
12 Galicia;08 Comunicaciones;Variación en lo que va de año;2025M01;3
12 Galicia;09 Ocio y cultura;Índice;2025M10;
12 Galicia;09 Ocio y cultura;Índice;2025M09;109,864
12 Galicia;09 Ocio y cultura;Índice;2025M08;113,503
12 Galicia;09 Ocio y cultura;Índice;2025M07;111,989
12 Galicia;09 Ocio y cultura;Índice;2025M06;110,514
12 Galicia;09 Ocio y cultura;Índice;2025M05;108,508
12 Galicia;09 Ocio y cultura;Índice;2025M04;110,352
12 Galicia;09 Ocio y cultura;Índice;2025M03;107,748
12 Galicia;09 Ocio y cultura;Índice;2025M02;107,738
12 Galicia;09 Ocio y cultura;Índice;2025M01;107,693
12 Galicia;09 Ocio y cultura;Variación mensual;2025M10;
12 Galicia;09 Ocio y cultura;Variación mensual;2025M09;-3,2
12 Galicia;09 Ocio y cultura;Variación mensual;2025M08;1,4
12 Galicia;09 Ocio y cultura;Variación mensual;2025M07;1,3
12 Galicia;09 Ocio y cultura;Variación mensual;2025M06;1,8
12 Galicia;09 Ocio y cultura;Variación mensual;2025M05;-1,7
12 Galicia;09 Ocio y cultura;Variación mensual;2025M04;2,4
12 Galicia;09 Ocio y cultura;Variación mensual;2025M03;0
12 Galicia;09 Ocio y cultura;Variación mensual;2025M02;0
12 Galicia;09 Ocio y cultura;Variación mensual;2025M01;-2,5
12 Galicia;09 Ocio y cultura;Variación anual;2025M10;
12 Galicia;09 Ocio y cultura;Variación anual;2025M09;1
12 Galicia;09 Ocio y cultura;Variación anual;2025M08;0,6
12 Galicia;09 Ocio y cultura;Variación anual;2025M07;0,3
12 Galicia;09 Ocio y cultura;Variación anual;2025M06;0,2
12 Galicia;09 Ocio y cultura;Variación anual;2025M05;0,3
12 Galicia;09 Ocio y cultura;Variación anual;2025M04;2,3
12 Galicia;09 Ocio y cultura;Variación anual;2025M03;-0,5
12 Galicia;09 Ocio y cultura;Variación anual;2025M02;0
12 Galicia;09 Ocio y cultura;Variación anual;2025M01;1,8
12 Galicia;09 Ocio y cultura;Variación en lo que va de año;2025M10;
12 Galicia;09 Ocio y cultura;Variación en lo que va de año;2025M09;-0,5
12 Galicia;09 Ocio y cultura;Variación en lo que va de año;2025M08;2,8
12 Galicia;09 Ocio y cultura;Variación en lo que va de año;2025M07;1,4
12 Galicia;09 Ocio y cultura;Variación en lo que va de año;2025M06;0,1
12 Galicia;09 Ocio y cultura;Variación en lo que va de año;2025M05;-1,7
12 Galicia;09 Ocio y cultura;Variación en lo que va de año;2025M04;-0,1
12 Galicia;09 Ocio y cultura;Variación en lo que va de año;2025M03;-2,4
12 Galicia;09 Ocio y cultura;Variación en lo que va de año;2025M02;-2,4
12 Galicia;09 Ocio y cultura;Variación en lo que va de año;2025M01;-2,5
12 Galicia;10 Enseñanza;Índice;2025M10;
12 Galicia;10 Enseñanza;Índice;2025M09;107,099
12 Galicia;10 Enseñanza;Índice;2025M08;105,693
12 Galicia;10 Enseñanza;Índice;2025M07;105,647
12 Galicia;10 Enseñanza;Índice;2025M06;105,636
12 Galicia;10 Enseñanza;Índice;2025M05;105,636
12 Galicia;10 Enseñanza;Índice;2025M04;105,636
12 Galicia;10 Enseñanza;Índice;2025M03;105,591
12 Galicia;10 Enseñanza;Índice;2025M02;105,568
12 Galicia;10 Enseñanza;Índice;2025M01;105,473
12 Galicia;10 Enseñanza;Variación mensual;2025M10;
12 Galicia;10 Enseñanza;Variación mensual;2025M09;1,3
12 Galicia;10 Enseñanza;Variación mensual;2025M08;0
12 Galicia;10 Enseñanza;Variación mensual;2025M07;0
12 Galicia;10 Enseñanza;Variación mensual;2025M06;0
12 Galicia;10 Enseñanza;Variación mensual;2025M05;0
12 Galicia;10 Enseñanza;Variación mensual;2025M04;0
12 Galicia;10 Enseñanza;Variación mensual;2025M03;0
12 Galicia;10 Enseñanza;Variación mensual;2025M02;0,1
12 Galicia;10 Enseñanza;Variación mensual;2025M01;0,1
12 Galicia;10 Enseñanza;Variación anual;2025M10;
12 Galicia;10 Enseñanza;Variación anual;2025M09;2,3
12 Galicia;10 Enseñanza;Variación anual;2025M08;2,5
12 Galicia;10 Enseñanza;Variación anual;2025M07;2,5
12 Galicia;10 Enseñanza;Variación anual;2025M06;2,6
12 Galicia;10 Enseñanza;Variación anual;2025M05;2,6
12 Galicia;10 Enseñanza;Variación anual;2025M04;2,6
12 Galicia;10 Enseñanza;Variación anual;2025M03;2,5
12 Galicia;10 Enseñanza;Variación anual;2025M02;2,6
12 Galicia;10 Enseñanza;Variación anual;2025M01;2,7
12 Galicia;10 Enseñanza;Variación en lo que va de año;2025M10;
12 Galicia;10 Enseñanza;Variación en lo que va de año;2025M09;1,6
12 Galicia;10 Enseñanza;Variación en lo que va de año;2025M08;0,3
12 Galicia;10 Enseñanza;Variación en lo que va de año;2025M07;0,2
12 Galicia;10 Enseñanza;Variación en lo que va de año;2025M06;0,2
12 Galicia;10 Enseñanza;Variación en lo que va de año;2025M05;0,2
12 Galicia;10 Enseñanza;Variación en lo que va de año;2025M04;0,2
12 Galicia;10 Enseñanza;Variación en lo que va de año;2025M03;0,2
12 Galicia;10 Enseñanza;Variación en lo que va de año;2025M02;0,1
12 Galicia;10 Enseñanza;Variación en lo que va de año;2025M01;0,1
12 Galicia;11 Restaurantes y hoteles;Índice;2025M10;
12 Galicia;11 Restaurantes y hoteles;Índice;2025M09;129,099
12 Galicia;11 Restaurantes y hoteles;Índice;2025M08;130,145
12 Galicia;11 Restaurantes y hoteles;Índice;2025M07;128,602
12 Galicia;11 Restaurantes y hoteles;Índice;2025M06;127,812
12 Galicia;11 Restaurantes y hoteles;Índice;2025M05;126,505
12 Galicia;11 Restaurantes y hoteles;Índice;2025M04;125,425
12 Galicia;11 Restaurantes y hoteles;Índice;2025M03;123,849
12 Galicia;11 Restaurantes y hoteles;Índice;2025M02;122,961
12 Galicia;11 Restaurantes y hoteles;Índice;2025M01;122,139
12 Galicia;11 Restaurantes y hoteles;Variación mensual;2025M10;
12 Galicia;11 Restaurantes y hoteles;Variación mensual;2025M09;-0,8
12 Galicia;11 Restaurantes y hoteles;Variación mensual;2025M08;1,2
12 Galicia;11 Restaurantes y hoteles;Variación mensual;2025M07;0,6
12 Galicia;11 Restaurantes y hoteles;Variación mensual;2025M06;1
12 Galicia;11 Restaurantes y hoteles;Variación mensual;2025M05;0,9
12 Galicia;11 Restaurantes y hoteles;Variación mensual;2025M04;1,3
12 Galicia;11 Restaurantes y hoteles;Variación mensual;2025M03;0,7
12 Galicia;11 Restaurantes y hoteles;Variación mensual;2025M02;0,7
12 Galicia;11 Restaurantes y hoteles;Variación mensual;2025M01;-0,2
12 Galicia;11 Restaurantes y hoteles;Variación anual;2025M10;
12 Galicia;11 Restaurantes y hoteles;Variación anual;2025M09;4,7
12 Galicia;11 Restaurantes y hoteles;Variación anual;2025M08;4,4
12 Galicia;11 Restaurantes y hoteles;Variación anual;2025M07;3,9
12 Galicia;11 Restaurantes y hoteles;Variación anual;2025M06;5
12 Galicia;11 Restaurantes y hoteles;Variación anual;2025M05;4,9
12 Galicia;11 Restaurantes y hoteles;Variación anual;2025M04;4,6
12 Galicia;11 Restaurantes y hoteles;Variación anual;2025M03;4,1
12 Galicia;11 Restaurantes y hoteles;Variación anual;2025M02;4,1
12 Galicia;11 Restaurantes y hoteles;Variación anual;2025M01;4
12 Galicia;11 Restaurantes y hoteles;Variación en lo que va de año;2025M10;
12 Galicia;11 Restaurantes y hoteles;Variación en lo que va de año;2025M09;5,5
12 Galicia;11 Restaurantes y hoteles;Variación en lo que va de año;2025M08;6,4
12 Galicia;11 Restaurantes y hoteles;Variación en lo que va de año;2025M07;5,1
12 Galicia;11 Restaurantes y hoteles;Variación en lo que va de año;2025M06;4,5
12 Galicia;11 Restaurantes y hoteles;Variación en lo que va de año;2025M05;3,4
12 Galicia;11 Restaurantes y hoteles;Variación en lo que va de año;2025M04;2,5
12 Galicia;11 Restaurantes y hoteles;Variación en lo que va de año;2025M03;1,2
12 Galicia;11 Restaurantes y hoteles;Variación en lo que va de año;2025M02;0,5
12 Galicia;11 Restaurantes y hoteles;Variación en lo que va de año;2025M01;-0,2
12 Galicia;12 Otros bienes y servicios;Índice;2025M10;
12 Galicia;12 Otros bienes y servicios;Índice;2025M09;116,998
12 Galicia;12 Otros bienes y servicios;Índice;2025M08;116,582
12 Galicia;12 Otros bienes y servicios;Índice;2025M07;116,696
12 Galicia;12 Otros bienes y servicios;Índice;2025M06;117,135
12 Galicia;12 Otros bienes y servicios;Índice;2025M05;116,267
12 Galicia;12 Otros bienes y servicios;Índice;2025M04;116,244
12 Galicia;12 Otros bienes y servicios;Índice;2025M03;115,751
12 Galicia;12 Otros bienes y servicios;Índice;2025M02;115,468
12 Galicia;12 Otros bienes y servicios;Índice;2025M01;114,49
12 Galicia;12 Otros bienes y servicios;Variación mensual;2025M10;
12 Galicia;12 Otros bienes y servicios;Variación mensual;2025M09;0,4
12 Galicia;12 Otros bienes y servicios;Variación mensual;2025M08;-0,1
12 Galicia;12 Otros bienes y servicios;Variación mensual;2025M07;-0,4
12 Galicia;12 Otros bienes y servicios;Variación mensual;2025M06;0,7
12 Galicia;12 Otros bienes y servicios;Variación mensual;2025M05;0
12 Galicia;12 Otros bienes y servicios;Variación mensual;2025M04;0,4
12 Galicia;12 Otros bienes y servicios;Variación mensual;2025M03;0,2
12 Galicia;12 Otros bienes y servicios;Variación mensual;2025M02;0,9
12 Galicia;12 Otros bienes y servicios;Variación mensual;2025M01;0,3
12 Galicia;12 Otros bienes y servicios;Variación anual;2025M10;
12 Galicia;12 Otros bienes y servicios;Variación anual;2025M09;3,2
12 Galicia;12 Otros bienes y servicios;Variación anual;2025M08;2,6
12 Galicia;12 Otros bienes y servicios;Variación anual;2025M07;3,1
12 Galicia;12 Otros bienes y servicios;Variación anual;2025M06;3
12 Galicia;12 Otros bienes y servicios;Variación anual;2025M05;3,3
12 Galicia;12 Otros bienes y servicios;Variación anual;2025M04;3,6
12 Galicia;12 Otros bienes y servicios;Variación anual;2025M03;3,4
12 Galicia;12 Otros bienes y servicios;Variación anual;2025M02;3,6
12 Galicia;12 Otros bienes y servicios;Variación anual;2025M01;3,4
12 Galicia;12 Otros bienes y servicios;Variación en lo que va de año;2025M10;
12 Galicia;12 Otros bienes y servicios;Variación en lo que va de año;2025M09;2,5
12 Galicia;12 Otros bienes y servicios;Variación en lo que va de año;2025M08;2,1
12 Galicia;12 Otros bienes y servicios;Variación en lo que va de año;2025M07;2,2
12 Galicia;12 Otros bienes y servicios;Variación en lo que va de año;2025M06;2,6
12 Galicia;12 Otros bienes y servicios;Variación en lo que va de año;2025M05;1,8
12 Galicia;12 Otros bienes y servicios;Variación en lo que va de año;2025M04;1,8
12 Galicia;12 Otros bienes y servicios;Variación en lo que va de año;2025M03;1,4
12 Galicia;12 Otros bienes y servicios;Variación en lo que va de año;2025M02;1,1
12 Galicia;12 Otros bienes y servicios;Variación en lo que va de año;2025M01;0,3
13 Madrid, Comunidad de;01 Alimentos y bebidas no alcohólicas;Índice;2025M10;
13 Madrid, Comunidad de;01 Alimentos y bebidas no alcohólicas;Índice;2025M09;132,242
13 Madrid, Comunidad de;01 Alimentos y bebidas no alcohólicas;Índice;2025M08;132,232
13 Madrid, Comunidad de;01 Alimentos y bebidas no alcohólicas;Índice;2025M07;133,275
13 Madrid, Comunidad de;01 Alimentos y bebidas no alcohólicas;Índice;2025M06;133,665
13 Madrid, Comunidad de;01 Alimentos y bebidas no alcohólicas;Índice;2025M05;133,208
13 Madrid, Comunidad de;01 Alimentos y bebidas no alcohólicas;Índice;2025M04;132,486
13 Madrid, Comunidad de;01 Alimentos y bebidas no alcohólicas;Índice;2025M03;132,447
13 Madrid, Comunidad de;01 Alimentos y bebidas no alcohólicas;Índice;2025M02;132,014
13 Madrid, Comunidad de;01 Alimentos y bebidas no alcohólicas;Índice;2025M01;131,81
13 Madrid, Comunidad de;01 Alimentos y bebidas no alcohólicas;Variación mensual;2025M10;
13 Madrid, Comunidad de;01 Alimentos y bebidas no alcohólicas;Variación mensual;2025M09;0
13 Madrid, Comunidad de;01 Alimentos y bebidas no alcohólicas;Variación mensual;2025M08;-0,8
13 Madrid, Comunidad de;01 Alimentos y bebidas no alcohólicas;Variación mensual;2025M07;-0,3
13 Madrid, Comunidad de;01 Alimentos y bebidas no alcohólicas;Variación mensual;2025M06;0,3
13 Madrid, Comunidad de;01 Alimentos y bebidas no alcohólicas;Variación mensual;2025M05;0,5
13 Madrid, Comunidad de;01 Alimentos y bebidas no alcohólicas;Variación mensual;2025M04;0
13 Madrid, Comunidad de;01 Alimentos y bebidas no alcohólicas;Variación mensual;2025M03;0,3
13 Madrid, Comunidad de;01 Alimentos y bebidas no alcohólicas;Variación mensual;2025M02;0,2
13 Madrid, Comunidad de;01 Alimentos y bebidas no alcohólicas;Variación mensual;2025M01;0,7
13 Madrid, Comunidad de;01 Alimentos y bebidas no alcohólicas;Variación anual;2025M10;
13 Madrid, Comunidad de;01 Alimentos y bebidas no alcohólicas;Variación anual;2025M09;2,7
13 Madrid, Comunidad de;01 Alimentos y bebidas no alcohólicas;Variación anual;2025M08;2,6
13 Madrid, Comunidad de;01 Alimentos y bebidas no alcohólicas;Variación anual;2025M07;3
13 Madrid, Comunidad de;01 Alimentos y bebidas no alcohólicas;Variación anual;2025M06;3
13 Madrid, Comunidad de;01 Alimentos y bebidas no alcohólicas;Variación anual;2025M05;2,6
13 Madrid, Comunidad de;01 Alimentos y bebidas no alcohólicas;Variación anual;2025M04;1,9
13 Madrid, Comunidad de;01 Alimentos y bebidas no alcohólicas;Variación anual;2025M03;2,8
13 Madrid, Comunidad de;01 Alimentos y bebidas no alcohólicas;Variación anual;2025M02;2,2
13 Madrid, Comunidad de;01 Alimentos y bebidas no alcohólicas;Variación anual;2025M01;2
13 Madrid, Comunidad de;01 Alimentos y bebidas no alcohólicas;Variación en lo que va de año;2025M10;
13 Madrid, Comunidad de;01 Alimentos y bebidas no alcohólicas;Variación en lo que va de año;2025M09;1,1
13 Madrid, Comunidad de;01 Alimentos y bebidas no alcohólicas;Variación en lo que va de año;2025M08;1,1
13 Madrid, Comunidad de;01 Alimentos y bebidas no alcohólicas;Variación en lo que va de año;2025M07;1,9
13 Madrid, Comunidad de;01 Alimentos y bebidas no alcohólicas;Variación en lo que va de año;2025M06;2,2
13 Madrid, Comunidad de;01 Alimentos y bebidas no alcohólicas;Variación en lo que va de año;2025M05;1,8
13 Madrid, Comunidad de;01 Alimentos y bebidas no alcohólicas;Variación en lo que va de año;2025M04;1,3
13 Madrid, Comunidad de;01 Alimentos y bebidas no alcohólicas;Variación en lo que va de año;2025M03;1,2
13 Madrid, Comunidad de;01 Alimentos y bebidas no alcohólicas;Variación en lo que va de año;2025M02;0,9
13 Madrid, Comunidad de;01 Alimentos y bebidas no alcohólicas;Variación en lo que va de año;2025M01;0,7
13 Madrid, Comunidad de;02 Bebidas alcohólicas y tabaco;Índice;2025M10;
13 Madrid, Comunidad de;02 Bebidas alcohólicas y tabaco;Índice;2025M09;121,191
13 Madrid, Comunidad de;02 Bebidas alcohólicas y tabaco;Índice;2025M08;121,11
13 Madrid, Comunidad de;02 Bebidas alcohólicas y tabaco;Índice;2025M07;121,34
13 Madrid, Comunidad de;02 Bebidas alcohólicas y tabaco;Índice;2025M06;121,659
13 Madrid, Comunidad de;02 Bebidas alcohólicas y tabaco;Índice;2025M05;120,699
13 Madrid, Comunidad de;02 Bebidas alcohólicas y tabaco;Índice;2025M04;119,636
13 Madrid, Comunidad de;02 Bebidas alcohólicas y tabaco;Índice;2025M03;119,799
13 Madrid, Comunidad de;02 Bebidas alcohólicas y tabaco;Índice;2025M02;119,473
13 Madrid, Comunidad de;02 Bebidas alcohólicas y tabaco;Índice;2025M01;119,783
13 Madrid, Comunidad de;02 Bebidas alcohólicas y tabaco;Variación mensual;2025M10;
13 Madrid, Comunidad de;02 Bebidas alcohólicas y tabaco;Variación mensual;2025M09;0,1
13 Madrid, Comunidad de;02 Bebidas alcohólicas y tabaco;Variación mensual;2025M08;-0,2
13 Madrid, Comunidad de;02 Bebidas alcohólicas y tabaco;Variación mensual;2025M07;-0,3
13 Madrid, Comunidad de;02 Bebidas alcohólicas y tabaco;Variación mensual;2025M06;0,8
13 Madrid, Comunidad de;02 Bebidas alcohólicas y tabaco;Variación mensual;2025M05;0,9
13 Madrid, Comunidad de;02 Bebidas alcohólicas y tabaco;Variación mensual;2025M04;-0,1
13 Madrid, Comunidad de;02 Bebidas alcohólicas y tabaco;Variación mensual;2025M03;0,3
13 Madrid, Comunidad de;02 Bebidas alcohólicas y tabaco;Variación mensual;2025M02;-0,3
13 Madrid, Comunidad de;02 Bebidas alcohólicas y tabaco;Variación mensual;2025M01;2,3
13 Madrid, Comunidad de;02 Bebidas alcohólicas y tabaco;Variación anual;2025M10;
13 Madrid, Comunidad de;02 Bebidas alcohólicas y tabaco;Variación anual;2025M09;4,2
13 Madrid, Comunidad de;02 Bebidas alcohólicas y tabaco;Variación anual;2025M08;4,1
13 Madrid, Comunidad de;02 Bebidas alcohólicas y tabaco;Variación anual;2025M07;4,4
13 Madrid, Comunidad de;02 Bebidas alcohólicas y tabaco;Variación anual;2025M06;4,7
13 Madrid, Comunidad de;02 Bebidas alcohólicas y tabaco;Variación anual;2025M05;3,7
13 Madrid, Comunidad de;02 Bebidas alcohólicas y tabaco;Variación anual;2025M04;3
13 Madrid, Comunidad de;02 Bebidas alcohólicas y tabaco;Variación anual;2025M03;3,3
13 Madrid, Comunidad de;02 Bebidas alcohólicas y tabaco;Variación anual;2025M02;3
13 Madrid, Comunidad de;02 Bebidas alcohólicas y tabaco;Variación anual;2025M01;4,7
13 Madrid, Comunidad de;02 Bebidas alcohólicas y tabaco;Variación en lo que va de año;2025M10;
13 Madrid, Comunidad de;02 Bebidas alcohólicas y tabaco;Variación en lo que va de año;2025M09;3,5
13 Madrid, Comunidad de;02 Bebidas alcohólicas y tabaco;Variación en lo que va de año;2025M08;3,4
13 Madrid, Comunidad de;02 Bebidas alcohólicas y tabaco;Variación en lo que va de año;2025M07;3,6
13 Madrid, Comunidad de;02 Bebidas alcohólicas y tabaco;Variación en lo que va de año;2025M06;3,9
13 Madrid, Comunidad de;02 Bebidas alcohólicas y tabaco;Variación en lo que va de año;2025M05;3
13 Madrid, Comunidad de;02 Bebidas alcohólicas y tabaco;Variación en lo que va de año;2025M04;2,1
13 Madrid, Comunidad de;02 Bebidas alcohólicas y tabaco;Variación en lo que va de año;2025M03;2,3
13 Madrid, Comunidad de;02 Bebidas alcohólicas y tabaco;Variación en lo que va de año;2025M02;2
13 Madrid, Comunidad de;02 Bebidas alcohólicas y tabaco;Variación en lo que va de año;2025M01;2,3
13 Madrid, Comunidad de;03 Vestido y calzado;Índice;2025M10;
13 Madrid, Comunidad de;03 Vestido y calzado;Índice;2025M09;103,641
13 Madrid, Comunidad de;03 Vestido y calzado;Índice;2025M08;98,836
13 Madrid, Comunidad de;03 Vestido y calzado;Índice;2025M07;100,114
13 Madrid, Comunidad de;03 Vestido y calzado;Índice;2025M06;109,479
13 Madrid, Comunidad de;03 Vestido y calzado;Índice;2025M05;109,819
13 Madrid, Comunidad de;03 Vestido y calzado;Índice;2025M04;106,777
13 Madrid, Comunidad de;03 Vestido y calzado;Índice;2025M03;102,756
13 Madrid, Comunidad de;03 Vestido y calzado;Índice;2025M02;98,553
13 Madrid, Comunidad de;03 Vestido y calzado;Índice;2025M01;99,489
13 Madrid, Comunidad de;03 Vestido y calzado;Variación mensual;2025M10;
13 Madrid, Comunidad de;03 Vestido y calzado;Variación mensual;2025M09;4,9
13 Madrid, Comunidad de;03 Vestido y calzado;Variación mensual;2025M08;-1,3
13 Madrid, Comunidad de;03 Vestido y calzado;Variación mensual;2025M07;-8,6
13 Madrid, Comunidad de;03 Vestido y calzado;Variación mensual;2025M06;-0,3
13 Madrid, Comunidad de;03 Vestido y calzado;Variación mensual;2025M05;2,8
13 Madrid, Comunidad de;03 Vestido y calzado;Variación mensual;2025M04;3,9
13 Madrid, Comunidad de;03 Vestido y calzado;Variación mensual;2025M03;4,3
13 Madrid, Comunidad de;03 Vestido y calzado;Variación mensual;2025M02;-0,9
13 Madrid, Comunidad de;03 Vestido y calzado;Variación mensual;2025M01;-11
13 Madrid, Comunidad de;03 Vestido y calzado;Variación anual;2025M10;
13 Madrid, Comunidad de;03 Vestido y calzado;Variación anual;2025M09;0,3
13 Madrid, Comunidad de;03 Vestido y calzado;Variación anual;2025M08;0,5
13 Madrid, Comunidad de;03 Vestido y calzado;Variación anual;2025M07;0,1
13 Madrid, Comunidad de;03 Vestido y calzado;Variación anual;2025M06;0,6
13 Madrid, Comunidad de;03 Vestido y calzado;Variación anual;2025M05;0,2
13 Madrid, Comunidad de;03 Vestido y calzado;Variación anual;2025M04;-1
13 Madrid, Comunidad de;03 Vestido y calzado;Variación anual;2025M03;-0,6
13 Madrid, Comunidad de;03 Vestido y calzado;Variación anual;2025M02;-0,7
13 Madrid, Comunidad de;03 Vestido y calzado;Variación anual;2025M01;-2,2
13 Madrid, Comunidad de;03 Vestido y calzado;Variación en lo que va de año;2025M10;
13 Madrid, Comunidad de;03 Vestido y calzado;Variación en lo que va de año;2025M09;-7,3
13 Madrid, Comunidad de;03 Vestido y calzado;Variación en lo que va de año;2025M08;-11,6
13 Madrid, Comunidad de;03 Vestido y calzado;Variación en lo que va de año;2025M07;-10,5
13 Madrid, Comunidad de;03 Vestido y calzado;Variación en lo que va de año;2025M06;-2,1
13 Madrid, Comunidad de;03 Vestido y calzado;Variación en lo que va de año;2025M05;-1,8
13 Madrid, Comunidad de;03 Vestido y calzado;Variación en lo que va de año;2025M04;-4,5
13 Madrid, Comunidad de;03 Vestido y calzado;Variación en lo que va de año;2025M03;-8,1
13 Madrid, Comunidad de;03 Vestido y calzado;Variación en lo que va de año;2025M02;-11,9
13 Madrid, Comunidad de;03 Vestido y calzado;Variación en lo que va de año;2025M01;-11
13 Madrid, Comunidad de;04 Vivienda, agua, electricidad, gas y otros combustibles;Índice;2025M10;
13 Madrid, Comunidad de;04 Vivienda, agua, electricidad, gas y otros combustibles;Índice;2025M09;113,327
13 Madrid, Comunidad de;04 Vivienda, agua, electricidad, gas y otros combustibles;Índice;2025M08;110,741
13 Madrid, Comunidad de;04 Vivienda, agua, electricidad, gas y otros combustibles;Índice;2025M07;110,631
13 Madrid, Comunidad de;04 Vivienda, agua, electricidad, gas y otros combustibles;Índice;2025M06;110,311
13 Madrid, Comunidad de;04 Vivienda, agua, electricidad, gas y otros combustibles;Índice;2025M05;109,299
13 Madrid, Comunidad de;04 Vivienda, agua, electricidad, gas y otros combustibles;Índice;2025M04;108,887
13 Madrid, Comunidad de;04 Vivienda, agua, electricidad, gas y otros combustibles;Índice;2025M03;109,943
13 Madrid, Comunidad de;04 Vivienda, agua, electricidad, gas y otros combustibles;Índice;2025M02;111,027
13 Madrid, Comunidad de;04 Vivienda, agua, electricidad, gas y otros combustibles;Índice;2025M01;110,697
13 Madrid, Comunidad de;04 Vivienda, agua, electricidad, gas y otros combustibles;Variación mensual;2025M10;
13 Madrid, Comunidad de;04 Vivienda, agua, electricidad, gas y otros combustibles;Variación mensual;2025M09;2,3
13 Madrid, Comunidad de;04 Vivienda, agua, electricidad, gas y otros combustibles;Variación mensual;2025M08;0,1
13 Madrid, Comunidad de;04 Vivienda, agua, electricidad, gas y otros combustibles;Variación mensual;2025M07;0,3
13 Madrid, Comunidad de;04 Vivienda, agua, electricidad, gas y otros combustibles;Variación mensual;2025M06;0,9
13 Madrid, Comunidad de;04 Vivienda, agua, electricidad, gas y otros combustibles;Variación mensual;2025M05;0,4
13 Madrid, Comunidad de;04 Vivienda, agua, electricidad, gas y otros combustibles;Variación mensual;2025M04;-1
13 Madrid, Comunidad de;04 Vivienda, agua, electricidad, gas y otros combustibles;Variación mensual;2025M03;-1
13 Madrid, Comunidad de;04 Vivienda, agua, electricidad, gas y otros combustibles;Variación mensual;2025M02;0,3
13 Madrid, Comunidad de;04 Vivienda, agua, electricidad, gas y otros combustibles;Variación mensual;2025M01;2,9
13 Madrid, Comunidad de;04 Vivienda, agua, electricidad, gas y otros combustibles;Variación anual;2025M10;
13 Madrid, Comunidad de;04 Vivienda, agua, electricidad, gas y otros combustibles;Variación anual;2025M09;7,8
13 Madrid, Comunidad de;04 Vivienda, agua, electricidad, gas y otros combustibles;Variación anual;2025M08;4,9
13 Madrid, Comunidad de;04 Vivienda, agua, electricidad, gas y otros combustibles;Variación anual;2025M07;5,5
13 Madrid, Comunidad de;04 Vivienda, agua, electricidad, gas y otros combustibles;Variación anual;2025M06;3,8
13 Madrid, Comunidad de;04 Vivienda, agua, electricidad, gas y otros combustibles;Variación anual;2025M05;3,3
13 Madrid, Comunidad de;04 Vivienda, agua, electricidad, gas y otros combustibles;Variación anual;2025M04;3,7
13 Madrid, Comunidad de;04 Vivienda, agua, electricidad, gas y otros combustibles;Variación anual;2025M03;5,5
13 Madrid, Comunidad de;04 Vivienda, agua, electricidad, gas y otros combustibles;Variación anual;2025M02;8,1
13 Madrid, Comunidad de;04 Vivienda, agua, electricidad, gas y otros combustibles;Variación anual;2025M01;6,6
13 Madrid, Comunidad de;04 Vivienda, agua, electricidad, gas y otros combustibles;Variación en lo que va de año;2025M10;
13 Madrid, Comunidad de;04 Vivienda, agua, electricidad, gas y otros combustibles;Variación en lo que va de año;2025M09;5,3
13 Madrid, Comunidad de;04 Vivienda, agua, electricidad, gas y otros combustibles;Variación en lo que va de año;2025M08;2,9
13 Madrid, Comunidad de;04 Vivienda, agua, electricidad, gas y otros combustibles;Variación en lo que va de año;2025M07;2,8
13 Madrid, Comunidad de;04 Vivienda, agua, electricidad, gas y otros combustibles;Variación en lo que va de año;2025M06;2,5
13 Madrid, Comunidad de;04 Vivienda, agua, electricidad, gas y otros combustibles;Variación en lo que va de año;2025M05;1,6
13 Madrid, Comunidad de;04 Vivienda, agua, electricidad, gas y otros combustibles;Variación en lo que va de año;2025M04;1,2
13 Madrid, Comunidad de;04 Vivienda, agua, electricidad, gas y otros combustibles;Variación en lo que va de año;2025M03;2,2
13 Madrid, Comunidad de;04 Vivienda, agua, electricidad, gas y otros combustibles;Variación en lo que va de año;2025M02;3,2
13 Madrid, Comunidad de;04 Vivienda, agua, electricidad, gas y otros combustibles;Variación en lo que va de año;2025M01;2,9
13 Madrid, Comunidad de;05 Muebles, artículos del hogar y artículos para el mantenimiento corriente del hogar;Índice;2025M10;
13 Madrid, Comunidad de;05 Muebles, artículos del hogar y artículos para el mantenimiento corriente del hogar;Índice;2025M09;112,736
13 Madrid, Comunidad de;05 Muebles, artículos del hogar y artículos para el mantenimiento corriente del hogar;Índice;2025M08;112,665
13 Madrid, Comunidad de;05 Muebles, artículos del hogar y artículos para el mantenimiento corriente del hogar;Índice;2025M07;112,748
13 Madrid, Comunidad de;05 Muebles, artículos del hogar y artículos para el mantenimiento corriente del hogar;Índice;2025M06;112,653
13 Madrid, Comunidad de;05 Muebles, artículos del hogar y artículos para el mantenimiento corriente del hogar;Índice;2025M05;112,595
13 Madrid, Comunidad de;05 Muebles, artículos del hogar y artículos para el mantenimiento corriente del hogar;Índice;2025M04;112,561
13 Madrid, Comunidad de;05 Muebles, artículos del hogar y artículos para el mantenimiento corriente del hogar;Índice;2025M03;112,347
13 Madrid, Comunidad de;05 Muebles, artículos del hogar y artículos para el mantenimiento corriente del hogar;Índice;2025M02;112,161
13 Madrid, Comunidad de;05 Muebles, artículos del hogar y artículos para el mantenimiento corriente del hogar;Índice;2025M01;112,376
13 Madrid, Comunidad de;05 Muebles, artículos del hogar y artículos para el mantenimiento corriente del hogar;Variación mensual;2025M10;
13 Madrid, Comunidad de;05 Muebles, artículos del hogar y artículos para el mantenimiento corriente del hogar;Variación mensual;2025M09;0,1
13 Madrid, Comunidad de;05 Muebles, artículos del hogar y artículos para el mantenimiento corriente del hogar;Variación mensual;2025M08;-0,1
13 Madrid, Comunidad de;05 Muebles, artículos del hogar y artículos para el mantenimiento corriente del hogar;Variación mensual;2025M07;0,1
13 Madrid, Comunidad de;05 Muebles, artículos del hogar y artículos para el mantenimiento corriente del hogar;Variación mensual;2025M06;0,1
13 Madrid, Comunidad de;05 Muebles, artículos del hogar y artículos para el mantenimiento corriente del hogar;Variación mensual;2025M05;0
13 Madrid, Comunidad de;05 Muebles, artículos del hogar y artículos para el mantenimiento corriente del hogar;Variación mensual;2025M04;0,2
13 Madrid, Comunidad de;05 Muebles, artículos del hogar y artículos para el mantenimiento corriente del hogar;Variación mensual;2025M03;0,2
13 Madrid, Comunidad de;05 Muebles, artículos del hogar y artículos para el mantenimiento corriente del hogar;Variación mensual;2025M02;-0,2
13 Madrid, Comunidad de;05 Muebles, artículos del hogar y artículos para el mantenimiento corriente del hogar;Variación mensual;2025M01;0
13 Madrid, Comunidad de;05 Muebles, artículos del hogar y artículos para el mantenimiento corriente del hogar;Variación anual;2025M10;
13 Madrid, Comunidad de;05 Muebles, artículos del hogar y artículos para el mantenimiento corriente del hogar;Variación anual;2025M09;0,9
13 Madrid, Comunidad de;05 Muebles, artículos del hogar y artículos para el mantenimiento corriente del hogar;Variación anual;2025M08;1
13 Madrid, Comunidad de;05 Muebles, artículos del hogar y artículos para el mantenimiento corriente del hogar;Variación anual;2025M07;1,2
13 Madrid, Comunidad de;05 Muebles, artículos del hogar y artículos para el mantenimiento corriente del hogar;Variación anual;2025M06;0,7
13 Madrid, Comunidad de;05 Muebles, artículos del hogar y artículos para el mantenimiento corriente del hogar;Variación anual;2025M05;0,9
13 Madrid, Comunidad de;05 Muebles, artículos del hogar y artículos para el mantenimiento corriente del hogar;Variación anual;2025M04;1,3
13 Madrid, Comunidad de;05 Muebles, artículos del hogar y artículos para el mantenimiento corriente del hogar;Variación anual;2025M03;1,5
13 Madrid, Comunidad de;05 Muebles, artículos del hogar y artículos para el mantenimiento corriente del hogar;Variación anual;2025M02;1,3
13 Madrid, Comunidad de;05 Muebles, artículos del hogar y artículos para el mantenimiento corriente del hogar;Variación anual;2025M01;1,4
13 Madrid, Comunidad de;05 Muebles, artículos del hogar y artículos para el mantenimiento corriente del hogar;Variación en lo que va de año;2025M10;
13 Madrid, Comunidad de;05 Muebles, artículos del hogar y artículos para el mantenimiento corriente del hogar;Variación en lo que va de año;2025M09;0,3
13 Madrid, Comunidad de;05 Muebles, artículos del hogar y artículos para el mantenimiento corriente del hogar;Variación en lo que va de año;2025M08;0,3
13 Madrid, Comunidad de;05 Muebles, artículos del hogar y artículos para el mantenimiento corriente del hogar;Variación en lo que va de año;2025M07;0,4
13 Madrid, Comunidad de;05 Muebles, artículos del hogar y artículos para el mantenimiento corriente del hogar;Variación en lo que va de año;2025M06;0,3
13 Madrid, Comunidad de;05 Muebles, artículos del hogar y artículos para el mantenimiento corriente del hogar;Variación en lo que va de año;2025M05;0,2
13 Madrid, Comunidad de;05 Muebles, artículos del hogar y artículos para el mantenimiento corriente del hogar;Variación en lo que va de año;2025M04;0,2
13 Madrid, Comunidad de;05 Muebles, artículos del hogar y artículos para el mantenimiento corriente del hogar;Variación en lo que va de año;2025M03;0
13 Madrid, Comunidad de;05 Muebles, artículos del hogar y artículos para el mantenimiento corriente del hogar;Variación en lo que va de año;2025M02;-0,2
13 Madrid, Comunidad de;05 Muebles, artículos del hogar y artículos para el mantenimiento corriente del hogar;Variación en lo que va de año;2025M01;0
13 Madrid, Comunidad de;06 Sanidad;Índice;2025M10;
13 Madrid, Comunidad de;06 Sanidad;Índice;2025M09;104,688
13 Madrid, Comunidad de;06 Sanidad;Índice;2025M08;104,409
13 Madrid, Comunidad de;06 Sanidad;Índice;2025M07;104,353
13 Madrid, Comunidad de;06 Sanidad;Índice;2025M06;104,337
13 Madrid, Comunidad de;06 Sanidad;Índice;2025M05;103,797
13 Madrid, Comunidad de;06 Sanidad;Índice;2025M04;103,718
13 Madrid, Comunidad de;06 Sanidad;Índice;2025M03;103,177
13 Madrid, Comunidad de;06 Sanidad;Índice;2025M02;103,157
13 Madrid, Comunidad de;06 Sanidad;Índice;2025M01;103,064
13 Madrid, Comunidad de;06 Sanidad;Variación mensual;2025M10;
13 Madrid, Comunidad de;06 Sanidad;Variación mensual;2025M09;0,3
13 Madrid, Comunidad de;06 Sanidad;Variación mensual;2025M08;0,1
13 Madrid, Comunidad de;06 Sanidad;Variación mensual;2025M07;0
13 Madrid, Comunidad de;06 Sanidad;Variación mensual;2025M06;0,5
13 Madrid, Comunidad de;06 Sanidad;Variación mensual;2025M05;0,1
13 Madrid, Comunidad de;06 Sanidad;Variación mensual;2025M04;0,5
13 Madrid, Comunidad de;06 Sanidad;Variación mensual;2025M03;0
13 Madrid, Comunidad de;06 Sanidad;Variación mensual;2025M02;0,1
13 Madrid, Comunidad de;06 Sanidad;Variación mensual;2025M01;0,6
13 Madrid, Comunidad de;06 Sanidad;Variación anual;2025M10;
13 Madrid, Comunidad de;06 Sanidad;Variación anual;2025M09;2,3
13 Madrid, Comunidad de;06 Sanidad;Variación anual;2025M08;2,2
13 Madrid, Comunidad de;06 Sanidad;Variación anual;2025M07;2,1
13 Madrid, Comunidad de;06 Sanidad;Variación anual;2025M06;2,7
13 Madrid, Comunidad de;06 Sanidad;Variación anual;2025M05;2
13 Madrid, Comunidad de;06 Sanidad;Variación anual;2025M04;2,5
13 Madrid, Comunidad de;06 Sanidad;Variación anual;2025M03;1,9
13 Madrid, Comunidad de;06 Sanidad;Variación anual;2025M02;2
13 Madrid, Comunidad de;06 Sanidad;Variación anual;2025M01;2,2
13 Madrid, Comunidad de;06 Sanidad;Variación en lo que va de año;2025M10;
13 Madrid, Comunidad de;06 Sanidad;Variación en lo que va de año;2025M09;2,2
13 Madrid, Comunidad de;06 Sanidad;Variación en lo que va de año;2025M08;1,9
13 Madrid, Comunidad de;06 Sanidad;Variación en lo que va de año;2025M07;1,8
13 Madrid, Comunidad de;06 Sanidad;Variación en lo que va de año;2025M06;1,8
13 Madrid, Comunidad de;06 Sanidad;Variación en lo que va de año;2025M05;1,3
13 Madrid, Comunidad de;06 Sanidad;Variación en lo que va de año;2025M04;1,2
13 Madrid, Comunidad de;06 Sanidad;Variación en lo que va de año;2025M03;0,7
13 Madrid, Comunidad de;06 Sanidad;Variación en lo que va de año;2025M02;0,7
13 Madrid, Comunidad de;06 Sanidad;Variación en lo que va de año;2025M01;0,6
13 Madrid, Comunidad de;07 Transporte;Índice;2025M10;
13 Madrid, Comunidad de;07 Transporte;Índice;2025M09;109,296
13 Madrid, Comunidad de;07 Transporte;Índice;2025M08;110,322
13 Madrid, Comunidad de;07 Transporte;Índice;2025M07;110,198
13 Madrid, Comunidad de;07 Transporte;Índice;2025M06;106,979
13 Madrid, Comunidad de;07 Transporte;Índice;2025M05;105,924
13 Madrid, Comunidad de;07 Transporte;Índice;2025M04;107,296
13 Madrid, Comunidad de;07 Transporte;Índice;2025M03;107,383
13 Madrid, Comunidad de;07 Transporte;Índice;2025M02;108,057
13 Madrid, Comunidad de;07 Transporte;Índice;2025M01;107,265
13 Madrid, Comunidad de;07 Transporte;Variación mensual;2025M10;
13 Madrid, Comunidad de;07 Transporte;Variación mensual;2025M09;-0,9
13 Madrid, Comunidad de;07 Transporte;Variación mensual;2025M08;0,1
13 Madrid, Comunidad de;07 Transporte;Variación mensual;2025M07;3
13 Madrid, Comunidad de;07 Transporte;Variación mensual;2025M06;1
13 Madrid, Comunidad de;07 Transporte;Variación mensual;2025M05;-1,3
13 Madrid, Comunidad de;07 Transporte;Variación mensual;2025M04;-0,1
13 Madrid, Comunidad de;07 Transporte;Variación mensual;2025M03;-0,6
13 Madrid, Comunidad de;07 Transporte;Variación mensual;2025M02;0,7
13 Madrid, Comunidad de;07 Transporte;Variación mensual;2025M01;0,7
13 Madrid, Comunidad de;07 Transporte;Variación anual;2025M10;
13 Madrid, Comunidad de;07 Transporte;Variación anual;2025M09;3,7
13 Madrid, Comunidad de;07 Transporte;Variación anual;2025M08;2,8
13 Madrid, Comunidad de;07 Transporte;Variación anual;2025M07;1,9
13 Madrid, Comunidad de;07 Transporte;Variación anual;2025M06;-0,8
13 Madrid, Comunidad de;07 Transporte;Variación anual;2025M05;-2,1
13 Madrid, Comunidad de;07 Transporte;Variación anual;2025M04;-1,5
13 Madrid, Comunidad de;07 Transporte;Variación anual;2025M03;-0,7
13 Madrid, Comunidad de;07 Transporte;Variación anual;2025M02;0,4
13 Madrid, Comunidad de;07 Transporte;Variación anual;2025M01;1,3
13 Madrid, Comunidad de;07 Transporte;Variación en lo que va de año;2025M10;
13 Madrid, Comunidad de;07 Transporte;Variación en lo que va de año;2025M09;2,6
13 Madrid, Comunidad de;07 Transporte;Variación en lo que va de año;2025M08;3,5
13 Madrid, Comunidad de;07 Transporte;Variación en lo que va de año;2025M07;3,4
13 Madrid, Comunidad de;07 Transporte;Variación en lo que va de año;2025M06;0,4
13 Madrid, Comunidad de;07 Transporte;Variación en lo que va de año;2025M05;-0,6
13 Madrid, Comunidad de;07 Transporte;Variación en lo que va de año;2025M04;0,7
13 Madrid, Comunidad de;07 Transporte;Variación en lo que va de año;2025M03;0,8
13 Madrid, Comunidad de;07 Transporte;Variación en lo que va de año;2025M02;1,4
13 Madrid, Comunidad de;07 Transporte;Variación en lo que va de año;2025M01;0,7
13 Madrid, Comunidad de;08 Comunicaciones;Índice;2025M10;
13 Madrid, Comunidad de;08 Comunicaciones;Índice;2025M09;103,395
13 Madrid, Comunidad de;08 Comunicaciones;Índice;2025M08;103,449
13 Madrid, Comunidad de;08 Comunicaciones;Índice;2025M07;103,366
13 Madrid, Comunidad de;08 Comunicaciones;Índice;2025M06;105,218
13 Madrid, Comunidad de;08 Comunicaciones;Índice;2025M05;105,205
13 Madrid, Comunidad de;08 Comunicaciones;Índice;2025M04;105,346
13 Madrid, Comunidad de;08 Comunicaciones;Índice;2025M03;105,154
13 Madrid, Comunidad de;08 Comunicaciones;Índice;2025M02;105,205
13 Madrid, Comunidad de;08 Comunicaciones;Índice;2025M01;104,5
13 Madrid, Comunidad de;08 Comunicaciones;Variación mensual;2025M10;
13 Madrid, Comunidad de;08 Comunicaciones;Variación mensual;2025M09;-0,1
13 Madrid, Comunidad de;08 Comunicaciones;Variación mensual;2025M08;0,1
13 Madrid, Comunidad de;08 Comunicaciones;Variación mensual;2025M07;-1,8
13 Madrid, Comunidad de;08 Comunicaciones;Variación mensual;2025M06;0
13 Madrid, Comunidad de;08 Comunicaciones;Variación mensual;2025M05;-0,1
13 Madrid, Comunidad de;08 Comunicaciones;Variación mensual;2025M04;0,2
13 Madrid, Comunidad de;08 Comunicaciones;Variación mensual;2025M03;0
13 Madrid, Comunidad de;08 Comunicaciones;Variación mensual;2025M02;0,7
13 Madrid, Comunidad de;08 Comunicaciones;Variación mensual;2025M01;3,1
13 Madrid, Comunidad de;08 Comunicaciones;Variación anual;2025M10;
13 Madrid, Comunidad de;08 Comunicaciones;Variación anual;2025M09;1
13 Madrid, Comunidad de;08 Comunicaciones;Variación anual;2025M08;1
13 Madrid, Comunidad de;08 Comunicaciones;Variación anual;2025M07;0,9
13 Madrid, Comunidad de;08 Comunicaciones;Variación anual;2025M06;2,2
13 Madrid, Comunidad de;08 Comunicaciones;Variación anual;2025M05;2,2
13 Madrid, Comunidad de;08 Comunicaciones;Variación anual;2025M04;2,3
13 Madrid, Comunidad de;08 Comunicaciones;Variación anual;2025M03;2,2
13 Madrid, Comunidad de;08 Comunicaciones;Variación anual;2025M02;2,2
13 Madrid, Comunidad de;08 Comunicaciones;Variación anual;2025M01;1,5
13 Madrid, Comunidad de;08 Comunicaciones;Variación en lo que va de año;2025M10;
13 Madrid, Comunidad de;08 Comunicaciones;Variación en lo que va de año;2025M09;2
13 Madrid, Comunidad de;08 Comunicaciones;Variación en lo que va de año;2025M08;2
13 Madrid, Comunidad de;08 Comunicaciones;Variación en lo que va de año;2025M07;2
13 Madrid, Comunidad de;08 Comunicaciones;Variación en lo que va de año;2025M06;3,8
13 Madrid, Comunidad de;08 Comunicaciones;Variación en lo que va de año;2025M05;3,8
13 Madrid, Comunidad de;08 Comunicaciones;Variación en lo que va de año;2025M04;3,9
13 Madrid, Comunidad de;08 Comunicaciones;Variación en lo que va de año;2025M03;3,7
13 Madrid, Comunidad de;08 Comunicaciones;Variación en lo que va de año;2025M02;3,8
13 Madrid, Comunidad de;08 Comunicaciones;Variación en lo que va de año;2025M01;3,1
13 Madrid, Comunidad de;09 Ocio y cultura;Índice;2025M10;
13 Madrid, Comunidad de;09 Ocio y cultura;Índice;2025M09;111,677
13 Madrid, Comunidad de;09 Ocio y cultura;Índice;2025M08;117,298
13 Madrid, Comunidad de;09 Ocio y cultura;Índice;2025M07;115,257
13 Madrid, Comunidad de;09 Ocio y cultura;Índice;2025M06;113,234
13 Madrid, Comunidad de;09 Ocio y cultura;Índice;2025M05;110,677
13 Madrid, Comunidad de;09 Ocio y cultura;Índice;2025M04;112,618
13 Madrid, Comunidad de;09 Ocio y cultura;Índice;2025M03;109,99
13 Madrid, Comunidad de;09 Ocio y cultura;Índice;2025M02;109,639
13 Madrid, Comunidad de;09 Ocio y cultura;Índice;2025M01;109,092
13 Madrid, Comunidad de;09 Ocio y cultura;Variación mensual;2025M10;
13 Madrid, Comunidad de;09 Ocio y cultura;Variación mensual;2025M09;-4,8
13 Madrid, Comunidad de;09 Ocio y cultura;Variación mensual;2025M08;1,8
13 Madrid, Comunidad de;09 Ocio y cultura;Variación mensual;2025M07;1,8
13 Madrid, Comunidad de;09 Ocio y cultura;Variación mensual;2025M06;2,3
13 Madrid, Comunidad de;09 Ocio y cultura;Variación mensual;2025M05;-1,7
13 Madrid, Comunidad de;09 Ocio y cultura;Variación mensual;2025M04;2,4
13 Madrid, Comunidad de;09 Ocio y cultura;Variación mensual;2025M03;0,3
13 Madrid, Comunidad de;09 Ocio y cultura;Variación mensual;2025M02;0,5
13 Madrid, Comunidad de;09 Ocio y cultura;Variación mensual;2025M01;-3,7
13 Madrid, Comunidad de;09 Ocio y cultura;Variación anual;2025M10;
13 Madrid, Comunidad de;09 Ocio y cultura;Variación anual;2025M09;0,1
13 Madrid, Comunidad de;09 Ocio y cultura;Variación anual;2025M08;0,7
13 Madrid, Comunidad de;09 Ocio y cultura;Variación anual;2025M07;0,6
13 Madrid, Comunidad de;09 Ocio y cultura;Variación anual;2025M06;0,5
13 Madrid, Comunidad de;09 Ocio y cultura;Variación anual;2025M05;0,6
13 Madrid, Comunidad de;09 Ocio y cultura;Variación anual;2025M04;1,8
13 Madrid, Comunidad de;09 Ocio y cultura;Variación anual;2025M03;-0,9
13 Madrid, Comunidad de;09 Ocio y cultura;Variación anual;2025M02;1,1
13 Madrid, Comunidad de;09 Ocio y cultura;Variación anual;2025M01;1,9
13 Madrid, Comunidad de;09 Ocio y cultura;Variación en lo que va de año;2025M10;
13 Madrid, Comunidad de;09 Ocio y cultura;Variación en lo que va de año;2025M09;-1,4
13 Madrid, Comunidad de;09 Ocio y cultura;Variación en lo que va de año;2025M08;3,6
13 Madrid, Comunidad de;09 Ocio y cultura;Variación en lo que va de año;2025M07;1,8
13 Madrid, Comunidad de;09 Ocio y cultura;Variación en lo que va de año;2025M06;0
13 Madrid, Comunidad de;09 Ocio y cultura;Variación en lo que va de año;2025M05;-2,3
13 Madrid, Comunidad de;09 Ocio y cultura;Variación en lo que va de año;2025M04;-0,6
13 Madrid, Comunidad de;09 Ocio y cultura;Variación en lo que va de año;2025M03;-2,9
13 Madrid, Comunidad de;09 Ocio y cultura;Variación en lo que va de año;2025M02;-3,2
13 Madrid, Comunidad de;09 Ocio y cultura;Variación en lo que va de año;2025M01;-3,7
13 Madrid, Comunidad de;10 Enseñanza;Índice;2025M10;
13 Madrid, Comunidad de;10 Enseñanza;Índice;2025M09;110,619
13 Madrid, Comunidad de;10 Enseñanza;Índice;2025M08;108,677
13 Madrid, Comunidad de;10 Enseñanza;Índice;2025M07;108,593
13 Madrid, Comunidad de;10 Enseñanza;Índice;2025M06;108,593
13 Madrid, Comunidad de;10 Enseñanza;Índice;2025M05;108,593
13 Madrid, Comunidad de;10 Enseñanza;Índice;2025M04;108,51
13 Madrid, Comunidad de;10 Enseñanza;Índice;2025M03;108,494
13 Madrid, Comunidad de;10 Enseñanza;Índice;2025M02;108,463
13 Madrid, Comunidad de;10 Enseñanza;Índice;2025M01;108,453
13 Madrid, Comunidad de;10 Enseñanza;Variación mensual;2025M10;
13 Madrid, Comunidad de;10 Enseñanza;Variación mensual;2025M09;1,8
13 Madrid, Comunidad de;10 Enseñanza;Variación mensual;2025M08;0,1
13 Madrid, Comunidad de;10 Enseñanza;Variación mensual;2025M07;0
13 Madrid, Comunidad de;10 Enseñanza;Variación mensual;2025M06;0
13 Madrid, Comunidad de;10 Enseñanza;Variación mensual;2025M05;0,1
13 Madrid, Comunidad de;10 Enseñanza;Variación mensual;2025M04;0
13 Madrid, Comunidad de;10 Enseñanza;Variación mensual;2025M03;0
13 Madrid, Comunidad de;10 Enseñanza;Variación mensual;2025M02;0
13 Madrid, Comunidad de;10 Enseñanza;Variación mensual;2025M01;0,1
13 Madrid, Comunidad de;10 Enseñanza;Variación anual;2025M10;
13 Madrid, Comunidad de;10 Enseñanza;Variación anual;2025M09;2,8
13 Madrid, Comunidad de;10 Enseñanza;Variación anual;2025M08;2,6
13 Madrid, Comunidad de;10 Enseñanza;Variación anual;2025M07;2,5
13 Madrid, Comunidad de;10 Enseñanza;Variación anual;2025M06;2,6
13 Madrid, Comunidad de;10 Enseñanza;Variación anual;2025M05;2,6
13 Madrid, Comunidad de;10 Enseñanza;Variación anual;2025M04;2,5
13 Madrid, Comunidad de;10 Enseñanza;Variación anual;2025M03;2,5
13 Madrid, Comunidad de;10 Enseñanza;Variación anual;2025M02;2,6
13 Madrid, Comunidad de;10 Enseñanza;Variación anual;2025M01;2,6
13 Madrid, Comunidad de;10 Enseñanza;Variación en lo que va de año;2025M10;
13 Madrid, Comunidad de;10 Enseñanza;Variación en lo que va de año;2025M09;2
13 Madrid, Comunidad de;10 Enseñanza;Variación en lo que va de año;2025M08;0,3
13 Madrid, Comunidad de;10 Enseñanza;Variación en lo que va de año;2025M07;0,2
13 Madrid, Comunidad de;10 Enseñanza;Variación en lo que va de año;2025M06;0,2
13 Madrid, Comunidad de;10 Enseñanza;Variación en lo que va de año;2025M05;0,2
13 Madrid, Comunidad de;10 Enseñanza;Variación en lo que va de año;2025M04;0,1
13 Madrid, Comunidad de;10 Enseñanza;Variación en lo que va de año;2025M03;0,1
13 Madrid, Comunidad de;10 Enseñanza;Variación en lo que va de año;2025M02;0,1
13 Madrid, Comunidad de;10 Enseñanza;Variación en lo que va de año;2025M01;0,1
13 Madrid, Comunidad de;11 Restaurantes y hoteles;Índice;2025M10;
13 Madrid, Comunidad de;11 Restaurantes y hoteles;Índice;2025M09;126,526
13 Madrid, Comunidad de;11 Restaurantes y hoteles;Índice;2025M08;123,487
13 Madrid, Comunidad de;11 Restaurantes y hoteles;Índice;2025M07;124,144
13 Madrid, Comunidad de;11 Restaurantes y hoteles;Índice;2025M06;125,198
13 Madrid, Comunidad de;11 Restaurantes y hoteles;Índice;2025M05;125,521
13 Madrid, Comunidad de;11 Restaurantes y hoteles;Índice;2025M04;124,794
13 Madrid, Comunidad de;11 Restaurantes y hoteles;Índice;2025M03;123,253
13 Madrid, Comunidad de;11 Restaurantes y hoteles;Índice;2025M02;122,163
13 Madrid, Comunidad de;11 Restaurantes y hoteles;Índice;2025M01;121,388
13 Madrid, Comunidad de;11 Restaurantes y hoteles;Variación mensual;2025M10;
13 Madrid, Comunidad de;11 Restaurantes y hoteles;Variación mensual;2025M09;2,5
13 Madrid, Comunidad de;11 Restaurantes y hoteles;Variación mensual;2025M08;-0,5
13 Madrid, Comunidad de;11 Restaurantes y hoteles;Variación mensual;2025M07;-0,8
13 Madrid, Comunidad de;11 Restaurantes y hoteles;Variación mensual;2025M06;-0,3
13 Madrid, Comunidad de;11 Restaurantes y hoteles;Variación mensual;2025M05;0,6
13 Madrid, Comunidad de;11 Restaurantes y hoteles;Variación mensual;2025M04;1,3
13 Madrid, Comunidad de;11 Restaurantes y hoteles;Variación mensual;2025M03;0,9
13 Madrid, Comunidad de;11 Restaurantes y hoteles;Variación mensual;2025M02;0,6
13 Madrid, Comunidad de;11 Restaurantes y hoteles;Variación mensual;2025M01;0,2
13 Madrid, Comunidad de;11 Restaurantes y hoteles;Variación anual;2025M10;
13 Madrid, Comunidad de;11 Restaurantes y hoteles;Variación anual;2025M09;4,6
13 Madrid, Comunidad de;11 Restaurantes y hoteles;Variación anual;2025M08;3,8
13 Madrid, Comunidad de;11 Restaurantes y hoteles;Variación anual;2025M07;3,4
13 Madrid, Comunidad de;11 Restaurantes y hoteles;Variación anual;2025M06;3,5
13 Madrid, Comunidad de;11 Restaurantes y hoteles;Variación anual;2025M05;4,2
13 Madrid, Comunidad de;11 Restaurantes y hoteles;Variación anual;2025M04;4,4
13 Madrid, Comunidad de;11 Restaurantes y hoteles;Variación anual;2025M03;4,2
13 Madrid, Comunidad de;11 Restaurantes y hoteles;Variación anual;2025M02;4,9
13 Madrid, Comunidad de;11 Restaurantes y hoteles;Variación anual;2025M01;5,3
13 Madrid, Comunidad de;11 Restaurantes y hoteles;Variación en lo que va de año;2025M10;
13 Madrid, Comunidad de;11 Restaurantes y hoteles;Variación en lo que va de año;2025M09;4,5
13 Madrid, Comunidad de;11 Restaurantes y hoteles;Variación en lo que va de año;2025M08;2
13 Madrid, Comunidad de;11 Restaurantes y hoteles;Variación en lo que va de año;2025M07;2,5
13 Madrid, Comunidad de;11 Restaurantes y hoteles;Variación en lo que va de año;2025M06;3,4
13 Madrid, Comunidad de;11 Restaurantes y hoteles;Variación en lo que va de año;2025M05;3,7
13 Madrid, Comunidad de;11 Restaurantes y hoteles;Variación en lo que va de año;2025M04;3,1
13 Madrid, Comunidad de;11 Restaurantes y hoteles;Variación en lo que va de año;2025M03;1,8
13 Madrid, Comunidad de;11 Restaurantes y hoteles;Variación en lo que va de año;2025M02;0,9
13 Madrid, Comunidad de;11 Restaurantes y hoteles;Variación en lo que va de año;2025M01;0,2
13 Madrid, Comunidad de;12 Otros bienes y servicios;Índice;2025M10;
13 Madrid, Comunidad de;12 Otros bienes y servicios;Índice;2025M09;117,616
13 Madrid, Comunidad de;12 Otros bienes y servicios;Índice;2025M08;117,673
13 Madrid, Comunidad de;12 Otros bienes y servicios;Índice;2025M07;117,441
13 Madrid, Comunidad de;12 Otros bienes y servicios;Índice;2025M06;117,583
13 Madrid, Comunidad de;12 Otros bienes y servicios;Índice;2025M05;116,295
13 Madrid, Comunidad de;12 Otros bienes y servicios;Índice;2025M04;115,91
13 Madrid, Comunidad de;12 Otros bienes y servicios;Índice;2025M03;115,761
13 Madrid, Comunidad de;12 Otros bienes y servicios;Índice;2025M02;115,405
13 Madrid, Comunidad de;12 Otros bienes y servicios;Índice;2025M01;114,816
13 Madrid, Comunidad de;12 Otros bienes y servicios;Variación mensual;2025M10;
13 Madrid, Comunidad de;12 Otros bienes y servicios;Variación mensual;2025M09;0
13 Madrid, Comunidad de;12 Otros bienes y servicios;Variación mensual;2025M08;0,2
13 Madrid, Comunidad de;12 Otros bienes y servicios;Variación mensual;2025M07;-0,1
13 Madrid, Comunidad de;12 Otros bienes y servicios;Variación mensual;2025M06;1,1
13 Madrid, Comunidad de;12 Otros bienes y servicios;Variación mensual;2025M05;0,3
13 Madrid, Comunidad de;12 Otros bienes y servicios;Variación mensual;2025M04;0,1
13 Madrid, Comunidad de;12 Otros bienes y servicios;Variación mensual;2025M03;0,3
13 Madrid, Comunidad de;12 Otros bienes y servicios;Variación mensual;2025M02;0,5
13 Madrid, Comunidad de;12 Otros bienes y servicios;Variación mensual;2025M01;1,3
13 Madrid, Comunidad de;12 Otros bienes y servicios;Variación anual;2025M10;
13 Madrid, Comunidad de;12 Otros bienes y servicios;Variación anual;2025M09;4,4
13 Madrid, Comunidad de;12 Otros bienes y servicios;Variación anual;2025M08;4,4
13 Madrid, Comunidad de;12 Otros bienes y servicios;Variación anual;2025M07;4,3
13 Madrid, Comunidad de;12 Otros bienes y servicios;Variación anual;2025M06;4,1
13 Madrid, Comunidad de;12 Otros bienes y servicios;Variación anual;2025M05;4,2
13 Madrid, Comunidad de;12 Otros bienes y servicios;Variación anual;2025M04;4,1
13 Madrid, Comunidad de;12 Otros bienes y servicios;Variación anual;2025M03;4,3
13 Madrid, Comunidad de;12 Otros bienes y servicios;Variación anual;2025M02;4
13 Madrid, Comunidad de;12 Otros bienes y servicios;Variación anual;2025M01;4,4
13 Madrid, Comunidad de;12 Otros bienes y servicios;Variación en lo que va de año;2025M10;
13 Madrid, Comunidad de;12 Otros bienes y servicios;Variación en lo que va de año;2025M09;3,7
13 Madrid, Comunidad de;12 Otros bienes y servicios;Variación en lo que va de año;2025M08;3,8
13 Madrid, Comunidad de;12 Otros bienes y servicios;Variación en lo que va de año;2025M07;3,6
13 Madrid, Comunidad de;12 Otros bienes y servicios;Variación en lo que va de año;2025M06;3,7
13 Madrid, Comunidad de;12 Otros bienes y servicios;Variación en lo que va de año;2025M05;2,6
13 Madrid, Comunidad de;12 Otros bienes y servicios;Variación en lo que va de año;2025M04;2,2
13 Madrid, Comunidad de;12 Otros bienes y servicios;Variación en lo que va de año;2025M03;2,1
13 Madrid, Comunidad de;12 Otros bienes y servicios;Variación en lo que va de año;2025M02;1,8
13 Madrid, Comunidad de;12 Otros bienes y servicios;Variación en lo que va de año;2025M01;1,3
14 Murcia, Región de;01 Alimentos y bebidas no alcohólicas;Índice;2025M10;
14 Murcia, Región de;01 Alimentos y bebidas no alcohólicas;Índice;2025M09;130,241
14 Murcia, Región de;01 Alimentos y bebidas no alcohólicas;Índice;2025M08;131,012
14 Murcia, Región de;01 Alimentos y bebidas no alcohólicas;Índice;2025M07;131,822
14 Murcia, Región de;01 Alimentos y bebidas no alcohólicas;Índice;2025M06;132,973
14 Murcia, Región de;01 Alimentos y bebidas no alcohólicas;Índice;2025M05;132,931
14 Murcia, Región de;01 Alimentos y bebidas no alcohólicas;Índice;2025M04;132,285
14 Murcia, Región de;01 Alimentos y bebidas no alcohólicas;Índice;2025M03;131,639
14 Murcia, Región de;01 Alimentos y bebidas no alcohólicas;Índice;2025M02;131,213
14 Murcia, Región de;01 Alimentos y bebidas no alcohólicas;Índice;2025M01;131,184
14 Murcia, Región de;01 Alimentos y bebidas no alcohólicas;Variación mensual;2025M10;
14 Murcia, Región de;01 Alimentos y bebidas no alcohólicas;Variación mensual;2025M09;-0,6
14 Murcia, Región de;01 Alimentos y bebidas no alcohólicas;Variación mensual;2025M08;-0,6
14 Murcia, Región de;01 Alimentos y bebidas no alcohólicas;Variación mensual;2025M07;-0,9
14 Murcia, Región de;01 Alimentos y bebidas no alcohólicas;Variación mensual;2025M06;0
14 Murcia, Región de;01 Alimentos y bebidas no alcohólicas;Variación mensual;2025M05;0,5
14 Murcia, Región de;01 Alimentos y bebidas no alcohólicas;Variación mensual;2025M04;0,5
14 Murcia, Región de;01 Alimentos y bebidas no alcohólicas;Variación mensual;2025M03;0,3
14 Murcia, Región de;01 Alimentos y bebidas no alcohólicas;Variación mensual;2025M02;0
14 Murcia, Región de;01 Alimentos y bebidas no alcohólicas;Variación mensual;2025M01;0,9
14 Murcia, Región de;01 Alimentos y bebidas no alcohólicas;Variación anual;2025M10;
14 Murcia, Región de;01 Alimentos y bebidas no alcohólicas;Variación anual;2025M09;1,4
14 Murcia, Región de;01 Alimentos y bebidas no alcohólicas;Variación anual;2025M08;1,4
14 Murcia, Región de;01 Alimentos y bebidas no alcohólicas;Variación anual;2025M07;1,7
14 Murcia, Región de;01 Alimentos y bebidas no alcohólicas;Variación anual;2025M06;1,9
14 Murcia, Región de;01 Alimentos y bebidas no alcohólicas;Variación anual;2025M05;1,8
14 Murcia, Región de;01 Alimentos y bebidas no alcohólicas;Variación anual;2025M04;1,9
14 Murcia, Región de;01 Alimentos y bebidas no alcohólicas;Variación anual;2025M03;1,5
14 Murcia, Región de;01 Alimentos y bebidas no alcohólicas;Variación anual;2025M02;1,6
14 Murcia, Región de;01 Alimentos y bebidas no alcohólicas;Variación anual;2025M01;1,4
14 Murcia, Región de;01 Alimentos y bebidas no alcohólicas;Variación en lo que va de año;2025M10;
14 Murcia, Región de;01 Alimentos y bebidas no alcohólicas;Variación en lo que va de año;2025M09;0,1
14 Murcia, Región de;01 Alimentos y bebidas no alcohólicas;Variación en lo que va de año;2025M08;0,7
14 Murcia, Región de;01 Alimentos y bebidas no alcohólicas;Variación en lo que va de año;2025M07;1,3
14 Murcia, Región de;01 Alimentos y bebidas no alcohólicas;Variación en lo que va de año;2025M06;2,2
14 Murcia, Región de;01 Alimentos y bebidas no alcohólicas;Variación en lo que va de año;2025M05;2,2
14 Murcia, Región de;01 Alimentos y bebidas no alcohólicas;Variación en lo que va de año;2025M04;1,7
14 Murcia, Región de;01 Alimentos y bebidas no alcohólicas;Variación en lo que va de año;2025M03;1,2
14 Murcia, Región de;01 Alimentos y bebidas no alcohólicas;Variación en lo que va de año;2025M02;0,9
14 Murcia, Región de;01 Alimentos y bebidas no alcohólicas;Variación en lo que va de año;2025M01;0,9
14 Murcia, Región de;02 Bebidas alcohólicas y tabaco;Índice;2025M10;
14 Murcia, Región de;02 Bebidas alcohólicas y tabaco;Índice;2025M09;122,271
14 Murcia, Región de;02 Bebidas alcohólicas y tabaco;Índice;2025M08;122,112
14 Murcia, Región de;02 Bebidas alcohólicas y tabaco;Índice;2025M07;121,633
14 Murcia, Región de;02 Bebidas alcohólicas y tabaco;Índice;2025M06;121,608
14 Murcia, Región de;02 Bebidas alcohólicas y tabaco;Índice;2025M05;120,8
14 Murcia, Región de;02 Bebidas alcohólicas y tabaco;Índice;2025M04;119,769
14 Murcia, Región de;02 Bebidas alcohólicas y tabaco;Índice;2025M03;120,613
14 Murcia, Región de;02 Bebidas alcohólicas y tabaco;Índice;2025M02;119,802
14 Murcia, Región de;02 Bebidas alcohólicas y tabaco;Índice;2025M01;119,849
14 Murcia, Región de;02 Bebidas alcohólicas y tabaco;Variación mensual;2025M10;
14 Murcia, Región de;02 Bebidas alcohólicas y tabaco;Variación mensual;2025M09;0,1
14 Murcia, Región de;02 Bebidas alcohólicas y tabaco;Variación mensual;2025M08;0,4
14 Murcia, Región de;02 Bebidas alcohólicas y tabaco;Variación mensual;2025M07;0
14 Murcia, Región de;02 Bebidas alcohólicas y tabaco;Variación mensual;2025M06;0,7
14 Murcia, Región de;02 Bebidas alcohólicas y tabaco;Variación mensual;2025M05;0,9
14 Murcia, Región de;02 Bebidas alcohólicas y tabaco;Variación mensual;2025M04;-0,7
14 Murcia, Región de;02 Bebidas alcohólicas y tabaco;Variación mensual;2025M03;0,7
14 Murcia, Región de;02 Bebidas alcohólicas y tabaco;Variación mensual;2025M02;0
14 Murcia, Región de;02 Bebidas alcohólicas y tabaco;Variación mensual;2025M01;1,2
14 Murcia, Región de;02 Bebidas alcohólicas y tabaco;Variación anual;2025M10;
14 Murcia, Región de;02 Bebidas alcohólicas y tabaco;Variación anual;2025M09;4,9
14 Murcia, Región de;02 Bebidas alcohólicas y tabaco;Variación anual;2025M08;5,6
14 Murcia, Región de;02 Bebidas alcohólicas y tabaco;Variación anual;2025M07;4,2
14 Murcia, Región de;02 Bebidas alcohólicas y tabaco;Variación anual;2025M06;4,4
14 Murcia, Región de;02 Bebidas alcohólicas y tabaco;Variación anual;2025M05;3,6
14 Murcia, Región de;02 Bebidas alcohólicas y tabaco;Variación anual;2025M04;2,3
14 Murcia, Región de;02 Bebidas alcohólicas y tabaco;Variación anual;2025M03;3,2
14 Murcia, Región de;02 Bebidas alcohólicas y tabaco;Variación anual;2025M02;3,4
14 Murcia, Región de;02 Bebidas alcohólicas y tabaco;Variación anual;2025M01;3,6
14 Murcia, Región de;02 Bebidas alcohólicas y tabaco;Variación en lo que va de año;2025M10;
14 Murcia, Región de;02 Bebidas alcohólicas y tabaco;Variación en lo que va de año;2025M09;3,3
14 Murcia, Región de;02 Bebidas alcohólicas y tabaco;Variación en lo que va de año;2025M08;3,2
14 Murcia, Región de;02 Bebidas alcohólicas y tabaco;Variación en lo que va de año;2025M07;2,8
14 Murcia, Región de;02 Bebidas alcohólicas y tabaco;Variación en lo que va de año;2025M06;2,7
14 Murcia, Región de;02 Bebidas alcohólicas y tabaco;Variación en lo que va de año;2025M05;2
14 Murcia, Región de;02 Bebidas alcohólicas y tabaco;Variación en lo que va de año;2025M04;1,2
14 Murcia, Región de;02 Bebidas alcohólicas y tabaco;Variación en lo que va de año;2025M03;1,9
14 Murcia, Región de;02 Bebidas alcohólicas y tabaco;Variación en lo que va de año;2025M02;1,2
14 Murcia, Región de;02 Bebidas alcohólicas y tabaco;Variación en lo que va de año;2025M01;1,2
14 Murcia, Región de;03 Vestido y calzado;Índice;2025M10;
14 Murcia, Región de;03 Vestido y calzado;Índice;2025M09;96,9
14 Murcia, Región de;03 Vestido y calzado;Índice;2025M08;95,716
14 Murcia, Región de;03 Vestido y calzado;Índice;2025M07;95,945
14 Murcia, Región de;03 Vestido y calzado;Índice;2025M06;107,361
14 Murcia, Región de;03 Vestido y calzado;Índice;2025M05;109,184
14 Murcia, Región de;03 Vestido y calzado;Índice;2025M04;102,138
14 Murcia, Región de;03 Vestido y calzado;Índice;2025M03;95,948
14 Murcia, Región de;03 Vestido y calzado;Índice;2025M02;95,473
14 Murcia, Región de;03 Vestido y calzado;Índice;2025M01;96,848
14 Murcia, Región de;03 Vestido y calzado;Variación mensual;2025M10;
14 Murcia, Región de;03 Vestido y calzado;Variación mensual;2025M09;1,2
14 Murcia, Región de;03 Vestido y calzado;Variación mensual;2025M08;-0,2
14 Murcia, Región de;03 Vestido y calzado;Variación mensual;2025M07;-10,6
14 Murcia, Región de;03 Vestido y calzado;Variación mensual;2025M06;-1,7
14 Murcia, Región de;03 Vestido y calzado;Variación mensual;2025M05;6,9
14 Murcia, Región de;03 Vestido y calzado;Variación mensual;2025M04;6,5
14 Murcia, Región de;03 Vestido y calzado;Variación mensual;2025M03;0,5
14 Murcia, Región de;03 Vestido y calzado;Variación mensual;2025M02;-1,4
14 Murcia, Región de;03 Vestido y calzado;Variación mensual;2025M01;-13,4
14 Murcia, Región de;03 Vestido y calzado;Variación anual;2025M10;
14 Murcia, Región de;03 Vestido y calzado;Variación anual;2025M09;-3,1
14 Murcia, Región de;03 Vestido y calzado;Variación anual;2025M08;-3,9
14 Murcia, Región de;03 Vestido y calzado;Variación anual;2025M07;-3,9
14 Murcia, Región de;03 Vestido y calzado;Variación anual;2025M06;-4,6
14 Murcia, Región de;03 Vestido y calzado;Variación anual;2025M05;-4,3
14 Murcia, Región de;03 Vestido y calzado;Variación anual;2025M04;-6,3
14 Murcia, Región de;03 Vestido y calzado;Variación anual;2025M03;-5,7
14 Murcia, Región de;03 Vestido y calzado;Variación anual;2025M02;-5,5
14 Murcia, Región de;03 Vestido y calzado;Variación anual;2025M01;-5,1
14 Murcia, Región de;03 Vestido y calzado;Variación en lo que va de año;2025M10;
14 Murcia, Región de;03 Vestido y calzado;Variación en lo que va de año;2025M09;-13,3
14 Murcia, Región de;03 Vestido y calzado;Variación en lo que va de año;2025M08;-14,4
14 Murcia, Región de;03 Vestido y calzado;Variación en lo que va de año;2025M07;-14,2
14 Murcia, Región de;03 Vestido y calzado;Variación en lo que va de año;2025M06;-4
14 Murcia, Región de;03 Vestido y calzado;Variación en lo que va de año;2025M05;-2,3
14 Murcia, Región de;03 Vestido y calzado;Variación en lo que va de año;2025M04;-8,6
14 Murcia, Región de;03 Vestido y calzado;Variación en lo que va de año;2025M03;-14,2
14 Murcia, Región de;03 Vestido y calzado;Variación en lo que va de año;2025M02;-14,6
14 Murcia, Región de;03 Vestido y calzado;Variación en lo que va de año;2025M01;-13,4
14 Murcia, Región de;04 Vivienda, agua, electricidad, gas y otros combustibles;Índice;2025M10;
14 Murcia, Región de;04 Vivienda, agua, electricidad, gas y otros combustibles;Índice;2025M09;111,295
14 Murcia, Región de;04 Vivienda, agua, electricidad, gas y otros combustibles;Índice;2025M08;111,362
14 Murcia, Región de;04 Vivienda, agua, electricidad, gas y otros combustibles;Índice;2025M07;111,499
14 Murcia, Región de;04 Vivienda, agua, electricidad, gas y otros combustibles;Índice;2025M06;111,11
14 Murcia, Región de;04 Vivienda, agua, electricidad, gas y otros combustibles;Índice;2025M05;109,809
14 Murcia, Región de;04 Vivienda, agua, electricidad, gas y otros combustibles;Índice;2025M04;109,426
14 Murcia, Región de;04 Vivienda, agua, electricidad, gas y otros combustibles;Índice;2025M03;110,241
14 Murcia, Región de;04 Vivienda, agua, electricidad, gas y otros combustibles;Índice;2025M02;111,681
14 Murcia, Región de;04 Vivienda, agua, electricidad, gas y otros combustibles;Índice;2025M01;111,344
14 Murcia, Región de;04 Vivienda, agua, electricidad, gas y otros combustibles;Variación mensual;2025M10;
14 Murcia, Región de;04 Vivienda, agua, electricidad, gas y otros combustibles;Variación mensual;2025M09;-0,1
14 Murcia, Región de;04 Vivienda, agua, electricidad, gas y otros combustibles;Variación mensual;2025M08;-0,1
14 Murcia, Región de;04 Vivienda, agua, electricidad, gas y otros combustibles;Variación mensual;2025M07;0,3
14 Murcia, Región de;04 Vivienda, agua, electricidad, gas y otros combustibles;Variación mensual;2025M06;1,2
14 Murcia, Región de;04 Vivienda, agua, electricidad, gas y otros combustibles;Variación mensual;2025M05;0,4
14 Murcia, Región de;04 Vivienda, agua, electricidad, gas y otros combustibles;Variación mensual;2025M04;-0,7
14 Murcia, Región de;04 Vivienda, agua, electricidad, gas y otros combustibles;Variación mensual;2025M03;-1,3
14 Murcia, Región de;04 Vivienda, agua, electricidad, gas y otros combustibles;Variación mensual;2025M02;0,3
14 Murcia, Región de;04 Vivienda, agua, electricidad, gas y otros combustibles;Variación mensual;2025M01;3,4
14 Murcia, Región de;04 Vivienda, agua, electricidad, gas y otros combustibles;Variación anual;2025M10;
14 Murcia, Región de;04 Vivienda, agua, electricidad, gas y otros combustibles;Variación anual;2025M09;6,1
14 Murcia, Región de;04 Vivienda, agua, electricidad, gas y otros combustibles;Variación anual;2025M08;6
14 Murcia, Región de;04 Vivienda, agua, electricidad, gas y otros combustibles;Variación anual;2025M07;6,8
14 Murcia, Región de;04 Vivienda, agua, electricidad, gas y otros combustibles;Variación anual;2025M06;4,3
14 Murcia, Región de;04 Vivienda, agua, electricidad, gas y otros combustibles;Variación anual;2025M05;3,9
14 Murcia, Región de;04 Vivienda, agua, electricidad, gas y otros combustibles;Variación anual;2025M04;4,4
14 Murcia, Región de;04 Vivienda, agua, electricidad, gas y otros combustibles;Variación anual;2025M03;5,6
14 Murcia, Región de;04 Vivienda, agua, electricidad, gas y otros combustibles;Variación anual;2025M02;9,3
14 Murcia, Región de;04 Vivienda, agua, electricidad, gas y otros combustibles;Variación anual;2025M01;7,5
14 Murcia, Región de;04 Vivienda, agua, electricidad, gas y otros combustibles;Variación en lo que va de año;2025M10;
14 Murcia, Región de;04 Vivienda, agua, electricidad, gas y otros combustibles;Variación en lo que va de año;2025M09;3,4
14 Murcia, Región de;04 Vivienda, agua, electricidad, gas y otros combustibles;Variación en lo que va de año;2025M08;3,4
14 Murcia, Región de;04 Vivienda, agua, electricidad, gas y otros combustibles;Variación en lo que va de año;2025M07;3,5
14 Murcia, Región de;04 Vivienda, agua, electricidad, gas y otros combustibles;Variación en lo que va de año;2025M06;3,2
14 Murcia, Región de;04 Vivienda, agua, electricidad, gas y otros combustibles;Variación en lo que va de año;2025M05;2
14 Murcia, Región de;04 Vivienda, agua, electricidad, gas y otros combustibles;Variación en lo que va de año;2025M04;1,6
14 Murcia, Región de;04 Vivienda, agua, electricidad, gas y otros combustibles;Variación en lo que va de año;2025M03;2,4
14 Murcia, Región de;04 Vivienda, agua, electricidad, gas y otros combustibles;Variación en lo que va de año;2025M02;3,7
14 Murcia, Región de;04 Vivienda, agua, electricidad, gas y otros combustibles;Variación en lo que va de año;2025M01;3,4
14 Murcia, Región de;05 Muebles, artículos del hogar y artículos para el mantenimiento corriente del hogar;Índice;2025M10;
14 Murcia, Región de;05 Muebles, artículos del hogar y artículos para el mantenimiento corriente del hogar;Índice;2025M09;113,712
14 Murcia, Región de;05 Muebles, artículos del hogar y artículos para el mantenimiento corriente del hogar;Índice;2025M08;113,865
14 Murcia, Región de;05 Muebles, artículos del hogar y artículos para el mantenimiento corriente del hogar;Índice;2025M07;113,904
14 Murcia, Región de;05 Muebles, artículos del hogar y artículos para el mantenimiento corriente del hogar;Índice;2025M06;114,186
14 Murcia, Región de;05 Muebles, artículos del hogar y artículos para el mantenimiento corriente del hogar;Índice;2025M05;114,107
14 Murcia, Región de;05 Muebles, artículos del hogar y artículos para el mantenimiento corriente del hogar;Índice;2025M04;114,091
14 Murcia, Región de;05 Muebles, artículos del hogar y artículos para el mantenimiento corriente del hogar;Índice;2025M03;113,585
14 Murcia, Región de;05 Muebles, artículos del hogar y artículos para el mantenimiento corriente del hogar;Índice;2025M02;113,443
14 Murcia, Región de;05 Muebles, artículos del hogar y artículos para el mantenimiento corriente del hogar;Índice;2025M01;113,586
14 Murcia, Región de;05 Muebles, artículos del hogar y artículos para el mantenimiento corriente del hogar;Variación mensual;2025M10;
14 Murcia, Región de;05 Muebles, artículos del hogar y artículos para el mantenimiento corriente del hogar;Variación mensual;2025M09;-0,1
14 Murcia, Región de;05 Muebles, artículos del hogar y artículos para el mantenimiento corriente del hogar;Variación mensual;2025M08;0
14 Murcia, Región de;05 Muebles, artículos del hogar y artículos para el mantenimiento corriente del hogar;Variación mensual;2025M07;-0,2
14 Murcia, Región de;05 Muebles, artículos del hogar y artículos para el mantenimiento corriente del hogar;Variación mensual;2025M06;0,1
14 Murcia, Región de;05 Muebles, artículos del hogar y artículos para el mantenimiento corriente del hogar;Variación mensual;2025M05;0
14 Murcia, Región de;05 Muebles, artículos del hogar y artículos para el mantenimiento corriente del hogar;Variación mensual;2025M04;0,4
14 Murcia, Región de;05 Muebles, artículos del hogar y artículos para el mantenimiento corriente del hogar;Variación mensual;2025M03;0,1
14 Murcia, Región de;05 Muebles, artículos del hogar y artículos para el mantenimiento corriente del hogar;Variación mensual;2025M02;-0,1
14 Murcia, Región de;05 Muebles, artículos del hogar y artículos para el mantenimiento corriente del hogar;Variación mensual;2025M01;0,1
14 Murcia, Región de;05 Muebles, artículos del hogar y artículos para el mantenimiento corriente del hogar;Variación anual;2025M10;
14 Murcia, Región de;05 Muebles, artículos del hogar y artículos para el mantenimiento corriente del hogar;Variación anual;2025M09;0,3
14 Murcia, Región de;05 Muebles, artículos del hogar y artículos para el mantenimiento corriente del hogar;Variación anual;2025M08;0,7
14 Murcia, Región de;05 Muebles, artículos del hogar y artículos para el mantenimiento corriente del hogar;Variación anual;2025M07;0,4
14 Murcia, Región de;05 Muebles, artículos del hogar y artículos para el mantenimiento corriente del hogar;Variación anual;2025M06;0,3
14 Murcia, Región de;05 Muebles, artículos del hogar y artículos para el mantenimiento corriente del hogar;Variación anual;2025M05;0,2
14 Murcia, Región de;05 Muebles, artículos del hogar y artículos para el mantenimiento corriente del hogar;Variación anual;2025M04;0,5
14 Murcia, Región de;05 Muebles, artículos del hogar y artículos para el mantenimiento corriente del hogar;Variación anual;2025M03;0
14 Murcia, Región de;05 Muebles, artículos del hogar y artículos para el mantenimiento corriente del hogar;Variación anual;2025M02;-0,1
14 Murcia, Región de;05 Muebles, artículos del hogar y artículos para el mantenimiento corriente del hogar;Variación anual;2025M01;-0,1
14 Murcia, Región de;05 Muebles, artículos del hogar y artículos para el mantenimiento corriente del hogar;Variación en lo que va de año;2025M10;
14 Murcia, Región de;05 Muebles, artículos del hogar y artículos para el mantenimiento corriente del hogar;Variación en lo que va de año;2025M09;0,2
14 Murcia, Región de;05 Muebles, artículos del hogar y artículos para el mantenimiento corriente del hogar;Variación en lo que va de año;2025M08;0,3
14 Murcia, Región de;05 Muebles, artículos del hogar y artículos para el mantenimiento corriente del hogar;Variación en lo que va de año;2025M07;0,3
14 Murcia, Región de;05 Muebles, artículos del hogar y artículos para el mantenimiento corriente del hogar;Variación en lo que va de año;2025M06;0,6
14 Murcia, Región de;05 Muebles, artículos del hogar y artículos para el mantenimiento corriente del hogar;Variación en lo que va de año;2025M05;0,5
14 Murcia, Región de;05 Muebles, artículos del hogar y artículos para el mantenimiento corriente del hogar;Variación en lo que va de año;2025M04;0,5
14 Murcia, Región de;05 Muebles, artículos del hogar y artículos para el mantenimiento corriente del hogar;Variación en lo que va de año;2025M03;0,1
14 Murcia, Región de;05 Muebles, artículos del hogar y artículos para el mantenimiento corriente del hogar;Variación en lo que va de año;2025M02;-0,1
14 Murcia, Región de;05 Muebles, artículos del hogar y artículos para el mantenimiento corriente del hogar;Variación en lo que va de año;2025M01;0,1
14 Murcia, Región de;06 Sanidad;Índice;2025M10;
14 Murcia, Región de;06 Sanidad;Índice;2025M09;107,748
14 Murcia, Región de;06 Sanidad;Índice;2025M08;108,584
14 Murcia, Región de;06 Sanidad;Índice;2025M07;108,579
14 Murcia, Región de;06 Sanidad;Índice;2025M06;108,556
14 Murcia, Región de;06 Sanidad;Índice;2025M05;108,399
14 Murcia, Región de;06 Sanidad;Índice;2025M04;107,989
14 Murcia, Región de;06 Sanidad;Índice;2025M03;107,572
14 Murcia, Región de;06 Sanidad;Índice;2025M02;107,213
14 Murcia, Región de;06 Sanidad;Índice;2025M01;106,829
14 Murcia, Región de;06 Sanidad;Variación mensual;2025M10;
14 Murcia, Región de;06 Sanidad;Variación mensual;2025M09;-0,8
14 Murcia, Región de;06 Sanidad;Variación mensual;2025M08;0
14 Murcia, Región de;06 Sanidad;Variación mensual;2025M07;0
14 Murcia, Región de;06 Sanidad;Variación mensual;2025M06;0,1
14 Murcia, Región de;06 Sanidad;Variación mensual;2025M05;0,4
14 Murcia, Región de;06 Sanidad;Variación mensual;2025M04;0,4
14 Murcia, Región de;06 Sanidad;Variación mensual;2025M03;0,3
14 Murcia, Región de;06 Sanidad;Variación mensual;2025M02;0,4
14 Murcia, Región de;06 Sanidad;Variación mensual;2025M01;0,1
14 Murcia, Región de;06 Sanidad;Variación anual;2025M10;
14 Murcia, Región de;06 Sanidad;Variación anual;2025M09;1,1
14 Murcia, Región de;06 Sanidad;Variación anual;2025M08;1,7
14 Murcia, Región de;06 Sanidad;Variación anual;2025M07;2,1
14 Murcia, Región de;06 Sanidad;Variación anual;2025M06;2
14 Murcia, Región de;06 Sanidad;Variación anual;2025M05;2,1
14 Murcia, Región de;06 Sanidad;Variación anual;2025M04;2
14 Murcia, Región de;06 Sanidad;Variación anual;2025M03;2,3
14 Murcia, Región de;06 Sanidad;Variación anual;2025M02;2
14 Murcia, Región de;06 Sanidad;Variación anual;2025M01;2,5
14 Murcia, Región de;06 Sanidad;Variación en lo que va de año;2025M10;
14 Murcia, Región de;06 Sanidad;Variación en lo que va de año;2025M09;0,9
14 Murcia, Región de;06 Sanidad;Variación en lo que va de año;2025M08;1,7
14 Murcia, Región de;06 Sanidad;Variación en lo que va de año;2025M07;1,7
14 Murcia, Región de;06 Sanidad;Variación en lo que va de año;2025M06;1,7
14 Murcia, Región de;06 Sanidad;Variación en lo que va de año;2025M05;1,5
14 Murcia, Región de;06 Sanidad;Variación en lo que va de año;2025M04;1,2
14 Murcia, Región de;06 Sanidad;Variación en lo que va de año;2025M03;0,8
14 Murcia, Región de;06 Sanidad;Variación en lo que va de año;2025M02;0,4
14 Murcia, Región de;06 Sanidad;Variación en lo que va de año;2025M01;0,1
14 Murcia, Región de;07 Transporte;Índice;2025M10;
14 Murcia, Región de;07 Transporte;Índice;2025M09;114,007
14 Murcia, Región de;07 Transporte;Índice;2025M08;114,275
14 Murcia, Región de;07 Transporte;Índice;2025M07;114,472
14 Murcia, Región de;07 Transporte;Índice;2025M06;113,275
14 Murcia, Región de;07 Transporte;Índice;2025M05;112,293
14 Murcia, Región de;07 Transporte;Índice;2025M04;113,329
14 Murcia, Región de;07 Transporte;Índice;2025M03;114,065
14 Murcia, Región de;07 Transporte;Índice;2025M02;114,855
14 Murcia, Región de;07 Transporte;Índice;2025M01;114,334
14 Murcia, Región de;07 Transporte;Variación mensual;2025M10;
14 Murcia, Región de;07 Transporte;Variación mensual;2025M09;-0,2
14 Murcia, Región de;07 Transporte;Variación mensual;2025M08;-0,2
14 Murcia, Región de;07 Transporte;Variación mensual;2025M07;1,1
14 Murcia, Región de;07 Transporte;Variación mensual;2025M06;0,9
14 Murcia, Región de;07 Transporte;Variación mensual;2025M05;-0,9
14 Murcia, Región de;07 Transporte;Variación mensual;2025M04;-0,6
14 Murcia, Región de;07 Transporte;Variación mensual;2025M03;-0,7
14 Murcia, Región de;07 Transporte;Variación mensual;2025M02;0,5
14 Murcia, Región de;07 Transporte;Variación mensual;2025M01;1,1
14 Murcia, Región de;07 Transporte;Variación anual;2025M10;
14 Murcia, Región de;07 Transporte;Variación anual;2025M09;1,6
14 Murcia, Región de;07 Transporte;Variación anual;2025M08;0,2
14 Murcia, Región de;07 Transporte;Variación anual;2025M07;-0,8
14 Murcia, Región de;07 Transporte;Variación anual;2025M06;-1,5
14 Murcia, Región de;07 Transporte;Variación anual;2025M05;-3
14 Murcia, Región de;07 Transporte;Variación anual;2025M04;-2,9
14 Murcia, Región de;07 Transporte;Variación anual;2025M03;-1,5
14 Murcia, Región de;07 Transporte;Variación anual;2025M02;-0,2
14 Murcia, Región de;07 Transporte;Variación anual;2025M01;1,1
14 Murcia, Región de;07 Transporte;Variación en lo que va de año;2025M10;
14 Murcia, Región de;07 Transporte;Variación en lo que va de año;2025M09;0,8
14 Murcia, Región de;07 Transporte;Variación en lo que va de año;2025M08;1
14 Murcia, Región de;07 Transporte;Variación en lo que va de año;2025M07;1,2
14 Murcia, Región de;07 Transporte;Variación en lo que va de año;2025M06;0,2
14 Murcia, Región de;07 Transporte;Variación en lo que va de año;2025M05;-0,7
14 Murcia, Región de;07 Transporte;Variación en lo que va de año;2025M04;0,2
14 Murcia, Región de;07 Transporte;Variación en lo que va de año;2025M03;0,9
14 Murcia, Región de;07 Transporte;Variación en lo que va de año;2025M02;1,6
14 Murcia, Región de;07 Transporte;Variación en lo que va de año;2025M01;1,1
14 Murcia, Región de;08 Comunicaciones;Índice;2025M10;
14 Murcia, Región de;08 Comunicaciones;Índice;2025M09;102,355
14 Murcia, Región de;08 Comunicaciones;Índice;2025M08;102,428
14 Murcia, Región de;08 Comunicaciones;Índice;2025M07;102,316
14 Murcia, Región de;08 Comunicaciones;Índice;2025M06;104,178
14 Murcia, Región de;08 Comunicaciones;Índice;2025M05;104,161
14 Murcia, Región de;08 Comunicaciones;Índice;2025M04;104,351
14 Murcia, Región de;08 Comunicaciones;Índice;2025M03;104,157
14 Murcia, Región de;08 Comunicaciones;Índice;2025M02;104,226
14 Murcia, Región de;08 Comunicaciones;Índice;2025M01;103,532
14 Murcia, Región de;08 Comunicaciones;Variación mensual;2025M10;
14 Murcia, Región de;08 Comunicaciones;Variación mensual;2025M09;-0,1
14 Murcia, Región de;08 Comunicaciones;Variación mensual;2025M08;0,1
14 Murcia, Región de;08 Comunicaciones;Variación mensual;2025M07;-1,8
14 Murcia, Región de;08 Comunicaciones;Variación mensual;2025M06;0
14 Murcia, Región de;08 Comunicaciones;Variación mensual;2025M05;-0,2
14 Murcia, Región de;08 Comunicaciones;Variación mensual;2025M04;0,2
14 Murcia, Región de;08 Comunicaciones;Variación mensual;2025M03;-0,1
14 Murcia, Región de;08 Comunicaciones;Variación mensual;2025M02;0,7
14 Murcia, Región de;08 Comunicaciones;Variación mensual;2025M01;3
14 Murcia, Región de;08 Comunicaciones;Variación anual;2025M10;
14 Murcia, Región de;08 Comunicaciones;Variación anual;2025M09;0,8
14 Murcia, Región de;08 Comunicaciones;Variación anual;2025M08;0,8
14 Murcia, Región de;08 Comunicaciones;Variación anual;2025M07;0,6
14 Murcia, Región de;08 Comunicaciones;Variación anual;2025M06;1,9
14 Murcia, Región de;08 Comunicaciones;Variación anual;2025M05;1,9
14 Murcia, Región de;08 Comunicaciones;Variación anual;2025M04;2
14 Murcia, Región de;08 Comunicaciones;Variación anual;2025M03;1,9
14 Murcia, Región de;08 Comunicaciones;Variación anual;2025M02;1,9
14 Murcia, Región de;08 Comunicaciones;Variación anual;2025M01;1,1
14 Murcia, Región de;08 Comunicaciones;Variación en lo que va de año;2025M10;
14 Murcia, Región de;08 Comunicaciones;Variación en lo que va de año;2025M09;1,8
14 Murcia, Región de;08 Comunicaciones;Variación en lo que va de año;2025M08;1,9
14 Murcia, Región de;08 Comunicaciones;Variación en lo que va de año;2025M07;1,7
14 Murcia, Región de;08 Comunicaciones;Variación en lo que va de año;2025M06;3,6
14 Murcia, Región de;08 Comunicaciones;Variación en lo que va de año;2025M05;3,6
14 Murcia, Región de;08 Comunicaciones;Variación en lo que va de año;2025M04;3,8
14 Murcia, Región de;08 Comunicaciones;Variación en lo que va de año;2025M03;3,6
14 Murcia, Región de;08 Comunicaciones;Variación en lo que va de año;2025M02;3,6
14 Murcia, Región de;08 Comunicaciones;Variación en lo que va de año;2025M01;3
14 Murcia, Región de;09 Ocio y cultura;Índice;2025M10;
14 Murcia, Región de;09 Ocio y cultura;Índice;2025M09;111,332
14 Murcia, Región de;09 Ocio y cultura;Índice;2025M08;116,994
14 Murcia, Región de;09 Ocio y cultura;Índice;2025M07;114,952
14 Murcia, Región de;09 Ocio y cultura;Índice;2025M06;112,598
14 Murcia, Región de;09 Ocio y cultura;Índice;2025M05;109,997
14 Murcia, Región de;09 Ocio y cultura;Índice;2025M04;112,762
14 Murcia, Región de;09 Ocio y cultura;Índice;2025M03;108,961
14 Murcia, Región de;09 Ocio y cultura;Índice;2025M02;108,903
14 Murcia, Región de;09 Ocio y cultura;Índice;2025M01;108,417
14 Murcia, Región de;09 Ocio y cultura;Variación mensual;2025M10;
14 Murcia, Región de;09 Ocio y cultura;Variación mensual;2025M09;-4,8
14 Murcia, Región de;09 Ocio y cultura;Variación mensual;2025M08;1,8
14 Murcia, Región de;09 Ocio y cultura;Variación mensual;2025M07;2,1
14 Murcia, Región de;09 Ocio y cultura;Variación mensual;2025M06;2,4
14 Murcia, Región de;09 Ocio y cultura;Variación mensual;2025M05;-2,5
14 Murcia, Región de;09 Ocio y cultura;Variación mensual;2025M04;3,5
14 Murcia, Región de;09 Ocio y cultura;Variación mensual;2025M03;0,1
14 Murcia, Región de;09 Ocio y cultura;Variación mensual;2025M02;0,4
14 Murcia, Región de;09 Ocio y cultura;Variación mensual;2025M01;-3,2
14 Murcia, Región de;09 Ocio y cultura;Variación anual;2025M10;
14 Murcia, Región de;09 Ocio y cultura;Variación anual;2025M09;0,7
14 Murcia, Región de;09 Ocio y cultura;Variación anual;2025M08;1
14 Murcia, Región de;09 Ocio y cultura;Variación anual;2025M07;0,7
14 Murcia, Región de;09 Ocio y cultura;Variación anual;2025M06;0,8
14 Murcia, Región de;09 Ocio y cultura;Variación anual;2025M05;1,3
14 Murcia, Región de;09 Ocio y cultura;Variación anual;2025M04;4
14 Murcia, Región de;09 Ocio y cultura;Variación anual;2025M03;-0,3
14 Murcia, Región de;09 Ocio y cultura;Variación anual;2025M02;1,6
14 Murcia, Región de;09 Ocio y cultura;Variación anual;2025M01;2,1
14 Murcia, Región de;09 Ocio y cultura;Variación en lo que va de año;2025M10;
14 Murcia, Región de;09 Ocio y cultura;Variación en lo que va de año;2025M09;-0,6
14 Murcia, Región de;09 Ocio y cultura;Variación en lo que va de año;2025M08;4,5
14 Murcia, Región de;09 Ocio y cultura;Variación en lo que va de año;2025M07;2,7
14 Murcia, Región de;09 Ocio y cultura;Variación en lo que va de año;2025M06;0,6
14 Murcia, Región de;09 Ocio y cultura;Variación en lo que va de año;2025M05;-1,8
14 Murcia, Región de;09 Ocio y cultura;Variación en lo que va de año;2025M04;0,7
14 Murcia, Región de;09 Ocio y cultura;Variación en lo que va de año;2025M03;-2,7
14 Murcia, Región de;09 Ocio y cultura;Variación en lo que va de año;2025M02;-2,7
14 Murcia, Región de;09 Ocio y cultura;Variación en lo que va de año;2025M01;-3,2
14 Murcia, Región de;10 Enseñanza;Índice;2025M10;
14 Murcia, Región de;10 Enseñanza;Índice;2025M09;109,58
14 Murcia, Región de;10 Enseñanza;Índice;2025M08;107,531
14 Murcia, Región de;10 Enseñanza;Índice;2025M07;107,531
14 Murcia, Región de;10 Enseñanza;Índice;2025M06;107,531
14 Murcia, Región de;10 Enseñanza;Índice;2025M05;107,531
14 Murcia, Región de;10 Enseñanza;Índice;2025M04;107,531
14 Murcia, Región de;10 Enseñanza;Índice;2025M03;107,531
14 Murcia, Región de;10 Enseñanza;Índice;2025M02;107,531
14 Murcia, Región de;10 Enseñanza;Índice;2025M01;107,338
14 Murcia, Región de;10 Enseñanza;Variación mensual;2025M10;
14 Murcia, Región de;10 Enseñanza;Variación mensual;2025M09;1,9
14 Murcia, Región de;10 Enseñanza;Variación mensual;2025M08;0
14 Murcia, Región de;10 Enseñanza;Variación mensual;2025M07;0
14 Murcia, Región de;10 Enseñanza;Variación mensual;2025M06;0
14 Murcia, Región de;10 Enseñanza;Variación mensual;2025M05;0
14 Murcia, Región de;10 Enseñanza;Variación mensual;2025M04;0
14 Murcia, Región de;10 Enseñanza;Variación mensual;2025M03;0
14 Murcia, Región de;10 Enseñanza;Variación mensual;2025M02;0,2
14 Murcia, Región de;10 Enseñanza;Variación mensual;2025M01;0,1
14 Murcia, Región de;10 Enseñanza;Variación anual;2025M10;
14 Murcia, Región de;10 Enseñanza;Variación anual;2025M09;2,6
14 Murcia, Región de;10 Enseñanza;Variación anual;2025M08;1,9
14 Murcia, Región de;10 Enseñanza;Variación anual;2025M07;1,9
14 Murcia, Región de;10 Enseñanza;Variación anual;2025M06;1,9
14 Murcia, Región de;10 Enseñanza;Variación anual;2025M05;1,9
14 Murcia, Región de;10 Enseñanza;Variación anual;2025M04;2,1
14 Murcia, Región de;10 Enseñanza;Variación anual;2025M03;2,1
14 Murcia, Región de;10 Enseñanza;Variación anual;2025M02;2,1
14 Murcia, Región de;10 Enseñanza;Variación anual;2025M01;2,2
14 Murcia, Región de;10 Enseñanza;Variación en lo que va de año;2025M10;
14 Murcia, Región de;10 Enseñanza;Variación en lo que va de año;2025M09;2,2
14 Murcia, Región de;10 Enseñanza;Variación en lo que va de año;2025M08;0,3
14 Murcia, Región de;10 Enseñanza;Variación en lo que va de año;2025M07;0,3
14 Murcia, Región de;10 Enseñanza;Variación en lo que va de año;2025M06;0,3
14 Murcia, Región de;10 Enseñanza;Variación en lo que va de año;2025M05;0,3
14 Murcia, Región de;10 Enseñanza;Variación en lo que va de año;2025M04;0,3
14 Murcia, Región de;10 Enseñanza;Variación en lo que va de año;2025M03;0,3
14 Murcia, Región de;10 Enseñanza;Variación en lo que va de año;2025M02;0,3
14 Murcia, Región de;10 Enseñanza;Variación en lo que va de año;2025M01;0,1
14 Murcia, Región de;11 Restaurantes y hoteles;Índice;2025M10;
14 Murcia, Región de;11 Restaurantes y hoteles;Índice;2025M09;124,678
14 Murcia, Región de;11 Restaurantes y hoteles;Índice;2025M08;123,376
14 Murcia, Región de;11 Restaurantes y hoteles;Índice;2025M07;123,32
14 Murcia, Región de;11 Restaurantes y hoteles;Índice;2025M06;122,63
14 Murcia, Región de;11 Restaurantes y hoteles;Índice;2025M05;121,864
14 Murcia, Región de;11 Restaurantes y hoteles;Índice;2025M04;121,459
14 Murcia, Región de;11 Restaurantes y hoteles;Índice;2025M03;121,094
14 Murcia, Región de;11 Restaurantes y hoteles;Índice;2025M02;120,371
14 Murcia, Región de;11 Restaurantes y hoteles;Índice;2025M01;119,212
14 Murcia, Región de;11 Restaurantes y hoteles;Variación mensual;2025M10;
14 Murcia, Región de;11 Restaurantes y hoteles;Variación mensual;2025M09;1,1
14 Murcia, Región de;11 Restaurantes y hoteles;Variación mensual;2025M08;0
14 Murcia, Región de;11 Restaurantes y hoteles;Variación mensual;2025M07;0,6
14 Murcia, Región de;11 Restaurantes y hoteles;Variación mensual;2025M06;0,6
14 Murcia, Región de;11 Restaurantes y hoteles;Variación mensual;2025M05;0,3
14 Murcia, Región de;11 Restaurantes y hoteles;Variación mensual;2025M04;0,3
14 Murcia, Región de;11 Restaurantes y hoteles;Variación mensual;2025M03;0,6
14 Murcia, Región de;11 Restaurantes y hoteles;Variación mensual;2025M02;1
14 Murcia, Región de;11 Restaurantes y hoteles;Variación mensual;2025M01;0,1
14 Murcia, Región de;11 Restaurantes y hoteles;Variación anual;2025M10;
14 Murcia, Región de;11 Restaurantes y hoteles;Variación anual;2025M09;4,6
14 Murcia, Región de;11 Restaurantes y hoteles;Variación anual;2025M08;3,5
14 Murcia, Región de;11 Restaurantes y hoteles;Variación anual;2025M07;3,8
14 Murcia, Región de;11 Restaurantes y hoteles;Variación anual;2025M06;3,3
14 Murcia, Región de;11 Restaurantes y hoteles;Variación anual;2025M05;2,7
14 Murcia, Región de;11 Restaurantes y hoteles;Variación anual;2025M04;3,3
14 Murcia, Región de;11 Restaurantes y hoteles;Variación anual;2025M03;3,8
14 Murcia, Región de;11 Restaurantes y hoteles;Variación anual;2025M02;3,9
14 Murcia, Región de;11 Restaurantes y hoteles;Variación anual;2025M01;3,3
14 Murcia, Región de;11 Restaurantes y hoteles;Variación en lo que va de año;2025M10;
14 Murcia, Región de;11 Restaurantes y hoteles;Variación en lo que va de año;2025M09;4,7
14 Murcia, Región de;11 Restaurantes y hoteles;Variación en lo que va de año;2025M08;3,6
14 Murcia, Región de;11 Restaurantes y hoteles;Variación en lo que va de año;2025M07;3,6
14 Murcia, Región de;11 Restaurantes y hoteles;Variación en lo que va de año;2025M06;3
14 Murcia, Región de;11 Restaurantes y hoteles;Variación en lo que va de año;2025M05;2,4
14 Murcia, Región de;11 Restaurantes y hoteles;Variación en lo que va de año;2025M04;2
14 Murcia, Región de;11 Restaurantes y hoteles;Variación en lo que va de año;2025M03;1,7
14 Murcia, Región de;11 Restaurantes y hoteles;Variación en lo que va de año;2025M02;1,1
14 Murcia, Región de;11 Restaurantes y hoteles;Variación en lo que va de año;2025M01;0,1
14 Murcia, Región de;12 Otros bienes y servicios;Índice;2025M10;
14 Murcia, Región de;12 Otros bienes y servicios;Índice;2025M09;115,065
14 Murcia, Región de;12 Otros bienes y servicios;Índice;2025M08;114,934
14 Murcia, Región de;12 Otros bienes y servicios;Índice;2025M07;114,874
14 Murcia, Región de;12 Otros bienes y servicios;Índice;2025M06;115,502
14 Murcia, Región de;12 Otros bienes y servicios;Índice;2025M05;114,451
14 Murcia, Región de;12 Otros bienes y servicios;Índice;2025M04;114,286
14 Murcia, Región de;12 Otros bienes y servicios;Índice;2025M03;114,141
14 Murcia, Región de;12 Otros bienes y servicios;Índice;2025M02;113,555
14 Murcia, Región de;12 Otros bienes y servicios;Índice;2025M01;112,885
14 Murcia, Región de;12 Otros bienes y servicios;Variación mensual;2025M10;
14 Murcia, Región de;12 Otros bienes y servicios;Variación mensual;2025M09;0,1
14 Murcia, Región de;12 Otros bienes y servicios;Variación mensual;2025M08;0,1
14 Murcia, Región de;12 Otros bienes y servicios;Variación mensual;2025M07;-0,5
14 Murcia, Región de;12 Otros bienes y servicios;Variación mensual;2025M06;0,9
14 Murcia, Región de;12 Otros bienes y servicios;Variación mensual;2025M05;0,1
14 Murcia, Región de;12 Otros bienes y servicios;Variación mensual;2025M04;0,1
14 Murcia, Región de;12 Otros bienes y servicios;Variación mensual;2025M03;0,5
14 Murcia, Región de;12 Otros bienes y servicios;Variación mensual;2025M02;0,6
14 Murcia, Región de;12 Otros bienes y servicios;Variación mensual;2025M01;0,6
14 Murcia, Región de;12 Otros bienes y servicios;Variación anual;2025M10;
14 Murcia, Región de;12 Otros bienes y servicios;Variación anual;2025M09;3,1
14 Murcia, Región de;12 Otros bienes y servicios;Variación anual;2025M08;3,3
14 Murcia, Región de;12 Otros bienes y servicios;Variación anual;2025M07;3,3
14 Murcia, Región de;12 Otros bienes y servicios;Variación anual;2025M06;3,5
14 Murcia, Región de;12 Otros bienes y servicios;Variación anual;2025M05;3,4
14 Murcia, Región de;12 Otros bienes y servicios;Variación anual;2025M04;3,5
14 Murcia, Región de;12 Otros bienes y servicios;Variación anual;2025M03;3,6
14 Murcia, Región de;12 Otros bienes y servicios;Variación anual;2025M02;3,2
14 Murcia, Región de;12 Otros bienes y servicios;Variación anual;2025M01;3,3
14 Murcia, Región de;12 Otros bienes y servicios;Variación en lo que va de año;2025M10;
14 Murcia, Región de;12 Otros bienes y servicios;Variación en lo que va de año;2025M09;2,5
14 Murcia, Región de;12 Otros bienes y servicios;Variación en lo que va de año;2025M08;2,4
14 Murcia, Región de;12 Otros bienes y servicios;Variación en lo que va de año;2025M07;2,3
14 Murcia, Región de;12 Otros bienes y servicios;Variación en lo que va de año;2025M06;2,9
14 Murcia, Región de;12 Otros bienes y servicios;Variación en lo que va de año;2025M05;1,9
14 Murcia, Región de;12 Otros bienes y servicios;Variación en lo que va de año;2025M04;1,8
14 Murcia, Región de;12 Otros bienes y servicios;Variación en lo que va de año;2025M03;1,7
14 Murcia, Región de;12 Otros bienes y servicios;Variación en lo que va de año;2025M02;1,2
14 Murcia, Región de;12 Otros bienes y servicios;Variación en lo que va de año;2025M01;0,6
15 Navarra, Comunidad Foral de;01 Alimentos y bebidas no alcohólicas;Índice;2025M10;
15 Navarra, Comunidad Foral de;01 Alimentos y bebidas no alcohólicas;Índice;2025M09;131,77
15 Navarra, Comunidad Foral de;01 Alimentos y bebidas no alcohólicas;Índice;2025M08;132,315
15 Navarra, Comunidad Foral de;01 Alimentos y bebidas no alcohólicas;Índice;2025M07;133,486
15 Navarra, Comunidad Foral de;01 Alimentos y bebidas no alcohólicas;Índice;2025M06;134,49
15 Navarra, Comunidad Foral de;01 Alimentos y bebidas no alcohólicas;Índice;2025M05;133,557
15 Navarra, Comunidad Foral de;01 Alimentos y bebidas no alcohólicas;Índice;2025M04;132,892
15 Navarra, Comunidad Foral de;01 Alimentos y bebidas no alcohólicas;Índice;2025M03;131,553
15 Navarra, Comunidad Foral de;01 Alimentos y bebidas no alcohólicas;Índice;2025M02;131,467
15 Navarra, Comunidad Foral de;01 Alimentos y bebidas no alcohólicas;Índice;2025M01;131,2
15 Navarra, Comunidad Foral de;01 Alimentos y bebidas no alcohólicas;Variación mensual;2025M10;
15 Navarra, Comunidad Foral de;01 Alimentos y bebidas no alcohólicas;Variación mensual;2025M09;-0,4
15 Navarra, Comunidad Foral de;01 Alimentos y bebidas no alcohólicas;Variación mensual;2025M08;-0,9
15 Navarra, Comunidad Foral de;01 Alimentos y bebidas no alcohólicas;Variación mensual;2025M07;-0,7
15 Navarra, Comunidad Foral de;01 Alimentos y bebidas no alcohólicas;Variación mensual;2025M06;0,7
15 Navarra, Comunidad Foral de;01 Alimentos y bebidas no alcohólicas;Variación mensual;2025M05;0,5
15 Navarra, Comunidad Foral de;01 Alimentos y bebidas no alcohólicas;Variación mensual;2025M04;1
15 Navarra, Comunidad Foral de;01 Alimentos y bebidas no alcohólicas;Variación mensual;2025M03;0,1
15 Navarra, Comunidad Foral de;01 Alimentos y bebidas no alcohólicas;Variación mensual;2025M02;0,2
15 Navarra, Comunidad Foral de;01 Alimentos y bebidas no alcohólicas;Variación mensual;2025M01;0,6
15 Navarra, Comunidad Foral de;01 Alimentos y bebidas no alcohólicas;Variación anual;2025M10;
15 Navarra, Comunidad Foral de;01 Alimentos y bebidas no alcohólicas;Variación anual;2025M09;2,7
15 Navarra, Comunidad Foral de;01 Alimentos y bebidas no alcohólicas;Variación anual;2025M08;2,4
15 Navarra, Comunidad Foral de;01 Alimentos y bebidas no alcohólicas;Variación anual;2025M07;3,2
15 Navarra, Comunidad Foral de;01 Alimentos y bebidas no alcohólicas;Variación anual;2025M06;3,8
15 Navarra, Comunidad Foral de;01 Alimentos y bebidas no alcohólicas;Variación anual;2025M05;3,1
15 Navarra, Comunidad Foral de;01 Alimentos y bebidas no alcohólicas;Variación anual;2025M04;2,8
15 Navarra, Comunidad Foral de;01 Alimentos y bebidas no alcohólicas;Variación anual;2025M03;2,6
15 Navarra, Comunidad Foral de;01 Alimentos y bebidas no alcohólicas;Variación anual;2025M02;2,2
15 Navarra, Comunidad Foral de;01 Alimentos y bebidas no alcohólicas;Variación anual;2025M01;2
15 Navarra, Comunidad Foral de;01 Alimentos y bebidas no alcohólicas;Variación en lo que va de año;2025M10;
15 Navarra, Comunidad Foral de;01 Alimentos y bebidas no alcohólicas;Variación en lo que va de año;2025M09;1
15 Navarra, Comunidad Foral de;01 Alimentos y bebidas no alcohólicas;Variación en lo que va de año;2025M08;1,4
15 Navarra, Comunidad Foral de;01 Alimentos y bebidas no alcohólicas;Variación en lo que va de año;2025M07;2,3
15 Navarra, Comunidad Foral de;01 Alimentos y bebidas no alcohólicas;Variación en lo que va de año;2025M06;3,1
15 Navarra, Comunidad Foral de;01 Alimentos y bebidas no alcohólicas;Variación en lo que va de año;2025M05;2,4
15 Navarra, Comunidad Foral de;01 Alimentos y bebidas no alcohólicas;Variación en lo que va de año;2025M04;1,9
15 Navarra, Comunidad Foral de;01 Alimentos y bebidas no alcohólicas;Variación en lo que va de año;2025M03;0,8
15 Navarra, Comunidad Foral de;01 Alimentos y bebidas no alcohólicas;Variación en lo que va de año;2025M02;0,8
15 Navarra, Comunidad Foral de;01 Alimentos y bebidas no alcohólicas;Variación en lo que va de año;2025M01;0,6
15 Navarra, Comunidad Foral de;02 Bebidas alcohólicas y tabaco;Índice;2025M10;
15 Navarra, Comunidad Foral de;02 Bebidas alcohólicas y tabaco;Índice;2025M09;122,547
15 Navarra, Comunidad Foral de;02 Bebidas alcohólicas y tabaco;Índice;2025M08;122,572
15 Navarra, Comunidad Foral de;02 Bebidas alcohólicas y tabaco;Índice;2025M07;122,368
15 Navarra, Comunidad Foral de;02 Bebidas alcohólicas y tabaco;Índice;2025M06;122,253
15 Navarra, Comunidad Foral de;02 Bebidas alcohólicas y tabaco;Índice;2025M05;121,483
15 Navarra, Comunidad Foral de;02 Bebidas alcohólicas y tabaco;Índice;2025M04;120,745
15 Navarra, Comunidad Foral de;02 Bebidas alcohólicas y tabaco;Índice;2025M03;120,409
15 Navarra, Comunidad Foral de;02 Bebidas alcohólicas y tabaco;Índice;2025M02;119,987
15 Navarra, Comunidad Foral de;02 Bebidas alcohólicas y tabaco;Índice;2025M01;119,642
15 Navarra, Comunidad Foral de;02 Bebidas alcohólicas y tabaco;Variación mensual;2025M10;
15 Navarra, Comunidad Foral de;02 Bebidas alcohólicas y tabaco;Variación mensual;2025M09;0
15 Navarra, Comunidad Foral de;02 Bebidas alcohólicas y tabaco;Variación mensual;2025M08;0,2
15 Navarra, Comunidad Foral de;02 Bebidas alcohólicas y tabaco;Variación mensual;2025M07;0,1
15 Navarra, Comunidad Foral de;02 Bebidas alcohólicas y tabaco;Variación mensual;2025M06;0,6
15 Navarra, Comunidad Foral de;02 Bebidas alcohólicas y tabaco;Variación mensual;2025M05;0,6
15 Navarra, Comunidad Foral de;02 Bebidas alcohólicas y tabaco;Variación mensual;2025M04;0,3
15 Navarra, Comunidad Foral de;02 Bebidas alcohólicas y tabaco;Variación mensual;2025M03;0,4
15 Navarra, Comunidad Foral de;02 Bebidas alcohólicas y tabaco;Variación mensual;2025M02;0,3
15 Navarra, Comunidad Foral de;02 Bebidas alcohólicas y tabaco;Variación mensual;2025M01;1,5
15 Navarra, Comunidad Foral de;02 Bebidas alcohólicas y tabaco;Variación anual;2025M10;
15 Navarra, Comunidad Foral de;02 Bebidas alcohólicas y tabaco;Variación anual;2025M09;5,5
15 Navarra, Comunidad Foral de;02 Bebidas alcohólicas y tabaco;Variación anual;2025M08;5,9
15 Navarra, Comunidad Foral de;02 Bebidas alcohólicas y tabaco;Variación anual;2025M07;5,6
15 Navarra, Comunidad Foral de;02 Bebidas alcohólicas y tabaco;Variación anual;2025M06;5,6
15 Navarra, Comunidad Foral de;02 Bebidas alcohólicas y tabaco;Variación anual;2025M05;5,1
15 Navarra, Comunidad Foral de;02 Bebidas alcohólicas y tabaco;Variación anual;2025M04;4,8
15 Navarra, Comunidad Foral de;02 Bebidas alcohólicas y tabaco;Variación anual;2025M03;4
15 Navarra, Comunidad Foral de;02 Bebidas alcohólicas y tabaco;Variación anual;2025M02;3,5
15 Navarra, Comunidad Foral de;02 Bebidas alcohólicas y tabaco;Variación anual;2025M01;5,3
15 Navarra, Comunidad Foral de;02 Bebidas alcohólicas y tabaco;Variación en lo que va de año;2025M10;
15 Navarra, Comunidad Foral de;02 Bebidas alcohólicas y tabaco;Variación en lo que va de año;2025M09;4
15 Navarra, Comunidad Foral de;02 Bebidas alcohólicas y tabaco;Variación en lo que va de año;2025M08;4
15 Navarra, Comunidad Foral de;02 Bebidas alcohólicas y tabaco;Variación en lo que va de año;2025M07;3,8
15 Navarra, Comunidad Foral de;02 Bebidas alcohólicas y tabaco;Variación en lo que va de año;2025M06;3,7
15 Navarra, Comunidad Foral de;02 Bebidas alcohólicas y tabaco;Variación en lo que va de año;2025M05;3,1
15 Navarra, Comunidad Foral de;02 Bebidas alcohólicas y tabaco;Variación en lo que va de año;2025M04;2,4
15 Navarra, Comunidad Foral de;02 Bebidas alcohólicas y tabaco;Variación en lo que va de año;2025M03;2,1
15 Navarra, Comunidad Foral de;02 Bebidas alcohólicas y tabaco;Variación en lo que va de año;2025M02;1,8
15 Navarra, Comunidad Foral de;02 Bebidas alcohólicas y tabaco;Variación en lo que va de año;2025M01;1,5
15 Navarra, Comunidad Foral de;03 Vestido y calzado;Índice;2025M10;
15 Navarra, Comunidad Foral de;03 Vestido y calzado;Índice;2025M09;104,019
15 Navarra, Comunidad Foral de;03 Vestido y calzado;Índice;2025M08;103,525
15 Navarra, Comunidad Foral de;03 Vestido y calzado;Índice;2025M07;104,29
15 Navarra, Comunidad Foral de;03 Vestido y calzado;Índice;2025M06;115,674
15 Navarra, Comunidad Foral de;03 Vestido y calzado;Índice;2025M05;115,489
15 Navarra, Comunidad Foral de;03 Vestido y calzado;Índice;2025M04;115,018
15 Navarra, Comunidad Foral de;03 Vestido y calzado;Índice;2025M03;103,436
15 Navarra, Comunidad Foral de;03 Vestido y calzado;Índice;2025M02;102,301
15 Navarra, Comunidad Foral de;03 Vestido y calzado;Índice;2025M01;103,787
15 Navarra, Comunidad Foral de;03 Vestido y calzado;Variación mensual;2025M10;
15 Navarra, Comunidad Foral de;03 Vestido y calzado;Variación mensual;2025M09;0,5
15 Navarra, Comunidad Foral de;03 Vestido y calzado;Variación mensual;2025M08;-0,7
15 Navarra, Comunidad Foral de;03 Vestido y calzado;Variación mensual;2025M07;-9,8
15 Navarra, Comunidad Foral de;03 Vestido y calzado;Variación mensual;2025M06;0,2
15 Navarra, Comunidad Foral de;03 Vestido y calzado;Variación mensual;2025M05;0,4
15 Navarra, Comunidad Foral de;03 Vestido y calzado;Variación mensual;2025M04;11,2
15 Navarra, Comunidad Foral de;03 Vestido y calzado;Variación mensual;2025M03;1,1
15 Navarra, Comunidad Foral de;03 Vestido y calzado;Variación mensual;2025M02;-1,4
15 Navarra, Comunidad Foral de;03 Vestido y calzado;Variación mensual;2025M01;-11,6
15 Navarra, Comunidad Foral de;03 Vestido y calzado;Variación anual;2025M10;
15 Navarra, Comunidad Foral de;03 Vestido y calzado;Variación anual;2025M09;-0,1
15 Navarra, Comunidad Foral de;03 Vestido y calzado;Variación anual;2025M08;0,7
15 Navarra, Comunidad Foral de;03 Vestido y calzado;Variación anual;2025M07;1,3
15 Navarra, Comunidad Foral de;03 Vestido y calzado;Variación anual;2025M06;0,8
15 Navarra, Comunidad Foral de;03 Vestido y calzado;Variación anual;2025M05;0
15 Navarra, Comunidad Foral de;03 Vestido y calzado;Variación anual;2025M04;1,1
15 Navarra, Comunidad Foral de;03 Vestido y calzado;Variación anual;2025M03;-0,1
15 Navarra, Comunidad Foral de;03 Vestido y calzado;Variación anual;2025M02;0,1
15 Navarra, Comunidad Foral de;03 Vestido y calzado;Variación anual;2025M01;1,7
15 Navarra, Comunidad Foral de;03 Vestido y calzado;Variación en lo que va de año;2025M10;
15 Navarra, Comunidad Foral de;03 Vestido y calzado;Variación en lo que va de año;2025M09;-11,4
15 Navarra, Comunidad Foral de;03 Vestido y calzado;Variación en lo que va de año;2025M08;-11,9
15 Navarra, Comunidad Foral de;03 Vestido y calzado;Variación en lo que va de año;2025M07;-11,2
15 Navarra, Comunidad Foral de;03 Vestido y calzado;Variación en lo que va de año;2025M06;-1,5
15 Navarra, Comunidad Foral de;03 Vestido y calzado;Variación en lo que va de año;2025M05;-1,7
15 Navarra, Comunidad Foral de;03 Vestido y calzado;Variación en lo que va de año;2025M04;-2,1
15 Navarra, Comunidad Foral de;03 Vestido y calzado;Variación en lo que va de año;2025M03;-11,9
15 Navarra, Comunidad Foral de;03 Vestido y calzado;Variación en lo que va de año;2025M02;-12,9
15 Navarra, Comunidad Foral de;03 Vestido y calzado;Variación en lo que va de año;2025M01;-11,6
15 Navarra, Comunidad Foral de;04 Vivienda, agua, electricidad, gas y otros combustibles;Índice;2025M10;
15 Navarra, Comunidad Foral de;04 Vivienda, agua, electricidad, gas y otros combustibles;Índice;2025M09;116,493
15 Navarra, Comunidad Foral de;04 Vivienda, agua, electricidad, gas y otros combustibles;Índice;2025M08;116,381
15 Navarra, Comunidad Foral de;04 Vivienda, agua, electricidad, gas y otros combustibles;Índice;2025M07;116,609
15 Navarra, Comunidad Foral de;04 Vivienda, agua, electricidad, gas y otros combustibles;Índice;2025M06;115,946
15 Navarra, Comunidad Foral de;04 Vivienda, agua, electricidad, gas y otros combustibles;Índice;2025M05;114,481
15 Navarra, Comunidad Foral de;04 Vivienda, agua, electricidad, gas y otros combustibles;Índice;2025M04;114,414
15 Navarra, Comunidad Foral de;04 Vivienda, agua, electricidad, gas y otros combustibles;Índice;2025M03;115,813
15 Navarra, Comunidad Foral de;04 Vivienda, agua, electricidad, gas y otros combustibles;Índice;2025M02;118,305
15 Navarra, Comunidad Foral de;04 Vivienda, agua, electricidad, gas y otros combustibles;Índice;2025M01;117,508
15 Navarra, Comunidad Foral de;04 Vivienda, agua, electricidad, gas y otros combustibles;Variación mensual;2025M10;
15 Navarra, Comunidad Foral de;04 Vivienda, agua, electricidad, gas y otros combustibles;Variación mensual;2025M09;0,1
15 Navarra, Comunidad Foral de;04 Vivienda, agua, electricidad, gas y otros combustibles;Variación mensual;2025M08;-0,2
15 Navarra, Comunidad Foral de;04 Vivienda, agua, electricidad, gas y otros combustibles;Variación mensual;2025M07;0,6
15 Navarra, Comunidad Foral de;04 Vivienda, agua, electricidad, gas y otros combustibles;Variación mensual;2025M06;1,3
15 Navarra, Comunidad Foral de;04 Vivienda, agua, electricidad, gas y otros combustibles;Variación mensual;2025M05;0,1
15 Navarra, Comunidad Foral de;04 Vivienda, agua, electricidad, gas y otros combustibles;Variación mensual;2025M04;-1,2
15 Navarra, Comunidad Foral de;04 Vivienda, agua, electricidad, gas y otros combustibles;Variación mensual;2025M03;-2,1
15 Navarra, Comunidad Foral de;04 Vivienda, agua, electricidad, gas y otros combustibles;Variación mensual;2025M02;0,7
15 Navarra, Comunidad Foral de;04 Vivienda, agua, electricidad, gas y otros combustibles;Variación mensual;2025M01;4,1
15 Navarra, Comunidad Foral de;04 Vivienda, agua, electricidad, gas y otros combustibles;Variación anual;2025M10;
15 Navarra, Comunidad Foral de;04 Vivienda, agua, electricidad, gas y otros combustibles;Variación anual;2025M09;5,9
15 Navarra, Comunidad Foral de;04 Vivienda, agua, electricidad, gas y otros combustibles;Variación anual;2025M08;4,7
15 Navarra, Comunidad Foral de;04 Vivienda, agua, electricidad, gas y otros combustibles;Variación anual;2025M07;5,5
15 Navarra, Comunidad Foral de;04 Vivienda, agua, electricidad, gas y otros combustibles;Variación anual;2025M06;2,8
15 Navarra, Comunidad Foral de;04 Vivienda, agua, electricidad, gas y otros combustibles;Variación anual;2025M05;2,2
15 Navarra, Comunidad Foral de;04 Vivienda, agua, electricidad, gas y otros combustibles;Variación anual;2025M04;3,7
15 Navarra, Comunidad Foral de;04 Vivienda, agua, electricidad, gas y otros combustibles;Variación anual;2025M03;5,5
15 Navarra, Comunidad Foral de;04 Vivienda, agua, electricidad, gas y otros combustibles;Variación anual;2025M02;9,8
15 Navarra, Comunidad Foral de;04 Vivienda, agua, electricidad, gas y otros combustibles;Variación anual;2025M01;7,6
15 Navarra, Comunidad Foral de;04 Vivienda, agua, electricidad, gas y otros combustibles;Variación en lo que va de año;2025M10;
15 Navarra, Comunidad Foral de;04 Vivienda, agua, electricidad, gas y otros combustibles;Variación en lo que va de año;2025M09;3,2
15 Navarra, Comunidad Foral de;04 Vivienda, agua, electricidad, gas y otros combustibles;Variación en lo que va de año;2025M08;3,1
15 Navarra, Comunidad Foral de;04 Vivienda, agua, electricidad, gas y otros combustibles;Variación en lo que va de año;2025M07;3,3
15 Navarra, Comunidad Foral de;04 Vivienda, agua, electricidad, gas y otros combustibles;Variación en lo que va de año;2025M06;2,7
15 Navarra, Comunidad Foral de;04 Vivienda, agua, electricidad, gas y otros combustibles;Variación en lo que va de año;2025M05;1,4
15 Navarra, Comunidad Foral de;04 Vivienda, agua, electricidad, gas y otros combustibles;Variación en lo que va de año;2025M04;1,4
15 Navarra, Comunidad Foral de;04 Vivienda, agua, electricidad, gas y otros combustibles;Variación en lo que va de año;2025M03;2,6
15 Navarra, Comunidad Foral de;04 Vivienda, agua, electricidad, gas y otros combustibles;Variación en lo que va de año;2025M02;4,8
15 Navarra, Comunidad Foral de;04 Vivienda, agua, electricidad, gas y otros combustibles;Variación en lo que va de año;2025M01;4,1
15 Navarra, Comunidad Foral de;05 Muebles, artículos del hogar y artículos para el mantenimiento corriente del hogar;Índice;2025M10;
15 Navarra, Comunidad Foral de;05 Muebles, artículos del hogar y artículos para el mantenimiento corriente del hogar;Índice;2025M09;116,511
15 Navarra, Comunidad Foral de;05 Muebles, artículos del hogar y artículos para el mantenimiento corriente del hogar;Índice;2025M08;116,672
15 Navarra, Comunidad Foral de;05 Muebles, artículos del hogar y artículos para el mantenimiento corriente del hogar;Índice;2025M07;116,347
15 Navarra, Comunidad Foral de;05 Muebles, artículos del hogar y artículos para el mantenimiento corriente del hogar;Índice;2025M06;116,824
15 Navarra, Comunidad Foral de;05 Muebles, artículos del hogar y artículos para el mantenimiento corriente del hogar;Índice;2025M05;116,876
15 Navarra, Comunidad Foral de;05 Muebles, artículos del hogar y artículos para el mantenimiento corriente del hogar;Índice;2025M04;116,214
15 Navarra, Comunidad Foral de;05 Muebles, artículos del hogar y artículos para el mantenimiento corriente del hogar;Índice;2025M03;115,729
15 Navarra, Comunidad Foral de;05 Muebles, artículos del hogar y artículos para el mantenimiento corriente del hogar;Índice;2025M02;114,816
15 Navarra, Comunidad Foral de;05 Muebles, artículos del hogar y artículos para el mantenimiento corriente del hogar;Índice;2025M01;114,969
15 Navarra, Comunidad Foral de;05 Muebles, artículos del hogar y artículos para el mantenimiento corriente del hogar;Variación mensual;2025M10;
15 Navarra, Comunidad Foral de;05 Muebles, artículos del hogar y artículos para el mantenimiento corriente del hogar;Variación mensual;2025M09;-0,1
15 Navarra, Comunidad Foral de;05 Muebles, artículos del hogar y artículos para el mantenimiento corriente del hogar;Variación mensual;2025M08;0,3
15 Navarra, Comunidad Foral de;05 Muebles, artículos del hogar y artículos para el mantenimiento corriente del hogar;Variación mensual;2025M07;-0,4
15 Navarra, Comunidad Foral de;05 Muebles, artículos del hogar y artículos para el mantenimiento corriente del hogar;Variación mensual;2025M06;0
15 Navarra, Comunidad Foral de;05 Muebles, artículos del hogar y artículos para el mantenimiento corriente del hogar;Variación mensual;2025M05;0,6
15 Navarra, Comunidad Foral de;05 Muebles, artículos del hogar y artículos para el mantenimiento corriente del hogar;Variación mensual;2025M04;0,4
15 Navarra, Comunidad Foral de;05 Muebles, artículos del hogar y artículos para el mantenimiento corriente del hogar;Variación mensual;2025M03;0,8
15 Navarra, Comunidad Foral de;05 Muebles, artículos del hogar y artículos para el mantenimiento corriente del hogar;Variación mensual;2025M02;-0,1
15 Navarra, Comunidad Foral de;05 Muebles, artículos del hogar y artículos para el mantenimiento corriente del hogar;Variación mensual;2025M01;-0,7
15 Navarra, Comunidad Foral de;05 Muebles, artículos del hogar y artículos para el mantenimiento corriente del hogar;Variación anual;2025M10;
15 Navarra, Comunidad Foral de;05 Muebles, artículos del hogar y artículos para el mantenimiento corriente del hogar;Variación anual;2025M09;1,4
15 Navarra, Comunidad Foral de;05 Muebles, artículos del hogar y artículos para el mantenimiento corriente del hogar;Variación anual;2025M08;1,5
15 Navarra, Comunidad Foral de;05 Muebles, artículos del hogar y artículos para el mantenimiento corriente del hogar;Variación anual;2025M07;1,4
15 Navarra, Comunidad Foral de;05 Muebles, artículos del hogar y artículos para el mantenimiento corriente del hogar;Variación anual;2025M06;1,5
15 Navarra, Comunidad Foral de;05 Muebles, artículos del hogar y artículos para el mantenimiento corriente del hogar;Variación anual;2025M05;1,2
15 Navarra, Comunidad Foral de;05 Muebles, artículos del hogar y artículos para el mantenimiento corriente del hogar;Variación anual;2025M04;1
15 Navarra, Comunidad Foral de;05 Muebles, artículos del hogar y artículos para el mantenimiento corriente del hogar;Variación anual;2025M03;1,5
15 Navarra, Comunidad Foral de;05 Muebles, artículos del hogar y artículos para el mantenimiento corriente del hogar;Variación anual;2025M02;1
15 Navarra, Comunidad Foral de;05 Muebles, artículos del hogar y artículos para el mantenimiento corriente del hogar;Variación anual;2025M01;1
15 Navarra, Comunidad Foral de;05 Muebles, artículos del hogar y artículos para el mantenimiento corriente del hogar;Variación en lo que va de año;2025M10;
15 Navarra, Comunidad Foral de;05 Muebles, artículos del hogar y artículos para el mantenimiento corriente del hogar;Variación en lo que va de año;2025M09;0,7
15 Navarra, Comunidad Foral de;05 Muebles, artículos del hogar y artículos para el mantenimiento corriente del hogar;Variación en lo que va de año;2025M08;0,8
15 Navarra, Comunidad Foral de;05 Muebles, artículos del hogar y artículos para el mantenimiento corriente del hogar;Variación en lo que va de año;2025M07;0,5
15 Navarra, Comunidad Foral de;05 Muebles, artículos del hogar y artículos para el mantenimiento corriente del hogar;Variación en lo que va de año;2025M06;0,9
15 Navarra, Comunidad Foral de;05 Muebles, artículos del hogar y artículos para el mantenimiento corriente del hogar;Variación en lo que va de año;2025M05;1
15 Navarra, Comunidad Foral de;05 Muebles, artículos del hogar y artículos para el mantenimiento corriente del hogar;Variación en lo que va de año;2025M04;0,4
15 Navarra, Comunidad Foral de;05 Muebles, artículos del hogar y artículos para el mantenimiento corriente del hogar;Variación en lo que va de año;2025M03;0
15 Navarra, Comunidad Foral de;05 Muebles, artículos del hogar y artículos para el mantenimiento corriente del hogar;Variación en lo que va de año;2025M02;-0,8
15 Navarra, Comunidad Foral de;05 Muebles, artículos del hogar y artículos para el mantenimiento corriente del hogar;Variación en lo que va de año;2025M01;-0,7
15 Navarra, Comunidad Foral de;06 Sanidad;Índice;2025M10;
15 Navarra, Comunidad Foral de;06 Sanidad;Índice;2025M09;109,703
15 Navarra, Comunidad Foral de;06 Sanidad;Índice;2025M08;108,652
15 Navarra, Comunidad Foral de;06 Sanidad;Índice;2025M07;108,612
15 Navarra, Comunidad Foral de;06 Sanidad;Índice;2025M06;108,397
15 Navarra, Comunidad Foral de;06 Sanidad;Índice;2025M05;108,392
15 Navarra, Comunidad Foral de;06 Sanidad;Índice;2025M04;108,381
15 Navarra, Comunidad Foral de;06 Sanidad;Índice;2025M03;108,222
15 Navarra, Comunidad Foral de;06 Sanidad;Índice;2025M02;107,458
15 Navarra, Comunidad Foral de;06 Sanidad;Índice;2025M01;107,142
15 Navarra, Comunidad Foral de;06 Sanidad;Variación mensual;2025M10;
15 Navarra, Comunidad Foral de;06 Sanidad;Variación mensual;2025M09;1
15 Navarra, Comunidad Foral de;06 Sanidad;Variación mensual;2025M08;0
15 Navarra, Comunidad Foral de;06 Sanidad;Variación mensual;2025M07;0,2
15 Navarra, Comunidad Foral de;06 Sanidad;Variación mensual;2025M06;0
15 Navarra, Comunidad Foral de;06 Sanidad;Variación mensual;2025M05;0
15 Navarra, Comunidad Foral de;06 Sanidad;Variación mensual;2025M04;0,1
15 Navarra, Comunidad Foral de;06 Sanidad;Variación mensual;2025M03;0,7
15 Navarra, Comunidad Foral de;06 Sanidad;Variación mensual;2025M02;0,3
15 Navarra, Comunidad Foral de;06 Sanidad;Variación mensual;2025M01;0,7
15 Navarra, Comunidad Foral de;06 Sanidad;Variación anual;2025M10;
15 Navarra, Comunidad Foral de;06 Sanidad;Variación anual;2025M09;3,2
15 Navarra, Comunidad Foral de;06 Sanidad;Variación anual;2025M08;1,9
15 Navarra, Comunidad Foral de;06 Sanidad;Variación anual;2025M07;2
15 Navarra, Comunidad Foral de;06 Sanidad;Variación anual;2025M06;2
15 Navarra, Comunidad Foral de;06 Sanidad;Variación anual;2025M05;2,4
15 Navarra, Comunidad Foral de;06 Sanidad;Variación anual;2025M04;2,6
15 Navarra, Comunidad Foral de;06 Sanidad;Variación anual;2025M03;2,7
15 Navarra, Comunidad Foral de;06 Sanidad;Variación anual;2025M02;2,3
15 Navarra, Comunidad Foral de;06 Sanidad;Variación anual;2025M01;2,4
15 Navarra, Comunidad Foral de;06 Sanidad;Variación en lo que va de año;2025M10;
15 Navarra, Comunidad Foral de;06 Sanidad;Variación en lo que va de año;2025M09;3,1
15 Navarra, Comunidad Foral de;06 Sanidad;Variación en lo que va de año;2025M08;2,1
15 Navarra, Comunidad Foral de;06 Sanidad;Variación en lo que va de año;2025M07;2,1
15 Navarra, Comunidad Foral de;06 Sanidad;Variación en lo que va de año;2025M06;1,9
15 Navarra, Comunidad Foral de;06 Sanidad;Variación en lo que va de año;2025M05;1,9
15 Navarra, Comunidad Foral de;06 Sanidad;Variación en lo que va de año;2025M04;1,9
15 Navarra, Comunidad Foral de;06 Sanidad;Variación en lo que va de año;2025M03;1,7
15 Navarra, Comunidad Foral de;06 Sanidad;Variación en lo que va de año;2025M02;1
15 Navarra, Comunidad Foral de;06 Sanidad;Variación en lo que va de año;2025M01;0,7
15 Navarra, Comunidad Foral de;07 Transporte;Índice;2025M10;
15 Navarra, Comunidad Foral de;07 Transporte;Índice;2025M09;113,885
15 Navarra, Comunidad Foral de;07 Transporte;Índice;2025M08;114,693
15 Navarra, Comunidad Foral de;07 Transporte;Índice;2025M07;114,609
15 Navarra, Comunidad Foral de;07 Transporte;Índice;2025M06;113,518
15 Navarra, Comunidad Foral de;07 Transporte;Índice;2025M05;112,389
15 Navarra, Comunidad Foral de;07 Transporte;Índice;2025M04;113,444
15 Navarra, Comunidad Foral de;07 Transporte;Índice;2025M03;113,679
15 Navarra, Comunidad Foral de;07 Transporte;Índice;2025M02;114,743
15 Navarra, Comunidad Foral de;07 Transporte;Índice;2025M01;114,38
15 Navarra, Comunidad Foral de;07 Transporte;Variación mensual;2025M10;
15 Navarra, Comunidad Foral de;07 Transporte;Variación mensual;2025M09;-0,7
15 Navarra, Comunidad Foral de;07 Transporte;Variación mensual;2025M08;0,1
15 Navarra, Comunidad Foral de;07 Transporte;Variación mensual;2025M07;1
15 Navarra, Comunidad Foral de;07 Transporte;Variación mensual;2025M06;1
15 Navarra, Comunidad Foral de;07 Transporte;Variación mensual;2025M05;-0,9
15 Navarra, Comunidad Foral de;07 Transporte;Variación mensual;2025M04;-0,2
15 Navarra, Comunidad Foral de;07 Transporte;Variación mensual;2025M03;-0,9
15 Navarra, Comunidad Foral de;07 Transporte;Variación mensual;2025M02;0,3
15 Navarra, Comunidad Foral de;07 Transporte;Variación mensual;2025M01;1,2
15 Navarra, Comunidad Foral de;07 Transporte;Variación anual;2025M10;
15 Navarra, Comunidad Foral de;07 Transporte;Variación anual;2025M09;1,9
15 Navarra, Comunidad Foral de;07 Transporte;Variación anual;2025M08;1
15 Navarra, Comunidad Foral de;07 Transporte;Variación anual;2025M07;0
15 Navarra, Comunidad Foral de;07 Transporte;Variación anual;2025M06;-0,7
15 Navarra, Comunidad Foral de;07 Transporte;Variación anual;2025M05;-2
15 Navarra, Comunidad Foral de;07 Transporte;Variación anual;2025M04;-1,9
15 Navarra, Comunidad Foral de;07 Transporte;Variación anual;2025M03;-1
15 Navarra, Comunidad Foral de;07 Transporte;Variación anual;2025M02;0,6
15 Navarra, Comunidad Foral de;07 Transporte;Variación anual;2025M01;1,7
15 Navarra, Comunidad Foral de;07 Transporte;Variación en lo que va de año;2025M10;
15 Navarra, Comunidad Foral de;07 Transporte;Variación en lo que va de año;2025M09;0,7
15 Navarra, Comunidad Foral de;07 Transporte;Variación en lo que va de año;2025M08;1,5
15 Navarra, Comunidad Foral de;07 Transporte;Variación en lo que va de año;2025M07;1,4
15 Navarra, Comunidad Foral de;07 Transporte;Variación en lo que va de año;2025M06;0,4
15 Navarra, Comunidad Foral de;07 Transporte;Variación en lo que va de año;2025M05;-0,6
15 Navarra, Comunidad Foral de;07 Transporte;Variación en lo que va de año;2025M04;0,3
15 Navarra, Comunidad Foral de;07 Transporte;Variación en lo que va de año;2025M03;0,6
15 Navarra, Comunidad Foral de;07 Transporte;Variación en lo que va de año;2025M02;1,5
15 Navarra, Comunidad Foral de;07 Transporte;Variación en lo que va de año;2025M01;1,2
15 Navarra, Comunidad Foral de;08 Comunicaciones;Índice;2025M10;
15 Navarra, Comunidad Foral de;08 Comunicaciones;Índice;2025M09;101,44
15 Navarra, Comunidad Foral de;08 Comunicaciones;Índice;2025M08;101,529
15 Navarra, Comunidad Foral de;08 Comunicaciones;Índice;2025M07;101,391
15 Navarra, Comunidad Foral de;08 Comunicaciones;Índice;2025M06;103,263
15 Navarra, Comunidad Foral de;08 Comunicaciones;Índice;2025M05;103,242
15 Navarra, Comunidad Foral de;08 Comunicaciones;Índice;2025M04;103,474
15 Navarra, Comunidad Foral de;08 Comunicaciones;Índice;2025M03;103,278
15 Navarra, Comunidad Foral de;08 Comunicaciones;Índice;2025M02;103,362
15 Navarra, Comunidad Foral de;08 Comunicaciones;Índice;2025M01;102,68
15 Navarra, Comunidad Foral de;08 Comunicaciones;Variación mensual;2025M10;
15 Navarra, Comunidad Foral de;08 Comunicaciones;Variación mensual;2025M09;-0,1
15 Navarra, Comunidad Foral de;08 Comunicaciones;Variación mensual;2025M08;0,1
15 Navarra, Comunidad Foral de;08 Comunicaciones;Variación mensual;2025M07;-1,8
15 Navarra, Comunidad Foral de;08 Comunicaciones;Variación mensual;2025M06;0
15 Navarra, Comunidad Foral de;08 Comunicaciones;Variación mensual;2025M05;-0,2
15 Navarra, Comunidad Foral de;08 Comunicaciones;Variación mensual;2025M04;0,2
15 Navarra, Comunidad Foral de;08 Comunicaciones;Variación mensual;2025M03;-0,1
15 Navarra, Comunidad Foral de;08 Comunicaciones;Variación mensual;2025M02;0,7
15 Navarra, Comunidad Foral de;08 Comunicaciones;Variación mensual;2025M01;2,8
15 Navarra, Comunidad Foral de;08 Comunicaciones;Variación anual;2025M10;
15 Navarra, Comunidad Foral de;08 Comunicaciones;Variación anual;2025M09;0,6
15 Navarra, Comunidad Foral de;08 Comunicaciones;Variación anual;2025M08;0,6
15 Navarra, Comunidad Foral de;08 Comunicaciones;Variación anual;2025M07;0,3
15 Navarra, Comunidad Foral de;08 Comunicaciones;Variación anual;2025M06;1,6
15 Navarra, Comunidad Foral de;08 Comunicaciones;Variación anual;2025M05;1,6
15 Navarra, Comunidad Foral de;08 Comunicaciones;Variación anual;2025M04;1,7
15 Navarra, Comunidad Foral de;08 Comunicaciones;Variación anual;2025M03;1,6
15 Navarra, Comunidad Foral de;08 Comunicaciones;Variación anual;2025M02;1,6
15 Navarra, Comunidad Foral de;08 Comunicaciones;Variación anual;2025M01;0,8
15 Navarra, Comunidad Foral de;08 Comunicaciones;Variación en lo que va de año;2025M10;
15 Navarra, Comunidad Foral de;08 Comunicaciones;Variación en lo que va de año;2025M09;1,6
15 Navarra, Comunidad Foral de;08 Comunicaciones;Variación en lo que va de año;2025M08;1,7
15 Navarra, Comunidad Foral de;08 Comunicaciones;Variación en lo que va de año;2025M07;1,5
15 Navarra, Comunidad Foral de;08 Comunicaciones;Variación en lo que va de año;2025M06;3,4
15 Navarra, Comunidad Foral de;08 Comunicaciones;Variación en lo que va de año;2025M05;3,4
15 Navarra, Comunidad Foral de;08 Comunicaciones;Variación en lo que va de año;2025M04;3,6
15 Navarra, Comunidad Foral de;08 Comunicaciones;Variación en lo que va de año;2025M03;3,4
15 Navarra, Comunidad Foral de;08 Comunicaciones;Variación en lo que va de año;2025M02;3,5
15 Navarra, Comunidad Foral de;08 Comunicaciones;Variación en lo que va de año;2025M01;2,8
15 Navarra, Comunidad Foral de;09 Ocio y cultura;Índice;2025M10;
15 Navarra, Comunidad Foral de;09 Ocio y cultura;Índice;2025M09;111,813
15 Navarra, Comunidad Foral de;09 Ocio y cultura;Índice;2025M08;117,7
15 Navarra, Comunidad Foral de;09 Ocio y cultura;Índice;2025M07;115,509
15 Navarra, Comunidad Foral de;09 Ocio y cultura;Índice;2025M06;113,212
15 Navarra, Comunidad Foral de;09 Ocio y cultura;Índice;2025M05;110,155
15 Navarra, Comunidad Foral de;09 Ocio y cultura;Índice;2025M04;112,942
15 Navarra, Comunidad Foral de;09 Ocio y cultura;Índice;2025M03;109,501
15 Navarra, Comunidad Foral de;09 Ocio y cultura;Índice;2025M02;110,081
15 Navarra, Comunidad Foral de;09 Ocio y cultura;Índice;2025M01;108,767
15 Navarra, Comunidad Foral de;09 Ocio y cultura;Variación mensual;2025M10;
15 Navarra, Comunidad Foral de;09 Ocio y cultura;Variación mensual;2025M09;-5
15 Navarra, Comunidad Foral de;09 Ocio y cultura;Variación mensual;2025M08;1,9
15 Navarra, Comunidad Foral de;09 Ocio y cultura;Variación mensual;2025M07;2
15 Navarra, Comunidad Foral de;09 Ocio y cultura;Variación mensual;2025M06;2,8
15 Navarra, Comunidad Foral de;09 Ocio y cultura;Variación mensual;2025M05;-2,5
15 Navarra, Comunidad Foral de;09 Ocio y cultura;Variación mensual;2025M04;3,1
15 Navarra, Comunidad Foral de;09 Ocio y cultura;Variación mensual;2025M03;-0,5
15 Navarra, Comunidad Foral de;09 Ocio y cultura;Variación mensual;2025M02;1,2
15 Navarra, Comunidad Foral de;09 Ocio y cultura;Variación mensual;2025M01;-4,3
15 Navarra, Comunidad Foral de;09 Ocio y cultura;Variación anual;2025M10;
15 Navarra, Comunidad Foral de;09 Ocio y cultura;Variación anual;2025M09;0,6
15 Navarra, Comunidad Foral de;09 Ocio y cultura;Variación anual;2025M08;0,6
15 Navarra, Comunidad Foral de;09 Ocio y cultura;Variación anual;2025M07;0,5
15 Navarra, Comunidad Foral de;09 Ocio y cultura;Variación anual;2025M06;0,2
15 Navarra, Comunidad Foral de;09 Ocio y cultura;Variación anual;2025M05;0,3
15 Navarra, Comunidad Foral de;09 Ocio y cultura;Variación anual;2025M04;3,6
15 Navarra, Comunidad Foral de;09 Ocio y cultura;Variación anual;2025M03;-3,3
15 Navarra, Comunidad Foral de;09 Ocio y cultura;Variación anual;2025M02;2,9
15 Navarra, Comunidad Foral de;09 Ocio y cultura;Variación anual;2025M01;3,4
15 Navarra, Comunidad Foral de;09 Ocio y cultura;Variación en lo que va de año;2025M10;
15 Navarra, Comunidad Foral de;09 Ocio y cultura;Variación en lo que va de año;2025M09;-1,7
15 Navarra, Comunidad Foral de;09 Ocio y cultura;Variación en lo que va de año;2025M08;3,5
15 Navarra, Comunidad Foral de;09 Ocio y cultura;Variación en lo que va de año;2025M07;1,6
15 Navarra, Comunidad Foral de;09 Ocio y cultura;Variación en lo que va de año;2025M06;-0,4
15 Navarra, Comunidad Foral de;09 Ocio y cultura;Variación en lo que va de año;2025M05;-3,1
15 Navarra, Comunidad Foral de;09 Ocio y cultura;Variación en lo que va de año;2025M04;-0,7
15 Navarra, Comunidad Foral de;09 Ocio y cultura;Variación en lo que va de año;2025M03;-3,7
15 Navarra, Comunidad Foral de;09 Ocio y cultura;Variación en lo que va de año;2025M02;-3,2
15 Navarra, Comunidad Foral de;09 Ocio y cultura;Variación en lo que va de año;2025M01;-4,3
15 Navarra, Comunidad Foral de;10 Enseñanza;Índice;2025M10;
15 Navarra, Comunidad Foral de;10 Enseñanza;Índice;2025M09;107,256
15 Navarra, Comunidad Foral de;10 Enseñanza;Índice;2025M08;105,313
15 Navarra, Comunidad Foral de;10 Enseñanza;Índice;2025M07;105,226
15 Navarra, Comunidad Foral de;10 Enseñanza;Índice;2025M06;105,226
15 Navarra, Comunidad Foral de;10 Enseñanza;Índice;2025M05;105,226
15 Navarra, Comunidad Foral de;10 Enseñanza;Índice;2025M04;105,226
15 Navarra, Comunidad Foral de;10 Enseñanza;Índice;2025M03;105,226
15 Navarra, Comunidad Foral de;10 Enseñanza;Índice;2025M02;105,226
15 Navarra, Comunidad Foral de;10 Enseñanza;Índice;2025M01;105,196
15 Navarra, Comunidad Foral de;10 Enseñanza;Variación mensual;2025M10;
15 Navarra, Comunidad Foral de;10 Enseñanza;Variación mensual;2025M09;1,8
15 Navarra, Comunidad Foral de;10 Enseñanza;Variación mensual;2025M08;0,1
15 Navarra, Comunidad Foral de;10 Enseñanza;Variación mensual;2025M07;0
15 Navarra, Comunidad Foral de;10 Enseñanza;Variación mensual;2025M06;0
15 Navarra, Comunidad Foral de;10 Enseñanza;Variación mensual;2025M05;0
15 Navarra, Comunidad Foral de;10 Enseñanza;Variación mensual;2025M04;0
15 Navarra, Comunidad Foral de;10 Enseñanza;Variación mensual;2025M03;0
15 Navarra, Comunidad Foral de;10 Enseñanza;Variación mensual;2025M02;0
15 Navarra, Comunidad Foral de;10 Enseñanza;Variación mensual;2025M01;0,1
15 Navarra, Comunidad Foral de;10 Enseñanza;Variación anual;2025M10;
15 Navarra, Comunidad Foral de;10 Enseñanza;Variación anual;2025M09;4,1
15 Navarra, Comunidad Foral de;10 Enseñanza;Variación anual;2025M08;3,3
15 Navarra, Comunidad Foral de;10 Enseñanza;Variación anual;2025M07;3,2
15 Navarra, Comunidad Foral de;10 Enseñanza;Variación anual;2025M06;3,2
15 Navarra, Comunidad Foral de;10 Enseñanza;Variación anual;2025M05;3,2
15 Navarra, Comunidad Foral de;10 Enseñanza;Variación anual;2025M04;3,2
15 Navarra, Comunidad Foral de;10 Enseñanza;Variación anual;2025M03;3,3
15 Navarra, Comunidad Foral de;10 Enseñanza;Variación anual;2025M02;3,3
15 Navarra, Comunidad Foral de;10 Enseñanza;Variación anual;2025M01;3,3
15 Navarra, Comunidad Foral de;10 Enseñanza;Variación en lo que va de año;2025M10;
15 Navarra, Comunidad Foral de;10 Enseñanza;Variación en lo que va de año;2025M09;2
15 Navarra, Comunidad Foral de;10 Enseñanza;Variación en lo que va de año;2025M08;0,2
15 Navarra, Comunidad Foral de;10 Enseñanza;Variación en lo que va de año;2025M07;0,1
15 Navarra, Comunidad Foral de;10 Enseñanza;Variación en lo que va de año;2025M06;0,1
15 Navarra, Comunidad Foral de;10 Enseñanza;Variación en lo que va de año;2025M05;0,1
15 Navarra, Comunidad Foral de;10 Enseñanza;Variación en lo que va de año;2025M04;0,1
15 Navarra, Comunidad Foral de;10 Enseñanza;Variación en lo que va de año;2025M03;0,1
15 Navarra, Comunidad Foral de;10 Enseñanza;Variación en lo que va de año;2025M02;0,1
15 Navarra, Comunidad Foral de;10 Enseñanza;Variación en lo que va de año;2025M01;0,1
15 Navarra, Comunidad Foral de;11 Restaurantes y hoteles;Índice;2025M10;
15 Navarra, Comunidad Foral de;11 Restaurantes y hoteles;Índice;2025M09;121,726
15 Navarra, Comunidad Foral de;11 Restaurantes y hoteles;Índice;2025M08;122,734
15 Navarra, Comunidad Foral de;11 Restaurantes y hoteles;Índice;2025M07;124,741
15 Navarra, Comunidad Foral de;11 Restaurantes y hoteles;Índice;2025M06;121,534
15 Navarra, Comunidad Foral de;11 Restaurantes y hoteles;Índice;2025M05;120,502
15 Navarra, Comunidad Foral de;11 Restaurantes y hoteles;Índice;2025M04;119,579
15 Navarra, Comunidad Foral de;11 Restaurantes y hoteles;Índice;2025M03;117,32
15 Navarra, Comunidad Foral de;11 Restaurantes y hoteles;Índice;2025M02;116,207
15 Navarra, Comunidad Foral de;11 Restaurantes y hoteles;Índice;2025M01;115,488
15 Navarra, Comunidad Foral de;11 Restaurantes y hoteles;Variación mensual;2025M10;
15 Navarra, Comunidad Foral de;11 Restaurantes y hoteles;Variación mensual;2025M09;-0,8
15 Navarra, Comunidad Foral de;11 Restaurantes y hoteles;Variación mensual;2025M08;-1,6
15 Navarra, Comunidad Foral de;11 Restaurantes y hoteles;Variación mensual;2025M07;2,6
15 Navarra, Comunidad Foral de;11 Restaurantes y hoteles;Variación mensual;2025M06;0,9
15 Navarra, Comunidad Foral de;11 Restaurantes y hoteles;Variación mensual;2025M05;0,8
15 Navarra, Comunidad Foral de;11 Restaurantes y hoteles;Variación mensual;2025M04;1,9
15 Navarra, Comunidad Foral de;11 Restaurantes y hoteles;Variación mensual;2025M03;1
15 Navarra, Comunidad Foral de;11 Restaurantes y hoteles;Variación mensual;2025M02;0,6
15 Navarra, Comunidad Foral de;11 Restaurantes y hoteles;Variación mensual;2025M01;-0,9
15 Navarra, Comunidad Foral de;11 Restaurantes y hoteles;Variación anual;2025M10;
15 Navarra, Comunidad Foral de;11 Restaurantes y hoteles;Variación anual;2025M09;3,5
15 Navarra, Comunidad Foral de;11 Restaurantes y hoteles;Variación anual;2025M08;3,8
15 Navarra, Comunidad Foral de;11 Restaurantes y hoteles;Variación anual;2025M07;4,2
15 Navarra, Comunidad Foral de;11 Restaurantes y hoteles;Variación anual;2025M06;4,4
15 Navarra, Comunidad Foral de;11 Restaurantes y hoteles;Variación anual;2025M05;4
15 Navarra, Comunidad Foral de;11 Restaurantes y hoteles;Variación anual;2025M04;4
15 Navarra, Comunidad Foral de;11 Restaurantes y hoteles;Variación anual;2025M03;2,9
15 Navarra, Comunidad Foral de;11 Restaurantes y hoteles;Variación anual;2025M02;2,8
15 Navarra, Comunidad Foral de;11 Restaurantes y hoteles;Variación anual;2025M01;2,8
15 Navarra, Comunidad Foral de;11 Restaurantes y hoteles;Variación en lo que va de año;2025M10;
15 Navarra, Comunidad Foral de;11 Restaurantes y hoteles;Variación en lo que va de año;2025M09;4,5
15 Navarra, Comunidad Foral de;11 Restaurantes y hoteles;Variación en lo que va de año;2025M08;5,4
15 Navarra, Comunidad Foral de;11 Restaurantes y hoteles;Variación en lo que va de año;2025M07;7,1
15 Navarra, Comunidad Foral de;11 Restaurantes y hoteles;Variación en lo que va de año;2025M06;4,3
15 Navarra, Comunidad Foral de;11 Restaurantes y hoteles;Variación en lo que va de año;2025M05;3,5
15 Navarra, Comunidad Foral de;11 Restaurantes y hoteles;Variación en lo que va de año;2025M04;2,7
15 Navarra, Comunidad Foral de;11 Restaurantes y hoteles;Variación en lo que va de año;2025M03;0,7
15 Navarra, Comunidad Foral de;11 Restaurantes y hoteles;Variación en lo que va de año;2025M02;-0,2
15 Navarra, Comunidad Foral de;11 Restaurantes y hoteles;Variación en lo que va de año;2025M01;-0,9
15 Navarra, Comunidad Foral de;12 Otros bienes y servicios;Índice;2025M10;
15 Navarra, Comunidad Foral de;12 Otros bienes y servicios;Índice;2025M09;114,95
15 Navarra, Comunidad Foral de;12 Otros bienes y servicios;Índice;2025M08;115,122
15 Navarra, Comunidad Foral de;12 Otros bienes y servicios;Índice;2025M07;115,601
15 Navarra, Comunidad Foral de;12 Otros bienes y servicios;Índice;2025M06;115,893
15 Navarra, Comunidad Foral de;12 Otros bienes y servicios;Índice;2025M05;115,134
15 Navarra, Comunidad Foral de;12 Otros bienes y servicios;Índice;2025M04;114,999
15 Navarra, Comunidad Foral de;12 Otros bienes y servicios;Índice;2025M03;114,728
15 Navarra, Comunidad Foral de;12 Otros bienes y servicios;Índice;2025M02;114,425
15 Navarra, Comunidad Foral de;12 Otros bienes y servicios;Índice;2025M01;113,26
15 Navarra, Comunidad Foral de;12 Otros bienes y servicios;Variación mensual;2025M10;
15 Navarra, Comunidad Foral de;12 Otros bienes y servicios;Variación mensual;2025M09;-0,1
15 Navarra, Comunidad Foral de;12 Otros bienes y servicios;Variación mensual;2025M08;-0,4
15 Navarra, Comunidad Foral de;12 Otros bienes y servicios;Variación mensual;2025M07;-0,3
15 Navarra, Comunidad Foral de;12 Otros bienes y servicios;Variación mensual;2025M06;0,7
15 Navarra, Comunidad Foral de;12 Otros bienes y servicios;Variación mensual;2025M05;0,1
15 Navarra, Comunidad Foral de;12 Otros bienes y servicios;Variación mensual;2025M04;0,2
15 Navarra, Comunidad Foral de;12 Otros bienes y servicios;Variación mensual;2025M03;0,3
15 Navarra, Comunidad Foral de;12 Otros bienes y servicios;Variación mensual;2025M02;1
15 Navarra, Comunidad Foral de;12 Otros bienes y servicios;Variación mensual;2025M01;0,3
15 Navarra, Comunidad Foral de;12 Otros bienes y servicios;Variación anual;2025M10;
15 Navarra, Comunidad Foral de;12 Otros bienes y servicios;Variación anual;2025M09;2,9
15 Navarra, Comunidad Foral de;12 Otros bienes y servicios;Variación anual;2025M08;3
15 Navarra, Comunidad Foral de;12 Otros bienes y servicios;Variación anual;2025M07;3,5
15 Navarra, Comunidad Foral de;12 Otros bienes y servicios;Variación anual;2025M06;3,7
15 Navarra, Comunidad Foral de;12 Otros bienes y servicios;Variación anual;2025M05;4
15 Navarra, Comunidad Foral de;12 Otros bienes y servicios;Variación anual;2025M04;4,3
15 Navarra, Comunidad Foral de;12 Otros bienes y servicios;Variación anual;2025M03;4,7
15 Navarra, Comunidad Foral de;12 Otros bienes y servicios;Variación anual;2025M02;4,3
15 Navarra, Comunidad Foral de;12 Otros bienes y servicios;Variación anual;2025M01;3,8
15 Navarra, Comunidad Foral de;12 Otros bienes y servicios;Variación en lo que va de año;2025M10;
15 Navarra, Comunidad Foral de;12 Otros bienes y servicios;Variación en lo que va de año;2025M09;1,8
15 Navarra, Comunidad Foral de;12 Otros bienes y servicios;Variación en lo que va de año;2025M08;1,9
15 Navarra, Comunidad Foral de;12 Otros bienes y servicios;Variación en lo que va de año;2025M07;2,4
15 Navarra, Comunidad Foral de;12 Otros bienes y servicios;Variación en lo que va de año;2025M06;2,6
15 Navarra, Comunidad Foral de;12 Otros bienes y servicios;Variación en lo que va de año;2025M05;2
15 Navarra, Comunidad Foral de;12 Otros bienes y servicios;Variación en lo que va de año;2025M04;1,8
15 Navarra, Comunidad Foral de;12 Otros bienes y servicios;Variación en lo que va de año;2025M03;1,6
15 Navarra, Comunidad Foral de;12 Otros bienes y servicios;Variación en lo que va de año;2025M02;1,3
15 Navarra, Comunidad Foral de;12 Otros bienes y servicios;Variación en lo que va de año;2025M01;0,3
16 País Vasco;01 Alimentos y bebidas no alcohólicas;Índice;2025M10;
16 País Vasco;01 Alimentos y bebidas no alcohólicas;Índice;2025M09;132,925
16 País Vasco;01 Alimentos y bebidas no alcohólicas;Índice;2025M08;132,644
16 País Vasco;01 Alimentos y bebidas no alcohólicas;Índice;2025M07;133,524
16 País Vasco;01 Alimentos y bebidas no alcohólicas;Índice;2025M06;134,029
16 País Vasco;01 Alimentos y bebidas no alcohólicas;Índice;2025M05;133,326
16 País Vasco;01 Alimentos y bebidas no alcohólicas;Índice;2025M04;133,183
16 País Vasco;01 Alimentos y bebidas no alcohólicas;Índice;2025M03;132,549
16 País Vasco;01 Alimentos y bebidas no alcohólicas;Índice;2025M02;132,057
16 País Vasco;01 Alimentos y bebidas no alcohólicas;Índice;2025M01;131,718
16 País Vasco;01 Alimentos y bebidas no alcohólicas;Variación mensual;2025M10;
16 País Vasco;01 Alimentos y bebidas no alcohólicas;Variación mensual;2025M09;0,2
16 País Vasco;01 Alimentos y bebidas no alcohólicas;Variación mensual;2025M08;-0,7
16 País Vasco;01 Alimentos y bebidas no alcohólicas;Variación mensual;2025M07;-0,4
16 País Vasco;01 Alimentos y bebidas no alcohólicas;Variación mensual;2025M06;0,5
16 País Vasco;01 Alimentos y bebidas no alcohólicas;Variación mensual;2025M05;0,1
16 País Vasco;01 Alimentos y bebidas no alcohólicas;Variación mensual;2025M04;0,5
16 País Vasco;01 Alimentos y bebidas no alcohólicas;Variación mensual;2025M03;0,4
16 País Vasco;01 Alimentos y bebidas no alcohólicas;Variación mensual;2025M02;0,3
16 País Vasco;01 Alimentos y bebidas no alcohólicas;Variación mensual;2025M01;0,6
16 País Vasco;01 Alimentos y bebidas no alcohólicas;Variación anual;2025M10;
16 País Vasco;01 Alimentos y bebidas no alcohólicas;Variación anual;2025M09;3,4
16 País Vasco;01 Alimentos y bebidas no alcohólicas;Variación anual;2025M08;2,8
16 País Vasco;01 Alimentos y bebidas no alcohólicas;Variación anual;2025M07;3,3
16 País Vasco;01 Alimentos y bebidas no alcohólicas;Variación anual;2025M06;3,8
16 País Vasco;01 Alimentos y bebidas no alcohólicas;Variación anual;2025M05;2,9
16 País Vasco;01 Alimentos y bebidas no alcohólicas;Variación anual;2025M04;3,6
16 País Vasco;01 Alimentos y bebidas no alcohólicas;Variación anual;2025M03;3,6
16 País Vasco;01 Alimentos y bebidas no alcohólicas;Variación anual;2025M02;3,2
16 País Vasco;01 Alimentos y bebidas no alcohólicas;Variación anual;2025M01;3,3
16 País Vasco;01 Alimentos y bebidas no alcohólicas;Variación en lo que va de año;2025M10;
16 País Vasco;01 Alimentos y bebidas no alcohólicas;Variación en lo que va de año;2025M09;1,6
16 País Vasco;01 Alimentos y bebidas no alcohólicas;Variación en lo que va de año;2025M08;1,4
16 País Vasco;01 Alimentos y bebidas no alcohólicas;Variación en lo que va de año;2025M07;2
16 País Vasco;01 Alimentos y bebidas no alcohólicas;Variación en lo que va de año;2025M06;2,4
16 País Vasco;01 Alimentos y bebidas no alcohólicas;Variación en lo que va de año;2025M05;1,9
16 País Vasco;01 Alimentos y bebidas no alcohólicas;Variación en lo que va de año;2025M04;1,8
16 País Vasco;01 Alimentos y bebidas no alcohólicas;Variación en lo que va de año;2025M03;1,3
16 País Vasco;01 Alimentos y bebidas no alcohólicas;Variación en lo que va de año;2025M02;0,9
16 País Vasco;01 Alimentos y bebidas no alcohólicas;Variación en lo que va de año;2025M01;0,6
16 País Vasco;02 Bebidas alcohólicas y tabaco;Índice;2025M10;
16 País Vasco;02 Bebidas alcohólicas y tabaco;Índice;2025M09;121,79
16 País Vasco;02 Bebidas alcohólicas y tabaco;Índice;2025M08;121,191
16 País Vasco;02 Bebidas alcohólicas y tabaco;Índice;2025M07;121,786
16 País Vasco;02 Bebidas alcohólicas y tabaco;Índice;2025M06;121,574
16 País Vasco;02 Bebidas alcohólicas y tabaco;Índice;2025M05;121,036
16 País Vasco;02 Bebidas alcohólicas y tabaco;Índice;2025M04;119,918
16 País Vasco;02 Bebidas alcohólicas y tabaco;Índice;2025M03;120,109
16 País Vasco;02 Bebidas alcohólicas y tabaco;Índice;2025M02;119,72
16 País Vasco;02 Bebidas alcohólicas y tabaco;Índice;2025M01;119,378
16 País Vasco;02 Bebidas alcohólicas y tabaco;Variación mensual;2025M10;
16 País Vasco;02 Bebidas alcohólicas y tabaco;Variación mensual;2025M09;0,5
16 País Vasco;02 Bebidas alcohólicas y tabaco;Variación mensual;2025M08;-0,5
16 País Vasco;02 Bebidas alcohólicas y tabaco;Variación mensual;2025M07;0,2
16 País Vasco;02 Bebidas alcohólicas y tabaco;Variación mensual;2025M06;0,4
16 País Vasco;02 Bebidas alcohólicas y tabaco;Variación mensual;2025M05;0,9
16 País Vasco;02 Bebidas alcohólicas y tabaco;Variación mensual;2025M04;-0,2
16 País Vasco;02 Bebidas alcohólicas y tabaco;Variación mensual;2025M03;0,3
16 País Vasco;02 Bebidas alcohólicas y tabaco;Variación mensual;2025M02;0,3
16 País Vasco;02 Bebidas alcohólicas y tabaco;Variación mensual;2025M01;1,3
16 País Vasco;02 Bebidas alcohólicas y tabaco;Variación anual;2025M10;
16 País Vasco;02 Bebidas alcohólicas y tabaco;Variación anual;2025M09;4
16 País Vasco;02 Bebidas alcohólicas y tabaco;Variación anual;2025M08;4,6
16 País Vasco;02 Bebidas alcohólicas y tabaco;Variación anual;2025M07;4,2
16 País Vasco;02 Bebidas alcohólicas y tabaco;Variación anual;2025M06;4,5
16 País Vasco;02 Bebidas alcohólicas y tabaco;Variación anual;2025M05;3,7
16 País Vasco;02 Bebidas alcohólicas y tabaco;Variación anual;2025M04;3,5
16 País Vasco;02 Bebidas alcohólicas y tabaco;Variación anual;2025M03;3,8
16 País Vasco;02 Bebidas alcohólicas y tabaco;Variación anual;2025M02;3
16 País Vasco;02 Bebidas alcohólicas y tabaco;Variación anual;2025M01;4,8
16 País Vasco;02 Bebidas alcohólicas y tabaco;Variación en lo que va de año;2025M10;
16 País Vasco;02 Bebidas alcohólicas y tabaco;Variación en lo que va de año;2025M09;3,4
16 País Vasco;02 Bebidas alcohólicas y tabaco;Variación en lo que va de año;2025M08;2,9
16 País Vasco;02 Bebidas alcohólicas y tabaco;Variación en lo que va de año;2025M07;3,4
16 País Vasco;02 Bebidas alcohólicas y tabaco;Variación en lo que va de año;2025M06;3,2
16 País Vasco;02 Bebidas alcohólicas y tabaco;Variación en lo que va de año;2025M05;2,7
16 País Vasco;02 Bebidas alcohólicas y tabaco;Variación en lo que va de año;2025M04;1,8
16 País Vasco;02 Bebidas alcohólicas y tabaco;Variación en lo que va de año;2025M03;2
16 País Vasco;02 Bebidas alcohólicas y tabaco;Variación en lo que va de año;2025M02;1,6
16 País Vasco;02 Bebidas alcohólicas y tabaco;Variación en lo que va de año;2025M01;1,3
16 País Vasco;03 Vestido y calzado;Índice;2025M10;
16 País Vasco;03 Vestido y calzado;Índice;2025M09;103,273
16 País Vasco;03 Vestido y calzado;Índice;2025M08;98,895
16 País Vasco;03 Vestido y calzado;Índice;2025M07;99,863
16 País Vasco;03 Vestido y calzado;Índice;2025M06;111,373
16 País Vasco;03 Vestido y calzado;Índice;2025M05;112,951
16 País Vasco;03 Vestido y calzado;Índice;2025M04;109,954
16 País Vasco;03 Vestido y calzado;Índice;2025M03;103,269
16 País Vasco;03 Vestido y calzado;Índice;2025M02;99,632
16 País Vasco;03 Vestido y calzado;Índice;2025M01;100,589
16 País Vasco;03 Vestido y calzado;Variación mensual;2025M10;
16 País Vasco;03 Vestido y calzado;Variación mensual;2025M09;4,4
16 País Vasco;03 Vestido y calzado;Variación mensual;2025M08;-1
16 País Vasco;03 Vestido y calzado;Variación mensual;2025M07;-10,3
16 País Vasco;03 Vestido y calzado;Variación mensual;2025M06;-1,4
16 País Vasco;03 Vestido y calzado;Variación mensual;2025M05;2,7
16 País Vasco;03 Vestido y calzado;Variación mensual;2025M04;6,5
16 País Vasco;03 Vestido y calzado;Variación mensual;2025M03;3,7
16 País Vasco;03 Vestido y calzado;Variación mensual;2025M02;-1
16 País Vasco;03 Vestido y calzado;Variación mensual;2025M01;-12,2
16 País Vasco;03 Vestido y calzado;Variación anual;2025M10;
16 País Vasco;03 Vestido y calzado;Variación anual;2025M09;1,3
16 País Vasco;03 Vestido y calzado;Variación anual;2025M08;0,1
16 País Vasco;03 Vestido y calzado;Variación anual;2025M07;0,6
16 País Vasco;03 Vestido y calzado;Variación anual;2025M06;0,8
16 País Vasco;03 Vestido y calzado;Variación anual;2025M05;1,3
16 País Vasco;03 Vestido y calzado;Variación anual;2025M04;-0,3
16 País Vasco;03 Vestido y calzado;Variación anual;2025M03;0,7
16 País Vasco;03 Vestido y calzado;Variación anual;2025M02;2,3
16 País Vasco;03 Vestido y calzado;Variación anual;2025M01;2,1
16 País Vasco;03 Vestido y calzado;Variación en lo que va de año;2025M10;
16 País Vasco;03 Vestido y calzado;Variación en lo que va de año;2025M09;-9,9
16 País Vasco;03 Vestido y calzado;Variación en lo que va de año;2025M08;-13,7
16 País Vasco;03 Vestido y calzado;Variación en lo que va de año;2025M07;-12,8
16 País Vasco;03 Vestido y calzado;Variación en lo que va de año;2025M06;-2,8
16 País Vasco;03 Vestido y calzado;Variación en lo que va de año;2025M05;-1,4
16 País Vasco;03 Vestido y calzado;Variación en lo que va de año;2025M04;-4
16 País Vasco;03 Vestido y calzado;Variación en lo que va de año;2025M03;-9,9
16 País Vasco;03 Vestido y calzado;Variación en lo que va de año;2025M02;-13
16 País Vasco;03 Vestido y calzado;Variación en lo que va de año;2025M01;-12,2
16 País Vasco;04 Vivienda, agua, electricidad, gas y otros combustibles;Índice;2025M10;
16 País Vasco;04 Vivienda, agua, electricidad, gas y otros combustibles;Índice;2025M09;112,359
16 País Vasco;04 Vivienda, agua, electricidad, gas y otros combustibles;Índice;2025M08;112,42
16 País Vasco;04 Vivienda, agua, electricidad, gas y otros combustibles;Índice;2025M07;112,481
16 País Vasco;04 Vivienda, agua, electricidad, gas y otros combustibles;Índice;2025M06;112,09
16 País Vasco;04 Vivienda, agua, electricidad, gas y otros combustibles;Índice;2025M05;110,729
16 País Vasco;04 Vivienda, agua, electricidad, gas y otros combustibles;Índice;2025M04;110,346
16 País Vasco;04 Vivienda, agua, electricidad, gas y otros combustibles;Índice;2025M03;111,81
16 País Vasco;04 Vivienda, agua, electricidad, gas y otros combustibles;Índice;2025M02;113,925
16 País Vasco;04 Vivienda, agua, electricidad, gas y otros combustibles;Índice;2025M01;113,472
16 País Vasco;04 Vivienda, agua, electricidad, gas y otros combustibles;Variación mensual;2025M10;
16 País Vasco;04 Vivienda, agua, electricidad, gas y otros combustibles;Variación mensual;2025M09;-0,1
16 País Vasco;04 Vivienda, agua, electricidad, gas y otros combustibles;Variación mensual;2025M08;-0,1
16 País Vasco;04 Vivienda, agua, electricidad, gas y otros combustibles;Variación mensual;2025M07;0,3
16 País Vasco;04 Vivienda, agua, electricidad, gas y otros combustibles;Variación mensual;2025M06;1,2
16 País Vasco;04 Vivienda, agua, electricidad, gas y otros combustibles;Variación mensual;2025M05;0,3
16 País Vasco;04 Vivienda, agua, electricidad, gas y otros combustibles;Variación mensual;2025M04;-1,3
16 País Vasco;04 Vivienda, agua, electricidad, gas y otros combustibles;Variación mensual;2025M03;-1,9
16 País Vasco;04 Vivienda, agua, electricidad, gas y otros combustibles;Variación mensual;2025M02;0,4
16 País Vasco;04 Vivienda, agua, electricidad, gas y otros combustibles;Variación mensual;2025M01;4,8
16 País Vasco;04 Vivienda, agua, electricidad, gas y otros combustibles;Variación anual;2025M10;
16 País Vasco;04 Vivienda, agua, electricidad, gas y otros combustibles;Variación anual;2025M09;7
16 País Vasco;04 Vivienda, agua, electricidad, gas y otros combustibles;Variación anual;2025M08;6,3
16 País Vasco;04 Vivienda, agua, electricidad, gas y otros combustibles;Variación anual;2025M07;7,1
16 País Vasco;04 Vivienda, agua, electricidad, gas y otros combustibles;Variación anual;2025M06;4,5
16 País Vasco;04 Vivienda, agua, electricidad, gas y otros combustibles;Variación anual;2025M05;4
16 País Vasco;04 Vivienda, agua, electricidad, gas y otros combustibles;Variación anual;2025M04;4,6
16 País Vasco;04 Vivienda, agua, electricidad, gas y otros combustibles;Variación anual;2025M03;6,7
16 País Vasco;04 Vivienda, agua, electricidad, gas y otros combustibles;Variación anual;2025M02;11,1
16 País Vasco;04 Vivienda, agua, electricidad, gas y otros combustibles;Variación anual;2025M01;8,8
16 País Vasco;04 Vivienda, agua, electricidad, gas y otros combustibles;Variación en lo que va de año;2025M10;
16 País Vasco;04 Vivienda, agua, electricidad, gas y otros combustibles;Variación en lo que va de año;2025M09;3,8
16 País Vasco;04 Vivienda, agua, electricidad, gas y otros combustibles;Variación en lo que va de año;2025M08;3,8
16 País Vasco;04 Vivienda, agua, electricidad, gas y otros combustibles;Variación en lo que va de año;2025M07;3,9
16 País Vasco;04 Vivienda, agua, electricidad, gas y otros combustibles;Variación en lo que va de año;2025M06;3,5
16 País Vasco;04 Vivienda, agua, electricidad, gas y otros combustibles;Variación en lo que va de año;2025M05;2,3
16 País Vasco;04 Vivienda, agua, electricidad, gas y otros combustibles;Variación en lo que va de año;2025M04;1,9
16 País Vasco;04 Vivienda, agua, electricidad, gas y otros combustibles;Variación en lo que va de año;2025M03;3,3
16 País Vasco;04 Vivienda, agua, electricidad, gas y otros combustibles;Variación en lo que va de año;2025M02;5,2
16 País Vasco;04 Vivienda, agua, electricidad, gas y otros combustibles;Variación en lo que va de año;2025M01;4,8
16 País Vasco;05 Muebles, artículos del hogar y artículos para el mantenimiento corriente del hogar;Índice;2025M10;
16 País Vasco;05 Muebles, artículos del hogar y artículos para el mantenimiento corriente del hogar;Índice;2025M09;116,447
16 País Vasco;05 Muebles, artículos del hogar y artículos para el mantenimiento corriente del hogar;Índice;2025M08;116,445
16 País Vasco;05 Muebles, artículos del hogar y artículos para el mantenimiento corriente del hogar;Índice;2025M07;116,545
16 País Vasco;05 Muebles, artículos del hogar y artículos para el mantenimiento corriente del hogar;Índice;2025M06;116,937
16 País Vasco;05 Muebles, artículos del hogar y artículos para el mantenimiento corriente del hogar;Índice;2025M05;116,592
16 País Vasco;05 Muebles, artículos del hogar y artículos para el mantenimiento corriente del hogar;Índice;2025M04;116,647
16 País Vasco;05 Muebles, artículos del hogar y artículos para el mantenimiento corriente del hogar;Índice;2025M03;116,218
16 País Vasco;05 Muebles, artículos del hogar y artículos para el mantenimiento corriente del hogar;Índice;2025M02;115,485
16 País Vasco;05 Muebles, artículos del hogar y artículos para el mantenimiento corriente del hogar;Índice;2025M01;115,324
16 País Vasco;05 Muebles, artículos del hogar y artículos para el mantenimiento corriente del hogar;Variación mensual;2025M10;
16 País Vasco;05 Muebles, artículos del hogar y artículos para el mantenimiento corriente del hogar;Variación mensual;2025M09;0
16 País Vasco;05 Muebles, artículos del hogar y artículos para el mantenimiento corriente del hogar;Variación mensual;2025M08;-0,1
16 País Vasco;05 Muebles, artículos del hogar y artículos para el mantenimiento corriente del hogar;Variación mensual;2025M07;-0,3
16 País Vasco;05 Muebles, artículos del hogar y artículos para el mantenimiento corriente del hogar;Variación mensual;2025M06;0,3
16 País Vasco;05 Muebles, artículos del hogar y artículos para el mantenimiento corriente del hogar;Variación mensual;2025M05;0
16 País Vasco;05 Muebles, artículos del hogar y artículos para el mantenimiento corriente del hogar;Variación mensual;2025M04;0,4
16 País Vasco;05 Muebles, artículos del hogar y artículos para el mantenimiento corriente del hogar;Variación mensual;2025M03;0,6
16 País Vasco;05 Muebles, artículos del hogar y artículos para el mantenimiento corriente del hogar;Variación mensual;2025M02;0,1
16 País Vasco;05 Muebles, artículos del hogar y artículos para el mantenimiento corriente del hogar;Variación mensual;2025M01;-0,3
16 País Vasco;05 Muebles, artículos del hogar y artículos para el mantenimiento corriente del hogar;Variación anual;2025M10;
16 País Vasco;05 Muebles, artículos del hogar y artículos para el mantenimiento corriente del hogar;Variación anual;2025M09;1,5
16 País Vasco;05 Muebles, artículos del hogar y artículos para el mantenimiento corriente del hogar;Variación anual;2025M08;1,5
16 País Vasco;05 Muebles, artículos del hogar y artículos para el mantenimiento corriente del hogar;Variación anual;2025M07;1,8
16 País Vasco;05 Muebles, artículos del hogar y artículos para el mantenimiento corriente del hogar;Variación anual;2025M06;1,9
16 País Vasco;05 Muebles, artículos del hogar y artículos para el mantenimiento corriente del hogar;Variación anual;2025M05;1,5
16 País Vasco;05 Muebles, artículos del hogar y artículos para el mantenimiento corriente del hogar;Variación anual;2025M04;1,6
16 País Vasco;05 Muebles, artículos del hogar y artículos para el mantenimiento corriente del hogar;Variación anual;2025M03;1,5
16 País Vasco;05 Muebles, artículos del hogar y artículos para el mantenimiento corriente del hogar;Variación anual;2025M02;1
16 País Vasco;05 Muebles, artículos del hogar y artículos para el mantenimiento corriente del hogar;Variación anual;2025M01;1,7
16 País Vasco;05 Muebles, artículos del hogar y artículos para el mantenimiento corriente del hogar;Variación en lo que va de año;2025M10;
16 País Vasco;05 Muebles, artículos del hogar y artículos para el mantenimiento corriente del hogar;Variación en lo que va de año;2025M09;0,7
16 País Vasco;05 Muebles, artículos del hogar y artículos para el mantenimiento corriente del hogar;Variación en lo que va de año;2025M08;0,7
16 País Vasco;05 Muebles, artículos del hogar y artículos para el mantenimiento corriente del hogar;Variación en lo que va de año;2025M07;0,8
16 País Vasco;05 Muebles, artículos del hogar y artículos para el mantenimiento corriente del hogar;Variación en lo que va de año;2025M06;1,1
16 País Vasco;05 Muebles, artículos del hogar y artículos para el mantenimiento corriente del hogar;Variación en lo que va de año;2025M05;0,8
16 País Vasco;05 Muebles, artículos del hogar y artículos para el mantenimiento corriente del hogar;Variación en lo que va de año;2025M04;0,9
16 País Vasco;05 Muebles, artículos del hogar y artículos para el mantenimiento corriente del hogar;Variación en lo que va de año;2025M03;0,5
16 País Vasco;05 Muebles, artículos del hogar y artículos para el mantenimiento corriente del hogar;Variación en lo que va de año;2025M02;-0,1
16 País Vasco;05 Muebles, artículos del hogar y artículos para el mantenimiento corriente del hogar;Variación en lo que va de año;2025M01;-0,3
16 País Vasco;06 Sanidad;Índice;2025M10;
16 País Vasco;06 Sanidad;Índice;2025M09;108,571
16 País Vasco;06 Sanidad;Índice;2025M08;108,345
16 País Vasco;06 Sanidad;Índice;2025M07;108,554
16 País Vasco;06 Sanidad;Índice;2025M06;108,14
16 País Vasco;06 Sanidad;Índice;2025M05;108,233
16 País Vasco;06 Sanidad;Índice;2025M04;107,969
16 País Vasco;06 Sanidad;Índice;2025M03;107,703
16 País Vasco;06 Sanidad;Índice;2025M02;107,151
16 País Vasco;06 Sanidad;Índice;2025M01;106,874
16 País Vasco;06 Sanidad;Variación mensual;2025M10;
16 País Vasco;06 Sanidad;Variación mensual;2025M09;0,2
16 País Vasco;06 Sanidad;Variación mensual;2025M08;-0,2
16 País Vasco;06 Sanidad;Variación mensual;2025M07;0,4
16 País Vasco;06 Sanidad;Variación mensual;2025M06;-0,1
16 País Vasco;06 Sanidad;Variación mensual;2025M05;0,2
16 País Vasco;06 Sanidad;Variación mensual;2025M04;0,2
16 País Vasco;06 Sanidad;Variación mensual;2025M03;0,5
16 País Vasco;06 Sanidad;Variación mensual;2025M02;0,3
16 País Vasco;06 Sanidad;Variación mensual;2025M01;0,5
16 País Vasco;06 Sanidad;Variación anual;2025M10;
16 País Vasco;06 Sanidad;Variación anual;2025M09;2,3
16 País Vasco;06 Sanidad;Variación anual;2025M08;2,1
16 País Vasco;06 Sanidad;Variación anual;2025M07;2,6
16 País Vasco;06 Sanidad;Variación anual;2025M06;2,3
16 País Vasco;06 Sanidad;Variación anual;2025M05;2,3
16 País Vasco;06 Sanidad;Variación anual;2025M04;1,7
16 País Vasco;06 Sanidad;Variación anual;2025M03;2,1
16 País Vasco;06 Sanidad;Variación anual;2025M02;2,1
16 País Vasco;06 Sanidad;Variación anual;2025M01;2,5
16 País Vasco;06 Sanidad;Variación en lo que va de año;2025M10;
16 País Vasco;06 Sanidad;Variación en lo que va de año;2025M09;2,1
16 País Vasco;06 Sanidad;Variación en lo que va de año;2025M08;1,9
16 País Vasco;06 Sanidad;Variación en lo que va de año;2025M07;2
16 País Vasco;06 Sanidad;Variación en lo que va de año;2025M06;1,7
16 País Vasco;06 Sanidad;Variación en lo que va de año;2025M05;1,7
16 País Vasco;06 Sanidad;Variación en lo que va de año;2025M04;1,5
16 País Vasco;06 Sanidad;Variación en lo que va de año;2025M03;1,2
16 País Vasco;06 Sanidad;Variación en lo que va de año;2025M02;0,7
16 País Vasco;06 Sanidad;Variación en lo que va de año;2025M01;0,5
16 País Vasco;07 Transporte;Índice;2025M10;
16 País Vasco;07 Transporte;Índice;2025M09;113,471
16 País Vasco;07 Transporte;Índice;2025M08;113,671
16 País Vasco;07 Transporte;Índice;2025M07;113,559
16 País Vasco;07 Transporte;Índice;2025M06;112,658
16 País Vasco;07 Transporte;Índice;2025M05;111,844
16 País Vasco;07 Transporte;Índice;2025M04;112,686
16 País Vasco;07 Transporte;Índice;2025M03;112,91
16 País Vasco;07 Transporte;Índice;2025M02;113,417
16 País Vasco;07 Transporte;Índice;2025M01;112,777
16 País Vasco;07 Transporte;Variación mensual;2025M10;
16 País Vasco;07 Transporte;Variación mensual;2025M09;-0,2
16 País Vasco;07 Transporte;Variación mensual;2025M08;0,1
16 País Vasco;07 Transporte;Variación mensual;2025M07;0,8
16 País Vasco;07 Transporte;Variación mensual;2025M06;0,7
16 País Vasco;07 Transporte;Variación mensual;2025M05;-0,7
16 País Vasco;07 Transporte;Variación mensual;2025M04;-0,2
16 País Vasco;07 Transporte;Variación mensual;2025M03;-0,4
16 País Vasco;07 Transporte;Variación mensual;2025M02;0,6
16 País Vasco;07 Transporte;Variación mensual;2025M01;0,8
16 País Vasco;07 Transporte;Variación anual;2025M10;
16 País Vasco;07 Transporte;Variación anual;2025M09;2,5
16 País Vasco;07 Transporte;Variación anual;2025M08;1,1
16 País Vasco;07 Transporte;Variación anual;2025M07;0,2
16 País Vasco;07 Transporte;Variación anual;2025M06;-0,3
16 País Vasco;07 Transporte;Variación anual;2025M05;-1,5
16 País Vasco;07 Transporte;Variación anual;2025M04;-1,3
16 País Vasco;07 Transporte;Variación anual;2025M03;-0,5
16 País Vasco;07 Transporte;Variación anual;2025M02;-0,7
16 País Vasco;07 Transporte;Variación anual;2025M01;1,4
16 País Vasco;07 Transporte;Variación en lo que va de año;2025M10;
16 País Vasco;07 Transporte;Variación en lo que va de año;2025M09;1,4
16 País Vasco;07 Transporte;Variación en lo que va de año;2025M08;1,6
16 País Vasco;07 Transporte;Variación en lo que va de año;2025M07;1,5
16 País Vasco;07 Transporte;Variación en lo que va de año;2025M06;0,7
16 País Vasco;07 Transporte;Variación en lo que va de año;2025M05;-0,1
16 País Vasco;07 Transporte;Variación en lo que va de año;2025M04;0,7
16 País Vasco;07 Transporte;Variación en lo que va de año;2025M03;0,9
16 País Vasco;07 Transporte;Variación en lo que va de año;2025M02;1,3
16 País Vasco;07 Transporte;Variación en lo que va de año;2025M01;0,8
16 País Vasco;08 Comunicaciones;Índice;2025M10;
16 País Vasco;08 Comunicaciones;Índice;2025M09;102,802
16 País Vasco;08 Comunicaciones;Índice;2025M08;102,866
16 País Vasco;08 Comunicaciones;Índice;2025M07;102,767
16 País Vasco;08 Comunicaciones;Índice;2025M06;104,625
16 País Vasco;08 Comunicaciones;Índice;2025M05;104,61
16 País Vasco;08 Comunicaciones;Índice;2025M04;104,778
16 País Vasco;08 Comunicaciones;Índice;2025M03;104,585
16 País Vasco;08 Comunicaciones;Índice;2025M02;104,647
16 País Vasco;08 Comunicaciones;Índice;2025M01;103,948
16 País Vasco;08 Comunicaciones;Variación mensual;2025M10;
16 País Vasco;08 Comunicaciones;Variación mensual;2025M09;-0,1
16 País Vasco;08 Comunicaciones;Variación mensual;2025M08;0,1
16 País Vasco;08 Comunicaciones;Variación mensual;2025M07;-1,8
16 País Vasco;08 Comunicaciones;Variación mensual;2025M06;0
16 País Vasco;08 Comunicaciones;Variación mensual;2025M05;-0,2
16 País Vasco;08 Comunicaciones;Variación mensual;2025M04;0,2
16 País Vasco;08 Comunicaciones;Variación mensual;2025M03;-0,1
16 País Vasco;08 Comunicaciones;Variación mensual;2025M02;0,7
16 País Vasco;08 Comunicaciones;Variación mensual;2025M01;3
16 País Vasco;08 Comunicaciones;Variación anual;2025M10;
16 País Vasco;08 Comunicaciones;Variación anual;2025M09;0,9
16 País Vasco;08 Comunicaciones;Variación anual;2025M08;0,9
16 País Vasco;08 Comunicaciones;Variación anual;2025M07;0,7
16 País Vasco;08 Comunicaciones;Variación anual;2025M06;2
16 País Vasco;08 Comunicaciones;Variación anual;2025M05;2,1
16 País Vasco;08 Comunicaciones;Variación anual;2025M04;2,1
16 País Vasco;08 Comunicaciones;Variación anual;2025M03;2
16 País Vasco;08 Comunicaciones;Variación anual;2025M02;2
16 País Vasco;08 Comunicaciones;Variación anual;2025M01;1,3
16 País Vasco;08 Comunicaciones;Variación en lo que va de año;2025M10;
16 País Vasco;08 Comunicaciones;Variación en lo que va de año;2025M09;1,9
16 País Vasco;08 Comunicaciones;Variación en lo que va de año;2025M08;1,9
16 País Vasco;08 Comunicaciones;Variación en lo que va de año;2025M07;1,8
16 País Vasco;08 Comunicaciones;Variación en lo que va de año;2025M06;3,7
16 País Vasco;08 Comunicaciones;Variación en lo que va de año;2025M05;3,7
16 País Vasco;08 Comunicaciones;Variación en lo que va de año;2025M04;3,8
16 País Vasco;08 Comunicaciones;Variación en lo que va de año;2025M03;3,6
16 País Vasco;08 Comunicaciones;Variación en lo que va de año;2025M02;3,7
16 País Vasco;08 Comunicaciones;Variación en lo que va de año;2025M01;3
16 País Vasco;09 Ocio y cultura;Índice;2025M10;
16 País Vasco;09 Ocio y cultura;Índice;2025M09;111,139
16 País Vasco;09 Ocio y cultura;Índice;2025M08;116,73
16 País Vasco;09 Ocio y cultura;Índice;2025M07;114,802
16 País Vasco;09 Ocio y cultura;Índice;2025M06;112,87
16 País Vasco;09 Ocio y cultura;Índice;2025M05;110,084
16 País Vasco;09 Ocio y cultura;Índice;2025M04;112,705
16 País Vasco;09 Ocio y cultura;Índice;2025M03;109,23
16 País Vasco;09 Ocio y cultura;Índice;2025M02;109,194
16 País Vasco;09 Ocio y cultura;Índice;2025M01;108,795
16 País Vasco;09 Ocio y cultura;Variación mensual;2025M10;
16 País Vasco;09 Ocio y cultura;Variación mensual;2025M09;-4,8
16 País Vasco;09 Ocio y cultura;Variación mensual;2025M08;1,7
16 País Vasco;09 Ocio y cultura;Variación mensual;2025M07;1,7
16 País Vasco;09 Ocio y cultura;Variación mensual;2025M06;2,5
16 País Vasco;09 Ocio y cultura;Variación mensual;2025M05;-2,3
16 País Vasco;09 Ocio y cultura;Variación mensual;2025M04;3,2
16 País Vasco;09 Ocio y cultura;Variación mensual;2025M03;0
16 País Vasco;09 Ocio y cultura;Variación mensual;2025M02;0,4
16 País Vasco;09 Ocio y cultura;Variación mensual;2025M01;-4,2
16 País Vasco;09 Ocio y cultura;Variación anual;2025M10;
16 País Vasco;09 Ocio y cultura;Variación anual;2025M09;0,3
16 País Vasco;09 Ocio y cultura;Variación anual;2025M08;0,7
16 País Vasco;09 Ocio y cultura;Variación anual;2025M07;0,9
16 País Vasco;09 Ocio y cultura;Variación anual;2025M06;0,7
16 País Vasco;09 Ocio y cultura;Variación anual;2025M05;0,7
16 País Vasco;09 Ocio y cultura;Variación anual;2025M04;3,5
16 País Vasco;09 Ocio y cultura;Variación anual;2025M03;-0,4
16 País Vasco;09 Ocio y cultura;Variación anual;2025M02;1,5
16 País Vasco;09 Ocio y cultura;Variación anual;2025M01;2,3
16 País Vasco;09 Ocio y cultura;Variación en lo que va de año;2025M10;
16 País Vasco;09 Ocio y cultura;Variación en lo que va de año;2025M09;-2,2
16 País Vasco;09 Ocio y cultura;Variación en lo que va de año;2025M08;2,8
16 País Vasco;09 Ocio y cultura;Variación en lo que va de año;2025M07;1,1
16 País Vasco;09 Ocio y cultura;Variación en lo que va de año;2025M06;-0,6
16 País Vasco;09 Ocio y cultura;Variación en lo que va de año;2025M05;-3,1
16 País Vasco;09 Ocio y cultura;Variación en lo que va de año;2025M04;-0,8
16 País Vasco;09 Ocio y cultura;Variación en lo que va de año;2025M03;-3,8
16 País Vasco;09 Ocio y cultura;Variación en lo que va de año;2025M02;-3,9
16 País Vasco;09 Ocio y cultura;Variación en lo que va de año;2025M01;-4,2
16 País Vasco;10 Enseñanza;Índice;2025M10;
16 País Vasco;10 Enseñanza;Índice;2025M09;108,883
16 País Vasco;10 Enseñanza;Índice;2025M08;107,893
16 País Vasco;10 Enseñanza;Índice;2025M07;107,875
16 País Vasco;10 Enseñanza;Índice;2025M06;107,871
16 País Vasco;10 Enseñanza;Índice;2025M05;107,871
16 País Vasco;10 Enseñanza;Índice;2025M04;107,759
16 País Vasco;10 Enseñanza;Índice;2025M03;107,741
16 País Vasco;10 Enseñanza;Índice;2025M02;107,741
16 País Vasco;10 Enseñanza;Índice;2025M01;107,657
16 País Vasco;10 Enseñanza;Variación mensual;2025M10;
16 País Vasco;10 Enseñanza;Variación mensual;2025M09;0,9
16 País Vasco;10 Enseñanza;Variación mensual;2025M08;0
16 País Vasco;10 Enseñanza;Variación mensual;2025M07;0
16 País Vasco;10 Enseñanza;Variación mensual;2025M06;0
16 País Vasco;10 Enseñanza;Variación mensual;2025M05;0,1
16 País Vasco;10 Enseñanza;Variación mensual;2025M04;0
16 País Vasco;10 Enseñanza;Variación mensual;2025M03;0
16 País Vasco;10 Enseñanza;Variación mensual;2025M02;0,1
16 País Vasco;10 Enseñanza;Variación mensual;2025M01;-0,1
16 País Vasco;10 Enseñanza;Variación anual;2025M10;
16 País Vasco;10 Enseñanza;Variación anual;2025M09;2,5
16 País Vasco;10 Enseñanza;Variación anual;2025M08;2,7
16 País Vasco;10 Enseñanza;Variación anual;2025M07;2,7
16 País Vasco;10 Enseñanza;Variación anual;2025M06;2,4
16 País Vasco;10 Enseñanza;Variación anual;2025M05;2,4
16 País Vasco;10 Enseñanza;Variación anual;2025M04;2,3
16 País Vasco;10 Enseñanza;Variación anual;2025M03;2,3
16 País Vasco;10 Enseñanza;Variación anual;2025M02;2,4
16 País Vasco;10 Enseñanza;Variación anual;2025M01;2,3
16 País Vasco;10 Enseñanza;Variación en lo que va de año;2025M10;
16 País Vasco;10 Enseñanza;Variación en lo que va de año;2025M09;1,1
16 País Vasco;10 Enseñanza;Variación en lo que va de año;2025M08;0,2
16 País Vasco;10 Enseñanza;Variación en lo que va de año;2025M07;0,1
16 País Vasco;10 Enseñanza;Variación en lo que va de año;2025M06;0,1
16 País Vasco;10 Enseñanza;Variación en lo que va de año;2025M05;0,1
16 País Vasco;10 Enseñanza;Variación en lo que va de año;2025M04;0
16 País Vasco;10 Enseñanza;Variación en lo que va de año;2025M03;0
16 País Vasco;10 Enseñanza;Variación en lo que va de año;2025M02;0
16 País Vasco;10 Enseñanza;Variación en lo que va de año;2025M01;-0,1
16 País Vasco;11 Restaurantes y hoteles;Índice;2025M10;
16 País Vasco;11 Restaurantes y hoteles;Índice;2025M09;124,627
16 País Vasco;11 Restaurantes y hoteles;Índice;2025M08;125,06
16 País Vasco;11 Restaurantes y hoteles;Índice;2025M07;124,46
16 País Vasco;11 Restaurantes y hoteles;Índice;2025M06;123,473
16 País Vasco;11 Restaurantes y hoteles;Índice;2025M05;123,013
16 País Vasco;11 Restaurantes y hoteles;Índice;2025M04;120,824
16 País Vasco;11 Restaurantes y hoteles;Índice;2025M03;119,886
16 País Vasco;11 Restaurantes y hoteles;Índice;2025M02;118,673
16 País Vasco;11 Restaurantes y hoteles;Índice;2025M01;117,519
16 País Vasco;11 Restaurantes y hoteles;Variación mensual;2025M10;
16 País Vasco;11 Restaurantes y hoteles;Variación mensual;2025M09;-0,3
16 País Vasco;11 Restaurantes y hoteles;Variación mensual;2025M08;0,5
16 País Vasco;11 Restaurantes y hoteles;Variación mensual;2025M07;0,8
16 País Vasco;11 Restaurantes y hoteles;Variación mensual;2025M06;0,4
16 País Vasco;11 Restaurantes y hoteles;Variación mensual;2025M05;1,8
16 País Vasco;11 Restaurantes y hoteles;Variación mensual;2025M04;0,8
16 País Vasco;11 Restaurantes y hoteles;Variación mensual;2025M03;1
16 País Vasco;11 Restaurantes y hoteles;Variación mensual;2025M02;1
16 País Vasco;11 Restaurantes y hoteles;Variación mensual;2025M01;-0,1
16 País Vasco;11 Restaurantes y hoteles;Variación anual;2025M10;
16 País Vasco;11 Restaurantes y hoteles;Variación anual;2025M09;4,4
16 País Vasco;11 Restaurantes y hoteles;Variación anual;2025M08;4,1
16 País Vasco;11 Restaurantes y hoteles;Variación anual;2025M07;4
16 País Vasco;11 Restaurantes y hoteles;Variación anual;2025M06;4,3
16 País Vasco;11 Restaurantes y hoteles;Variación anual;2025M05;4,4
16 País Vasco;11 Restaurantes y hoteles;Variación anual;2025M04;3,7
16 País Vasco;11 Restaurantes y hoteles;Variación anual;2025M03;4,5
16 País Vasco;11 Restaurantes y hoteles;Variación anual;2025M02;4
16 País Vasco;11 Restaurantes y hoteles;Variación anual;2025M01;4
16 País Vasco;11 Restaurantes y hoteles;Variación en lo que va de año;2025M10;
16 País Vasco;11 Restaurantes y hoteles;Variación en lo que va de año;2025M09;5,9
16 País Vasco;11 Restaurantes y hoteles;Variación en lo que va de año;2025M08;6,3
16 País Vasco;11 Restaurantes y hoteles;Variación en lo que va de año;2025M07;5,8
16 País Vasco;11 Restaurantes y hoteles;Variación en lo que va de año;2025M06;5
16 País Vasco;11 Restaurantes y hoteles;Variación en lo que va de año;2025M05;4,6
16 País Vasco;11 Restaurantes y hoteles;Variación en lo que va de año;2025M04;2,7
16 País Vasco;11 Restaurantes y hoteles;Variación en lo que va de año;2025M03;1,9
16 País Vasco;11 Restaurantes y hoteles;Variación en lo que va de año;2025M02;0,9
16 País Vasco;11 Restaurantes y hoteles;Variación en lo que va de año;2025M01;-0,1
16 País Vasco;12 Otros bienes y servicios;Índice;2025M10;
16 País Vasco;12 Otros bienes y servicios;Índice;2025M09;117,962
16 País Vasco;12 Otros bienes y servicios;Índice;2025M08;117,941
16 País Vasco;12 Otros bienes y servicios;Índice;2025M07;118,214
16 País Vasco;12 Otros bienes y servicios;Índice;2025M06;118,688
16 País Vasco;12 Otros bienes y servicios;Índice;2025M05;117,202
16 País Vasco;12 Otros bienes y servicios;Índice;2025M04;117,221
16 País Vasco;12 Otros bienes y servicios;Índice;2025M03;117,036
16 País Vasco;12 Otros bienes y servicios;Índice;2025M02;116,948
16 País Vasco;12 Otros bienes y servicios;Índice;2025M01;116,258
16 País Vasco;12 Otros bienes y servicios;Variación mensual;2025M10;
16 País Vasco;12 Otros bienes y servicios;Variación mensual;2025M09;0
16 País Vasco;12 Otros bienes y servicios;Variación mensual;2025M08;-0,2
16 País Vasco;12 Otros bienes y servicios;Variación mensual;2025M07;-0,4
16 País Vasco;12 Otros bienes y servicios;Variación mensual;2025M06;1,3
16 País Vasco;12 Otros bienes y servicios;Variación mensual;2025M05;0
16 País Vasco;12 Otros bienes y servicios;Variación mensual;2025M04;0,2
16 País Vasco;12 Otros bienes y servicios;Variación mensual;2025M03;0,1
16 País Vasco;12 Otros bienes y servicios;Variación mensual;2025M02;0,6
16 País Vasco;12 Otros bienes y servicios;Variación mensual;2025M01;1,3
16 País Vasco;12 Otros bienes y servicios;Variación anual;2025M10;
16 País Vasco;12 Otros bienes y servicios;Variación anual;2025M09;3,4
16 País Vasco;12 Otros bienes y servicios;Variación anual;2025M08;3,4
16 País Vasco;12 Otros bienes y servicios;Variación anual;2025M07;3,8
16 País Vasco;12 Otros bienes y servicios;Variación anual;2025M06;4,1
16 País Vasco;12 Otros bienes y servicios;Variación anual;2025M05;4,1
16 País Vasco;12 Otros bienes y servicios;Variación anual;2025M04;4,2
16 País Vasco;12 Otros bienes y servicios;Variación anual;2025M03;4,4
16 País Vasco;12 Otros bienes y servicios;Variación anual;2025M02;4
16 País Vasco;12 Otros bienes y servicios;Variación anual;2025M01;4
16 País Vasco;12 Otros bienes y servicios;Variación en lo que va de año;2025M10;
16 País Vasco;12 Otros bienes y servicios;Variación en lo que va de año;2025M09;2,8
16 País Vasco;12 Otros bienes y servicios;Variación en lo que va de año;2025M08;2,8
16 País Vasco;12 Otros bienes y servicios;Variación en lo que va de año;2025M07;3
16 País Vasco;12 Otros bienes y servicios;Variación en lo que va de año;2025M06;3,4
16 País Vasco;12 Otros bienes y servicios;Variación en lo que va de año;2025M05;2,1
16 País Vasco;12 Otros bienes y servicios;Variación en lo que va de año;2025M04;2,1
16 País Vasco;12 Otros bienes y servicios;Variación en lo que va de año;2025M03;2
16 País Vasco;12 Otros bienes y servicios;Variación en lo que va de año;2025M02;1,9
16 País Vasco;12 Otros bienes y servicios;Variación en lo que va de año;2025M01;1,3
17 Rioja, La;01 Alimentos y bebidas no alcohólicas;Índice;2025M10;
17 Rioja, La;01 Alimentos y bebidas no alcohólicas;Índice;2025M09;130,642
17 Rioja, La;01 Alimentos y bebidas no alcohólicas;Índice;2025M08;130,714
17 Rioja, La;01 Alimentos y bebidas no alcohólicas;Índice;2025M07;131,72
17 Rioja, La;01 Alimentos y bebidas no alcohólicas;Índice;2025M06;131,529
17 Rioja, La;01 Alimentos y bebidas no alcohólicas;Índice;2025M05;131,596
17 Rioja, La;01 Alimentos y bebidas no alcohólicas;Índice;2025M04;131,65
17 Rioja, La;01 Alimentos y bebidas no alcohólicas;Índice;2025M03;131,039
17 Rioja, La;01 Alimentos y bebidas no alcohólicas;Índice;2025M02;130,258
17 Rioja, La;01 Alimentos y bebidas no alcohólicas;Índice;2025M01;130,362
17 Rioja, La;01 Alimentos y bebidas no alcohólicas;Variación mensual;2025M10;
17 Rioja, La;01 Alimentos y bebidas no alcohólicas;Variación mensual;2025M09;-0,1
17 Rioja, La;01 Alimentos y bebidas no alcohólicas;Variación mensual;2025M08;-0,8
17 Rioja, La;01 Alimentos y bebidas no alcohólicas;Variación mensual;2025M07;0,1
17 Rioja, La;01 Alimentos y bebidas no alcohólicas;Variación mensual;2025M06;-0,1
17 Rioja, La;01 Alimentos y bebidas no alcohólicas;Variación mensual;2025M05;0
17 Rioja, La;01 Alimentos y bebidas no alcohólicas;Variación mensual;2025M04;0,5
17 Rioja, La;01 Alimentos y bebidas no alcohólicas;Variación mensual;2025M03;0,6
17 Rioja, La;01 Alimentos y bebidas no alcohólicas;Variación mensual;2025M02;-0,1
17 Rioja, La;01 Alimentos y bebidas no alcohólicas;Variación mensual;2025M01;0,6
17 Rioja, La;01 Alimentos y bebidas no alcohólicas;Variación anual;2025M10;
17 Rioja, La;01 Alimentos y bebidas no alcohólicas;Variación anual;2025M09;2,7
17 Rioja, La;01 Alimentos y bebidas no alcohólicas;Variación anual;2025M08;2,2
17 Rioja, La;01 Alimentos y bebidas no alcohólicas;Variación anual;2025M07;2,9
17 Rioja, La;01 Alimentos y bebidas no alcohólicas;Variación anual;2025M06;2,4
17 Rioja, La;01 Alimentos y bebidas no alcohólicas;Variación anual;2025M05;2,4
17 Rioja, La;01 Alimentos y bebidas no alcohólicas;Variación anual;2025M04;2,2
17 Rioja, La;01 Alimentos y bebidas no alcohólicas;Variación anual;2025M03;2,5
17 Rioja, La;01 Alimentos y bebidas no alcohólicas;Variación anual;2025M02;2
17 Rioja, La;01 Alimentos y bebidas no alcohólicas;Variación anual;2025M01;1,5
17 Rioja, La;01 Alimentos y bebidas no alcohólicas;Variación en lo que va de año;2025M10;
17 Rioja, La;01 Alimentos y bebidas no alcohólicas;Variación en lo que va de año;2025M09;0,8
17 Rioja, La;01 Alimentos y bebidas no alcohólicas;Variación en lo que va de año;2025M08;0,8
17 Rioja, La;01 Alimentos y bebidas no alcohólicas;Variación en lo que va de año;2025M07;1,6
17 Rioja, La;01 Alimentos y bebidas no alcohólicas;Variación en lo que va de año;2025M06;1,5
17 Rioja, La;01 Alimentos y bebidas no alcohólicas;Variación en lo que va de año;2025M05;1,5
17 Rioja, La;01 Alimentos y bebidas no alcohólicas;Variación en lo que va de año;2025M04;1,5
17 Rioja, La;01 Alimentos y bebidas no alcohólicas;Variación en lo que va de año;2025M03;1,1
17 Rioja, La;01 Alimentos y bebidas no alcohólicas;Variación en lo que va de año;2025M02;0,5
17 Rioja, La;01 Alimentos y bebidas no alcohólicas;Variación en lo que va de año;2025M01;0,6
17 Rioja, La;02 Bebidas alcohólicas y tabaco;Índice;2025M10;
17 Rioja, La;02 Bebidas alcohólicas y tabaco;Índice;2025M09;121,758
17 Rioja, La;02 Bebidas alcohólicas y tabaco;Índice;2025M08;120,929
17 Rioja, La;02 Bebidas alcohólicas y tabaco;Índice;2025M07;121,558
17 Rioja, La;02 Bebidas alcohólicas y tabaco;Índice;2025M06;121,564
17 Rioja, La;02 Bebidas alcohólicas y tabaco;Índice;2025M05;121,009
17 Rioja, La;02 Bebidas alcohólicas y tabaco;Índice;2025M04;119,399
17 Rioja, La;02 Bebidas alcohólicas y tabaco;Índice;2025M03;119,533
17 Rioja, La;02 Bebidas alcohólicas y tabaco;Índice;2025M02;119,887
17 Rioja, La;02 Bebidas alcohólicas y tabaco;Índice;2025M01;119,108
17 Rioja, La;02 Bebidas alcohólicas y tabaco;Variación mensual;2025M10;
17 Rioja, La;02 Bebidas alcohólicas y tabaco;Variación mensual;2025M09;0,7
17 Rioja, La;02 Bebidas alcohólicas y tabaco;Variación mensual;2025M08;-0,5
17 Rioja, La;02 Bebidas alcohólicas y tabaco;Variación mensual;2025M07;0
17 Rioja, La;02 Bebidas alcohólicas y tabaco;Variación mensual;2025M06;0,5
17 Rioja, La;02 Bebidas alcohólicas y tabaco;Variación mensual;2025M05;1,3
17 Rioja, La;02 Bebidas alcohólicas y tabaco;Variación mensual;2025M04;-0,1
17 Rioja, La;02 Bebidas alcohólicas y tabaco;Variación mensual;2025M03;-0,3
17 Rioja, La;02 Bebidas alcohólicas y tabaco;Variación mensual;2025M02;0,7
17 Rioja, La;02 Bebidas alcohólicas y tabaco;Variación mensual;2025M01;1,5
17 Rioja, La;02 Bebidas alcohólicas y tabaco;Variación anual;2025M10;
17 Rioja, La;02 Bebidas alcohólicas y tabaco;Variación anual;2025M09;4,4
17 Rioja, La;02 Bebidas alcohólicas y tabaco;Variación anual;2025M08;3,8
17 Rioja, La;02 Bebidas alcohólicas y tabaco;Variación anual;2025M07;4,6
17 Rioja, La;02 Bebidas alcohólicas y tabaco;Variación anual;2025M06;4,5
17 Rioja, La;02 Bebidas alcohólicas y tabaco;Variación anual;2025M05;4
17 Rioja, La;02 Bebidas alcohólicas y tabaco;Variación anual;2025M04;2,4
17 Rioja, La;02 Bebidas alcohólicas y tabaco;Variación anual;2025M03;2,7
17 Rioja, La;02 Bebidas alcohólicas y tabaco;Variación anual;2025M02;2,7
17 Rioja, La;02 Bebidas alcohólicas y tabaco;Variación anual;2025M01;3,7
17 Rioja, La;02 Bebidas alcohólicas y tabaco;Variación en lo que va de año;2025M10;
17 Rioja, La;02 Bebidas alcohólicas y tabaco;Variación en lo que va de año;2025M09;3,8
17 Rioja, La;02 Bebidas alcohólicas y tabaco;Variación en lo que va de año;2025M08;3,1
17 Rioja, La;02 Bebidas alcohólicas y tabaco;Variación en lo que va de año;2025M07;3,6
17 Rioja, La;02 Bebidas alcohólicas y tabaco;Variación en lo que va de año;2025M06;3,6
17 Rioja, La;02 Bebidas alcohólicas y tabaco;Variación en lo que va de año;2025M05;3,2
17 Rioja, La;02 Bebidas alcohólicas y tabaco;Variación en lo que va de año;2025M04;1,8
17 Rioja, La;02 Bebidas alcohólicas y tabaco;Variación en lo que va de año;2025M03;1,9
17 Rioja, La;02 Bebidas alcohólicas y tabaco;Variación en lo que va de año;2025M02;2,2
17 Rioja, La;02 Bebidas alcohólicas y tabaco;Variación en lo que va de año;2025M01;1,5
17 Rioja, La;03 Vestido y calzado;Índice;2025M10;
17 Rioja, La;03 Vestido y calzado;Índice;2025M09;103,241
17 Rioja, La;03 Vestido y calzado;Índice;2025M08;102,106
17 Rioja, La;03 Vestido y calzado;Índice;2025M07;102,324
17 Rioja, La;03 Vestido y calzado;Índice;2025M06;115,746
17 Rioja, La;03 Vestido y calzado;Índice;2025M05;117,024
17 Rioja, La;03 Vestido y calzado;Índice;2025M04;112,334
17 Rioja, La;03 Vestido y calzado;Índice;2025M03;103,303
17 Rioja, La;03 Vestido y calzado;Índice;2025M02;102,603
17 Rioja, La;03 Vestido y calzado;Índice;2025M01;103,933
17 Rioja, La;03 Vestido y calzado;Variación mensual;2025M10;
17 Rioja, La;03 Vestido y calzado;Variación mensual;2025M09;1,1
17 Rioja, La;03 Vestido y calzado;Variación mensual;2025M08;-0,2
17 Rioja, La;03 Vestido y calzado;Variación mensual;2025M07;-11,6
17 Rioja, La;03 Vestido y calzado;Variación mensual;2025M06;-1,1
17 Rioja, La;03 Vestido y calzado;Variación mensual;2025M05;4,2
17 Rioja, La;03 Vestido y calzado;Variación mensual;2025M04;8,7
17 Rioja, La;03 Vestido y calzado;Variación mensual;2025M03;0,7
17 Rioja, La;03 Vestido y calzado;Variación mensual;2025M02;-1,3
17 Rioja, La;03 Vestido y calzado;Variación mensual;2025M01;-13
17 Rioja, La;03 Vestido y calzado;Variación anual;2025M10;
17 Rioja, La;03 Vestido y calzado;Variación anual;2025M09;-2
17 Rioja, La;03 Vestido y calzado;Variación anual;2025M08;-2,9
17 Rioja, La;03 Vestido y calzado;Variación anual;2025M07;-3,6
17 Rioja, La;03 Vestido y calzado;Variación anual;2025M06;-2,4
17 Rioja, La;03 Vestido y calzado;Variación anual;2025M05;-2,3
17 Rioja, La;03 Vestido y calzado;Variación anual;2025M04;-2,8
17 Rioja, La;03 Vestido y calzado;Variación anual;2025M03;-2,4
17 Rioja, La;03 Vestido y calzado;Variación anual;2025M02;-2,8
17 Rioja, La;03 Vestido y calzado;Variación anual;2025M01;-2,5
17 Rioja, La;03 Vestido y calzado;Variación en lo que va de año;2025M10;
17 Rioja, La;03 Vestido y calzado;Variación en lo que va de año;2025M09;-13,5
17 Rioja, La;03 Vestido y calzado;Variación en lo que va de año;2025M08;-14,5
17 Rioja, La;03 Vestido y calzado;Variación en lo que va de año;2025M07;-14,3
17 Rioja, La;03 Vestido y calzado;Variación en lo que va de año;2025M06;-3,1
17 Rioja, La;03 Vestido y calzado;Variación en lo que va de año;2025M05;-2
17 Rioja, La;03 Vestido y calzado;Variación en lo que va de año;2025M04;-5,9
17 Rioja, La;03 Vestido y calzado;Variación en lo que va de año;2025M03;-13,5
17 Rioja, La;03 Vestido y calzado;Variación en lo que va de año;2025M02;-14,1
17 Rioja, La;03 Vestido y calzado;Variación en lo que va de año;2025M01;-13
17 Rioja, La;04 Vivienda, agua, electricidad, gas y otros combustibles;Índice;2025M10;
17 Rioja, La;04 Vivienda, agua, electricidad, gas y otros combustibles;Índice;2025M09;113,393
17 Rioja, La;04 Vivienda, agua, electricidad, gas y otros combustibles;Índice;2025M08;113,489
17 Rioja, La;04 Vivienda, agua, electricidad, gas y otros combustibles;Índice;2025M07;113,509
17 Rioja, La;04 Vivienda, agua, electricidad, gas y otros combustibles;Índice;2025M06;112,946
17 Rioja, La;04 Vivienda, agua, electricidad, gas y otros combustibles;Índice;2025M05;111,45
17 Rioja, La;04 Vivienda, agua, electricidad, gas y otros combustibles;Índice;2025M04;111,233
17 Rioja, La;04 Vivienda, agua, electricidad, gas y otros combustibles;Índice;2025M03;113,015
17 Rioja, La;04 Vivienda, agua, electricidad, gas y otros combustibles;Índice;2025M02;115,34
17 Rioja, La;04 Vivienda, agua, electricidad, gas y otros combustibles;Índice;2025M01;114,805
17 Rioja, La;04 Vivienda, agua, electricidad, gas y otros combustibles;Variación mensual;2025M10;
17 Rioja, La;04 Vivienda, agua, electricidad, gas y otros combustibles;Variación mensual;2025M09;-0,1
17 Rioja, La;04 Vivienda, agua, electricidad, gas y otros combustibles;Variación mensual;2025M08;0
17 Rioja, La;04 Vivienda, agua, electricidad, gas y otros combustibles;Variación mensual;2025M07;0,5
17 Rioja, La;04 Vivienda, agua, electricidad, gas y otros combustibles;Variación mensual;2025M06;1,3
17 Rioja, La;04 Vivienda, agua, electricidad, gas y otros combustibles;Variación mensual;2025M05;0,2
17 Rioja, La;04 Vivienda, agua, electricidad, gas y otros combustibles;Variación mensual;2025M04;-1,6
17 Rioja, La;04 Vivienda, agua, electricidad, gas y otros combustibles;Variación mensual;2025M03;-2
17 Rioja, La;04 Vivienda, agua, electricidad, gas y otros combustibles;Variación mensual;2025M02;0,5
17 Rioja, La;04 Vivienda, agua, electricidad, gas y otros combustibles;Variación mensual;2025M01;4,4
17 Rioja, La;04 Vivienda, agua, electricidad, gas y otros combustibles;Variación anual;2025M10;
17 Rioja, La;04 Vivienda, agua, electricidad, gas y otros combustibles;Variación anual;2025M09;6,4
17 Rioja, La;04 Vivienda, agua, electricidad, gas y otros combustibles;Variación anual;2025M08;5,5
17 Rioja, La;04 Vivienda, agua, electricidad, gas y otros combustibles;Variación anual;2025M07;6,2
17 Rioja, La;04 Vivienda, agua, electricidad, gas y otros combustibles;Variación anual;2025M06;3,2
17 Rioja, La;04 Vivienda, agua, electricidad, gas y otros combustibles;Variación anual;2025M05;2,6
17 Rioja, La;04 Vivienda, agua, electricidad, gas y otros combustibles;Variación anual;2025M04;3,2
17 Rioja, La;04 Vivienda, agua, electricidad, gas y otros combustibles;Variación anual;2025M03;5,7
17 Rioja, La;04 Vivienda, agua, electricidad, gas y otros combustibles;Variación anual;2025M02;10,3
17 Rioja, La;04 Vivienda, agua, electricidad, gas y otros combustibles;Variación anual;2025M01;8
17 Rioja, La;04 Vivienda, agua, electricidad, gas y otros combustibles;Variación en lo que va de año;2025M10;
17 Rioja, La;04 Vivienda, agua, electricidad, gas y otros combustibles;Variación en lo que va de año;2025M09;3,1
17 Rioja, La;04 Vivienda, agua, electricidad, gas y otros combustibles;Variación en lo que va de año;2025M08;3,2
17 Rioja, La;04 Vivienda, agua, electricidad, gas y otros combustibles;Variación en lo que va de año;2025M07;3,2
17 Rioja, La;04 Vivienda, agua, electricidad, gas y otros combustibles;Variación en lo que va de año;2025M06;2,7
17 Rioja, La;04 Vivienda, agua, electricidad, gas y otros combustibles;Variación en lo que va de año;2025M05;1,3
17 Rioja, La;04 Vivienda, agua, electricidad, gas y otros combustibles;Variación en lo que va de año;2025M04;1,1
17 Rioja, La;04 Vivienda, agua, electricidad, gas y otros combustibles;Variación en lo que va de año;2025M03;2,8
17 Rioja, La;04 Vivienda, agua, electricidad, gas y otros combustibles;Variación en lo que va de año;2025M02;4,9
17 Rioja, La;04 Vivienda, agua, electricidad, gas y otros combustibles;Variación en lo que va de año;2025M01;4,4
17 Rioja, La;05 Muebles, artículos del hogar y artículos para el mantenimiento corriente del hogar;Índice;2025M10;
17 Rioja, La;05 Muebles, artículos del hogar y artículos para el mantenimiento corriente del hogar;Índice;2025M09;112,053
17 Rioja, La;05 Muebles, artículos del hogar y artículos para el mantenimiento corriente del hogar;Índice;2025M08;112,244
17 Rioja, La;05 Muebles, artículos del hogar y artículos para el mantenimiento corriente del hogar;Índice;2025M07;112,38
17 Rioja, La;05 Muebles, artículos del hogar y artículos para el mantenimiento corriente del hogar;Índice;2025M06;112,508
17 Rioja, La;05 Muebles, artículos del hogar y artículos para el mantenimiento corriente del hogar;Índice;2025M05;112,24
17 Rioja, La;05 Muebles, artículos del hogar y artículos para el mantenimiento corriente del hogar;Índice;2025M04;112,108
17 Rioja, La;05 Muebles, artículos del hogar y artículos para el mantenimiento corriente del hogar;Índice;2025M03;111,995
17 Rioja, La;05 Muebles, artículos del hogar y artículos para el mantenimiento corriente del hogar;Índice;2025M02;111,154
17 Rioja, La;05 Muebles, artículos del hogar y artículos para el mantenimiento corriente del hogar;Índice;2025M01;111,539
17 Rioja, La;05 Muebles, artículos del hogar y artículos para el mantenimiento corriente del hogar;Variación mensual;2025M10;
17 Rioja, La;05 Muebles, artículos del hogar y artículos para el mantenimiento corriente del hogar;Variación mensual;2025M09;-0,2
17 Rioja, La;05 Muebles, artículos del hogar y artículos para el mantenimiento corriente del hogar;Variación mensual;2025M08;-0,1
17 Rioja, La;05 Muebles, artículos del hogar y artículos para el mantenimiento corriente del hogar;Variación mensual;2025M07;-0,1
17 Rioja, La;05 Muebles, artículos del hogar y artículos para el mantenimiento corriente del hogar;Variación mensual;2025M06;0,2
17 Rioja, La;05 Muebles, artículos del hogar y artículos para el mantenimiento corriente del hogar;Variación mensual;2025M05;0,1
17 Rioja, La;05 Muebles, artículos del hogar y artículos para el mantenimiento corriente del hogar;Variación mensual;2025M04;0,1
17 Rioja, La;05 Muebles, artículos del hogar y artículos para el mantenimiento corriente del hogar;Variación mensual;2025M03;0,8
17 Rioja, La;05 Muebles, artículos del hogar y artículos para el mantenimiento corriente del hogar;Variación mensual;2025M02;-0,3
17 Rioja, La;05 Muebles, artículos del hogar y artículos para el mantenimiento corriente del hogar;Variación mensual;2025M01;0,2
17 Rioja, La;05 Muebles, artículos del hogar y artículos para el mantenimiento corriente del hogar;Variación anual;2025M10;
17 Rioja, La;05 Muebles, artículos del hogar y artículos para el mantenimiento corriente del hogar;Variación anual;2025M09;1,5
17 Rioja, La;05 Muebles, artículos del hogar y artículos para el mantenimiento corriente del hogar;Variación anual;2025M08;1,1
17 Rioja, La;05 Muebles, artículos del hogar y artículos para el mantenimiento corriente del hogar;Variación anual;2025M07;1,8
17 Rioja, La;05 Muebles, artículos del hogar y artículos para el mantenimiento corriente del hogar;Variación anual;2025M06;1,5
17 Rioja, La;05 Muebles, artículos del hogar y artículos para el mantenimiento corriente del hogar;Variación anual;2025M05;1,1
17 Rioja, La;05 Muebles, artículos del hogar y artículos para el mantenimiento corriente del hogar;Variación anual;2025M04;-0,3
17 Rioja, La;05 Muebles, artículos del hogar y artículos para el mantenimiento corriente del hogar;Variación anual;2025M03;0,2
17 Rioja, La;05 Muebles, artículos del hogar y artículos para el mantenimiento corriente del hogar;Variación anual;2025M02;-0,1
17 Rioja, La;05 Muebles, artículos del hogar y artículos para el mantenimiento corriente del hogar;Variación anual;2025M01;0,2
17 Rioja, La;05 Muebles, artículos del hogar y artículos para el mantenimiento corriente del hogar;Variación en lo que va de año;2025M10;
17 Rioja, La;05 Muebles, artículos del hogar y artículos para el mantenimiento corriente del hogar;Variación en lo que va de año;2025M09;0,7
17 Rioja, La;05 Muebles, artículos del hogar y artículos para el mantenimiento corriente del hogar;Variación en lo que va de año;2025M08;0,8
17 Rioja, La;05 Muebles, artículos del hogar y artículos para el mantenimiento corriente del hogar;Variación en lo que va de año;2025M07;1
17 Rioja, La;05 Muebles, artículos del hogar y artículos para el mantenimiento corriente del hogar;Variación en lo que va de año;2025M06;1,1
17 Rioja, La;05 Muebles, artículos del hogar y artículos para el mantenimiento corriente del hogar;Variación en lo que va de año;2025M05;0,8
17 Rioja, La;05 Muebles, artículos del hogar y artículos para el mantenimiento corriente del hogar;Variación en lo que va de año;2025M04;0,7
17 Rioja, La;05 Muebles, artículos del hogar y artículos para el mantenimiento corriente del hogar;Variación en lo que va de año;2025M03;0,6
17 Rioja, La;05 Muebles, artículos del hogar y artículos para el mantenimiento corriente del hogar;Variación en lo que va de año;2025M02;-0,1
17 Rioja, La;05 Muebles, artículos del hogar y artículos para el mantenimiento corriente del hogar;Variación en lo que va de año;2025M01;0,2
17 Rioja, La;06 Sanidad;Índice;2025M10;
17 Rioja, La;06 Sanidad;Índice;2025M09;109,954
17 Rioja, La;06 Sanidad;Índice;2025M08;109,801
17 Rioja, La;06 Sanidad;Índice;2025M07;109,705
17 Rioja, La;06 Sanidad;Índice;2025M06;109,705
17 Rioja, La;06 Sanidad;Índice;2025M05;109,137
17 Rioja, La;06 Sanidad;Índice;2025M04;109,039
17 Rioja, La;06 Sanidad;Índice;2025M03;109,006
17 Rioja, La;06 Sanidad;Índice;2025M02;108,39
17 Rioja, La;06 Sanidad;Índice;2025M01;108,261
17 Rioja, La;06 Sanidad;Variación mensual;2025M10;
17 Rioja, La;06 Sanidad;Variación mensual;2025M09;0,1
17 Rioja, La;06 Sanidad;Variación mensual;2025M08;0,1
17 Rioja, La;06 Sanidad;Variación mensual;2025M07;0
17 Rioja, La;06 Sanidad;Variación mensual;2025M06;0,5
17 Rioja, La;06 Sanidad;Variación mensual;2025M05;0,1
17 Rioja, La;06 Sanidad;Variación mensual;2025M04;0
17 Rioja, La;06 Sanidad;Variación mensual;2025M03;0,6
17 Rioja, La;06 Sanidad;Variación mensual;2025M02;0,1
17 Rioja, La;06 Sanidad;Variación mensual;2025M01;0,4
17 Rioja, La;06 Sanidad;Variación anual;2025M10;
17 Rioja, La;06 Sanidad;Variación anual;2025M09;2,9
17 Rioja, La;06 Sanidad;Variación anual;2025M08;3,1
17 Rioja, La;06 Sanidad;Variación anual;2025M07;3,4
17 Rioja, La;06 Sanidad;Variación anual;2025M06;3,2
17 Rioja, La;06 Sanidad;Variación anual;2025M05;2,8
17 Rioja, La;06 Sanidad;Variación anual;2025M04;2,9
17 Rioja, La;06 Sanidad;Variación anual;2025M03;3,5
17 Rioja, La;06 Sanidad;Variación anual;2025M02;3,8
17 Rioja, La;06 Sanidad;Variación anual;2025M01;4,1
17 Rioja, La;06 Sanidad;Variación en lo que va de año;2025M10;
17 Rioja, La;06 Sanidad;Variación en lo que va de año;2025M09;2
17 Rioja, La;06 Sanidad;Variación en lo que va de año;2025M08;1,8
17 Rioja, La;06 Sanidad;Variación en lo que va de año;2025M07;1,7
17 Rioja, La;06 Sanidad;Variación en lo que va de año;2025M06;1,7
17 Rioja, La;06 Sanidad;Variación en lo que va de año;2025M05;1,2
17 Rioja, La;06 Sanidad;Variación en lo que va de año;2025M04;1,1
17 Rioja, La;06 Sanidad;Variación en lo que va de año;2025M03;1,1
17 Rioja, La;06 Sanidad;Variación en lo que va de año;2025M02;0,5
17 Rioja, La;06 Sanidad;Variación en lo que va de año;2025M01;0,4
17 Rioja, La;07 Transporte;Índice;2025M10;
17 Rioja, La;07 Transporte;Índice;2025M09;112,877
17 Rioja, La;07 Transporte;Índice;2025M08;113,233
17 Rioja, La;07 Transporte;Índice;2025M07;112,847
17 Rioja, La;07 Transporte;Índice;2025M06;112,113
17 Rioja, La;07 Transporte;Índice;2025M05;111,506
17 Rioja, La;07 Transporte;Índice;2025M04;112,263
17 Rioja, La;07 Transporte;Índice;2025M03;112,501
17 Rioja, La;07 Transporte;Índice;2025M02;113,266
17 Rioja, La;07 Transporte;Índice;2025M01;113,16
17 Rioja, La;07 Transporte;Variación mensual;2025M10;
17 Rioja, La;07 Transporte;Variación mensual;2025M09;-0,3
17 Rioja, La;07 Transporte;Variación mensual;2025M08;0,3
17 Rioja, La;07 Transporte;Variación mensual;2025M07;0,7
17 Rioja, La;07 Transporte;Variación mensual;2025M06;0,5
17 Rioja, La;07 Transporte;Variación mensual;2025M05;-0,7
17 Rioja, La;07 Transporte;Variación mensual;2025M04;-0,2
17 Rioja, La;07 Transporte;Variación mensual;2025M03;-0,7
17 Rioja, La;07 Transporte;Variación mensual;2025M02;0,1
17 Rioja, La;07 Transporte;Variación mensual;2025M01;0,7
17 Rioja, La;07 Transporte;Variación anual;2025M10;
17 Rioja, La;07 Transporte;Variación anual;2025M09;1,6
17 Rioja, La;07 Transporte;Variación anual;2025M08;0,4
17 Rioja, La;07 Transporte;Variación anual;2025M07;-0,7
17 Rioja, La;07 Transporte;Variación anual;2025M06;-1,2
17 Rioja, La;07 Transporte;Variación anual;2025M05;-2,1
17 Rioja, La;07 Transporte;Variación anual;2025M04;-2,4
17 Rioja, La;07 Transporte;Variación anual;2025M03;-1,4
17 Rioja, La;07 Transporte;Variación anual;2025M02;-0,4
17 Rioja, La;07 Transporte;Variación anual;2025M01;0,8
17 Rioja, La;07 Transporte;Variación en lo que va de año;2025M10;
17 Rioja, La;07 Transporte;Variación en lo que va de año;2025M09;0,5
17 Rioja, La;07 Transporte;Variación en lo que va de año;2025M08;0,8
17 Rioja, La;07 Transporte;Variación en lo que va de año;2025M07;0,4
17 Rioja, La;07 Transporte;Variación en lo que va de año;2025M06;-0,2
17 Rioja, La;07 Transporte;Variación en lo que va de año;2025M05;-0,8
17 Rioja, La;07 Transporte;Variación en lo que va de año;2025M04;-0,1
17 Rioja, La;07 Transporte;Variación en lo que va de año;2025M03;0,1
17 Rioja, La;07 Transporte;Variación en lo que va de año;2025M02;0,8
17 Rioja, La;07 Transporte;Variación en lo que va de año;2025M01;0,7
17 Rioja, La;08 Comunicaciones;Índice;2025M10;
17 Rioja, La;08 Comunicaciones;Índice;2025M09;102,321
17 Rioja, La;08 Comunicaciones;Índice;2025M08;102,394
17 Rioja, La;08 Comunicaciones;Índice;2025M07;102,281
17 Rioja, La;08 Comunicaciones;Índice;2025M06;104,144
17 Rioja, La;08 Comunicaciones;Índice;2025M05;104,127
17 Rioja, La;08 Comunicaciones;Índice;2025M04;104,318
17 Rioja, La;08 Comunicaciones;Índice;2025M03;104,124
17 Rioja, La;08 Comunicaciones;Índice;2025M02;104,193
17 Rioja, La;08 Comunicaciones;Índice;2025M01;103,5
17 Rioja, La;08 Comunicaciones;Variación mensual;2025M10;
17 Rioja, La;08 Comunicaciones;Variación mensual;2025M09;-0,1
17 Rioja, La;08 Comunicaciones;Variación mensual;2025M08;0,1
17 Rioja, La;08 Comunicaciones;Variación mensual;2025M07;-1,8
17 Rioja, La;08 Comunicaciones;Variación mensual;2025M06;0
17 Rioja, La;08 Comunicaciones;Variación mensual;2025M05;-0,2
17 Rioja, La;08 Comunicaciones;Variación mensual;2025M04;0,2
17 Rioja, La;08 Comunicaciones;Variación mensual;2025M03;-0,1
17 Rioja, La;08 Comunicaciones;Variación mensual;2025M02;0,7
17 Rioja, La;08 Comunicaciones;Variación mensual;2025M01;2,9
17 Rioja, La;08 Comunicaciones;Variación anual;2025M10;
17 Rioja, La;08 Comunicaciones;Variación anual;2025M09;0,8
17 Rioja, La;08 Comunicaciones;Variación anual;2025M08;0,8
17 Rioja, La;08 Comunicaciones;Variación anual;2025M07;0,6
17 Rioja, La;08 Comunicaciones;Variación anual;2025M06;1,9
17 Rioja, La;08 Comunicaciones;Variación anual;2025M05;1,9
17 Rioja, La;08 Comunicaciones;Variación anual;2025M04;2
17 Rioja, La;08 Comunicaciones;Variación anual;2025M03;1,9
17 Rioja, La;08 Comunicaciones;Variación anual;2025M02;1,9
17 Rioja, La;08 Comunicaciones;Variación anual;2025M01;1,1
17 Rioja, La;08 Comunicaciones;Variación en lo que va de año;2025M10;
17 Rioja, La;08 Comunicaciones;Variación en lo que va de año;2025M09;1,8
17 Rioja, La;08 Comunicaciones;Variación en lo que va de año;2025M08;1,8
17 Rioja, La;08 Comunicaciones;Variación en lo que va de año;2025M07;1,7
17 Rioja, La;08 Comunicaciones;Variación en lo que va de año;2025M06;3,6
17 Rioja, La;08 Comunicaciones;Variación en lo que va de año;2025M05;3,6
17 Rioja, La;08 Comunicaciones;Variación en lo que va de año;2025M04;3,8
17 Rioja, La;08 Comunicaciones;Variación en lo que va de año;2025M03;3,6
17 Rioja, La;08 Comunicaciones;Variación en lo que va de año;2025M02;3,6
17 Rioja, La;08 Comunicaciones;Variación en lo que va de año;2025M01;2,9
17 Rioja, La;09 Ocio y cultura;Índice;2025M10;
17 Rioja, La;09 Ocio y cultura;Índice;2025M09;110,631
17 Rioja, La;09 Ocio y cultura;Índice;2025M08;116,128
17 Rioja, La;09 Ocio y cultura;Índice;2025M07;113,968
17 Rioja, La;09 Ocio y cultura;Índice;2025M06;111,787
17 Rioja, La;09 Ocio y cultura;Índice;2025M05;108,928
17 Rioja, La;09 Ocio y cultura;Índice;2025M04;111,799
17 Rioja, La;09 Ocio y cultura;Índice;2025M03;108,041
17 Rioja, La;09 Ocio y cultura;Índice;2025M02;107,542
17 Rioja, La;09 Ocio y cultura;Índice;2025M01;107,865
17 Rioja, La;09 Ocio y cultura;Variación mensual;2025M10;
17 Rioja, La;09 Ocio y cultura;Variación mensual;2025M09;-4,7
17 Rioja, La;09 Ocio y cultura;Variación mensual;2025M08;1,9
17 Rioja, La;09 Ocio y cultura;Variación mensual;2025M07;2
17 Rioja, La;09 Ocio y cultura;Variación mensual;2025M06;2,6
17 Rioja, La;09 Ocio y cultura;Variación mensual;2025M05;-2,6
17 Rioja, La;09 Ocio y cultura;Variación mensual;2025M04;3,5
17 Rioja, La;09 Ocio y cultura;Variación mensual;2025M03;0,5
17 Rioja, La;09 Ocio y cultura;Variación mensual;2025M02;-0,3
17 Rioja, La;09 Ocio y cultura;Variación mensual;2025M01;-3,6
17 Rioja, La;09 Ocio y cultura;Variación anual;2025M10;
17 Rioja, La;09 Ocio y cultura;Variación anual;2025M09;0,9
17 Rioja, La;09 Ocio y cultura;Variación anual;2025M08;-0,6
17 Rioja, La;09 Ocio y cultura;Variación anual;2025M07;-0,9
17 Rioja, La;09 Ocio y cultura;Variación anual;2025M06;-0,9
17 Rioja, La;09 Ocio y cultura;Variación anual;2025M05;-0,7
17 Rioja, La;09 Ocio y cultura;Variación anual;2025M04;3
17 Rioja, La;09 Ocio y cultura;Variación anual;2025M03;-1,2
17 Rioja, La;09 Ocio y cultura;Variación anual;2025M02;0,2
17 Rioja, La;09 Ocio y cultura;Variación anual;2025M01;1,8
17 Rioja, La;09 Ocio y cultura;Variación en lo que va de año;2025M10;
17 Rioja, La;09 Ocio y cultura;Variación en lo que va de año;2025M09;-1,2
17 Rioja, La;09 Ocio y cultura;Variación en lo que va de año;2025M08;3,8
17 Rioja, La;09 Ocio y cultura;Variación en lo que va de año;2025M07;1,8
17 Rioja, La;09 Ocio y cultura;Variación en lo que va de año;2025M06;-0,1
17 Rioja, La;09 Ocio y cultura;Variación en lo que va de año;2025M05;-2,7
17 Rioja, La;09 Ocio y cultura;Variación en lo que va de año;2025M04;-0,1
17 Rioja, La;09 Ocio y cultura;Variación en lo que va de año;2025M03;-3,5
17 Rioja, La;09 Ocio y cultura;Variación en lo que va de año;2025M02;-3,9
17 Rioja, La;09 Ocio y cultura;Variación en lo que va de año;2025M01;-3,6
17 Rioja, La;10 Enseñanza;Índice;2025M10;
17 Rioja, La;10 Enseñanza;Índice;2025M09;106,118
17 Rioja, La;10 Enseñanza;Índice;2025M08;104,948
17 Rioja, La;10 Enseñanza;Índice;2025M07;104,948
17 Rioja, La;10 Enseñanza;Índice;2025M06;104,852
17 Rioja, La;10 Enseñanza;Índice;2025M05;104,852
17 Rioja, La;10 Enseñanza;Índice;2025M04;104,852
17 Rioja, La;10 Enseñanza;Índice;2025M03;104,852
17 Rioja, La;10 Enseñanza;Índice;2025M02;104,852
17 Rioja, La;10 Enseñanza;Índice;2025M01;104,852
17 Rioja, La;10 Enseñanza;Variación mensual;2025M10;
17 Rioja, La;10 Enseñanza;Variación mensual;2025M09;1,1
17 Rioja, La;10 Enseñanza;Variación mensual;2025M08;0
17 Rioja, La;10 Enseñanza;Variación mensual;2025M07;0,1
17 Rioja, La;10 Enseñanza;Variación mensual;2025M06;0
17 Rioja, La;10 Enseñanza;Variación mensual;2025M05;0
17 Rioja, La;10 Enseñanza;Variación mensual;2025M04;0
17 Rioja, La;10 Enseñanza;Variación mensual;2025M03;0
17 Rioja, La;10 Enseñanza;Variación mensual;2025M02;0
17 Rioja, La;10 Enseñanza;Variación mensual;2025M01;0
17 Rioja, La;10 Enseñanza;Variación anual;2025M10;
17 Rioja, La;10 Enseñanza;Variación anual;2025M09;2,7
17 Rioja, La;10 Enseñanza;Variación anual;2025M08;0,8
17 Rioja, La;10 Enseñanza;Variación anual;2025M07;0,8
17 Rioja, La;10 Enseñanza;Variación anual;2025M06;0,7
17 Rioja, La;10 Enseñanza;Variación anual;2025M05;0,7
17 Rioja, La;10 Enseñanza;Variación anual;2025M04;0,7
17 Rioja, La;10 Enseñanza;Variación anual;2025M03;0,7
17 Rioja, La;10 Enseñanza;Variación anual;2025M02;0,7
17 Rioja, La;10 Enseñanza;Variación anual;2025M01;0,7
17 Rioja, La;10 Enseñanza;Variación en lo que va de año;2025M10;
17 Rioja, La;10 Enseñanza;Variación en lo que va de año;2025M09;1,2
17 Rioja, La;10 Enseñanza;Variación en lo que va de año;2025M08;0,1
17 Rioja, La;10 Enseñanza;Variación en lo que va de año;2025M07;0,1
17 Rioja, La;10 Enseñanza;Variación en lo que va de año;2025M06;0
17 Rioja, La;10 Enseñanza;Variación en lo que va de año;2025M05;0
17 Rioja, La;10 Enseñanza;Variación en lo que va de año;2025M04;0
17 Rioja, La;10 Enseñanza;Variación en lo que va de año;2025M03;0
17 Rioja, La;10 Enseñanza;Variación en lo que va de año;2025M02;0
17 Rioja, La;10 Enseñanza;Variación en lo que va de año;2025M01;0
17 Rioja, La;11 Restaurantes y hoteles;Índice;2025M10;
17 Rioja, La;11 Restaurantes y hoteles;Índice;2025M09;124,777
17 Rioja, La;11 Restaurantes y hoteles;Índice;2025M08;124,544
17 Rioja, La;11 Restaurantes y hoteles;Índice;2025M07;124,93
17 Rioja, La;11 Restaurantes y hoteles;Índice;2025M06;124,058
17 Rioja, La;11 Restaurantes y hoteles;Índice;2025M05;124,298
17 Rioja, La;11 Restaurantes y hoteles;Índice;2025M04;123,928
17 Rioja, La;11 Restaurantes y hoteles;Índice;2025M03;122,204
17 Rioja, La;11 Restaurantes y hoteles;Índice;2025M02;120,377
17 Rioja, La;11 Restaurantes y hoteles;Índice;2025M01;119,639
17 Rioja, La;11 Restaurantes y hoteles;Variación mensual;2025M10;
17 Rioja, La;11 Restaurantes y hoteles;Variación mensual;2025M09;0,2
17 Rioja, La;11 Restaurantes y hoteles;Variación mensual;2025M08;-0,3
17 Rioja, La;11 Restaurantes y hoteles;Variación mensual;2025M07;0,7
17 Rioja, La;11 Restaurantes y hoteles;Variación mensual;2025M06;-0,2
17 Rioja, La;11 Restaurantes y hoteles;Variación mensual;2025M05;0,3
17 Rioja, La;11 Restaurantes y hoteles;Variación mensual;2025M04;1,4
17 Rioja, La;11 Restaurantes y hoteles;Variación mensual;2025M03;1,5
17 Rioja, La;11 Restaurantes y hoteles;Variación mensual;2025M02;0,6
17 Rioja, La;11 Restaurantes y hoteles;Variación mensual;2025M01;-0,7
17 Rioja, La;11 Restaurantes y hoteles;Variación anual;2025M10;
17 Rioja, La;11 Restaurantes y hoteles;Variación anual;2025M09;3,5
17 Rioja, La;11 Restaurantes y hoteles;Variación anual;2025M08;3,2
17 Rioja, La;11 Restaurantes y hoteles;Variación anual;2025M07;3,6
17 Rioja, La;11 Restaurantes y hoteles;Variación anual;2025M06;4,3
17 Rioja, La;11 Restaurantes y hoteles;Variación anual;2025M05;5,1
17 Rioja, La;11 Restaurantes y hoteles;Variación anual;2025M04;5,3
17 Rioja, La;11 Restaurantes y hoteles;Variación anual;2025M03;4,5
17 Rioja, La;11 Restaurantes y hoteles;Variación anual;2025M02;4
17 Rioja, La;11 Restaurantes y hoteles;Variación anual;2025M01;4,4
17 Rioja, La;11 Restaurantes y hoteles;Variación en lo que va de año;2025M10;
17 Rioja, La;11 Restaurantes y hoteles;Variación en lo que va de año;2025M09;3,5
17 Rioja, La;11 Restaurantes y hoteles;Variación en lo que va de año;2025M08;3,3
17 Rioja, La;11 Restaurantes y hoteles;Variación en lo que va de año;2025M07;3,6
17 Rioja, La;11 Restaurantes y hoteles;Variación en lo que va de año;2025M06;2,9
17 Rioja, La;11 Restaurantes y hoteles;Variación en lo que va de año;2025M05;3,1
17 Rioja, La;11 Restaurantes y hoteles;Variación en lo que va de año;2025M04;2,8
17 Rioja, La;11 Restaurantes y hoteles;Variación en lo que va de año;2025M03;1,4
17 Rioja, La;11 Restaurantes y hoteles;Variación en lo que va de año;2025M02;-0,1
17 Rioja, La;11 Restaurantes y hoteles;Variación en lo que va de año;2025M01;-0,7
17 Rioja, La;12 Otros bienes y servicios;Índice;2025M10;
17 Rioja, La;12 Otros bienes y servicios;Índice;2025M09;116,49
17 Rioja, La;12 Otros bienes y servicios;Índice;2025M08;116,611
17 Rioja, La;12 Otros bienes y servicios;Índice;2025M07;116,603
17 Rioja, La;12 Otros bienes y servicios;Índice;2025M06;116,324
17 Rioja, La;12 Otros bienes y servicios;Índice;2025M05;115,749
17 Rioja, La;12 Otros bienes y servicios;Índice;2025M04;115,467
17 Rioja, La;12 Otros bienes y servicios;Índice;2025M03;115,306
17 Rioja, La;12 Otros bienes y servicios;Índice;2025M02;115,114
17 Rioja, La;12 Otros bienes y servicios;Índice;2025M01;113,904
17 Rioja, La;12 Otros bienes y servicios;Variación mensual;2025M10;
17 Rioja, La;12 Otros bienes y servicios;Variación mensual;2025M09;-0,1
17 Rioja, La;12 Otros bienes y servicios;Variación mensual;2025M08;0
17 Rioja, La;12 Otros bienes y servicios;Variación mensual;2025M07;0,2
17 Rioja, La;12 Otros bienes y servicios;Variación mensual;2025M06;0,5
17 Rioja, La;12 Otros bienes y servicios;Variación mensual;2025M05;0,2
17 Rioja, La;12 Otros bienes y servicios;Variación mensual;2025M04;0,1
17 Rioja, La;12 Otros bienes y servicios;Variación mensual;2025M03;0,2
17 Rioja, La;12 Otros bienes y servicios;Variación mensual;2025M02;1,1
17 Rioja, La;12 Otros bienes y servicios;Variación mensual;2025M01;0,4
17 Rioja, La;12 Otros bienes y servicios;Variación anual;2025M10;
17 Rioja, La;12 Otros bienes y servicios;Variación anual;2025M09;3,5
17 Rioja, La;12 Otros bienes y servicios;Variación anual;2025M08;3,4
17 Rioja, La;12 Otros bienes y servicios;Variación anual;2025M07;3,2
17 Rioja, La;12 Otros bienes y servicios;Variación anual;2025M06;3
17 Rioja, La;12 Otros bienes y servicios;Variación anual;2025M05;3
17 Rioja, La;12 Otros bienes y servicios;Variación anual;2025M04;2,9
17 Rioja, La;12 Otros bienes y servicios;Variación anual;2025M03;3,1
17 Rioja, La;12 Otros bienes y servicios;Variación anual;2025M02;3,1
17 Rioja, La;12 Otros bienes y servicios;Variación anual;2025M01;2,6
17 Rioja, La;12 Otros bienes y servicios;Variación en lo que va de año;2025M10;
17 Rioja, La;12 Otros bienes y servicios;Variación en lo que va de año;2025M09;2,7
17 Rioja, La;12 Otros bienes y servicios;Variación en lo que va de año;2025M08;2,8
17 Rioja, La;12 Otros bienes y servicios;Variación en lo que va de año;2025M07;2,8
17 Rioja, La;12 Otros bienes y servicios;Variación en lo que va de año;2025M06;2,6
17 Rioja, La;12 Otros bienes y servicios;Variación en lo que va de año;2025M05;2,1
17 Rioja, La;12 Otros bienes y servicios;Variación en lo que va de año;2025M04;1,8
17 Rioja, La;12 Otros bienes y servicios;Variación en lo que va de año;2025M03;1,7
17 Rioja, La;12 Otros bienes y servicios;Variación en lo que va de año;2025M02;1,5
17 Rioja, La;12 Otros bienes y servicios;Variación en lo que va de año;2025M01;0,4
18 Ceuta;01 Alimentos y bebidas no alcohólicas;Índice;2025M10;
18 Ceuta;01 Alimentos y bebidas no alcohólicas;Índice;2025M09;134,764
18 Ceuta;01 Alimentos y bebidas no alcohólicas;Índice;2025M08;134,853
18 Ceuta;01 Alimentos y bebidas no alcohólicas;Índice;2025M07;134,761
18 Ceuta;01 Alimentos y bebidas no alcohólicas;Índice;2025M06;134,838
18 Ceuta;01 Alimentos y bebidas no alcohólicas;Índice;2025M05;134,755
18 Ceuta;01 Alimentos y bebidas no alcohólicas;Índice;2025M04;134,191
18 Ceuta;01 Alimentos y bebidas no alcohólicas;Índice;2025M03;134,362
18 Ceuta;01 Alimentos y bebidas no alcohólicas;Índice;2025M02;133,559
18 Ceuta;01 Alimentos y bebidas no alcohólicas;Índice;2025M01;132,053
18 Ceuta;01 Alimentos y bebidas no alcohólicas;Variación mensual;2025M10;
18 Ceuta;01 Alimentos y bebidas no alcohólicas;Variación mensual;2025M09;-0,1
18 Ceuta;01 Alimentos y bebidas no alcohólicas;Variación mensual;2025M08;0,1
18 Ceuta;01 Alimentos y bebidas no alcohólicas;Variación mensual;2025M07;-0,1
18 Ceuta;01 Alimentos y bebidas no alcohólicas;Variación mensual;2025M06;0,1
18 Ceuta;01 Alimentos y bebidas no alcohólicas;Variación mensual;2025M05;0,4
18 Ceuta;01 Alimentos y bebidas no alcohólicas;Variación mensual;2025M04;-0,1
18 Ceuta;01 Alimentos y bebidas no alcohólicas;Variación mensual;2025M03;0,6
18 Ceuta;01 Alimentos y bebidas no alcohólicas;Variación mensual;2025M02;1,1
18 Ceuta;01 Alimentos y bebidas no alcohólicas;Variación mensual;2025M01;1
18 Ceuta;01 Alimentos y bebidas no alcohólicas;Variación anual;2025M10;
18 Ceuta;01 Alimentos y bebidas no alcohólicas;Variación anual;2025M09;3,7
18 Ceuta;01 Alimentos y bebidas no alcohólicas;Variación anual;2025M08;3,3
18 Ceuta;01 Alimentos y bebidas no alcohólicas;Variación anual;2025M07;3,1
18 Ceuta;01 Alimentos y bebidas no alcohólicas;Variación anual;2025M06;2,8
18 Ceuta;01 Alimentos y bebidas no alcohólicas;Variación anual;2025M05;3,2
18 Ceuta;01 Alimentos y bebidas no alcohólicas;Variación anual;2025M04;3
18 Ceuta;01 Alimentos y bebidas no alcohólicas;Variación anual;2025M03;4,5
18 Ceuta;01 Alimentos y bebidas no alcohólicas;Variación anual;2025M02;5
18 Ceuta;01 Alimentos y bebidas no alcohólicas;Variación anual;2025M01;2,3
18 Ceuta;01 Alimentos y bebidas no alcohólicas;Variación en lo que va de año;2025M10;
18 Ceuta;01 Alimentos y bebidas no alcohólicas;Variación en lo que va de año;2025M09;3
18 Ceuta;01 Alimentos y bebidas no alcohólicas;Variación en lo que va de año;2025M08;3,1
18 Ceuta;01 Alimentos y bebidas no alcohólicas;Variación en lo que va de año;2025M07;3
18 Ceuta;01 Alimentos y bebidas no alcohólicas;Variación en lo que va de año;2025M06;3,1
18 Ceuta;01 Alimentos y bebidas no alcohólicas;Variación en lo que va de año;2025M05;3
18 Ceuta;01 Alimentos y bebidas no alcohólicas;Variación en lo que va de año;2025M04;2,6
18 Ceuta;01 Alimentos y bebidas no alcohólicas;Variación en lo que va de año;2025M03;2,7
18 Ceuta;01 Alimentos y bebidas no alcohólicas;Variación en lo que va de año;2025M02;2,1
18 Ceuta;01 Alimentos y bebidas no alcohólicas;Variación en lo que va de año;2025M01;1
18 Ceuta;02 Bebidas alcohólicas y tabaco;Índice;2025M10;
18 Ceuta;02 Bebidas alcohólicas y tabaco;Índice;2025M09;125,162
18 Ceuta;02 Bebidas alcohólicas y tabaco;Índice;2025M08;124,055
18 Ceuta;02 Bebidas alcohólicas y tabaco;Índice;2025M07;122,794
18 Ceuta;02 Bebidas alcohólicas y tabaco;Índice;2025M06;125,423
18 Ceuta;02 Bebidas alcohólicas y tabaco;Índice;2025M05;125,577
18 Ceuta;02 Bebidas alcohólicas y tabaco;Índice;2025M04;124,782
18 Ceuta;02 Bebidas alcohólicas y tabaco;Índice;2025M03;125,24
18 Ceuta;02 Bebidas alcohólicas y tabaco;Índice;2025M02;125,166
18 Ceuta;02 Bebidas alcohólicas y tabaco;Índice;2025M01;124,773
18 Ceuta;02 Bebidas alcohólicas y tabaco;Variación mensual;2025M10;
18 Ceuta;02 Bebidas alcohólicas y tabaco;Variación mensual;2025M09;0,9
18 Ceuta;02 Bebidas alcohólicas y tabaco;Variación mensual;2025M08;1
18 Ceuta;02 Bebidas alcohólicas y tabaco;Variación mensual;2025M07;-2,1
18 Ceuta;02 Bebidas alcohólicas y tabaco;Variación mensual;2025M06;-0,1
18 Ceuta;02 Bebidas alcohólicas y tabaco;Variación mensual;2025M05;0,6
18 Ceuta;02 Bebidas alcohólicas y tabaco;Variación mensual;2025M04;-0,4
18 Ceuta;02 Bebidas alcohólicas y tabaco;Variación mensual;2025M03;0,1
18 Ceuta;02 Bebidas alcohólicas y tabaco;Variación mensual;2025M02;0,3
18 Ceuta;02 Bebidas alcohólicas y tabaco;Variación mensual;2025M01;2,8
18 Ceuta;02 Bebidas alcohólicas y tabaco;Variación anual;2025M10;
18 Ceuta;02 Bebidas alcohólicas y tabaco;Variación anual;2025M09;7,6
18 Ceuta;02 Bebidas alcohólicas y tabaco;Variación anual;2025M08;7,1
18 Ceuta;02 Bebidas alcohólicas y tabaco;Variación anual;2025M07;5,7
18 Ceuta;02 Bebidas alcohólicas y tabaco;Variación anual;2025M06;6,4
18 Ceuta;02 Bebidas alcohólicas y tabaco;Variación anual;2025M05;7,4
18 Ceuta;02 Bebidas alcohólicas y tabaco;Variación anual;2025M04;5,7
18 Ceuta;02 Bebidas alcohólicas y tabaco;Variación anual;2025M03;6,5
18 Ceuta;02 Bebidas alcohólicas y tabaco;Variación anual;2025M02;6,5
18 Ceuta;02 Bebidas alcohólicas y tabaco;Variación anual;2025M01;8
18 Ceuta;02 Bebidas alcohólicas y tabaco;Variación en lo que va de año;2025M10;
18 Ceuta;02 Bebidas alcohólicas y tabaco;Variación en lo que va de año;2025M09;3,1
18 Ceuta;02 Bebidas alcohólicas y tabaco;Variación en lo que va de año;2025M08;2,2
18 Ceuta;02 Bebidas alcohólicas y tabaco;Variación en lo que va de año;2025M07;1,2
18 Ceuta;02 Bebidas alcohólicas y tabaco;Variación en lo que va de año;2025M06;3,4
18 Ceuta;02 Bebidas alcohólicas y tabaco;Variación en lo que va de año;2025M05;3,5
18 Ceuta;02 Bebidas alcohólicas y tabaco;Variación en lo que va de año;2025M04;2,8
18 Ceuta;02 Bebidas alcohólicas y tabaco;Variación en lo que va de año;2025M03;3,2
18 Ceuta;02 Bebidas alcohólicas y tabaco;Variación en lo que va de año;2025M02;3,1
18 Ceuta;02 Bebidas alcohólicas y tabaco;Variación en lo que va de año;2025M01;2,8
18 Ceuta;03 Vestido y calzado;Índice;2025M10;
18 Ceuta;03 Vestido y calzado;Índice;2025M09;100,569
18 Ceuta;03 Vestido y calzado;Índice;2025M08;100,576
18 Ceuta;03 Vestido y calzado;Índice;2025M07;103,22
18 Ceuta;03 Vestido y calzado;Índice;2025M06;113,316
18 Ceuta;03 Vestido y calzado;Índice;2025M05;110,33
18 Ceuta;03 Vestido y calzado;Índice;2025M04;97,821
18 Ceuta;03 Vestido y calzado;Índice;2025M03;97,751
18 Ceuta;03 Vestido y calzado;Índice;2025M02;96,604
18 Ceuta;03 Vestido y calzado;Índice;2025M01;98,439
18 Ceuta;03 Vestido y calzado;Variación mensual;2025M10;
18 Ceuta;03 Vestido y calzado;Variación mensual;2025M09;0
18 Ceuta;03 Vestido y calzado;Variación mensual;2025M08;-2,6
18 Ceuta;03 Vestido y calzado;Variación mensual;2025M07;-8,9
18 Ceuta;03 Vestido y calzado;Variación mensual;2025M06;2,7
18 Ceuta;03 Vestido y calzado;Variación mensual;2025M05;12,8
18 Ceuta;03 Vestido y calzado;Variación mensual;2025M04;0,1
18 Ceuta;03 Vestido y calzado;Variación mensual;2025M03;1,2
18 Ceuta;03 Vestido y calzado;Variación mensual;2025M02;-1,9
18 Ceuta;03 Vestido y calzado;Variación mensual;2025M01;-12,6
18 Ceuta;03 Vestido y calzado;Variación anual;2025M10;
18 Ceuta;03 Vestido y calzado;Variación anual;2025M09;0,9
18 Ceuta;03 Vestido y calzado;Variación anual;2025M08;2
18 Ceuta;03 Vestido y calzado;Variación anual;2025M07;3,5
18 Ceuta;03 Vestido y calzado;Variación anual;2025M06;-0,8
18 Ceuta;03 Vestido y calzado;Variación anual;2025M05;-4,4
18 Ceuta;03 Vestido y calzado;Variación anual;2025M04;-15,2
18 Ceuta;03 Vestido y calzado;Variación anual;2025M03;-7,4
18 Ceuta;03 Vestido y calzado;Variación anual;2025M02;-5,6
18 Ceuta;03 Vestido y calzado;Variación anual;2025M01;-5
18 Ceuta;03 Vestido y calzado;Variación en lo que va de año;2025M10;
18 Ceuta;03 Vestido y calzado;Variación en lo que va de año;2025M09;-10,7
18 Ceuta;03 Vestido y calzado;Variación en lo que va de año;2025M08;-10,7
18 Ceuta;03 Vestido y calzado;Variación en lo que va de año;2025M07;-8,4
18 Ceuta;03 Vestido y calzado;Variación en lo que va de año;2025M06;0,6
18 Ceuta;03 Vestido y calzado;Variación en lo que va de año;2025M05;-2,1
18 Ceuta;03 Vestido y calzado;Variación en lo que va de año;2025M04;-13,2
18 Ceuta;03 Vestido y calzado;Variación en lo que va de año;2025M03;-13,2
18 Ceuta;03 Vestido y calzado;Variación en lo que va de año;2025M02;-14,3
18 Ceuta;03 Vestido y calzado;Variación en lo que va de año;2025M01;-12,6
18 Ceuta;04 Vivienda, agua, electricidad, gas y otros combustibles;Índice;2025M10;
18 Ceuta;04 Vivienda, agua, electricidad, gas y otros combustibles;Índice;2025M09;107,922
18 Ceuta;04 Vivienda, agua, electricidad, gas y otros combustibles;Índice;2025M08;108,089
18 Ceuta;04 Vivienda, agua, electricidad, gas y otros combustibles;Índice;2025M07;108,227
18 Ceuta;04 Vivienda, agua, electricidad, gas y otros combustibles;Índice;2025M06;107,986
18 Ceuta;04 Vivienda, agua, electricidad, gas y otros combustibles;Índice;2025M05;106,962
18 Ceuta;04 Vivienda, agua, electricidad, gas y otros combustibles;Índice;2025M04;106,566
18 Ceuta;04 Vivienda, agua, electricidad, gas y otros combustibles;Índice;2025M03;107,065
18 Ceuta;04 Vivienda, agua, electricidad, gas y otros combustibles;Índice;2025M02;108,452
18 Ceuta;04 Vivienda, agua, electricidad, gas y otros combustibles;Índice;2025M01;107,714
18 Ceuta;04 Vivienda, agua, electricidad, gas y otros combustibles;Variación mensual;2025M10;
18 Ceuta;04 Vivienda, agua, electricidad, gas y otros combustibles;Variación mensual;2025M09;-0,2
18 Ceuta;04 Vivienda, agua, electricidad, gas y otros combustibles;Variación mensual;2025M08;-0,1
18 Ceuta;04 Vivienda, agua, electricidad, gas y otros combustibles;Variación mensual;2025M07;0,2
18 Ceuta;04 Vivienda, agua, electricidad, gas y otros combustibles;Variación mensual;2025M06;1
18 Ceuta;04 Vivienda, agua, electricidad, gas y otros combustibles;Variación mensual;2025M05;0,4
18 Ceuta;04 Vivienda, agua, electricidad, gas y otros combustibles;Variación mensual;2025M04;-0,5
18 Ceuta;04 Vivienda, agua, electricidad, gas y otros combustibles;Variación mensual;2025M03;-1,3
18 Ceuta;04 Vivienda, agua, electricidad, gas y otros combustibles;Variación mensual;2025M02;0,7
18 Ceuta;04 Vivienda, agua, electricidad, gas y otros combustibles;Variación mensual;2025M01;2,6
18 Ceuta;04 Vivienda, agua, electricidad, gas y otros combustibles;Variación anual;2025M10;
18 Ceuta;04 Vivienda, agua, electricidad, gas y otros combustibles;Variación anual;2025M09;4,9
18 Ceuta;04 Vivienda, agua, electricidad, gas y otros combustibles;Variación anual;2025M08;4,6
18 Ceuta;04 Vivienda, agua, electricidad, gas y otros combustibles;Variación anual;2025M07;5,2
18 Ceuta;04 Vivienda, agua, electricidad, gas y otros combustibles;Variación anual;2025M06;3,2
18 Ceuta;04 Vivienda, agua, electricidad, gas y otros combustibles;Variación anual;2025M05;3,1
18 Ceuta;04 Vivienda, agua, electricidad, gas y otros combustibles;Variación anual;2025M04;3,4
18 Ceuta;04 Vivienda, agua, electricidad, gas y otros combustibles;Variación anual;2025M03;4
18 Ceuta;04 Vivienda, agua, electricidad, gas y otros combustibles;Variación anual;2025M02;7,6
18 Ceuta;04 Vivienda, agua, electricidad, gas y otros combustibles;Variación anual;2025M01;5,6
18 Ceuta;04 Vivienda, agua, electricidad, gas y otros combustibles;Variación en lo que va de año;2025M10;
18 Ceuta;04 Vivienda, agua, electricidad, gas y otros combustibles;Variación en lo que va de año;2025M09;2,8
18 Ceuta;04 Vivienda, agua, electricidad, gas y otros combustibles;Variación en lo que va de año;2025M08;2,9
18 Ceuta;04 Vivienda, agua, electricidad, gas y otros combustibles;Variación en lo que va de año;2025M07;3,1
18 Ceuta;04 Vivienda, agua, electricidad, gas y otros combustibles;Variación en lo que va de año;2025M06;2,8
18 Ceuta;04 Vivienda, agua, electricidad, gas y otros combustibles;Variación en lo que va de año;2025M05;1,9
18 Ceuta;04 Vivienda, agua, electricidad, gas y otros combustibles;Variación en lo que va de año;2025M04;1,5
18 Ceuta;04 Vivienda, agua, electricidad, gas y otros combustibles;Variación en lo que va de año;2025M03;2
18 Ceuta;04 Vivienda, agua, electricidad, gas y otros combustibles;Variación en lo que va de año;2025M02;3,3
18 Ceuta;04 Vivienda, agua, electricidad, gas y otros combustibles;Variación en lo que va de año;2025M01;2,6
18 Ceuta;05 Muebles, artículos del hogar y artículos para el mantenimiento corriente del hogar;Índice;2025M10;
18 Ceuta;05 Muebles, artículos del hogar y artículos para el mantenimiento corriente del hogar;Índice;2025M09;111,24
18 Ceuta;05 Muebles, artículos del hogar y artículos para el mantenimiento corriente del hogar;Índice;2025M08;111,294
18 Ceuta;05 Muebles, artículos del hogar y artículos para el mantenimiento corriente del hogar;Índice;2025M07;111,229
18 Ceuta;05 Muebles, artículos del hogar y artículos para el mantenimiento corriente del hogar;Índice;2025M06;111,417
18 Ceuta;05 Muebles, artículos del hogar y artículos para el mantenimiento corriente del hogar;Índice;2025M05;111,569
18 Ceuta;05 Muebles, artículos del hogar y artículos para el mantenimiento corriente del hogar;Índice;2025M04;111,344
18 Ceuta;05 Muebles, artículos del hogar y artículos para el mantenimiento corriente del hogar;Índice;2025M03;111,303
18 Ceuta;05 Muebles, artículos del hogar y artículos para el mantenimiento corriente del hogar;Índice;2025M02;110,952
18 Ceuta;05 Muebles, artículos del hogar y artículos para el mantenimiento corriente del hogar;Índice;2025M01;109,733
18 Ceuta;05 Muebles, artículos del hogar y artículos para el mantenimiento corriente del hogar;Variación mensual;2025M10;
18 Ceuta;05 Muebles, artículos del hogar y artículos para el mantenimiento corriente del hogar;Variación mensual;2025M09;0
18 Ceuta;05 Muebles, artículos del hogar y artículos para el mantenimiento corriente del hogar;Variación mensual;2025M08;0,1
18 Ceuta;05 Muebles, artículos del hogar y artículos para el mantenimiento corriente del hogar;Variación mensual;2025M07;-0,2
18 Ceuta;05 Muebles, artículos del hogar y artículos para el mantenimiento corriente del hogar;Variación mensual;2025M06;-0,1
18 Ceuta;05 Muebles, artículos del hogar y artículos para el mantenimiento corriente del hogar;Variación mensual;2025M05;0,2
18 Ceuta;05 Muebles, artículos del hogar y artículos para el mantenimiento corriente del hogar;Variación mensual;2025M04;0
18 Ceuta;05 Muebles, artículos del hogar y artículos para el mantenimiento corriente del hogar;Variación mensual;2025M03;0,3
18 Ceuta;05 Muebles, artículos del hogar y artículos para el mantenimiento corriente del hogar;Variación mensual;2025M02;1,1
18 Ceuta;05 Muebles, artículos del hogar y artículos para el mantenimiento corriente del hogar;Variación mensual;2025M01;-0,1
18 Ceuta;05 Muebles, artículos del hogar y artículos para el mantenimiento corriente del hogar;Variación anual;2025M10;
18 Ceuta;05 Muebles, artículos del hogar y artículos para el mantenimiento corriente del hogar;Variación anual;2025M09;2,2
18 Ceuta;05 Muebles, artículos del hogar y artículos para el mantenimiento corriente del hogar;Variación anual;2025M08;2,3
18 Ceuta;05 Muebles, artículos del hogar y artículos para el mantenimiento corriente del hogar;Variación anual;2025M07;2,2
18 Ceuta;05 Muebles, artículos del hogar y artículos para el mantenimiento corriente del hogar;Variación anual;2025M06;1,6
18 Ceuta;05 Muebles, artículos del hogar y artículos para el mantenimiento corriente del hogar;Variación anual;2025M05;1,9
18 Ceuta;05 Muebles, artículos del hogar y artículos para el mantenimiento corriente del hogar;Variación anual;2025M04;1,8
18 Ceuta;05 Muebles, artículos del hogar y artículos para el mantenimiento corriente del hogar;Variación anual;2025M03;2
18 Ceuta;05 Muebles, artículos del hogar y artículos para el mantenimiento corriente del hogar;Variación anual;2025M02;1,3
18 Ceuta;05 Muebles, artículos del hogar y artículos para el mantenimiento corriente del hogar;Variación anual;2025M01;0
18 Ceuta;05 Muebles, artículos del hogar y artículos para el mantenimiento corriente del hogar;Variación en lo que va de año;2025M10;
18 Ceuta;05 Muebles, artículos del hogar y artículos para el mantenimiento corriente del hogar;Variación en lo que va de año;2025M09;1,2
18 Ceuta;05 Muebles, artículos del hogar y artículos para el mantenimiento corriente del hogar;Variación en lo que va de año;2025M08;1,3
18 Ceuta;05 Muebles, artículos del hogar y artículos para el mantenimiento corriente del hogar;Variación en lo que va de año;2025M07;1,2
18 Ceuta;05 Muebles, artículos del hogar y artículos para el mantenimiento corriente del hogar;Variación en lo que va de año;2025M06;1,4
18 Ceuta;05 Muebles, artículos del hogar y artículos para el mantenimiento corriente del hogar;Variación en lo que va de año;2025M05;1,5
18 Ceuta;05 Muebles, artículos del hogar y artículos para el mantenimiento corriente del hogar;Variación en lo que va de año;2025M04;1,3
18 Ceuta;05 Muebles, artículos del hogar y artículos para el mantenimiento corriente del hogar;Variación en lo que va de año;2025M03;1,3
18 Ceuta;05 Muebles, artículos del hogar y artículos para el mantenimiento corriente del hogar;Variación en lo que va de año;2025M02;1
18 Ceuta;05 Muebles, artículos del hogar y artículos para el mantenimiento corriente del hogar;Variación en lo que va de año;2025M01;-0,1
18 Ceuta;06 Sanidad;Índice;2025M10;
18 Ceuta;06 Sanidad;Índice;2025M09;104,929
18 Ceuta;06 Sanidad;Índice;2025M08;104,921
18 Ceuta;06 Sanidad;Índice;2025M07;104,922
18 Ceuta;06 Sanidad;Índice;2025M06;104,885
18 Ceuta;06 Sanidad;Índice;2025M05;105,037
18 Ceuta;06 Sanidad;Índice;2025M04;104,23
18 Ceuta;06 Sanidad;Índice;2025M03;104,134
18 Ceuta;06 Sanidad;Índice;2025M02;104,037
18 Ceuta;06 Sanidad;Índice;2025M01;104,195
18 Ceuta;06 Sanidad;Variación mensual;2025M10;
18 Ceuta;06 Sanidad;Variación mensual;2025M09;0
18 Ceuta;06 Sanidad;Variación mensual;2025M08;0
18 Ceuta;06 Sanidad;Variación mensual;2025M07;0
18 Ceuta;06 Sanidad;Variación mensual;2025M06;-0,1
18 Ceuta;06 Sanidad;Variación mensual;2025M05;0,8
18 Ceuta;06 Sanidad;Variación mensual;2025M04;0,1
18 Ceuta;06 Sanidad;Variación mensual;2025M03;0,1
18 Ceuta;06 Sanidad;Variación mensual;2025M02;-0,2
18 Ceuta;06 Sanidad;Variación mensual;2025M01;0,1
18 Ceuta;06 Sanidad;Variación anual;2025M10;
18 Ceuta;06 Sanidad;Variación anual;2025M09;0,8
18 Ceuta;06 Sanidad;Variación anual;2025M08;0,8
18 Ceuta;06 Sanidad;Variación anual;2025M07;0,8
18 Ceuta;06 Sanidad;Variación anual;2025M06;0,9
18 Ceuta;06 Sanidad;Variación anual;2025M05;1
18 Ceuta;06 Sanidad;Variación anual;2025M04;0,2
18 Ceuta;06 Sanidad;Variación anual;2025M03;0,5
18 Ceuta;06 Sanidad;Variación anual;2025M02;0,4
18 Ceuta;06 Sanidad;Variación anual;2025M01;0,4
18 Ceuta;06 Sanidad;Variación en lo que va de año;2025M10;
18 Ceuta;06 Sanidad;Variación en lo que va de año;2025M09;0,8
18 Ceuta;06 Sanidad;Variación en lo que va de año;2025M08;0,8
18 Ceuta;06 Sanidad;Variación en lo que va de año;2025M07;0,8
18 Ceuta;06 Sanidad;Variación en lo que va de año;2025M06;0,8
18 Ceuta;06 Sanidad;Variación en lo que va de año;2025M05;0,9
18 Ceuta;06 Sanidad;Variación en lo que va de año;2025M04;0,2
18 Ceuta;06 Sanidad;Variación en lo que va de año;2025M03;0,1
18 Ceuta;06 Sanidad;Variación en lo que va de año;2025M02;0
18 Ceuta;06 Sanidad;Variación en lo que va de año;2025M01;0,1
18 Ceuta;07 Transporte;Índice;2025M10;
18 Ceuta;07 Transporte;Índice;2025M09;115,538
18 Ceuta;07 Transporte;Índice;2025M08;115,87
18 Ceuta;07 Transporte;Índice;2025M07;115,381
18 Ceuta;07 Transporte;Índice;2025M06;112,914
18 Ceuta;07 Transporte;Índice;2025M05;114,27
18 Ceuta;07 Transporte;Índice;2025M04;117,814
18 Ceuta;07 Transporte;Índice;2025M03;116,868
18 Ceuta;07 Transporte;Índice;2025M02;116,085
18 Ceuta;07 Transporte;Índice;2025M01;113,391
18 Ceuta;07 Transporte;Variación mensual;2025M10;
18 Ceuta;07 Transporte;Variación mensual;2025M09;-0,3
18 Ceuta;07 Transporte;Variación mensual;2025M08;0,4
18 Ceuta;07 Transporte;Variación mensual;2025M07;2,2
18 Ceuta;07 Transporte;Variación mensual;2025M06;-1,2
18 Ceuta;07 Transporte;Variación mensual;2025M05;-3
18 Ceuta;07 Transporte;Variación mensual;2025M04;0,8
18 Ceuta;07 Transporte;Variación mensual;2025M03;0,7
18 Ceuta;07 Transporte;Variación mensual;2025M02;2,4
18 Ceuta;07 Transporte;Variación mensual;2025M01;0,6
18 Ceuta;07 Transporte;Variación anual;2025M10;
18 Ceuta;07 Transporte;Variación anual;2025M09;3,6
18 Ceuta;07 Transporte;Variación anual;2025M08;1,9
18 Ceuta;07 Transporte;Variación anual;2025M07;0,5
18 Ceuta;07 Transporte;Variación anual;2025M06;-1,1
18 Ceuta;07 Transporte;Variación anual;2025M05;-0,6
18 Ceuta;07 Transporte;Variación anual;2025M04;2,1
18 Ceuta;07 Transporte;Variación anual;2025M03;2
18 Ceuta;07 Transporte;Variación anual;2025M02;1,6
18 Ceuta;07 Transporte;Variación anual;2025M01;2,2
18 Ceuta;07 Transporte;Variación en lo que va de año;2025M10;
18 Ceuta;07 Transporte;Variación en lo que va de año;2025M09;2,5
18 Ceuta;07 Transporte;Variación en lo que va de año;2025M08;2,8
18 Ceuta;07 Transporte;Variación en lo que va de año;2025M07;2,3
18 Ceuta;07 Transporte;Variación en lo que va de año;2025M06;0,2
18 Ceuta;07 Transporte;Variación en lo que va de año;2025M05;1,4
18 Ceuta;07 Transporte;Variación en lo que va de año;2025M04;4,5
18 Ceuta;07 Transporte;Variación en lo que va de año;2025M03;3,7
18 Ceuta;07 Transporte;Variación en lo que va de año;2025M02;3
18 Ceuta;07 Transporte;Variación en lo que va de año;2025M01;0,6
18 Ceuta;08 Comunicaciones;Índice;2025M10;
18 Ceuta;08 Comunicaciones;Índice;2025M09;105,16
18 Ceuta;08 Comunicaciones;Índice;2025M08;105,181
18 Ceuta;08 Comunicaciones;Índice;2025M07;105,148
18 Ceuta;08 Comunicaciones;Índice;2025M06;106,982
18 Ceuta;08 Comunicaciones;Índice;2025M05;106,977
18 Ceuta;08 Comunicaciones;Índice;2025M04;107,032
18 Ceuta;08 Comunicaciones;Índice;2025M03;106,846
18 Ceuta;08 Comunicaciones;Índice;2025M02;106,866
18 Ceuta;08 Comunicaciones;Índice;2025M01;106,139
18 Ceuta;08 Comunicaciones;Variación mensual;2025M10;
18 Ceuta;08 Comunicaciones;Variación mensual;2025M09;0
18 Ceuta;08 Comunicaciones;Variación mensual;2025M08;0
18 Ceuta;08 Comunicaciones;Variación mensual;2025M07;-1,7
18 Ceuta;08 Comunicaciones;Variación mensual;2025M06;0
18 Ceuta;08 Comunicaciones;Variación mensual;2025M05;-0,1
18 Ceuta;08 Comunicaciones;Variación mensual;2025M04;0,2
18 Ceuta;08 Comunicaciones;Variación mensual;2025M03;0
18 Ceuta;08 Comunicaciones;Variación mensual;2025M02;0,7
18 Ceuta;08 Comunicaciones;Variación mensual;2025M01;3,3
18 Ceuta;08 Comunicaciones;Variación anual;2025M10;
18 Ceuta;08 Comunicaciones;Variación anual;2025M09;1,4
18 Ceuta;08 Comunicaciones;Variación anual;2025M08;1,4
18 Ceuta;08 Comunicaciones;Variación anual;2025M07;1,3
18 Ceuta;08 Comunicaciones;Variación anual;2025M06;2,8
18 Ceuta;08 Comunicaciones;Variación anual;2025M05;2,8
18 Ceuta;08 Comunicaciones;Variación anual;2025M04;2,8
18 Ceuta;08 Comunicaciones;Variación anual;2025M03;2,8
18 Ceuta;08 Comunicaciones;Variación anual;2025M02;2,8
18 Ceuta;08 Comunicaciones;Variación anual;2025M01;2,1
18 Ceuta;08 Comunicaciones;Variación en lo que va de año;2025M10;
18 Ceuta;08 Comunicaciones;Variación en lo que va de año;2025M09;2,3
18 Ceuta;08 Comunicaciones;Variación en lo que va de año;2025M08;2,4
18 Ceuta;08 Comunicaciones;Variación en lo que va de año;2025M07;2,3
18 Ceuta;08 Comunicaciones;Variación en lo que va de año;2025M06;4,1
18 Ceuta;08 Comunicaciones;Variación en lo que va de año;2025M05;4,1
18 Ceuta;08 Comunicaciones;Variación en lo que va de año;2025M04;4,2
18 Ceuta;08 Comunicaciones;Variación en lo que va de año;2025M03;4
18 Ceuta;08 Comunicaciones;Variación en lo que va de año;2025M02;4
18 Ceuta;08 Comunicaciones;Variación en lo que va de año;2025M01;3,3
18 Ceuta;09 Ocio y cultura;Índice;2025M10;
18 Ceuta;09 Ocio y cultura;Índice;2025M09;107,345
18 Ceuta;09 Ocio y cultura;Índice;2025M08;110,715
18 Ceuta;09 Ocio y cultura;Índice;2025M07;109,396
18 Ceuta;09 Ocio y cultura;Índice;2025M06;108,173
18 Ceuta;09 Ocio y cultura;Índice;2025M05;106,184
18 Ceuta;09 Ocio y cultura;Índice;2025M04;108,575
18 Ceuta;09 Ocio y cultura;Índice;2025M03;106,599
18 Ceuta;09 Ocio y cultura;Índice;2025M02;106,586
18 Ceuta;09 Ocio y cultura;Índice;2025M01;106,466
18 Ceuta;09 Ocio y cultura;Variación mensual;2025M10;
18 Ceuta;09 Ocio y cultura;Variación mensual;2025M09;-3
18 Ceuta;09 Ocio y cultura;Variación mensual;2025M08;1,2
18 Ceuta;09 Ocio y cultura;Variación mensual;2025M07;1,1
18 Ceuta;09 Ocio y cultura;Variación mensual;2025M06;1,9
18 Ceuta;09 Ocio y cultura;Variación mensual;2025M05;-2,2
18 Ceuta;09 Ocio y cultura;Variación mensual;2025M04;1,9
18 Ceuta;09 Ocio y cultura;Variación mensual;2025M03;0
18 Ceuta;09 Ocio y cultura;Variación mensual;2025M02;0,1
18 Ceuta;09 Ocio y cultura;Variación mensual;2025M01;-2
18 Ceuta;09 Ocio y cultura;Variación anual;2025M10;
18 Ceuta;09 Ocio y cultura;Variación anual;2025M09;-0,8
18 Ceuta;09 Ocio y cultura;Variación anual;2025M08;-1,5
18 Ceuta;09 Ocio y cultura;Variación anual;2025M07;-1,8
18 Ceuta;09 Ocio y cultura;Variación anual;2025M06;-1,7
18 Ceuta;09 Ocio y cultura;Variación anual;2025M05;-0,4
18 Ceuta;09 Ocio y cultura;Variación anual;2025M04;1,3
18 Ceuta;09 Ocio y cultura;Variación anual;2025M03;-0,9
18 Ceuta;09 Ocio y cultura;Variación anual;2025M02;0,5
18 Ceuta;09 Ocio y cultura;Variación anual;2025M01;1
18 Ceuta;09 Ocio y cultura;Variación en lo que va de año;2025M10;
18 Ceuta;09 Ocio y cultura;Variación en lo que va de año;2025M09;-1,2
18 Ceuta;09 Ocio y cultura;Variación en lo que va de año;2025M08;1,9
18 Ceuta;09 Ocio y cultura;Variación en lo que va de año;2025M07;0,7
18 Ceuta;09 Ocio y cultura;Variación en lo que va de año;2025M06;-0,4
18 Ceuta;09 Ocio y cultura;Variación en lo que va de año;2025M05;-2,3
18 Ceuta;09 Ocio y cultura;Variación en lo que va de año;2025M04;-0,1
18 Ceuta;09 Ocio y cultura;Variación en lo que va de año;2025M03;-1,9
18 Ceuta;09 Ocio y cultura;Variación en lo que va de año;2025M02;-1,9
18 Ceuta;09 Ocio y cultura;Variación en lo que va de año;2025M01;-2
18 Ceuta;10 Enseñanza;Índice;2025M10;
18 Ceuta;10 Enseñanza;Índice;2025M09;102,895
18 Ceuta;10 Enseñanza;Índice;2025M08;102,738
18 Ceuta;10 Enseñanza;Índice;2025M07;102,738
18 Ceuta;10 Enseñanza;Índice;2025M06;102,738
18 Ceuta;10 Enseñanza;Índice;2025M05;102,738
18 Ceuta;10 Enseñanza;Índice;2025M04;102,738
18 Ceuta;10 Enseñanza;Índice;2025M03;102,738
18 Ceuta;10 Enseñanza;Índice;2025M02;102,738
18 Ceuta;10 Enseñanza;Índice;2025M01;102,738
18 Ceuta;10 Enseñanza;Variación mensual;2025M10;
18 Ceuta;10 Enseñanza;Variación mensual;2025M09;0,2
18 Ceuta;10 Enseñanza;Variación mensual;2025M08;0
18 Ceuta;10 Enseñanza;Variación mensual;2025M07;0
18 Ceuta;10 Enseñanza;Variación mensual;2025M06;0
18 Ceuta;10 Enseñanza;Variación mensual;2025M05;0
18 Ceuta;10 Enseñanza;Variación mensual;2025M04;0
18 Ceuta;10 Enseñanza;Variación mensual;2025M03;0
18 Ceuta;10 Enseñanza;Variación mensual;2025M02;0
18 Ceuta;10 Enseñanza;Variación mensual;2025M01;0
18 Ceuta;10 Enseñanza;Variación anual;2025M10;
18 Ceuta;10 Enseñanza;Variación anual;2025M09;0,8
18 Ceuta;10 Enseñanza;Variación anual;2025M08;0,7
18 Ceuta;10 Enseñanza;Variación anual;2025M07;0,7
18 Ceuta;10 Enseñanza;Variación anual;2025M06;0,7
18 Ceuta;10 Enseñanza;Variación anual;2025M05;0,7
18 Ceuta;10 Enseñanza;Variación anual;2025M04;0,7
18 Ceuta;10 Enseñanza;Variación anual;2025M03;0,7
18 Ceuta;10 Enseñanza;Variación anual;2025M02;0,7
18 Ceuta;10 Enseñanza;Variación anual;2025M01;0,7
18 Ceuta;10 Enseñanza;Variación en lo que va de año;2025M10;
18 Ceuta;10 Enseñanza;Variación en lo que va de año;2025M09;0,2
18 Ceuta;10 Enseñanza;Variación en lo que va de año;2025M08;0
18 Ceuta;10 Enseñanza;Variación en lo que va de año;2025M07;0
18 Ceuta;10 Enseñanza;Variación en lo que va de año;2025M06;0
18 Ceuta;10 Enseñanza;Variación en lo que va de año;2025M05;0
18 Ceuta;10 Enseñanza;Variación en lo que va de año;2025M04;0
18 Ceuta;10 Enseñanza;Variación en lo que va de año;2025M03;0
18 Ceuta;10 Enseñanza;Variación en lo que va de año;2025M02;0
18 Ceuta;10 Enseñanza;Variación en lo que va de año;2025M01;0
18 Ceuta;11 Restaurantes y hoteles;Índice;2025M10;
18 Ceuta;11 Restaurantes y hoteles;Índice;2025M09;122,46
18 Ceuta;11 Restaurantes y hoteles;Índice;2025M08;122,206
18 Ceuta;11 Restaurantes y hoteles;Índice;2025M07;122,02
18 Ceuta;11 Restaurantes y hoteles;Índice;2025M06;121,218
18 Ceuta;11 Restaurantes y hoteles;Índice;2025M05;121,187
18 Ceuta;11 Restaurantes y hoteles;Índice;2025M04;119,314
18 Ceuta;11 Restaurantes y hoteles;Índice;2025M03;115,424
18 Ceuta;11 Restaurantes y hoteles;Índice;2025M02;113,958
18 Ceuta;11 Restaurantes y hoteles;Índice;2025M01;113,239
18 Ceuta;11 Restaurantes y hoteles;Variación mensual;2025M10;
18 Ceuta;11 Restaurantes y hoteles;Variación mensual;2025M09;0,2
18 Ceuta;11 Restaurantes y hoteles;Variación mensual;2025M08;0,2
18 Ceuta;11 Restaurantes y hoteles;Variación mensual;2025M07;0,7
18 Ceuta;11 Restaurantes y hoteles;Variación mensual;2025M06;0
18 Ceuta;11 Restaurantes y hoteles;Variación mensual;2025M05;1,6
18 Ceuta;11 Restaurantes y hoteles;Variación mensual;2025M04;3,4
18 Ceuta;11 Restaurantes y hoteles;Variación mensual;2025M03;1,3
18 Ceuta;11 Restaurantes y hoteles;Variación mensual;2025M02;0,6
18 Ceuta;11 Restaurantes y hoteles;Variación mensual;2025M01;1
18 Ceuta;11 Restaurantes y hoteles;Variación anual;2025M10;
18 Ceuta;11 Restaurantes y hoteles;Variación anual;2025M09;9,7
18 Ceuta;11 Restaurantes y hoteles;Variación anual;2025M08;9,2
18 Ceuta;11 Restaurantes y hoteles;Variación anual;2025M07;9,4
18 Ceuta;11 Restaurantes y hoteles;Variación anual;2025M06;8,6
18 Ceuta;11 Restaurantes y hoteles;Variación anual;2025M05;9
18 Ceuta;11 Restaurantes y hoteles;Variación anual;2025M04;7,5
18 Ceuta;11 Restaurantes y hoteles;Variación anual;2025M03;4,6
18 Ceuta;11 Restaurantes y hoteles;Variación anual;2025M02;3,2
18 Ceuta;11 Restaurantes y hoteles;Variación anual;2025M01;2,7
18 Ceuta;11 Restaurantes y hoteles;Variación en lo que va de año;2025M10;
18 Ceuta;11 Restaurantes y hoteles;Variación en lo que va de año;2025M09;9,2
18 Ceuta;11 Restaurantes y hoteles;Variación en lo que va de año;2025M08;9
18 Ceuta;11 Restaurantes y hoteles;Variación en lo que va de año;2025M07;8,8
18 Ceuta;11 Restaurantes y hoteles;Variación en lo que va de año;2025M06;8,1
18 Ceuta;11 Restaurantes y hoteles;Variación en lo que va de año;2025M05;8,1
18 Ceuta;11 Restaurantes y hoteles;Variación en lo que va de año;2025M04;6,4
18 Ceuta;11 Restaurantes y hoteles;Variación en lo que va de año;2025M03;2,9
18 Ceuta;11 Restaurantes y hoteles;Variación en lo que va de año;2025M02;1,6
18 Ceuta;11 Restaurantes y hoteles;Variación en lo que va de año;2025M01;1
18 Ceuta;12 Otros bienes y servicios;Índice;2025M10;
18 Ceuta;12 Otros bienes y servicios;Índice;2025M09;111,606
18 Ceuta;12 Otros bienes y servicios;Índice;2025M08;111,919
18 Ceuta;12 Otros bienes y servicios;Índice;2025M07;111,938
18 Ceuta;12 Otros bienes y servicios;Índice;2025M06;112,174
18 Ceuta;12 Otros bienes y servicios;Índice;2025M05;111,353
18 Ceuta;12 Otros bienes y servicios;Índice;2025M04;111,569
18 Ceuta;12 Otros bienes y servicios;Índice;2025M03;111,819
18 Ceuta;12 Otros bienes y servicios;Índice;2025M02;111,961
18 Ceuta;12 Otros bienes y servicios;Índice;2025M01;111,067
18 Ceuta;12 Otros bienes y servicios;Variación mensual;2025M10;
18 Ceuta;12 Otros bienes y servicios;Variación mensual;2025M09;-0,3
18 Ceuta;12 Otros bienes y servicios;Variación mensual;2025M08;0
18 Ceuta;12 Otros bienes y servicios;Variación mensual;2025M07;-0,2
18 Ceuta;12 Otros bienes y servicios;Variación mensual;2025M06;0,7
18 Ceuta;12 Otros bienes y servicios;Variación mensual;2025M05;-0,2
18 Ceuta;12 Otros bienes y servicios;Variación mensual;2025M04;-0,2
18 Ceuta;12 Otros bienes y servicios;Variación mensual;2025M03;-0,1
18 Ceuta;12 Otros bienes y servicios;Variación mensual;2025M02;0,8
18 Ceuta;12 Otros bienes y servicios;Variación mensual;2025M01;0,6
18 Ceuta;12 Otros bienes y servicios;Variación anual;2025M10;
18 Ceuta;12 Otros bienes y servicios;Variación anual;2025M09;2,2
18 Ceuta;12 Otros bienes y servicios;Variación anual;2025M08;2,7
18 Ceuta;12 Otros bienes y servicios;Variación anual;2025M07;3,3
18 Ceuta;12 Otros bienes y servicios;Variación anual;2025M06;3
18 Ceuta;12 Otros bienes y servicios;Variación anual;2025M05;2,8
18 Ceuta;12 Otros bienes y servicios;Variación anual;2025M04;2,8
18 Ceuta;12 Otros bienes y servicios;Variación anual;2025M03;3,2
18 Ceuta;12 Otros bienes y servicios;Variación anual;2025M02;3,7
18 Ceuta;12 Otros bienes y servicios;Variación anual;2025M01;2,3
18 Ceuta;12 Otros bienes y servicios;Variación en lo que va de año;2025M10;
18 Ceuta;12 Otros bienes y servicios;Variación en lo que va de año;2025M09;1,1
18 Ceuta;12 Otros bienes y servicios;Variación en lo que va de año;2025M08;1,4
18 Ceuta;12 Otros bienes y servicios;Variación en lo que va de año;2025M07;1,4
18 Ceuta;12 Otros bienes y servicios;Variación en lo que va de año;2025M06;1,6
18 Ceuta;12 Otros bienes y servicios;Variación en lo que va de año;2025M05;0,9
18 Ceuta;12 Otros bienes y servicios;Variación en lo que va de año;2025M04;1,1
18 Ceuta;12 Otros bienes y servicios;Variación en lo que va de año;2025M03;1,3
18 Ceuta;12 Otros bienes y servicios;Variación en lo que va de año;2025M02;1,4
18 Ceuta;12 Otros bienes y servicios;Variación en lo que va de año;2025M01;0,6
19 Melilla;01 Alimentos y bebidas no alcohólicas;Índice;2025M10;
19 Melilla;01 Alimentos y bebidas no alcohólicas;Índice;2025M09;133,525
19 Melilla;01 Alimentos y bebidas no alcohólicas;Índice;2025M08;134,005
19 Melilla;01 Alimentos y bebidas no alcohólicas;Índice;2025M07;135,285
19 Melilla;01 Alimentos y bebidas no alcohólicas;Índice;2025M06;137,562
19 Melilla;01 Alimentos y bebidas no alcohólicas;Índice;2025M05;135,906
19 Melilla;01 Alimentos y bebidas no alcohólicas;Índice;2025M04;135,461
19 Melilla;01 Alimentos y bebidas no alcohólicas;Índice;2025M03;135,594
19 Melilla;01 Alimentos y bebidas no alcohólicas;Índice;2025M02;133,722
19 Melilla;01 Alimentos y bebidas no alcohólicas;Índice;2025M01;133,867
19 Melilla;01 Alimentos y bebidas no alcohólicas;Variación mensual;2025M10;
19 Melilla;01 Alimentos y bebidas no alcohólicas;Variación mensual;2025M09;-0,4
19 Melilla;01 Alimentos y bebidas no alcohólicas;Variación mensual;2025M08;-0,9
19 Melilla;01 Alimentos y bebidas no alcohólicas;Variación mensual;2025M07;-1,7
19 Melilla;01 Alimentos y bebidas no alcohólicas;Variación mensual;2025M06;1,2
19 Melilla;01 Alimentos y bebidas no alcohólicas;Variación mensual;2025M05;0,3
19 Melilla;01 Alimentos y bebidas no alcohólicas;Variación mensual;2025M04;-0,1
19 Melilla;01 Alimentos y bebidas no alcohólicas;Variación mensual;2025M03;1,4
19 Melilla;01 Alimentos y bebidas no alcohólicas;Variación mensual;2025M02;-0,1
19 Melilla;01 Alimentos y bebidas no alcohólicas;Variación mensual;2025M01;0,1
19 Melilla;01 Alimentos y bebidas no alcohólicas;Variación anual;2025M10;
19 Melilla;01 Alimentos y bebidas no alcohólicas;Variación anual;2025M09;1
19 Melilla;01 Alimentos y bebidas no alcohólicas;Variación anual;2025M08;1,7
19 Melilla;01 Alimentos y bebidas no alcohólicas;Variación anual;2025M07;1,3
19 Melilla;01 Alimentos y bebidas no alcohólicas;Variación anual;2025M06;2
19 Melilla;01 Alimentos y bebidas no alcohólicas;Variación anual;2025M05;1,6
19 Melilla;01 Alimentos y bebidas no alcohólicas;Variación anual;2025M04;1,4
19 Melilla;01 Alimentos y bebidas no alcohólicas;Variación anual;2025M03;2,8
19 Melilla;01 Alimentos y bebidas no alcohólicas;Variación anual;2025M02;2,3
19 Melilla;01 Alimentos y bebidas no alcohólicas;Variación anual;2025M01;0,8
19 Melilla;01 Alimentos y bebidas no alcohólicas;Variación en lo que va de año;2025M10;
19 Melilla;01 Alimentos y bebidas no alcohólicas;Variación en lo que va de año;2025M09;-0,2
19 Melilla;01 Alimentos y bebidas no alcohólicas;Variación en lo que va de año;2025M08;0,2
19 Melilla;01 Alimentos y bebidas no alcohólicas;Variación en lo que va de año;2025M07;1,2
19 Melilla;01 Alimentos y bebidas no alcohólicas;Variación en lo que va de año;2025M06;2,9
19 Melilla;01 Alimentos y bebidas no alcohólicas;Variación en lo que va de año;2025M05;1,6
19 Melilla;01 Alimentos y bebidas no alcohólicas;Variación en lo que va de año;2025M04;1,3
19 Melilla;01 Alimentos y bebidas no alcohólicas;Variación en lo que va de año;2025M03;1,4
19 Melilla;01 Alimentos y bebidas no alcohólicas;Variación en lo que va de año;2025M02;0
19 Melilla;01 Alimentos y bebidas no alcohólicas;Variación en lo que va de año;2025M01;0,1
19 Melilla;02 Bebidas alcohólicas y tabaco;Índice;2025M10;
19 Melilla;02 Bebidas alcohólicas y tabaco;Índice;2025M09;126,669
19 Melilla;02 Bebidas alcohólicas y tabaco;Índice;2025M08;126,577
19 Melilla;02 Bebidas alcohólicas y tabaco;Índice;2025M07;126,418
19 Melilla;02 Bebidas alcohólicas y tabaco;Índice;2025M06;126,674
19 Melilla;02 Bebidas alcohólicas y tabaco;Índice;2025M05;125,841
19 Melilla;02 Bebidas alcohólicas y tabaco;Índice;2025M04;125,811
19 Melilla;02 Bebidas alcohólicas y tabaco;Índice;2025M03;125,357
19 Melilla;02 Bebidas alcohólicas y tabaco;Índice;2025M02;125,409
19 Melilla;02 Bebidas alcohólicas y tabaco;Índice;2025M01;125,626
19 Melilla;02 Bebidas alcohólicas y tabaco;Variación mensual;2025M10;
19 Melilla;02 Bebidas alcohólicas y tabaco;Variación mensual;2025M09;0,1
19 Melilla;02 Bebidas alcohólicas y tabaco;Variación mensual;2025M08;0,1
19 Melilla;02 Bebidas alcohólicas y tabaco;Variación mensual;2025M07;-0,2
19 Melilla;02 Bebidas alcohólicas y tabaco;Variación mensual;2025M06;0,7
19 Melilla;02 Bebidas alcohólicas y tabaco;Variación mensual;2025M05;0
19 Melilla;02 Bebidas alcohólicas y tabaco;Variación mensual;2025M04;0,4
19 Melilla;02 Bebidas alcohólicas y tabaco;Variación mensual;2025M03;0
19 Melilla;02 Bebidas alcohólicas y tabaco;Variación mensual;2025M02;-0,2
19 Melilla;02 Bebidas alcohólicas y tabaco;Variación mensual;2025M01;3,2
19 Melilla;02 Bebidas alcohólicas y tabaco;Variación anual;2025M10;
19 Melilla;02 Bebidas alcohólicas y tabaco;Variación anual;2025M09;8
19 Melilla;02 Bebidas alcohólicas y tabaco;Variación anual;2025M08;7,6
19 Melilla;02 Bebidas alcohólicas y tabaco;Variación anual;2025M07;7,5
19 Melilla;02 Bebidas alcohólicas y tabaco;Variación anual;2025M06;7,7
19 Melilla;02 Bebidas alcohólicas y tabaco;Variación anual;2025M05;6,8
19 Melilla;02 Bebidas alcohólicas y tabaco;Variación anual;2025M04;7,1
19 Melilla;02 Bebidas alcohólicas y tabaco;Variación anual;2025M03;7,6
19 Melilla;02 Bebidas alcohólicas y tabaco;Variación anual;2025M02;7,1
19 Melilla;02 Bebidas alcohólicas y tabaco;Variación anual;2025M01;8,7
19 Melilla;02 Bebidas alcohólicas y tabaco;Variación en lo que va de año;2025M10;
19 Melilla;02 Bebidas alcohólicas y tabaco;Variación en lo que va de año;2025M09;4,1
19 Melilla;02 Bebidas alcohólicas y tabaco;Variación en lo que va de año;2025M08;4
19 Melilla;02 Bebidas alcohólicas y tabaco;Variación en lo que va de año;2025M07;3,9
19 Melilla;02 Bebidas alcohólicas y tabaco;Variación en lo que va de año;2025M06;4,1
19 Melilla;02 Bebidas alcohólicas y tabaco;Variación en lo que va de año;2025M05;3,4
19 Melilla;02 Bebidas alcohólicas y tabaco;Variación en lo que va de año;2025M04;3,4
19 Melilla;02 Bebidas alcohólicas y tabaco;Variación en lo que va de año;2025M03;3
19 Melilla;02 Bebidas alcohólicas y tabaco;Variación en lo que va de año;2025M02;3,1
19 Melilla;02 Bebidas alcohólicas y tabaco;Variación en lo que va de año;2025M01;3,2
19 Melilla;03 Vestido y calzado;Índice;2025M10;
19 Melilla;03 Vestido y calzado;Índice;2025M09;92,444
19 Melilla;03 Vestido y calzado;Índice;2025M08;90,587
19 Melilla;03 Vestido y calzado;Índice;2025M07;92,304
19 Melilla;03 Vestido y calzado;Índice;2025M06;103,086
19 Melilla;03 Vestido y calzado;Índice;2025M05;104,992
19 Melilla;03 Vestido y calzado;Índice;2025M04;105,027
19 Melilla;03 Vestido y calzado;Índice;2025M03;91,178
19 Melilla;03 Vestido y calzado;Índice;2025M02;90,251
19 Melilla;03 Vestido y calzado;Índice;2025M01;92,195
19 Melilla;03 Vestido y calzado;Variación mensual;2025M10;
19 Melilla;03 Vestido y calzado;Variación mensual;2025M09;2
19 Melilla;03 Vestido y calzado;Variación mensual;2025M08;-1,9
19 Melilla;03 Vestido y calzado;Variación mensual;2025M07;-10,5
19 Melilla;03 Vestido y calzado;Variación mensual;2025M06;-1,8
19 Melilla;03 Vestido y calzado;Variación mensual;2025M05;0
19 Melilla;03 Vestido y calzado;Variación mensual;2025M04;15,2
19 Melilla;03 Vestido y calzado;Variación mensual;2025M03;1
19 Melilla;03 Vestido y calzado;Variación mensual;2025M02;-2,1
19 Melilla;03 Vestido y calzado;Variación mensual;2025M01;-12,2
19 Melilla;03 Vestido y calzado;Variación anual;2025M10;
19 Melilla;03 Vestido y calzado;Variación anual;2025M09;-0,8
19 Melilla;03 Vestido y calzado;Variación anual;2025M08;-1,7
19 Melilla;03 Vestido y calzado;Variación anual;2025M07;-1,5
19 Melilla;03 Vestido y calzado;Variación anual;2025M06;-2,5
19 Melilla;03 Vestido y calzado;Variación anual;2025M05;-3,3
19 Melilla;03 Vestido y calzado;Variación anual;2025M04;-3,3
19 Melilla;03 Vestido y calzado;Variación anual;2025M03;-3,6
19 Melilla;03 Vestido y calzado;Variación anual;2025M02;-3,8
19 Melilla;03 Vestido y calzado;Variación anual;2025M01;-4,1
19 Melilla;03 Vestido y calzado;Variación en lo que va de año;2025M10;
19 Melilla;03 Vestido y calzado;Variación en lo que va de año;2025M09;-11,9
19 Melilla;03 Vestido y calzado;Variación en lo que va de año;2025M08;-13,7
19 Melilla;03 Vestido y calzado;Variación en lo que va de año;2025M07;-12,1
19 Melilla;03 Vestido y calzado;Variación en lo que va de año;2025M06;-1,8
19 Melilla;03 Vestido y calzado;Variación en lo que va de año;2025M05;0
19 Melilla;03 Vestido y calzado;Variación en lo que va de año;2025M04;0
19 Melilla;03 Vestido y calzado;Variación en lo que va de año;2025M03;-13,2
19 Melilla;03 Vestido y calzado;Variación en lo que va de año;2025M02;-14
19 Melilla;03 Vestido y calzado;Variación en lo que va de año;2025M01;-12,2
19 Melilla;04 Vivienda, agua, electricidad, gas y otros combustibles;Índice;2025M10;
19 Melilla;04 Vivienda, agua, electricidad, gas y otros combustibles;Índice;2025M09;112,014
19 Melilla;04 Vivienda, agua, electricidad, gas y otros combustibles;Índice;2025M08;111,822
19 Melilla;04 Vivienda, agua, electricidad, gas y otros combustibles;Índice;2025M07;111,911
19 Melilla;04 Vivienda, agua, electricidad, gas y otros combustibles;Índice;2025M06;111,489
19 Melilla;04 Vivienda, agua, electricidad, gas y otros combustibles;Índice;2025M05;110,158
19 Melilla;04 Vivienda, agua, electricidad, gas y otros combustibles;Índice;2025M04;109,506
19 Melilla;04 Vivienda, agua, electricidad, gas y otros combustibles;Índice;2025M03;110,023
19 Melilla;04 Vivienda, agua, electricidad, gas y otros combustibles;Índice;2025M02;111,874
19 Melilla;04 Vivienda, agua, electricidad, gas y otros combustibles;Índice;2025M01;111,328
19 Melilla;04 Vivienda, agua, electricidad, gas y otros combustibles;Variación mensual;2025M10;
19 Melilla;04 Vivienda, agua, electricidad, gas y otros combustibles;Variación mensual;2025M09;0,2
19 Melilla;04 Vivienda, agua, electricidad, gas y otros combustibles;Variación mensual;2025M08;-0,1
19 Melilla;04 Vivienda, agua, electricidad, gas y otros combustibles;Variación mensual;2025M07;0,4
19 Melilla;04 Vivienda, agua, electricidad, gas y otros combustibles;Variación mensual;2025M06;1,2
19 Melilla;04 Vivienda, agua, electricidad, gas y otros combustibles;Variación mensual;2025M05;0,6
19 Melilla;04 Vivienda, agua, electricidad, gas y otros combustibles;Variación mensual;2025M04;-0,5
19 Melilla;04 Vivienda, agua, electricidad, gas y otros combustibles;Variación mensual;2025M03;-1,7
19 Melilla;04 Vivienda, agua, electricidad, gas y otros combustibles;Variación mensual;2025M02;0,5
19 Melilla;04 Vivienda, agua, electricidad, gas y otros combustibles;Variación mensual;2025M01;3,4
19 Melilla;04 Vivienda, agua, electricidad, gas y otros combustibles;Variación anual;2025M10;
19 Melilla;04 Vivienda, agua, electricidad, gas y otros combustibles;Variación anual;2025M09;6,7
19 Melilla;04 Vivienda, agua, electricidad, gas y otros combustibles;Variación anual;2025M08;6
19 Melilla;04 Vivienda, agua, electricidad, gas y otros combustibles;Variación anual;2025M07;6,7
19 Melilla;04 Vivienda, agua, electricidad, gas y otros combustibles;Variación anual;2025M06;4
19 Melilla;04 Vivienda, agua, electricidad, gas y otros combustibles;Variación anual;2025M05;4
19 Melilla;04 Vivienda, agua, electricidad, gas y otros combustibles;Variación anual;2025M04;4,3
19 Melilla;04 Vivienda, agua, electricidad, gas y otros combustibles;Variación anual;2025M03;5,4
19 Melilla;04 Vivienda, agua, electricidad, gas y otros combustibles;Variación anual;2025M02;9,7
19 Melilla;04 Vivienda, agua, electricidad, gas y otros combustibles;Variación anual;2025M01;7,6
19 Melilla;04 Vivienda, agua, electricidad, gas y otros combustibles;Variación en lo que va de año;2025M10;
19 Melilla;04 Vivienda, agua, electricidad, gas y otros combustibles;Variación en lo que va de año;2025M09;4,1
19 Melilla;04 Vivienda, agua, electricidad, gas y otros combustibles;Variación en lo que va de año;2025M08;3,9
19 Melilla;04 Vivienda, agua, electricidad, gas y otros combustibles;Variación en lo que va de año;2025M07;4
19 Melilla;04 Vivienda, agua, electricidad, gas y otros combustibles;Variación en lo que va de año;2025M06;3,6
19 Melilla;04 Vivienda, agua, electricidad, gas y otros combustibles;Variación en lo que va de año;2025M05;2,3
19 Melilla;04 Vivienda, agua, electricidad, gas y otros combustibles;Variación en lo que va de año;2025M04;1,7
19 Melilla;04 Vivienda, agua, electricidad, gas y otros combustibles;Variación en lo que va de año;2025M03;2,2
19 Melilla;04 Vivienda, agua, electricidad, gas y otros combustibles;Variación en lo que va de año;2025M02;3,9
19 Melilla;04 Vivienda, agua, electricidad, gas y otros combustibles;Variación en lo que va de año;2025M01;3,4
19 Melilla;05 Muebles, artículos del hogar y artículos para el mantenimiento corriente del hogar;Índice;2025M10;
19 Melilla;05 Muebles, artículos del hogar y artículos para el mantenimiento corriente del hogar;Índice;2025M09;113,785
19 Melilla;05 Muebles, artículos del hogar y artículos para el mantenimiento corriente del hogar;Índice;2025M08;113,673
19 Melilla;05 Muebles, artículos del hogar y artículos para el mantenimiento corriente del hogar;Índice;2025M07;113,795
19 Melilla;05 Muebles, artículos del hogar y artículos para el mantenimiento corriente del hogar;Índice;2025M06;113,781
19 Melilla;05 Muebles, artículos del hogar y artículos para el mantenimiento corriente del hogar;Índice;2025M05;113,658
19 Melilla;05 Muebles, artículos del hogar y artículos para el mantenimiento corriente del hogar;Índice;2025M04;113,45
19 Melilla;05 Muebles, artículos del hogar y artículos para el mantenimiento corriente del hogar;Índice;2025M03;113,293
19 Melilla;05 Muebles, artículos del hogar y artículos para el mantenimiento corriente del hogar;Índice;2025M02;112,933
19 Melilla;05 Muebles, artículos del hogar y artículos para el mantenimiento corriente del hogar;Índice;2025M01;112,837
19 Melilla;05 Muebles, artículos del hogar y artículos para el mantenimiento corriente del hogar;Variación mensual;2025M10;
19 Melilla;05 Muebles, artículos del hogar y artículos para el mantenimiento corriente del hogar;Variación mensual;2025M09;0,1
19 Melilla;05 Muebles, artículos del hogar y artículos para el mantenimiento corriente del hogar;Variación mensual;2025M08;-0,1
19 Melilla;05 Muebles, artículos del hogar y artículos para el mantenimiento corriente del hogar;Variación mensual;2025M07;0
19 Melilla;05 Muebles, artículos del hogar y artículos para el mantenimiento corriente del hogar;Variación mensual;2025M06;0,1
19 Melilla;05 Muebles, artículos del hogar y artículos para el mantenimiento corriente del hogar;Variación mensual;2025M05;0,2
19 Melilla;05 Muebles, artículos del hogar y artículos para el mantenimiento corriente del hogar;Variación mensual;2025M04;0,1
19 Melilla;05 Muebles, artículos del hogar y artículos para el mantenimiento corriente del hogar;Variación mensual;2025M03;0,3
19 Melilla;05 Muebles, artículos del hogar y artículos para el mantenimiento corriente del hogar;Variación mensual;2025M02;0,1
19 Melilla;05 Muebles, artículos del hogar y artículos para el mantenimiento corriente del hogar;Variación mensual;2025M01;0,4
19 Melilla;05 Muebles, artículos del hogar y artículos para el mantenimiento corriente del hogar;Variación anual;2025M10;
19 Melilla;05 Muebles, artículos del hogar y artículos para el mantenimiento corriente del hogar;Variación anual;2025M09;2,7
19 Melilla;05 Muebles, artículos del hogar y artículos para el mantenimiento corriente del hogar;Variación anual;2025M08;3,4
19 Melilla;05 Muebles, artículos del hogar y artículos para el mantenimiento corriente del hogar;Variación anual;2025M07;4,1
19 Melilla;05 Muebles, artículos del hogar y artículos para el mantenimiento corriente del hogar;Variación anual;2025M06;3,2
19 Melilla;05 Muebles, artículos del hogar y artículos para el mantenimiento corriente del hogar;Variación anual;2025M05;2,9
19 Melilla;05 Muebles, artículos del hogar y artículos para el mantenimiento corriente del hogar;Variación anual;2025M04;2,1
19 Melilla;05 Muebles, artículos del hogar y artículos para el mantenimiento corriente del hogar;Variación anual;2025M03;2
19 Melilla;05 Muebles, artículos del hogar y artículos para el mantenimiento corriente del hogar;Variación anual;2025M02;1,8
19 Melilla;05 Muebles, artículos del hogar y artículos para el mantenimiento corriente del hogar;Variación anual;2025M01;1,4
19 Melilla;05 Muebles, artículos del hogar y artículos para el mantenimiento corriente del hogar;Variación en lo que va de año;2025M10;
19 Melilla;05 Muebles, artículos del hogar y artículos para el mantenimiento corriente del hogar;Variación en lo que va de año;2025M09;1,2
19 Melilla;05 Muebles, artículos del hogar y artículos para el mantenimiento corriente del hogar;Variación en lo que va de año;2025M08;1,1
19 Melilla;05 Muebles, artículos del hogar y artículos para el mantenimiento corriente del hogar;Variación en lo que va de año;2025M07;1,2
19 Melilla;05 Muebles, artículos del hogar y artículos para el mantenimiento corriente del hogar;Variación en lo que va de año;2025M06;1,2
19 Melilla;05 Muebles, artículos del hogar y artículos para el mantenimiento corriente del hogar;Variación en lo que va de año;2025M05;1,1
19 Melilla;05 Muebles, artículos del hogar y artículos para el mantenimiento corriente del hogar;Variación en lo que va de año;2025M04;0,9
19 Melilla;05 Muebles, artículos del hogar y artículos para el mantenimiento corriente del hogar;Variación en lo que va de año;2025M03;0,8
19 Melilla;05 Muebles, artículos del hogar y artículos para el mantenimiento corriente del hogar;Variación en lo que va de año;2025M02;0,4
19 Melilla;05 Muebles, artículos del hogar y artículos para el mantenimiento corriente del hogar;Variación en lo que va de año;2025M01;0,4
19 Melilla;06 Sanidad;Índice;2025M10;
19 Melilla;06 Sanidad;Índice;2025M09;108,25
19 Melilla;06 Sanidad;Índice;2025M08;108,844
19 Melilla;06 Sanidad;Índice;2025M07;108,141
19 Melilla;06 Sanidad;Índice;2025M06;107,694
19 Melilla;06 Sanidad;Índice;2025M05;107,536
19 Melilla;06 Sanidad;Índice;2025M04;107,208
19 Melilla;06 Sanidad;Índice;2025M03;107,105
19 Melilla;06 Sanidad;Índice;2025M02;107,011
19 Melilla;06 Sanidad;Índice;2025M01;107,175
19 Melilla;06 Sanidad;Variación mensual;2025M10;
19 Melilla;06 Sanidad;Variación mensual;2025M09;-0,5
19 Melilla;06 Sanidad;Variación mensual;2025M08;0,7
19 Melilla;06 Sanidad;Variación mensual;2025M07;0,4
19 Melilla;06 Sanidad;Variación mensual;2025M06;0,1
19 Melilla;06 Sanidad;Variación mensual;2025M05;0,3
19 Melilla;06 Sanidad;Variación mensual;2025M04;0,1
19 Melilla;06 Sanidad;Variación mensual;2025M03;0,1
19 Melilla;06 Sanidad;Variación mensual;2025M02;-0,2
19 Melilla;06 Sanidad;Variación mensual;2025M01;0,9
19 Melilla;06 Sanidad;Variación anual;2025M10;
19 Melilla;06 Sanidad;Variación anual;2025M09;1,9
19 Melilla;06 Sanidad;Variación anual;2025M08;2,5
19 Melilla;06 Sanidad;Variación anual;2025M07;1,9
19 Melilla;06 Sanidad;Variación anual;2025M06;1,6
19 Melilla;06 Sanidad;Variación anual;2025M05;1,6
19 Melilla;06 Sanidad;Variación anual;2025M04;1,7
19 Melilla;06 Sanidad;Variación anual;2025M03;1,9
19 Melilla;06 Sanidad;Variación anual;2025M02;1,8
19 Melilla;06 Sanidad;Variación anual;2025M01;2
19 Melilla;06 Sanidad;Variación en lo que va de año;2025M10;
19 Melilla;06 Sanidad;Variación en lo que va de año;2025M09;1,9
19 Melilla;06 Sanidad;Variación en lo que va de año;2025M08;2,5
19 Melilla;06 Sanidad;Variación en lo que va de año;2025M07;1,8
19 Melilla;06 Sanidad;Variación en lo que va de año;2025M06;1,4
19 Melilla;06 Sanidad;Variación en lo que va de año;2025M05;1,3
19 Melilla;06 Sanidad;Variación en lo que va de año;2025M04;1
19 Melilla;06 Sanidad;Variación en lo que va de año;2025M03;0,9
19 Melilla;06 Sanidad;Variación en lo que va de año;2025M02;0,8
19 Melilla;06 Sanidad;Variación en lo que va de año;2025M01;0,9
19 Melilla;07 Transporte;Índice;2025M10;
19 Melilla;07 Transporte;Índice;2025M09;115,065
19 Melilla;07 Transporte;Índice;2025M08;118,555
19 Melilla;07 Transporte;Índice;2025M07;117,146
19 Melilla;07 Transporte;Índice;2025M06;115,543
19 Melilla;07 Transporte;Índice;2025M05;114,286
19 Melilla;07 Transporte;Índice;2025M04;117,218
19 Melilla;07 Transporte;Índice;2025M03;116,221
19 Melilla;07 Transporte;Índice;2025M02;117,044
19 Melilla;07 Transporte;Índice;2025M01;114,913
19 Melilla;07 Transporte;Variación mensual;2025M10;
19 Melilla;07 Transporte;Variación mensual;2025M09;-2,9
19 Melilla;07 Transporte;Variación mensual;2025M08;1,2
19 Melilla;07 Transporte;Variación mensual;2025M07;1,4
19 Melilla;07 Transporte;Variación mensual;2025M06;1,1
19 Melilla;07 Transporte;Variación mensual;2025M05;-2,5
19 Melilla;07 Transporte;Variación mensual;2025M04;0,9
19 Melilla;07 Transporte;Variación mensual;2025M03;-0,7
19 Melilla;07 Transporte;Variación mensual;2025M02;1,9
19 Melilla;07 Transporte;Variación mensual;2025M01;0,5
19 Melilla;07 Transporte;Variación anual;2025M10;
19 Melilla;07 Transporte;Variación anual;2025M09;2,4
19 Melilla;07 Transporte;Variación anual;2025M08;3,2
19 Melilla;07 Transporte;Variación anual;2025M07;1,2
19 Melilla;07 Transporte;Variación anual;2025M06;-0,2
19 Melilla;07 Transporte;Variación anual;2025M05;-1,3
19 Melilla;07 Transporte;Variación anual;2025M04;0,9
19 Melilla;07 Transporte;Variación anual;2025M03;0,7
19 Melilla;07 Transporte;Variación anual;2025M02;2,1
19 Melilla;07 Transporte;Variación anual;2025M01;4,1
19 Melilla;07 Transporte;Variación en lo que va de año;2025M10;
19 Melilla;07 Transporte;Variación en lo que va de año;2025M09;0,7
19 Melilla;07 Transporte;Variación en lo que va de año;2025M08;3,7
19 Melilla;07 Transporte;Variación en lo que va de año;2025M07;2,5
19 Melilla;07 Transporte;Variación en lo que va de año;2025M06;1,1
19 Melilla;07 Transporte;Variación en lo que va de año;2025M05;0
19 Melilla;07 Transporte;Variación en lo que va de año;2025M04;2,6
19 Melilla;07 Transporte;Variación en lo que va de año;2025M03;1,7
19 Melilla;07 Transporte;Variación en lo que va de año;2025M02;2,4
19 Melilla;07 Transporte;Variación en lo que va de año;2025M01;0,5
19 Melilla;08 Comunicaciones;Índice;2025M10;
19 Melilla;08 Comunicaciones;Índice;2025M09;102,104
19 Melilla;08 Comunicaciones;Índice;2025M08;102,181
19 Melilla;08 Comunicaciones;Índice;2025M07;102,062
19 Melilla;08 Comunicaciones;Índice;2025M06;103,927
19 Melilla;08 Comunicaciones;Índice;2025M05;103,909
19 Melilla;08 Comunicaciones;Índice;2025M04;104,11
19 Melilla;08 Comunicaciones;Índice;2025M03;103,915
19 Melilla;08 Comunicaciones;Índice;2025M02;103,989
19 Melilla;08 Comunicaciones;Índice;2025M01;103,298
19 Melilla;08 Comunicaciones;Variación mensual;2025M10;
19 Melilla;08 Comunicaciones;Variación mensual;2025M09;-0,1
19 Melilla;08 Comunicaciones;Variación mensual;2025M08;0,1
19 Melilla;08 Comunicaciones;Variación mensual;2025M07;-1,8
19 Melilla;08 Comunicaciones;Variación mensual;2025M06;0
19 Melilla;08 Comunicaciones;Variación mensual;2025M05;-0,2
19 Melilla;08 Comunicaciones;Variación mensual;2025M04;0,2
19 Melilla;08 Comunicaciones;Variación mensual;2025M03;-0,1
19 Melilla;08 Comunicaciones;Variación mensual;2025M02;0,7
19 Melilla;08 Comunicaciones;Variación mensual;2025M01;2,9
19 Melilla;08 Comunicaciones;Variación anual;2025M10;
19 Melilla;08 Comunicaciones;Variación anual;2025M09;0,7
19 Melilla;08 Comunicaciones;Variación anual;2025M08;0,7
19 Melilla;08 Comunicaciones;Variación anual;2025M07;0,5
19 Melilla;08 Comunicaciones;Variación anual;2025M06;1,8
19 Melilla;08 Comunicaciones;Variación anual;2025M05;1,8
19 Melilla;08 Comunicaciones;Variación anual;2025M04;1,9
19 Melilla;08 Comunicaciones;Variación anual;2025M03;1,8
19 Melilla;08 Comunicaciones;Variación anual;2025M02;1,8
19 Melilla;08 Comunicaciones;Variación anual;2025M01;1
19 Melilla;08 Comunicaciones;Variación en lo que va de año;2025M10;
19 Melilla;08 Comunicaciones;Variación en lo que va de año;2025M09;1,7
19 Melilla;08 Comunicaciones;Variación en lo que va de año;2025M08;1,8
19 Melilla;08 Comunicaciones;Variación en lo que va de año;2025M07;1,7
19 Melilla;08 Comunicaciones;Variación en lo que va de año;2025M06;3,5
19 Melilla;08 Comunicaciones;Variación en lo que va de año;2025M05;3,5
19 Melilla;08 Comunicaciones;Variación en lo que va de año;2025M04;3,7
19 Melilla;08 Comunicaciones;Variación en lo que va de año;2025M03;3,5
19 Melilla;08 Comunicaciones;Variación en lo que va de año;2025M02;3,6
19 Melilla;08 Comunicaciones;Variación en lo que va de año;2025M01;2,9
19 Melilla;09 Ocio y cultura;Índice;2025M10;
19 Melilla;09 Ocio y cultura;Índice;2025M09;108,866
19 Melilla;09 Ocio y cultura;Índice;2025M08;114,218
19 Melilla;09 Ocio y cultura;Índice;2025M07;112,197
19 Melilla;09 Ocio y cultura;Índice;2025M06;110,383
19 Melilla;09 Ocio y cultura;Índice;2025M05;107,902
19 Melilla;09 Ocio y cultura;Índice;2025M04;110,328
19 Melilla;09 Ocio y cultura;Índice;2025M03;107,079
19 Melilla;09 Ocio y cultura;Índice;2025M02;107,118
19 Melilla;09 Ocio y cultura;Índice;2025M01;106,363
19 Melilla;09 Ocio y cultura;Variación mensual;2025M10;
19 Melilla;09 Ocio y cultura;Variación mensual;2025M09;-4,7
19 Melilla;09 Ocio y cultura;Variación mensual;2025M08;1,8
19 Melilla;09 Ocio y cultura;Variación mensual;2025M07;1,6
19 Melilla;09 Ocio y cultura;Variación mensual;2025M06;2,3
19 Melilla;09 Ocio y cultura;Variación mensual;2025M05;-2,2
19 Melilla;09 Ocio y cultura;Variación mensual;2025M04;3
19 Melilla;09 Ocio y cultura;Variación mensual;2025M03;0
19 Melilla;09 Ocio y cultura;Variación mensual;2025M02;0,7
19 Melilla;09 Ocio y cultura;Variación mensual;2025M01;-3,6
19 Melilla;09 Ocio y cultura;Variación anual;2025M10;
19 Melilla;09 Ocio y cultura;Variación anual;2025M09;0,3
19 Melilla;09 Ocio y cultura;Variación anual;2025M08;0,3
19 Melilla;09 Ocio y cultura;Variación anual;2025M07;0,2
19 Melilla;09 Ocio y cultura;Variación anual;2025M06;0,3
19 Melilla;09 Ocio y cultura;Variación anual;2025M05;0,8
19 Melilla;09 Ocio y cultura;Variación anual;2025M04;3,3
19 Melilla;09 Ocio y cultura;Variación anual;2025M03;-0,2
19 Melilla;09 Ocio y cultura;Variación anual;2025M02;1,8
19 Melilla;09 Ocio y cultura;Variación anual;2025M01;1,9
19 Melilla;09 Ocio y cultura;Variación en lo que va de año;2025M10;
19 Melilla;09 Ocio y cultura;Variación en lo que va de año;2025M09;-1,3
19 Melilla;09 Ocio y cultura;Variación en lo que va de año;2025M08;3,5
19 Melilla;09 Ocio y cultura;Variación en lo que va de año;2025M07;1,7
19 Melilla;09 Ocio y cultura;Variación en lo que va de año;2025M06;0,1
19 Melilla;09 Ocio y cultura;Variación en lo que va de año;2025M05;-2,2
19 Melilla;09 Ocio y cultura;Variación en lo que va de año;2025M04;0
19 Melilla;09 Ocio y cultura;Variación en lo que va de año;2025M03;-2,9
19 Melilla;09 Ocio y cultura;Variación en lo que va de año;2025M02;-2,9
19 Melilla;09 Ocio y cultura;Variación en lo que va de año;2025M01;-3,6
19 Melilla;10 Enseñanza;Índice;2025M10;
19 Melilla;10 Enseñanza;Índice;2025M09;106,459
19 Melilla;10 Enseñanza;Índice;2025M08;106,324
19 Melilla;10 Enseñanza;Índice;2025M07;105,888
19 Melilla;10 Enseñanza;Índice;2025M06;105,888
19 Melilla;10 Enseñanza;Índice;2025M05;105,888
19 Melilla;10 Enseñanza;Índice;2025M04;105,888
19 Melilla;10 Enseñanza;Índice;2025M03;105,888
19 Melilla;10 Enseñanza;Índice;2025M02;105,888
19 Melilla;10 Enseñanza;Índice;2025M01;105,888
19 Melilla;10 Enseñanza;Variación mensual;2025M10;
19 Melilla;10 Enseñanza;Variación mensual;2025M09;0,1
19 Melilla;10 Enseñanza;Variación mensual;2025M08;0,4
19 Melilla;10 Enseñanza;Variación mensual;2025M07;0
19 Melilla;10 Enseñanza;Variación mensual;2025M06;0
19 Melilla;10 Enseñanza;Variación mensual;2025M05;0
19 Melilla;10 Enseñanza;Variación mensual;2025M04;0
19 Melilla;10 Enseñanza;Variación mensual;2025M03;0
19 Melilla;10 Enseñanza;Variación mensual;2025M02;0
19 Melilla;10 Enseñanza;Variación mensual;2025M01;0
19 Melilla;10 Enseñanza;Variación anual;2025M10;
19 Melilla;10 Enseñanza;Variación anual;2025M09;1,8
19 Melilla;10 Enseñanza;Variación anual;2025M08;2,4
19 Melilla;10 Enseñanza;Variación anual;2025M07;2
19 Melilla;10 Enseñanza;Variación anual;2025M06;2
19 Melilla;10 Enseñanza;Variación anual;2025M05;2
19 Melilla;10 Enseñanza;Variación anual;2025M04;2
19 Melilla;10 Enseñanza;Variación anual;2025M03;2
19 Melilla;10 Enseñanza;Variación anual;2025M02;2
19 Melilla;10 Enseñanza;Variación anual;2025M01;2
19 Melilla;10 Enseñanza;Variación en lo que va de año;2025M10;
19 Melilla;10 Enseñanza;Variación en lo que va de año;2025M09;0,5
19 Melilla;10 Enseñanza;Variación en lo que va de año;2025M08;0,4
19 Melilla;10 Enseñanza;Variación en lo que va de año;2025M07;0
19 Melilla;10 Enseñanza;Variación en lo que va de año;2025M06;0
19 Melilla;10 Enseñanza;Variación en lo que va de año;2025M05;0
19 Melilla;10 Enseñanza;Variación en lo que va de año;2025M04;0
19 Melilla;10 Enseñanza;Variación en lo que va de año;2025M03;0
19 Melilla;10 Enseñanza;Variación en lo que va de año;2025M02;0
19 Melilla;10 Enseñanza;Variación en lo que va de año;2025M01;0
19 Melilla;11 Restaurantes y hoteles;Índice;2025M10;
19 Melilla;11 Restaurantes y hoteles;Índice;2025M09;126,584
19 Melilla;11 Restaurantes y hoteles;Índice;2025M08;126,16
19 Melilla;11 Restaurantes y hoteles;Índice;2025M07;125,527
19 Melilla;11 Restaurantes y hoteles;Índice;2025M06;124,508
19 Melilla;11 Restaurantes y hoteles;Índice;2025M05;124,027
19 Melilla;11 Restaurantes y hoteles;Índice;2025M04;124,006
19 Melilla;11 Restaurantes y hoteles;Índice;2025M03;123,199
19 Melilla;11 Restaurantes y hoteles;Índice;2025M02;122,326
19 Melilla;11 Restaurantes y hoteles;Índice;2025M01;122,037
19 Melilla;11 Restaurantes y hoteles;Variación mensual;2025M10;
19 Melilla;11 Restaurantes y hoteles;Variación mensual;2025M09;0,3
19 Melilla;11 Restaurantes y hoteles;Variación mensual;2025M08;0,5
19 Melilla;11 Restaurantes y hoteles;Variación mensual;2025M07;0,8
19 Melilla;11 Restaurantes y hoteles;Variación mensual;2025M06;0,4
19 Melilla;11 Restaurantes y hoteles;Variación mensual;2025M05;0
19 Melilla;11 Restaurantes y hoteles;Variación mensual;2025M04;0,7
19 Melilla;11 Restaurantes y hoteles;Variación mensual;2025M03;0,7
19 Melilla;11 Restaurantes y hoteles;Variación mensual;2025M02;0,2
19 Melilla;11 Restaurantes y hoteles;Variación mensual;2025M01;1,1
19 Melilla;11 Restaurantes y hoteles;Variación anual;2025M10;
19 Melilla;11 Restaurantes y hoteles;Variación anual;2025M09;4,8
19 Melilla;11 Restaurantes y hoteles;Variación anual;2025M08;4,3
19 Melilla;11 Restaurantes y hoteles;Variación anual;2025M07;4,2
19 Melilla;11 Restaurantes y hoteles;Variación anual;2025M06;3,5
19 Melilla;11 Restaurantes y hoteles;Variación anual;2025M05;3,5
19 Melilla;11 Restaurantes y hoteles;Variación anual;2025M04;4,2
19 Melilla;11 Restaurantes y hoteles;Variación anual;2025M03;4,1
19 Melilla;11 Restaurantes y hoteles;Variación anual;2025M02;3,6
19 Melilla;11 Restaurantes y hoteles;Variación anual;2025M01;3,2
19 Melilla;11 Restaurantes y hoteles;Variación en lo que va de año;2025M10;
19 Melilla;11 Restaurantes y hoteles;Variación en lo que va de año;2025M09;4,8
19 Melilla;11 Restaurantes y hoteles;Variación en lo que va de año;2025M08;4,5
19 Melilla;11 Restaurantes y hoteles;Variación en lo que va de año;2025M07;4
19 Melilla;11 Restaurantes y hoteles;Variación en lo que va de año;2025M06;3,1
19 Melilla;11 Restaurantes y hoteles;Variación en lo que va de año;2025M05;2,7
19 Melilla;11 Restaurantes y hoteles;Variación en lo que va de año;2025M04;2,7
19 Melilla;11 Restaurantes y hoteles;Variación en lo que va de año;2025M03;2
19 Melilla;11 Restaurantes y hoteles;Variación en lo que va de año;2025M02;1,3
19 Melilla;11 Restaurantes y hoteles;Variación en lo que va de año;2025M01;1,1
19 Melilla;12 Otros bienes y servicios;Índice;2025M10;
19 Melilla;12 Otros bienes y servicios;Índice;2025M09;112,886
19 Melilla;12 Otros bienes y servicios;Índice;2025M08;112,682
19 Melilla;12 Otros bienes y servicios;Índice;2025M07;112,553
19 Melilla;12 Otros bienes y servicios;Índice;2025M06;112,722
19 Melilla;12 Otros bienes y servicios;Índice;2025M05;112,248
19 Melilla;12 Otros bienes y servicios;Índice;2025M04;111,59
19 Melilla;12 Otros bienes y servicios;Índice;2025M03;110,843
19 Melilla;12 Otros bienes y servicios;Índice;2025M02;110,861
19 Melilla;12 Otros bienes y servicios;Índice;2025M01;110,373
19 Melilla;12 Otros bienes y servicios;Variación mensual;2025M10;
19 Melilla;12 Otros bienes y servicios;Variación mensual;2025M09;0,2
19 Melilla;12 Otros bienes y servicios;Variación mensual;2025M08;0,1
19 Melilla;12 Otros bienes y servicios;Variación mensual;2025M07;-0,2
19 Melilla;12 Otros bienes y servicios;Variación mensual;2025M06;0,4
19 Melilla;12 Otros bienes y servicios;Variación mensual;2025M05;0,6
19 Melilla;12 Otros bienes y servicios;Variación mensual;2025M04;0,7
19 Melilla;12 Otros bienes y servicios;Variación mensual;2025M03;0
19 Melilla;12 Otros bienes y servicios;Variación mensual;2025M02;0,4
19 Melilla;12 Otros bienes y servicios;Variación mensual;2025M01;0
19 Melilla;12 Otros bienes y servicios;Variación anual;2025M10;
19 Melilla;12 Otros bienes y servicios;Variación anual;2025M09;3
19 Melilla;12 Otros bienes y servicios;Variación anual;2025M08;2,7
19 Melilla;12 Otros bienes y servicios;Variación anual;2025M07;2,8
19 Melilla;12 Otros bienes y servicios;Variación anual;2025M06;2,7
19 Melilla;12 Otros bienes y servicios;Variación anual;2025M05;3,1
19 Melilla;12 Otros bienes y servicios;Variación anual;2025M04;2,4
19 Melilla;12 Otros bienes y servicios;Variación anual;2025M03;1,9
19 Melilla;12 Otros bienes y servicios;Variación anual;2025M02;2,3
19 Melilla;12 Otros bienes y servicios;Variación anual;2025M01;2,4
19 Melilla;12 Otros bienes y servicios;Variación en lo que va de año;2025M10;
19 Melilla;12 Otros bienes y servicios;Variación en lo que va de año;2025M09;2,3
19 Melilla;12 Otros bienes y servicios;Variación en lo que va de año;2025M08;2,1
19 Melilla;12 Otros bienes y servicios;Variación en lo que va de año;2025M07;2
19 Melilla;12 Otros bienes y servicios;Variación en lo que va de año;2025M06;2,1
19 Melilla;12 Otros bienes y servicios;Variación en lo que va de año;2025M05;1,7
19 Melilla;12 Otros bienes y servicios;Variación en lo que va de año;2025M04;1,1
19 Melilla;12 Otros bienes y servicios;Variación en lo que va de año;2025M03;0,4
19 Melilla;12 Otros bienes y servicios;Variación en lo que va de año;2025M02;0,5
19 Melilla;12 Otros bienes y servicios;Variación en lo que va de año;2025M01;0
