Total Nacional;Comunidades y Ciudades Autónomas;General, vivienda nueva y de segunda mano;Índices y tasas;Periodo;Total
Nacional;;Vivienda nueva;Índice;2025T2;206,055
Nacional;;Vivienda nueva;Índice;2025T1;200,792
Nacional;;Vivienda nueva;Índice;2024T4;190,368
Nacional;;Vivienda nueva;Índice;2024T3;188,899
Nacional;;Vivienda nueva;Índice;2024T2;183,813
Nacional;;Vivienda nueva;Índice;2024T1;178,899
Nacional;;Vivienda nueva;Índice;2023T4;169,581
Nacional;;Vivienda nueva;Índice;2023T3;171,973
Nacional;;Vivienda nueva;Índice;2023T2;165,263
Nacional;;Vivienda nueva;Índice;2023T1;162,514
Nacional;;Vivienda nueva;Índice;2022T4;157,801
Nacional;;Vivienda nueva;Índice;2022T3;154,931
Nacional;;Vivienda nueva;Índice;2022T2;153,510
Nacional;;Vivienda nueva;Índice;2022T1;153,365
Nacional;;Vivienda nueva;Índice;2021T4;148,640
Nacional;;Vivienda nueva;Índice;2021T3;145,073
Nacional;;Vivienda nueva;Índice;2021T2;141,088
Nacional;;Vivienda nueva;Índice;2021T1;139,321
Nacional;;Vivienda nueva;Índice;2020T4;140,144
Nacional;;Vivienda nueva;Índice;2020T3;139,400
Nacional;;Vivienda nueva;Índice;2020T2;133,093
Nacional;;Vivienda nueva;Índice;2020T1;136,156
Nacional;;Vivienda nueva;Índice;2019T4;129,523
Nacional;;Vivienda nueva;Índice;2019T3;129,720
Nacional;;Vivienda nueva;Índice;2019T2;127,787
Nacional;;Vivienda nueva;Índice;2019T1;128,285
Nacional;;Vivienda nueva;Índice;2018T4;123,044
Nacional;;Vivienda nueva;Índice;2018T3;121,645
Nacional;;Vivienda nueva;Índice;2018T2;119,235
Nacional;;Vivienda nueva;Índice;2018T1;116,249
Nacional;;Vivienda nueva;Índice;2017T4;113,902
Nacional;;Vivienda nueva;Índice;2017T3;114,619
Nacional;;Vivienda nueva;Índice;2017T2;112,835
Nacional;;Vivienda nueva;Índice;2017T1;110,016
Nacional;;Vivienda nueva;Índice;2016T4;106,098
Nacional;;Vivienda nueva;Índice;2016T3;107,605
Nacional;;Vivienda nueva;Índice;2016T2;108,105
Nacional;;Vivienda nueva;Índice;2016T1;104,284
Nacional;;Vivienda nueva;Índice;2015T4;101,678
Nacional;;Vivienda nueva;Índice;2015T3;100,328
Nacional;;Vivienda nueva;Índice;2015T2;99,726
Nacional;;Vivienda nueva;Índice;2015T1;98,268
Nacional;;Vivienda nueva;Índice;2014T4;96,120
Nacional;;Vivienda nueva;Índice;2014T3;96,210
Nacional;;Vivienda nueva;Índice;2014T2;95,083
Nacional;;Vivienda nueva;Índice;2014T1;94,496
Nacional;;Vivienda nueva;Índice;2013T4;94,356
Nacional;;Vivienda nueva;Índice;2013T3;95,459
Nacional;;Vivienda nueva;Índice;2013T2;93,275
Nacional;;Vivienda nueva;Índice;2013T1;95,538
Nacional;;Vivienda nueva;Índice;2012T4;102,554
Nacional;;Vivienda nueva;Índice;2012T3;103,702
Nacional;;Vivienda nueva;Índice;2012T2;106,796
Nacional;;Vivienda nueva;Índice;2012T1;109,595
Nacional;;Vivienda nueva;Índice;2011T4;115,139
Nacional;;Vivienda nueva;Índice;2011T3;120,016
Nacional;;Vivienda nueva;Índice;2011T2;122,445
Nacional;;Vivienda nueva;Índice;2011T1;124,259
Nacional;;Vivienda nueva;Índice;2010T4;125,903
Nacional;;Vivienda nueva;Índice;2010T3;126,395
Nacional;;Vivienda nueva;Índice;2010T2;129,118
Nacional;;Vivienda nueva;Índice;2010T1;126,703
Nacional;;Vivienda nueva;Índice;2009T4;128,647
Nacional;;Vivienda nueva;Índice;2009T3;129,710
Nacional;;Vivienda nueva;Índice;2009T2;131,365
Nacional;;Vivienda nueva;Índice;2009T1;132,281
Nacional;;Vivienda nueva;Índice;2008T4;135,526
Nacional;;Vivienda nueva;Índice;2008T3;137,382
Nacional;;Vivienda nueva;Índice;2008T2;136,652
Nacional;;Vivienda nueva;Índice;2008T1;134,966
Nacional;;Vivienda nueva;Índice;2007T4;134,449
Nacional;;Vivienda nueva;Índice;2007T3;132,475
Nacional;;Vivienda nueva;Índice;2007T2;129,748
Nacional;;Vivienda nueva;Índice;2007T1;125,956
Nacional;;Vivienda segunda mano;Índice;2025T2;173,924
Nacional;;Vivienda segunda mano;Índice;2025T1;166,839
Nacional;;Vivienda segunda mano;Índice;2024T4;161,605
Nacional;;Vivienda segunda mano;Índice;2024T3;158,490
Nacional;;Vivienda segunda mano;Índice;2024T2;154,152
Nacional;;Vivienda segunda mano;Índice;2024T1;148,616
Nacional;;Vivienda segunda mano;Índice;2023T4;145,467
Nacional;;Vivienda segunda mano;Índice;2023T3;146,922
Nacional;;Vivienda segunda mano;Índice;2023T2;143,710
Nacional;;Vivienda segunda mano;Índice;2023T1;140,665
Nacional;;Vivienda segunda mano;Índice;2022T4;140,353
Nacional;;Vivienda segunda mano;Índice;2022T3;142,339
Nacional;;Vivienda segunda mano;Índice;2022T2;139,707
Nacional;;Vivienda segunda mano;Índice;2022T1;136,511
Nacional;;Vivienda segunda mano;Índice;2021T4;133,292
Nacional;;Vivienda segunda mano;Índice;2021T3;132,009
Nacional;;Vivienda segunda mano;Índice;2021T2;129,522
Nacional;;Vivienda segunda mano;Índice;2021T1;126,153
Nacional;;Vivienda segunda mano;Índice;2020T4;125,222
Nacional;;Vivienda segunda mano;Índice;2020T3;126,580
Nacional;;Vivienda segunda mano;Índice;2020T2;125,875
Nacional;;Vivienda segunda mano;Índice;2020T1;125,280
Nacional;;Vivienda segunda mano;Índice;2019T4;124,720
Nacional;;Vivienda segunda mano;Índice;2019T3;125,623
Nacional;;Vivienda segunda mano;Índice;2019T2;123,659
Nacional;;Vivienda segunda mano;Índice;2019T1;121,970
Nacional;;Vivienda segunda mano;Índice;2018T4;120,656
Nacional;;Vivienda segunda mano;Índice;2018T3;120,321
Nacional;;Vivienda segunda mano;Índice;2018T2;117,752
Nacional;;Vivienda segunda mano;Índice;2018T1;114,810
Nacional;;Vivienda segunda mano;Índice;2017T4;113,384
Nacional;;Vivienda segunda mano;Índice;2017T3;112,131
Nacional;;Vivienda segunda mano;Índice;2017T2;110,064
Nacional;;Vivienda segunda mano;Índice;2017T1;107,983
Nacional;;Vivienda segunda mano;Índice;2016T4;105,803
Nacional;;Vivienda segunda mano;Índice;2016T3;105,084
Nacional;;Vivienda segunda mano;Índice;2016T2;104,045
Nacional;;Vivienda segunda mano;Índice;2016T1;102,533
Nacional;;Vivienda segunda mano;Índice;2015T4;101,241
Nacional;;Vivienda segunda mano;Índice;2015T3;101,534
Nacional;;Vivienda segunda mano;Índice;2015T2;100,852
Nacional;;Vivienda segunda mano;Índice;2015T1;96,373
Nacional;;Vivienda segunda mano;Índice;2014T4;97,379
Nacional;;Vivienda segunda mano;Índice;2014T3;97,131
Nacional;;Vivienda segunda mano;Índice;2014T2;97,119
Nacional;;Vivienda segunda mano;Índice;2014T1;95,321
Nacional;;Vivienda segunda mano;Índice;2013T4;95,713
Nacional;;Vivienda segunda mano;Índice;2013T3;96,992
Nacional;;Vivienda segunda mano;Índice;2013T2;96,893
Nacional;;Vivienda segunda mano;Índice;2013T1;96,996
Nacional;;Vivienda segunda mano;Índice;2012T4;103,724
Nacional;;Vivienda segunda mano;Índice;2012T3;105,430
Nacional;;Vivienda segunda mano;Índice;2012T2;110,242
Nacional;;Vivienda segunda mano;Índice;2012T1;114,514
Nacional;;Vivienda segunda mano;Índice;2011T4;120,666
Nacional;;Vivienda segunda mano;Índice;2011T3;126,055
Nacional;;Vivienda segunda mano;Índice;2011T2;130,805
Nacional;;Vivienda segunda mano;Índice;2011T1;132,007
Nacional;;Vivienda segunda mano;Índice;2010T4;139,816
Nacional;;Vivienda segunda mano;Índice;2010T3;139,455
Nacional;;Vivienda segunda mano;Índice;2010T2;142,599
Nacional;;Vivienda segunda mano;Índice;2010T1;140,838
Nacional;;Vivienda segunda mano;Índice;2009T4;142,127
Nacional;;Vivienda segunda mano;Índice;2009T3;141,958
Nacional;;Vivienda segunda mano;Índice;2009T2;142,616
Nacional;;Vivienda segunda mano;Índice;2009T1;142,815
Nacional;;Vivienda segunda mano;Índice;2008T4;147,259
Nacional;;Vivienda segunda mano;Índice;2008T3;154,722
Nacional;;Vivienda segunda mano;Índice;2008T2;160,557
Nacional;;Vivienda segunda mano;Índice;2008T1;163,288
Nacional;;Vivienda segunda mano;Índice;2007T4;164,973
Nacional;;Vivienda segunda mano;Índice;2007T3;169,259
Nacional;;Vivienda segunda mano;Índice;2007T2;168,847
Nacional;;Vivienda segunda mano;Índice;2007T1;164,358
Nacional;01 Andalucía;Vivienda nueva;Índice;2025T2;218,247
Nacional;01 Andalucía;Vivienda nueva;Índice;2025T1;212,796
Nacional;01 Andalucía;Vivienda nueva;Índice;2024T4;203,521
Nacional;01 Andalucía;Vivienda nueva;Índice;2024T3;201,651
Nacional;01 Andalucía;Vivienda nueva;Índice;2024T2;188,391
Nacional;01 Andalucía;Vivienda nueva;Índice;2024T1;184,535
Nacional;01 Andalucía;Vivienda nueva;Índice;2023T4;173,254
Nacional;01 Andalucía;Vivienda nueva;Índice;2023T3;177,265
Nacional;01 Andalucía;Vivienda nueva;Índice;2023T2;166,201
Nacional;01 Andalucía;Vivienda nueva;Índice;2023T1;165,549
Nacional;01 Andalucía;Vivienda nueva;Índice;2022T4;164,477
Nacional;01 Andalucía;Vivienda nueva;Índice;2022T3;158,385
Nacional;01 Andalucía;Vivienda nueva;Índice;2022T2;156,989
Nacional;01 Andalucía;Vivienda nueva;Índice;2022T1;156,363
Nacional;01 Andalucía;Vivienda nueva;Índice;2021T4;151,316
Nacional;01 Andalucía;Vivienda nueva;Índice;2021T3;148,697
Nacional;01 Andalucía;Vivienda nueva;Índice;2021T2;141,129
Nacional;01 Andalucía;Vivienda nueva;Índice;2021T1;138,982
Nacional;01 Andalucía;Vivienda nueva;Índice;2020T4;140,672
Nacional;01 Andalucía;Vivienda nueva;Índice;2020T3;138,942
Nacional;01 Andalucía;Vivienda nueva;Índice;2020T2;133,607
Nacional;01 Andalucía;Vivienda nueva;Índice;2020T1;130,880
Nacional;01 Andalucía;Vivienda nueva;Índice;2019T4;128,593
Nacional;01 Andalucía;Vivienda nueva;Índice;2019T3;131,319
Nacional;01 Andalucía;Vivienda nueva;Índice;2019T2;125,020
Nacional;01 Andalucía;Vivienda nueva;Índice;2019T1;121,873
Nacional;01 Andalucía;Vivienda nueva;Índice;2018T4;120,724
Nacional;01 Andalucía;Vivienda nueva;Índice;2018T3;120,063
Nacional;01 Andalucía;Vivienda nueva;Índice;2018T2;116,144
Nacional;01 Andalucía;Vivienda nueva;Índice;2018T1;113,862
Nacional;01 Andalucía;Vivienda nueva;Índice;2017T4;112,820
Nacional;01 Andalucía;Vivienda nueva;Índice;2017T3;112,577
Nacional;01 Andalucía;Vivienda nueva;Índice;2017T2;111,232
Nacional;01 Andalucía;Vivienda nueva;Índice;2017T1;109,118
Nacional;01 Andalucía;Vivienda nueva;Índice;2016T4;106,750
Nacional;01 Andalucía;Vivienda nueva;Índice;2016T3;107,653
Nacional;01 Andalucía;Vivienda nueva;Índice;2016T2;109,103
Nacional;01 Andalucía;Vivienda nueva;Índice;2016T1;104,833
Nacional;01 Andalucía;Vivienda nueva;Índice;2015T4;102,005
Nacional;01 Andalucía;Vivienda nueva;Índice;2015T3;100,156
Nacional;01 Andalucía;Vivienda nueva;Índice;2015T2;100,469
Nacional;01 Andalucía;Vivienda nueva;Índice;2015T1;97,371
Nacional;01 Andalucía;Vivienda nueva;Índice;2014T4;95,789
Nacional;01 Andalucía;Vivienda nueva;Índice;2014T3;95,366
Nacional;01 Andalucía;Vivienda nueva;Índice;2014T2;94,562
Nacional;01 Andalucía;Vivienda nueva;Índice;2014T1;93,643
Nacional;01 Andalucía;Vivienda nueva;Índice;2013T4;93,330
Nacional;01 Andalucía;Vivienda nueva;Índice;2013T3;93,591
Nacional;01 Andalucía;Vivienda nueva;Índice;2013T2;92,340
Nacional;01 Andalucía;Vivienda nueva;Índice;2013T1;94,444
Nacional;01 Andalucía;Vivienda nueva;Índice;2012T4;99,005
Nacional;01 Andalucía;Vivienda nueva;Índice;2012T3;101,471
Nacional;01 Andalucía;Vivienda nueva;Índice;2012T2;102,727
Nacional;01 Andalucía;Vivienda nueva;Índice;2012T1;106,656
Nacional;01 Andalucía;Vivienda nueva;Índice;2011T4;110,674
Nacional;01 Andalucía;Vivienda nueva;Índice;2011T3;113,331
Nacional;01 Andalucía;Vivienda nueva;Índice;2011T2;115,418
Nacional;01 Andalucía;Vivienda nueva;Índice;2011T1;115,718
Nacional;01 Andalucía;Vivienda nueva;Índice;2010T4;116,809
Nacional;01 Andalucía;Vivienda nueva;Índice;2010T3;117,549
Nacional;01 Andalucía;Vivienda nueva;Índice;2010T2;120,843
Nacional;01 Andalucía;Vivienda nueva;Índice;2010T1;118,545
Nacional;01 Andalucía;Vivienda nueva;Índice;2009T4;119,491
Nacional;01 Andalucía;Vivienda nueva;Índice;2009T3;120,369
Nacional;01 Andalucía;Vivienda nueva;Índice;2009T2;121,007
Nacional;01 Andalucía;Vivienda nueva;Índice;2009T1;121,762
Nacional;01 Andalucía;Vivienda nueva;Índice;2008T4;121,632
Nacional;01 Andalucía;Vivienda nueva;Índice;2008T3;123,127
Nacional;01 Andalucía;Vivienda nueva;Índice;2008T2;120,303
Nacional;01 Andalucía;Vivienda nueva;Índice;2008T1;119,352
Nacional;01 Andalucía;Vivienda nueva;Índice;2007T4;119,087
Nacional;01 Andalucía;Vivienda nueva;Índice;2007T3;115,067
Nacional;01 Andalucía;Vivienda nueva;Índice;2007T2;111,404
Nacional;01 Andalucía;Vivienda nueva;Índice;2007T1;108,320
Nacional;01 Andalucía;Vivienda segunda mano;Índice;2025T2;172,192
Nacional;01 Andalucía;Vivienda segunda mano;Índice;2025T1;165,385
Nacional;01 Andalucía;Vivienda segunda mano;Índice;2024T4;160,495
Nacional;01 Andalucía;Vivienda segunda mano;Índice;2024T3;157,143
Nacional;01 Andalucía;Vivienda segunda mano;Índice;2024T2;152,082
Nacional;01 Andalucía;Vivienda segunda mano;Índice;2024T1;145,362
Nacional;01 Andalucía;Vivienda segunda mano;Índice;2023T4;142,358
Nacional;01 Andalucía;Vivienda segunda mano;Índice;2023T3;142,718
Nacional;01 Andalucía;Vivienda segunda mano;Índice;2023T2;139,691
Nacional;01 Andalucía;Vivienda segunda mano;Índice;2023T1;135,389
Nacional;01 Andalucía;Vivienda segunda mano;Índice;2022T4;135,208
Nacional;01 Andalucía;Vivienda segunda mano;Índice;2022T3;136,586
Nacional;01 Andalucía;Vivienda segunda mano;Índice;2022T2;134,193
Nacional;01 Andalucía;Vivienda segunda mano;Índice;2022T1;130,414
Nacional;01 Andalucía;Vivienda segunda mano;Índice;2021T4;127,633
Nacional;01 Andalucía;Vivienda segunda mano;Índice;2021T3;125,653
Nacional;01 Andalucía;Vivienda segunda mano;Índice;2021T2;121,954
Nacional;01 Andalucía;Vivienda segunda mano;Índice;2021T1;117,998
Nacional;01 Andalucía;Vivienda segunda mano;Índice;2020T4;118,060
Nacional;01 Andalucía;Vivienda segunda mano;Índice;2020T3;118,623
Nacional;01 Andalucía;Vivienda segunda mano;Índice;2020T2;117,948
Nacional;01 Andalucía;Vivienda segunda mano;Índice;2020T1;118,103
Nacional;01 Andalucía;Vivienda segunda mano;Índice;2019T4;117,395
Nacional;01 Andalucía;Vivienda segunda mano;Índice;2019T3;117,968
Nacional;01 Andalucía;Vivienda segunda mano;Índice;2019T2;115,883
Nacional;01 Andalucía;Vivienda segunda mano;Índice;2019T1;113,854
Nacional;01 Andalucía;Vivienda segunda mano;Índice;2018T4;113,010
Nacional;01 Andalucía;Vivienda segunda mano;Índice;2018T3;111,808
Nacional;01 Andalucía;Vivienda segunda mano;Índice;2018T2;110,011
Nacional;01 Andalucía;Vivienda segunda mano;Índice;2018T1;107,590
Nacional;01 Andalucía;Vivienda segunda mano;Índice;2017T4;107,119
Nacional;01 Andalucía;Vivienda segunda mano;Índice;2017T3;106,209
Nacional;01 Andalucía;Vivienda segunda mano;Índice;2017T2;104,984
Nacional;01 Andalucía;Vivienda segunda mano;Índice;2017T1;103,411
Nacional;01 Andalucía;Vivienda segunda mano;Índice;2016T4;102,650
Nacional;01 Andalucía;Vivienda segunda mano;Índice;2016T3;102,498
Nacional;01 Andalucía;Vivienda segunda mano;Índice;2016T2;102,405
Nacional;01 Andalucía;Vivienda segunda mano;Índice;2016T1;101,510
Nacional;01 Andalucía;Vivienda segunda mano;Índice;2015T4;100,888
Nacional;01 Andalucía;Vivienda segunda mano;Índice;2015T3;101,962
Nacional;01 Andalucía;Vivienda segunda mano;Índice;2015T2;100,619
Nacional;01 Andalucía;Vivienda segunda mano;Índice;2015T1;96,531
Nacional;01 Andalucía;Vivienda segunda mano;Índice;2014T4;98,428
Nacional;01 Andalucía;Vivienda segunda mano;Índice;2014T3;97,780
Nacional;01 Andalucía;Vivienda segunda mano;Índice;2014T2;97,608
Nacional;01 Andalucía;Vivienda segunda mano;Índice;2014T1;95,786
Nacional;01 Andalucía;Vivienda segunda mano;Índice;2013T4;96,853
Nacional;01 Andalucía;Vivienda segunda mano;Índice;2013T3;98,180
Nacional;01 Andalucía;Vivienda segunda mano;Índice;2013T2;97,458
Nacional;01 Andalucía;Vivienda segunda mano;Índice;2013T1;97,692
Nacional;01 Andalucía;Vivienda segunda mano;Índice;2012T4;103,576
Nacional;01 Andalucía;Vivienda segunda mano;Índice;2012T3;104,792
Nacional;01 Andalucía;Vivienda segunda mano;Índice;2012T2;107,454
Nacional;01 Andalucía;Vivienda segunda mano;Índice;2012T1;111,673
Nacional;01 Andalucía;Vivienda segunda mano;Índice;2011T4;117,954
Nacional;01 Andalucía;Vivienda segunda mano;Índice;2011T3;122,747
Nacional;01 Andalucía;Vivienda segunda mano;Índice;2011T2;126,550
Nacional;01 Andalucía;Vivienda segunda mano;Índice;2011T1;126,266
Nacional;01 Andalucía;Vivienda segunda mano;Índice;2010T4;133,720
Nacional;01 Andalucía;Vivienda segunda mano;Índice;2010T3;133,191
Nacional;01 Andalucía;Vivienda segunda mano;Índice;2010T2;135,448
Nacional;01 Andalucía;Vivienda segunda mano;Índice;2010T1;134,734
Nacional;01 Andalucía;Vivienda segunda mano;Índice;2009T4;136,203
Nacional;01 Andalucía;Vivienda segunda mano;Índice;2009T3;135,816
Nacional;01 Andalucía;Vivienda segunda mano;Índice;2009T2;136,685
Nacional;01 Andalucía;Vivienda segunda mano;Índice;2009T1;135,086
Nacional;01 Andalucía;Vivienda segunda mano;Índice;2008T4;138,605
Nacional;01 Andalucía;Vivienda segunda mano;Índice;2008T3;144,405
Nacional;01 Andalucía;Vivienda segunda mano;Índice;2008T2;147,412
Nacional;01 Andalucía;Vivienda segunda mano;Índice;2008T1;149,799
Nacional;01 Andalucía;Vivienda segunda mano;Índice;2007T4;150,191
Nacional;01 Andalucía;Vivienda segunda mano;Índice;2007T3;151,053
Nacional;01 Andalucía;Vivienda segunda mano;Índice;2007T2;148,886
Nacional;01 Andalucía;Vivienda segunda mano;Índice;2007T1;144,341
Nacional;02 Aragón;Vivienda nueva;Índice;2025T2;183,466
Nacional;02 Aragón;Vivienda nueva;Índice;2025T1;179,226
Nacional;02 Aragón;Vivienda nueva;Índice;2024T4;170,950
Nacional;02 Aragón;Vivienda nueva;Índice;2024T3;171,532
Nacional;02 Aragón;Vivienda nueva;Índice;2024T2;167,734
Nacional;02 Aragón;Vivienda nueva;Índice;2024T1;163,112
Nacional;02 Aragón;Vivienda nueva;Índice;2023T4;149,775
Nacional;02 Aragón;Vivienda nueva;Índice;2023T3;154,393
Nacional;02 Aragón;Vivienda nueva;Índice;2023T2;147,908
Nacional;02 Aragón;Vivienda nueva;Índice;2023T1;145,894
Nacional;02 Aragón;Vivienda nueva;Índice;2022T4;138,293
Nacional;02 Aragón;Vivienda nueva;Índice;2022T3;137,409
Nacional;02 Aragón;Vivienda nueva;Índice;2022T2;134,404
Nacional;02 Aragón;Vivienda nueva;Índice;2022T1;135,751
Nacional;02 Aragón;Vivienda nueva;Índice;2021T4;131,674
Nacional;02 Aragón;Vivienda nueva;Índice;2021T3;130,261
Nacional;02 Aragón;Vivienda nueva;Índice;2021T2;122,963
Nacional;02 Aragón;Vivienda nueva;Índice;2021T1;122,415
Nacional;02 Aragón;Vivienda nueva;Índice;2020T4;122,344
Nacional;02 Aragón;Vivienda nueva;Índice;2020T3;125,993
Nacional;02 Aragón;Vivienda nueva;Índice;2020T2;120,550
Nacional;02 Aragón;Vivienda nueva;Índice;2020T1;122,569
Nacional;02 Aragón;Vivienda nueva;Índice;2019T4;118,626
Nacional;02 Aragón;Vivienda nueva;Índice;2019T3;117,825
Nacional;02 Aragón;Vivienda nueva;Índice;2019T2;118,718
Nacional;02 Aragón;Vivienda nueva;Índice;2019T1;117,297
Nacional;02 Aragón;Vivienda nueva;Índice;2018T4;112,875
Nacional;02 Aragón;Vivienda nueva;Índice;2018T3;112,076
Nacional;02 Aragón;Vivienda nueva;Índice;2018T2;108,304
Nacional;02 Aragón;Vivienda nueva;Índice;2018T1;108,278
Nacional;02 Aragón;Vivienda nueva;Índice;2017T4;105,046
Nacional;02 Aragón;Vivienda nueva;Índice;2017T3;108,509
Nacional;02 Aragón;Vivienda nueva;Índice;2017T2;108,107
Nacional;02 Aragón;Vivienda nueva;Índice;2017T1;108,157
Nacional;02 Aragón;Vivienda nueva;Índice;2016T4;102,896
Nacional;02 Aragón;Vivienda nueva;Índice;2016T3;105,724
Nacional;02 Aragón;Vivienda nueva;Índice;2016T2;106,473
Nacional;02 Aragón;Vivienda nueva;Índice;2016T1;101,325
Nacional;02 Aragón;Vivienda nueva;Índice;2015T4;99,401
Nacional;02 Aragón;Vivienda nueva;Índice;2015T3;98,356
Nacional;02 Aragón;Vivienda nueva;Índice;2015T2;101,932
Nacional;02 Aragón;Vivienda nueva;Índice;2015T1;100,311
Nacional;02 Aragón;Vivienda nueva;Índice;2014T4;97,405
Nacional;02 Aragón;Vivienda nueva;Índice;2014T3;98,907
Nacional;02 Aragón;Vivienda nueva;Índice;2014T2;100,654
Nacional;02 Aragón;Vivienda nueva;Índice;2014T1;97,050
Nacional;02 Aragón;Vivienda nueva;Índice;2013T4;97,993
Nacional;02 Aragón;Vivienda nueva;Índice;2013T3;100,896
Nacional;02 Aragón;Vivienda nueva;Índice;2013T2;99,888
Nacional;02 Aragón;Vivienda nueva;Índice;2013T1;102,220
Nacional;02 Aragón;Vivienda nueva;Índice;2012T4;114,155
Nacional;02 Aragón;Vivienda nueva;Índice;2012T3;113,850
Nacional;02 Aragón;Vivienda nueva;Índice;2012T2;117,708
Nacional;02 Aragón;Vivienda nueva;Índice;2012T1;117,681
Nacional;02 Aragón;Vivienda nueva;Índice;2011T4;125,785
Nacional;02 Aragón;Vivienda nueva;Índice;2011T3;134,707
Nacional;02 Aragón;Vivienda nueva;Índice;2011T2;134,926
Nacional;02 Aragón;Vivienda nueva;Índice;2011T1;136,796
Nacional;02 Aragón;Vivienda nueva;Índice;2010T4;140,121
Nacional;02 Aragón;Vivienda nueva;Índice;2010T3;139,584
Nacional;02 Aragón;Vivienda nueva;Índice;2010T2;143,469
Nacional;02 Aragón;Vivienda nueva;Índice;2010T1;141,768
Nacional;02 Aragón;Vivienda nueva;Índice;2009T4;147,640
Nacional;02 Aragón;Vivienda nueva;Índice;2009T3;150,489
Nacional;02 Aragón;Vivienda nueva;Índice;2009T2;154,374
Nacional;02 Aragón;Vivienda nueva;Índice;2009T1;154,126
Nacional;02 Aragón;Vivienda nueva;Índice;2008T4;160,288
Nacional;02 Aragón;Vivienda nueva;Índice;2008T3;159,306
Nacional;02 Aragón;Vivienda nueva;Índice;2008T2;162,869
Nacional;02 Aragón;Vivienda nueva;Índice;2008T1;159,141
Nacional;02 Aragón;Vivienda nueva;Índice;2007T4;159,186
Nacional;02 Aragón;Vivienda nueva;Índice;2007T3;156,728
Nacional;02 Aragón;Vivienda nueva;Índice;2007T2;155,770
Nacional;02 Aragón;Vivienda nueva;Índice;2007T1;152,923
Nacional;02 Aragón;Vivienda segunda mano;Índice;2025T2;166,844
Nacional;02 Aragón;Vivienda segunda mano;Índice;2025T1;158,524
Nacional;02 Aragón;Vivienda segunda mano;Índice;2024T4;152,748
Nacional;02 Aragón;Vivienda segunda mano;Índice;2024T3;149,665
Nacional;02 Aragón;Vivienda segunda mano;Índice;2024T2;145,385
Nacional;02 Aragón;Vivienda segunda mano;Índice;2024T1;138,811
Nacional;02 Aragón;Vivienda segunda mano;Índice;2023T4;135,001
Nacional;02 Aragón;Vivienda segunda mano;Índice;2023T3;135,909
Nacional;02 Aragón;Vivienda segunda mano;Índice;2023T2;133,444
Nacional;02 Aragón;Vivienda segunda mano;Índice;2023T1;131,202
Nacional;02 Aragón;Vivienda segunda mano;Índice;2022T4;130,717
Nacional;02 Aragón;Vivienda segunda mano;Índice;2022T3;132,253
Nacional;02 Aragón;Vivienda segunda mano;Índice;2022T2;131,268
Nacional;02 Aragón;Vivienda segunda mano;Índice;2022T1;128,499
Nacional;02 Aragón;Vivienda segunda mano;Índice;2021T4;125,611
Nacional;02 Aragón;Vivienda segunda mano;Índice;2021T3;124,307
Nacional;02 Aragón;Vivienda segunda mano;Índice;2021T2;122,725
Nacional;02 Aragón;Vivienda segunda mano;Índice;2021T1;120,421
Nacional;02 Aragón;Vivienda segunda mano;Índice;2020T4;118,595
Nacional;02 Aragón;Vivienda segunda mano;Índice;2020T3;118,673
Nacional;02 Aragón;Vivienda segunda mano;Índice;2020T2;119,541
Nacional;02 Aragón;Vivienda segunda mano;Índice;2020T1;117,456
Nacional;02 Aragón;Vivienda segunda mano;Índice;2019T4;117,994
Nacional;02 Aragón;Vivienda segunda mano;Índice;2019T3;117,221
Nacional;02 Aragón;Vivienda segunda mano;Índice;2019T2;115,566
Nacional;02 Aragón;Vivienda segunda mano;Índice;2019T1;113,638
Nacional;02 Aragón;Vivienda segunda mano;Índice;2018T4;111,735
Nacional;02 Aragón;Vivienda segunda mano;Índice;2018T3;110,663
Nacional;02 Aragón;Vivienda segunda mano;Índice;2018T2;109,117
Nacional;02 Aragón;Vivienda segunda mano;Índice;2018T1;107,318
Nacional;02 Aragón;Vivienda segunda mano;Índice;2017T4;105,523
Nacional;02 Aragón;Vivienda segunda mano;Índice;2017T3;104,552
Nacional;02 Aragón;Vivienda segunda mano;Índice;2017T2;103,521
Nacional;02 Aragón;Vivienda segunda mano;Índice;2017T1;103,563
Nacional;02 Aragón;Vivienda segunda mano;Índice;2016T4;102,113
Nacional;02 Aragón;Vivienda segunda mano;Índice;2016T3;101,517
Nacional;02 Aragón;Vivienda segunda mano;Índice;2016T2;101,731
Nacional;02 Aragón;Vivienda segunda mano;Índice;2016T1;100,403
Nacional;02 Aragón;Vivienda segunda mano;Índice;2015T4;100,044
Nacional;02 Aragón;Vivienda segunda mano;Índice;2015T3;100,876
Nacional;02 Aragón;Vivienda segunda mano;Índice;2015T2;100,996
Nacional;02 Aragón;Vivienda segunda mano;Índice;2015T1;98,084
Nacional;02 Aragón;Vivienda segunda mano;Índice;2014T4;99,831
Nacional;02 Aragón;Vivienda segunda mano;Índice;2014T3;99,436
Nacional;02 Aragón;Vivienda segunda mano;Índice;2014T2;99,575
Nacional;02 Aragón;Vivienda segunda mano;Índice;2014T1;98,483
Nacional;02 Aragón;Vivienda segunda mano;Índice;2013T4;99,533
Nacional;02 Aragón;Vivienda segunda mano;Índice;2013T3;101,291
Nacional;02 Aragón;Vivienda segunda mano;Índice;2013T2;103,311
Nacional;02 Aragón;Vivienda segunda mano;Índice;2013T1;103,415
Nacional;02 Aragón;Vivienda segunda mano;Índice;2012T4;112,333
Nacional;02 Aragón;Vivienda segunda mano;Índice;2012T3;113,989
Nacional;02 Aragón;Vivienda segunda mano;Índice;2012T2;119,438
Nacional;02 Aragón;Vivienda segunda mano;Índice;2012T1;119,443
Nacional;02 Aragón;Vivienda segunda mano;Índice;2011T4;130,222
Nacional;02 Aragón;Vivienda segunda mano;Índice;2011T3;136,584
Nacional;02 Aragón;Vivienda segunda mano;Índice;2011T2;142,320
Nacional;02 Aragón;Vivienda segunda mano;Índice;2011T1;141,409
Nacional;02 Aragón;Vivienda segunda mano;Índice;2010T4;152,837
Nacional;02 Aragón;Vivienda segunda mano;Índice;2010T3;151,424
Nacional;02 Aragón;Vivienda segunda mano;Índice;2010T2;156,452
Nacional;02 Aragón;Vivienda segunda mano;Índice;2010T1;155,401
Nacional;02 Aragón;Vivienda segunda mano;Índice;2009T4;158,005
Nacional;02 Aragón;Vivienda segunda mano;Índice;2009T3;157,792
Nacional;02 Aragón;Vivienda segunda mano;Índice;2009T2;160,769
Nacional;02 Aragón;Vivienda segunda mano;Índice;2009T1;161,382
Nacional;02 Aragón;Vivienda segunda mano;Índice;2008T4;166,770
Nacional;02 Aragón;Vivienda segunda mano;Índice;2008T3;178,525
Nacional;02 Aragón;Vivienda segunda mano;Índice;2008T2;189,049
Nacional;02 Aragón;Vivienda segunda mano;Índice;2008T1;192,507
Nacional;02 Aragón;Vivienda segunda mano;Índice;2007T4;193,876
Nacional;02 Aragón;Vivienda segunda mano;Índice;2007T3;200,980
Nacional;02 Aragón;Vivienda segunda mano;Índice;2007T2;198,235
Nacional;02 Aragón;Vivienda segunda mano;Índice;2007T1;199,485
Nacional;03 Asturias, Principado de;Vivienda nueva;Índice;2025T2;178,123
Nacional;03 Asturias, Principado de;Vivienda nueva;Índice;2025T1;173,890
Nacional;03 Asturias, Principado de;Vivienda nueva;Índice;2024T4;168,423
Nacional;03 Asturias, Principado de;Vivienda nueva;Índice;2024T3;161,945
Nacional;03 Asturias, Principado de;Vivienda nueva;Índice;2024T2;159,877
Nacional;03 Asturias, Principado de;Vivienda nueva;Índice;2024T1;158,910
Nacional;03 Asturias, Principado de;Vivienda nueva;Índice;2023T4;150,217
Nacional;03 Asturias, Principado de;Vivienda nueva;Índice;2023T3;155,817
Nacional;03 Asturias, Principado de;Vivienda nueva;Índice;2023T2;150,839
Nacional;03 Asturias, Principado de;Vivienda nueva;Índice;2023T1;147,370
Nacional;03 Asturias, Principado de;Vivienda nueva;Índice;2022T4;140,475
Nacional;03 Asturias, Principado de;Vivienda nueva;Índice;2022T3;139,186
Nacional;03 Asturias, Principado de;Vivienda nueva;Índice;2022T2;137,447
Nacional;03 Asturias, Principado de;Vivienda nueva;Índice;2022T1;135,082
Nacional;03 Asturias, Principado de;Vivienda nueva;Índice;2021T4;130,903
Nacional;03 Asturias, Principado de;Vivienda nueva;Índice;2021T3;129,998
Nacional;03 Asturias, Principado de;Vivienda nueva;Índice;2021T2;128,636
Nacional;03 Asturias, Principado de;Vivienda nueva;Índice;2021T1;126,470
Nacional;03 Asturias, Principado de;Vivienda nueva;Índice;2020T4;125,824
Nacional;03 Asturias, Principado de;Vivienda nueva;Índice;2020T3;129,598
Nacional;03 Asturias, Principado de;Vivienda nueva;Índice;2020T2;123,558
Nacional;03 Asturias, Principado de;Vivienda nueva;Índice;2020T1;123,472
Nacional;03 Asturias, Principado de;Vivienda nueva;Índice;2019T4;119,986
Nacional;03 Asturias, Principado de;Vivienda nueva;Índice;2019T3;117,623
Nacional;03 Asturias, Principado de;Vivienda nueva;Índice;2019T2;118,222
Nacional;03 Asturias, Principado de;Vivienda nueva;Índice;2019T1;116,203
Nacional;03 Asturias, Principado de;Vivienda nueva;Índice;2018T4;116,173
Nacional;03 Asturias, Principado de;Vivienda nueva;Índice;2018T3;111,765
Nacional;03 Asturias, Principado de;Vivienda nueva;Índice;2018T2;109,144
Nacional;03 Asturias, Principado de;Vivienda nueva;Índice;2018T1;108,447
Nacional;03 Asturias, Principado de;Vivienda nueva;Índice;2017T4;106,864
Nacional;03 Asturias, Principado de;Vivienda nueva;Índice;2017T3;106,662
Nacional;03 Asturias, Principado de;Vivienda nueva;Índice;2017T2;104,286
Nacional;03 Asturias, Principado de;Vivienda nueva;Índice;2017T1;104,732
Nacional;03 Asturias, Principado de;Vivienda nueva;Índice;2016T4;103,255
Nacional;03 Asturias, Principado de;Vivienda nueva;Índice;2016T3;105,969
Nacional;03 Asturias, Principado de;Vivienda nueva;Índice;2016T2;105,692
Nacional;03 Asturias, Principado de;Vivienda nueva;Índice;2016T1;102,567
Nacional;03 Asturias, Principado de;Vivienda nueva;Índice;2015T4;100,100
Nacional;03 Asturias, Principado de;Vivienda nueva;Índice;2015T3;102,678
Nacional;03 Asturias, Principado de;Vivienda nueva;Índice;2015T2;99,769
Nacional;03 Asturias, Principado de;Vivienda nueva;Índice;2015T1;97,453
Nacional;03 Asturias, Principado de;Vivienda nueva;Índice;2014T4;95,789
Nacional;03 Asturias, Principado de;Vivienda nueva;Índice;2014T3;98,358
Nacional;03 Asturias, Principado de;Vivienda nueva;Índice;2014T2;97,699
Nacional;03 Asturias, Principado de;Vivienda nueva;Índice;2014T1;95,693
Nacional;03 Asturias, Principado de;Vivienda nueva;Índice;2013T4;95,487
Nacional;03 Asturias, Principado de;Vivienda nueva;Índice;2013T3;97,539
Nacional;03 Asturias, Principado de;Vivienda nueva;Índice;2013T2;96,651
Nacional;03 Asturias, Principado de;Vivienda nueva;Índice;2013T1;98,273
Nacional;03 Asturias, Principado de;Vivienda nueva;Índice;2012T4;108,474
Nacional;03 Asturias, Principado de;Vivienda nueva;Índice;2012T3;107,749
Nacional;03 Asturias, Principado de;Vivienda nueva;Índice;2012T2;111,927
Nacional;03 Asturias, Principado de;Vivienda nueva;Índice;2012T1;114,297
Nacional;03 Asturias, Principado de;Vivienda nueva;Índice;2011T4;122,425
Nacional;03 Asturias, Principado de;Vivienda nueva;Índice;2011T3;129,703
Nacional;03 Asturias, Principado de;Vivienda nueva;Índice;2011T2;129,429
Nacional;03 Asturias, Principado de;Vivienda nueva;Índice;2011T1;132,226
Nacional;03 Asturias, Principado de;Vivienda nueva;Índice;2010T4;133,791
Nacional;03 Asturias, Principado de;Vivienda nueva;Índice;2010T3;132,191
Nacional;03 Asturias, Principado de;Vivienda nueva;Índice;2010T2;136,856
Nacional;03 Asturias, Principado de;Vivienda nueva;Índice;2010T1;134,749
Nacional;03 Asturias, Principado de;Vivienda nueva;Índice;2009T4;135,489
Nacional;03 Asturias, Principado de;Vivienda nueva;Índice;2009T3;138,091
Nacional;03 Asturias, Principado de;Vivienda nueva;Índice;2009T2;137,999
Nacional;03 Asturias, Principado de;Vivienda nueva;Índice;2009T1;138,609
Nacional;03 Asturias, Principado de;Vivienda nueva;Índice;2008T4;137,915
Nacional;03 Asturias, Principado de;Vivienda nueva;Índice;2008T3;137,057
Nacional;03 Asturias, Principado de;Vivienda nueva;Índice;2008T2;135,436
Nacional;03 Asturias, Principado de;Vivienda nueva;Índice;2008T1;135,382
Nacional;03 Asturias, Principado de;Vivienda nueva;Índice;2007T4;134,932
Nacional;03 Asturias, Principado de;Vivienda nueva;Índice;2007T3;132,204
Nacional;03 Asturias, Principado de;Vivienda nueva;Índice;2007T2;128,087
Nacional;03 Asturias, Principado de;Vivienda nueva;Índice;2007T1;123,959
Nacional;03 Asturias, Principado de;Vivienda segunda mano;Índice;2025T2;156,187
Nacional;03 Asturias, Principado de;Vivienda segunda mano;Índice;2025T1;149,175
Nacional;03 Asturias, Principado de;Vivienda segunda mano;Índice;2024T4;143,714
Nacional;03 Asturias, Principado de;Vivienda segunda mano;Índice;2024T3;140,415
Nacional;03 Asturias, Principado de;Vivienda segunda mano;Índice;2024T2;137,099
Nacional;03 Asturias, Principado de;Vivienda segunda mano;Índice;2024T1;131,217
Nacional;03 Asturias, Principado de;Vivienda segunda mano;Índice;2023T4;128,693
Nacional;03 Asturias, Principado de;Vivienda segunda mano;Índice;2023T3;130,815
Nacional;03 Asturias, Principado de;Vivienda segunda mano;Índice;2023T2;127,441
Nacional;03 Asturias, Principado de;Vivienda segunda mano;Índice;2023T1;125,375
Nacional;03 Asturias, Principado de;Vivienda segunda mano;Índice;2022T4;124,963
Nacional;03 Asturias, Principado de;Vivienda segunda mano;Índice;2022T3;125,782
Nacional;03 Asturias, Principado de;Vivienda segunda mano;Índice;2022T2;125,191
Nacional;03 Asturias, Principado de;Vivienda segunda mano;Índice;2022T1;122,005
Nacional;03 Asturias, Principado de;Vivienda segunda mano;Índice;2021T4;120,030
Nacional;03 Asturias, Principado de;Vivienda segunda mano;Índice;2021T3;118,359
Nacional;03 Asturias, Principado de;Vivienda segunda mano;Índice;2021T2;117,505
Nacional;03 Asturias, Principado de;Vivienda segunda mano;Índice;2021T1;113,674
Nacional;03 Asturias, Principado de;Vivienda segunda mano;Índice;2020T4;112,672
Nacional;03 Asturias, Principado de;Vivienda segunda mano;Índice;2020T3;112,420
Nacional;03 Asturias, Principado de;Vivienda segunda mano;Índice;2020T2;113,380
Nacional;03 Asturias, Principado de;Vivienda segunda mano;Índice;2020T1;111,274
Nacional;03 Asturias, Principado de;Vivienda segunda mano;Índice;2019T4;111,059
Nacional;03 Asturias, Principado de;Vivienda segunda mano;Índice;2019T3;110,528
Nacional;03 Asturias, Principado de;Vivienda segunda mano;Índice;2019T2;109,312
Nacional;03 Asturias, Principado de;Vivienda segunda mano;Índice;2019T1;106,872
Nacional;03 Asturias, Principado de;Vivienda segunda mano;Índice;2018T4;106,324
Nacional;03 Asturias, Principado de;Vivienda segunda mano;Índice;2018T3;106,987
Nacional;03 Asturias, Principado de;Vivienda segunda mano;Índice;2018T2;104,435
Nacional;03 Asturias, Principado de;Vivienda segunda mano;Índice;2018T1;103,446
Nacional;03 Asturias, Principado de;Vivienda segunda mano;Índice;2017T4;103,627
Nacional;03 Asturias, Principado de;Vivienda segunda mano;Índice;2017T3;102,550
Nacional;03 Asturias, Principado de;Vivienda segunda mano;Índice;2017T2;100,399
Nacional;03 Asturias, Principado de;Vivienda segunda mano;Índice;2017T1;101,461
Nacional;03 Asturias, Principado de;Vivienda segunda mano;Índice;2016T4;101,321
Nacional;03 Asturias, Principado de;Vivienda segunda mano;Índice;2016T3;101,524
Nacional;03 Asturias, Principado de;Vivienda segunda mano;Índice;2016T2;100,330
Nacional;03 Asturias, Principado de;Vivienda segunda mano;Índice;2016T1;100,121
Nacional;03 Asturias, Principado de;Vivienda segunda mano;Índice;2015T4;99,614
Nacional;03 Asturias, Principado de;Vivienda segunda mano;Índice;2015T3;102,174
Nacional;03 Asturias, Principado de;Vivienda segunda mano;Índice;2015T2;100,688
Nacional;03 Asturias, Principado de;Vivienda segunda mano;Índice;2015T1;97,523
Nacional;03 Asturias, Principado de;Vivienda segunda mano;Índice;2014T4;99,099
Nacional;03 Asturias, Principado de;Vivienda segunda mano;Índice;2014T3;98,726
Nacional;03 Asturias, Principado de;Vivienda segunda mano;Índice;2014T2;99,946
Nacional;03 Asturias, Principado de;Vivienda segunda mano;Índice;2014T1;97,445
Nacional;03 Asturias, Principado de;Vivienda segunda mano;Índice;2013T4;99,655
Nacional;03 Asturias, Principado de;Vivienda segunda mano;Índice;2013T3;100,868
Nacional;03 Asturias, Principado de;Vivienda segunda mano;Índice;2013T2;103,838
Nacional;03 Asturias, Principado de;Vivienda segunda mano;Índice;2013T1;103,844
Nacional;03 Asturias, Principado de;Vivienda segunda mano;Índice;2012T4;112,041
Nacional;03 Asturias, Principado de;Vivienda segunda mano;Índice;2012T3;112,043
Nacional;03 Asturias, Principado de;Vivienda segunda mano;Índice;2012T2;118,491
Nacional;03 Asturias, Principado de;Vivienda segunda mano;Índice;2012T1;122,016
Nacional;03 Asturias, Principado de;Vivienda segunda mano;Índice;2011T4;129,886
Nacional;03 Asturias, Principado de;Vivienda segunda mano;Índice;2011T3;136,908
Nacional;03 Asturias, Principado de;Vivienda segunda mano;Índice;2011T2;140,581
Nacional;03 Asturias, Principado de;Vivienda segunda mano;Índice;2011T1;143,033
Nacional;03 Asturias, Principado de;Vivienda segunda mano;Índice;2010T4;151,093
Nacional;03 Asturias, Principado de;Vivienda segunda mano;Índice;2010T3;146,958
Nacional;03 Asturias, Principado de;Vivienda segunda mano;Índice;2010T2;152,054
Nacional;03 Asturias, Principado de;Vivienda segunda mano;Índice;2010T1;148,808
Nacional;03 Asturias, Principado de;Vivienda segunda mano;Índice;2009T4;152,018
Nacional;03 Asturias, Principado de;Vivienda segunda mano;Índice;2009T3;150,107
Nacional;03 Asturias, Principado de;Vivienda segunda mano;Índice;2009T2;149,371
Nacional;03 Asturias, Principado de;Vivienda segunda mano;Índice;2009T1;148,628
Nacional;03 Asturias, Principado de;Vivienda segunda mano;Índice;2008T4;149,659
Nacional;03 Asturias, Principado de;Vivienda segunda mano;Índice;2008T3;153,188
Nacional;03 Asturias, Principado de;Vivienda segunda mano;Índice;2008T2;156,177
Nacional;03 Asturias, Principado de;Vivienda segunda mano;Índice;2008T1;159,466
Nacional;03 Asturias, Principado de;Vivienda segunda mano;Índice;2007T4;159,401
Nacional;03 Asturias, Principado de;Vivienda segunda mano;Índice;2007T3;163,043
Nacional;03 Asturias, Principado de;Vivienda segunda mano;Índice;2007T2;161,254
Nacional;03 Asturias, Principado de;Vivienda segunda mano;Índice;2007T1;155,572
Nacional;04 Balears, Illes;Vivienda nueva;Índice;2025T2;233,183
Nacional;04 Balears, Illes;Vivienda nueva;Índice;2025T1;232,215
Nacional;04 Balears, Illes;Vivienda nueva;Índice;2024T4;210,289
Nacional;04 Balears, Illes;Vivienda nueva;Índice;2024T3;209,282
Nacional;04 Balears, Illes;Vivienda nueva;Índice;2024T2;200,842
Nacional;04 Balears, Illes;Vivienda nueva;Índice;2024T1;198,151
Nacional;04 Balears, Illes;Vivienda nueva;Índice;2023T4;190,500
Nacional;04 Balears, Illes;Vivienda nueva;Índice;2023T3;188,722
Nacional;04 Balears, Illes;Vivienda nueva;Índice;2023T2;178,772
Nacional;04 Balears, Illes;Vivienda nueva;Índice;2023T1;176,211
Nacional;04 Balears, Illes;Vivienda nueva;Índice;2022T4;171,050
Nacional;04 Balears, Illes;Vivienda nueva;Índice;2022T3;169,497
Nacional;04 Balears, Illes;Vivienda nueva;Índice;2022T2;166,714
Nacional;04 Balears, Illes;Vivienda nueva;Índice;2022T1;164,502
Nacional;04 Balears, Illes;Vivienda nueva;Índice;2021T4;160,667
Nacional;04 Balears, Illes;Vivienda nueva;Índice;2021T3;155,844
Nacional;04 Balears, Illes;Vivienda nueva;Índice;2021T2;147,838
Nacional;04 Balears, Illes;Vivienda nueva;Índice;2021T1;147,196
Nacional;04 Balears, Illes;Vivienda nueva;Índice;2020T4;150,176
Nacional;04 Balears, Illes;Vivienda nueva;Índice;2020T3;145,381
Nacional;04 Balears, Illes;Vivienda nueva;Índice;2020T2;134,967
Nacional;04 Balears, Illes;Vivienda nueva;Índice;2020T1;139,228
Nacional;04 Balears, Illes;Vivienda nueva;Índice;2019T4;134,602
Nacional;04 Balears, Illes;Vivienda nueva;Índice;2019T3;130,300
Nacional;04 Balears, Illes;Vivienda nueva;Índice;2019T2;124,378
Nacional;04 Balears, Illes;Vivienda nueva;Índice;2019T1;126,037
Nacional;04 Balears, Illes;Vivienda nueva;Índice;2018T4;123,082
Nacional;04 Balears, Illes;Vivienda nueva;Índice;2018T3;120,144
Nacional;04 Balears, Illes;Vivienda nueva;Índice;2018T2;119,979
Nacional;04 Balears, Illes;Vivienda nueva;Índice;2018T1;114,629
Nacional;04 Balears, Illes;Vivienda nueva;Índice;2017T4;115,688
Nacional;04 Balears, Illes;Vivienda nueva;Índice;2017T3;115,567
Nacional;04 Balears, Illes;Vivienda nueva;Índice;2017T2;109,992
Nacional;04 Balears, Illes;Vivienda nueva;Índice;2017T1;106,956
Nacional;04 Balears, Illes;Vivienda nueva;Índice;2016T4;105,050
Nacional;04 Balears, Illes;Vivienda nueva;Índice;2016T3;105,529
Nacional;04 Balears, Illes;Vivienda nueva;Índice;2016T2;103,784
Nacional;04 Balears, Illes;Vivienda nueva;Índice;2016T1;103,758
Nacional;04 Balears, Illes;Vivienda nueva;Índice;2015T4;102,053
Nacional;04 Balears, Illes;Vivienda nueva;Índice;2015T3;103,204
Nacional;04 Balears, Illes;Vivienda nueva;Índice;2015T2;98,402
Nacional;04 Balears, Illes;Vivienda nueva;Índice;2015T1;96,341
Nacional;04 Balears, Illes;Vivienda nueva;Índice;2014T4;92,823
Nacional;04 Balears, Illes;Vivienda nueva;Índice;2014T3;94,708
Nacional;04 Balears, Illes;Vivienda nueva;Índice;2014T2;91,246
Nacional;04 Balears, Illes;Vivienda nueva;Índice;2014T1;92,200
Nacional;04 Balears, Illes;Vivienda nueva;Índice;2013T4;93,362
Nacional;04 Balears, Illes;Vivienda nueva;Índice;2013T3;93,079
Nacional;04 Balears, Illes;Vivienda nueva;Índice;2013T2;88,520
Nacional;04 Balears, Illes;Vivienda nueva;Índice;2013T1;89,692
Nacional;04 Balears, Illes;Vivienda nueva;Índice;2012T4;96,148
Nacional;04 Balears, Illes;Vivienda nueva;Índice;2012T3;97,684
Nacional;04 Balears, Illes;Vivienda nueva;Índice;2012T2;97,963
Nacional;04 Balears, Illes;Vivienda nueva;Índice;2012T1;97,957
Nacional;04 Balears, Illes;Vivienda nueva;Índice;2011T4;105,768
Nacional;04 Balears, Illes;Vivienda nueva;Índice;2011T3;112,521
Nacional;04 Balears, Illes;Vivienda nueva;Índice;2011T2;114,074
Nacional;04 Balears, Illes;Vivienda nueva;Índice;2011T1;116,422
Nacional;04 Balears, Illes;Vivienda nueva;Índice;2010T4;115,816
Nacional;04 Balears, Illes;Vivienda nueva;Índice;2010T3;114,061
Nacional;04 Balears, Illes;Vivienda nueva;Índice;2010T2;117,250
Nacional;04 Balears, Illes;Vivienda nueva;Índice;2010T1;115,668
Nacional;04 Balears, Illes;Vivienda nueva;Índice;2009T4;116,897
Nacional;04 Balears, Illes;Vivienda nueva;Índice;2009T3;118,460
Nacional;04 Balears, Illes;Vivienda nueva;Índice;2009T2;120,311
Nacional;04 Balears, Illes;Vivienda nueva;Índice;2009T1;120,488
Nacional;04 Balears, Illes;Vivienda nueva;Índice;2008T4;121,722
Nacional;04 Balears, Illes;Vivienda nueva;Índice;2008T3;124,234
Nacional;04 Balears, Illes;Vivienda nueva;Índice;2008T2;123,741
Nacional;04 Balears, Illes;Vivienda nueva;Índice;2008T1;120,554
Nacional;04 Balears, Illes;Vivienda nueva;Índice;2007T4;120,981
Nacional;04 Balears, Illes;Vivienda nueva;Índice;2007T3;118,999
Nacional;04 Balears, Illes;Vivienda nueva;Índice;2007T2;115,102
Nacional;04 Balears, Illes;Vivienda nueva;Índice;2007T1;110,720
Nacional;04 Balears, Illes;Vivienda segunda mano;Índice;2025T2;188,421
Nacional;04 Balears, Illes;Vivienda segunda mano;Índice;2025T1;180,500
Nacional;04 Balears, Illes;Vivienda segunda mano;Índice;2024T4;176,520
Nacional;04 Balears, Illes;Vivienda segunda mano;Índice;2024T3;173,869
Nacional;04 Balears, Illes;Vivienda segunda mano;Índice;2024T2;169,503
Nacional;04 Balears, Illes;Vivienda segunda mano;Índice;2024T1;165,377
Nacional;04 Balears, Illes;Vivienda segunda mano;Índice;2023T4;162,951
Nacional;04 Balears, Illes;Vivienda segunda mano;Índice;2023T3;165,478
Nacional;04 Balears, Illes;Vivienda segunda mano;Índice;2023T2;160,970
Nacional;04 Balears, Illes;Vivienda segunda mano;Índice;2023T1;157,759
Nacional;04 Balears, Illes;Vivienda segunda mano;Índice;2022T4;157,555
Nacional;04 Balears, Illes;Vivienda segunda mano;Índice;2022T3;159,784
Nacional;04 Balears, Illes;Vivienda segunda mano;Índice;2022T2;156,728
Nacional;04 Balears, Illes;Vivienda segunda mano;Índice;2022T1;151,957
Nacional;04 Balears, Illes;Vivienda segunda mano;Índice;2021T4;148,860
Nacional;04 Balears, Illes;Vivienda segunda mano;Índice;2021T3;147,524
Nacional;04 Balears, Illes;Vivienda segunda mano;Índice;2021T2;141,610
Nacional;04 Balears, Illes;Vivienda segunda mano;Índice;2021T1;135,638
Nacional;04 Balears, Illes;Vivienda segunda mano;Índice;2020T4;135,462
Nacional;04 Balears, Illes;Vivienda segunda mano;Índice;2020T3;138,026
Nacional;04 Balears, Illes;Vivienda segunda mano;Índice;2020T2;134,162
Nacional;04 Balears, Illes;Vivienda segunda mano;Índice;2020T1;134,537
Nacional;04 Balears, Illes;Vivienda segunda mano;Índice;2019T4;133,194
Nacional;04 Balears, Illes;Vivienda segunda mano;Índice;2019T3;134,372
Nacional;04 Balears, Illes;Vivienda segunda mano;Índice;2019T2;128,640
Nacional;04 Balears, Illes;Vivienda segunda mano;Índice;2019T1;127,397
Nacional;04 Balears, Illes;Vivienda segunda mano;Índice;2018T4;126,579
Nacional;04 Balears, Illes;Vivienda segunda mano;Índice;2018T3;126,955
Nacional;04 Balears, Illes;Vivienda segunda mano;Índice;2018T2;122,071
Nacional;04 Balears, Illes;Vivienda segunda mano;Índice;2018T1;118,933
Nacional;04 Balears, Illes;Vivienda segunda mano;Índice;2017T4;119,016
Nacional;04 Balears, Illes;Vivienda segunda mano;Índice;2017T3;118,329
Nacional;04 Balears, Illes;Vivienda segunda mano;Índice;2017T2;112,648
Nacional;04 Balears, Illes;Vivienda segunda mano;Índice;2017T1;109,865
Nacional;04 Balears, Illes;Vivienda segunda mano;Índice;2016T4;108,474
Nacional;04 Balears, Illes;Vivienda segunda mano;Índice;2016T3;108,525
Nacional;04 Balears, Illes;Vivienda segunda mano;Índice;2016T2;104,737
Nacional;04 Balears, Illes;Vivienda segunda mano;Índice;2016T1;103,800
Nacional;04 Balears, Illes;Vivienda segunda mano;Índice;2015T4;102,287
Nacional;04 Balears, Illes;Vivienda segunda mano;Índice;2015T3;102,628
Nacional;04 Balears, Illes;Vivienda segunda mano;Índice;2015T2;99,777
Nacional;04 Balears, Illes;Vivienda segunda mano;Índice;2015T1;95,309
Nacional;04 Balears, Illes;Vivienda segunda mano;Índice;2014T4;95,912
Nacional;04 Balears, Illes;Vivienda segunda mano;Índice;2014T3;94,563
Nacional;04 Balears, Illes;Vivienda segunda mano;Índice;2014T2;92,945
Nacional;04 Balears, Illes;Vivienda segunda mano;Índice;2014T1;92,797
Nacional;04 Balears, Illes;Vivienda segunda mano;Índice;2013T4;94,991
Nacional;04 Balears, Illes;Vivienda segunda mano;Índice;2013T3;94,299
Nacional;04 Balears, Illes;Vivienda segunda mano;Índice;2013T2;93,437
Nacional;04 Balears, Illes;Vivienda segunda mano;Índice;2013T1;93,323
Nacional;04 Balears, Illes;Vivienda segunda mano;Índice;2012T4;98,851
Nacional;04 Balears, Illes;Vivienda segunda mano;Índice;2012T3;100,467
Nacional;04 Balears, Illes;Vivienda segunda mano;Índice;2012T2;102,878
Nacional;04 Balears, Illes;Vivienda segunda mano;Índice;2012T1;104,637
Nacional;04 Balears, Illes;Vivienda segunda mano;Índice;2011T4;113,054
Nacional;04 Balears, Illes;Vivienda segunda mano;Índice;2011T3;117,041
Nacional;04 Balears, Illes;Vivienda segunda mano;Índice;2011T2;121,526
Nacional;04 Balears, Illes;Vivienda segunda mano;Índice;2011T1;121,853
Nacional;04 Balears, Illes;Vivienda segunda mano;Índice;2010T4;126,398
Nacional;04 Balears, Illes;Vivienda segunda mano;Índice;2010T3;126,890
Nacional;04 Balears, Illes;Vivienda segunda mano;Índice;2010T2;127,522
Nacional;04 Balears, Illes;Vivienda segunda mano;Índice;2010T1;128,810
Nacional;04 Balears, Illes;Vivienda segunda mano;Índice;2009T4;128,507
Nacional;04 Balears, Illes;Vivienda segunda mano;Índice;2009T3;127,825
Nacional;04 Balears, Illes;Vivienda segunda mano;Índice;2009T2;129,638
Nacional;04 Balears, Illes;Vivienda segunda mano;Índice;2009T1;131,177
Nacional;04 Balears, Illes;Vivienda segunda mano;Índice;2008T4;137,781
Nacional;04 Balears, Illes;Vivienda segunda mano;Índice;2008T3;145,365
Nacional;04 Balears, Illes;Vivienda segunda mano;Índice;2008T2;150,457
Nacional;04 Balears, Illes;Vivienda segunda mano;Índice;2008T1;150,492
Nacional;04 Balears, Illes;Vivienda segunda mano;Índice;2007T4;153,275
Nacional;04 Balears, Illes;Vivienda segunda mano;Índice;2007T3;155,339
Nacional;04 Balears, Illes;Vivienda segunda mano;Índice;2007T2;153,652
Nacional;04 Balears, Illes;Vivienda segunda mano;Índice;2007T1;148,895
Nacional;05 Canarias;Vivienda nueva;Índice;2025T2;202,339
Nacional;05 Canarias;Vivienda nueva;Índice;2025T1;197,510
Nacional;05 Canarias;Vivienda nueva;Índice;2024T4;183,331
Nacional;05 Canarias;Vivienda nueva;Índice;2024T3;183,024
Nacional;05 Canarias;Vivienda nueva;Índice;2024T2;182,831
Nacional;05 Canarias;Vivienda nueva;Índice;2024T1;175,464
Nacional;05 Canarias;Vivienda nueva;Índice;2023T4;161,845
Nacional;05 Canarias;Vivienda nueva;Índice;2023T3;166,338
Nacional;05 Canarias;Vivienda nueva;Índice;2023T2;165,165
Nacional;05 Canarias;Vivienda nueva;Índice;2023T1;163,023
Nacional;05 Canarias;Vivienda nueva;Índice;2022T4;154,026
Nacional;05 Canarias;Vivienda nueva;Índice;2022T3;149,385
Nacional;05 Canarias;Vivienda nueva;Índice;2022T2;144,907
Nacional;05 Canarias;Vivienda nueva;Índice;2022T1;146,819
Nacional;05 Canarias;Vivienda nueva;Índice;2021T4;138,677
Nacional;05 Canarias;Vivienda nueva;Índice;2021T3;138,129
Nacional;05 Canarias;Vivienda nueva;Índice;2021T2;135,717
Nacional;05 Canarias;Vivienda nueva;Índice;2021T1;130,688
Nacional;05 Canarias;Vivienda nueva;Índice;2020T4;129,426
Nacional;05 Canarias;Vivienda nueva;Índice;2020T3;134,827
Nacional;05 Canarias;Vivienda nueva;Índice;2020T2;127,406
Nacional;05 Canarias;Vivienda nueva;Índice;2020T1;126,803
Nacional;05 Canarias;Vivienda nueva;Índice;2019T4;122,894
Nacional;05 Canarias;Vivienda nueva;Índice;2019T3;122,229
Nacional;05 Canarias;Vivienda nueva;Índice;2019T2;121,511
Nacional;05 Canarias;Vivienda nueva;Índice;2019T1;124,122
Nacional;05 Canarias;Vivienda nueva;Índice;2018T4;120,384
Nacional;05 Canarias;Vivienda nueva;Índice;2018T3;116,468
Nacional;05 Canarias;Vivienda nueva;Índice;2018T2;115,259
Nacional;05 Canarias;Vivienda nueva;Índice;2018T1;114,054
Nacional;05 Canarias;Vivienda nueva;Índice;2017T4;113,712
Nacional;05 Canarias;Vivienda nueva;Índice;2017T3;111,348
Nacional;05 Canarias;Vivienda nueva;Índice;2017T2;110,658
Nacional;05 Canarias;Vivienda nueva;Índice;2017T1;110,168
Nacional;05 Canarias;Vivienda nueva;Índice;2016T4;106,697
Nacional;05 Canarias;Vivienda nueva;Índice;2016T3;107,029
Nacional;05 Canarias;Vivienda nueva;Índice;2016T2;108,492
Nacional;05 Canarias;Vivienda nueva;Índice;2016T1;105,818
Nacional;05 Canarias;Vivienda nueva;Índice;2015T4;101,313
Nacional;05 Canarias;Vivienda nueva;Índice;2015T3;99,676
Nacional;05 Canarias;Vivienda nueva;Índice;2015T2;101,145
Nacional;05 Canarias;Vivienda nueva;Índice;2015T1;97,865
Nacional;05 Canarias;Vivienda nueva;Índice;2014T4;94,915
Nacional;05 Canarias;Vivienda nueva;Índice;2014T3;95,775
Nacional;05 Canarias;Vivienda nueva;Índice;2014T2;95,663
Nacional;05 Canarias;Vivienda nueva;Índice;2014T1;93,363
Nacional;05 Canarias;Vivienda nueva;Índice;2013T4;94,321
Nacional;05 Canarias;Vivienda nueva;Índice;2013T3;94,297
Nacional;05 Canarias;Vivienda nueva;Índice;2013T2;93,702
Nacional;05 Canarias;Vivienda nueva;Índice;2013T1;98,131
Nacional;05 Canarias;Vivienda nueva;Índice;2012T4;102,966
Nacional;05 Canarias;Vivienda nueva;Índice;2012T3;102,739
Nacional;05 Canarias;Vivienda nueva;Índice;2012T2;106,435
Nacional;05 Canarias;Vivienda nueva;Índice;2012T1;112,224
Nacional;05 Canarias;Vivienda nueva;Índice;2011T4;116,828
Nacional;05 Canarias;Vivienda nueva;Índice;2011T3;119,689
Nacional;05 Canarias;Vivienda nueva;Índice;2011T2;123,219
Nacional;05 Canarias;Vivienda nueva;Índice;2011T1;123,940
Nacional;05 Canarias;Vivienda nueva;Índice;2010T4;124,110
Nacional;05 Canarias;Vivienda nueva;Índice;2010T3;127,123
Nacional;05 Canarias;Vivienda nueva;Índice;2010T2;128,886
Nacional;05 Canarias;Vivienda nueva;Índice;2010T1;127,031
Nacional;05 Canarias;Vivienda nueva;Índice;2009T4;129,586
Nacional;05 Canarias;Vivienda nueva;Índice;2009T3;130,669
Nacional;05 Canarias;Vivienda nueva;Índice;2009T2;130,913
Nacional;05 Canarias;Vivienda nueva;Índice;2009T1;131,633
Nacional;05 Canarias;Vivienda nueva;Índice;2008T4;132,766
Nacional;05 Canarias;Vivienda nueva;Índice;2008T3;132,964
Nacional;05 Canarias;Vivienda nueva;Índice;2008T2;131,175
Nacional;05 Canarias;Vivienda nueva;Índice;2008T1;130,535
Nacional;05 Canarias;Vivienda nueva;Índice;2007T4;129,262
Nacional;05 Canarias;Vivienda nueva;Índice;2007T3;125,283
Nacional;05 Canarias;Vivienda nueva;Índice;2007T2;121,882
Nacional;05 Canarias;Vivienda nueva;Índice;2007T1;118,587
Nacional;05 Canarias;Vivienda segunda mano;Índice;2025T2;171,217
Nacional;05 Canarias;Vivienda segunda mano;Índice;2025T1;166,229
Nacional;05 Canarias;Vivienda segunda mano;Índice;2024T4;158,930
Nacional;05 Canarias;Vivienda segunda mano;Índice;2024T3;155,936
Nacional;05 Canarias;Vivienda segunda mano;Índice;2024T2;153,165
Nacional;05 Canarias;Vivienda segunda mano;Índice;2024T1;147,815
Nacional;05 Canarias;Vivienda segunda mano;Índice;2023T4;144,003
Nacional;05 Canarias;Vivienda segunda mano;Índice;2023T3;145,940
Nacional;05 Canarias;Vivienda segunda mano;Índice;2023T2;141,405
Nacional;05 Canarias;Vivienda segunda mano;Índice;2023T1;139,910
Nacional;05 Canarias;Vivienda segunda mano;Índice;2022T4;137,805
Nacional;05 Canarias;Vivienda segunda mano;Índice;2022T3;137,433
Nacional;05 Canarias;Vivienda segunda mano;Índice;2022T2;136,306
Nacional;05 Canarias;Vivienda segunda mano;Índice;2022T1;133,225
Nacional;05 Canarias;Vivienda segunda mano;Índice;2021T4;127,730
Nacional;05 Canarias;Vivienda segunda mano;Índice;2021T3;127,202
Nacional;05 Canarias;Vivienda segunda mano;Índice;2021T2;124,286
Nacional;05 Canarias;Vivienda segunda mano;Índice;2021T1;120,288
Nacional;05 Canarias;Vivienda segunda mano;Índice;2020T4;118,412
Nacional;05 Canarias;Vivienda segunda mano;Índice;2020T3;118,505
Nacional;05 Canarias;Vivienda segunda mano;Índice;2020T2;116,827
Nacional;05 Canarias;Vivienda segunda mano;Índice;2020T1;118,261
Nacional;05 Canarias;Vivienda segunda mano;Índice;2019T4;117,839
Nacional;05 Canarias;Vivienda segunda mano;Índice;2019T3;117,626
Nacional;05 Canarias;Vivienda segunda mano;Índice;2019T2;116,472
Nacional;05 Canarias;Vivienda segunda mano;Índice;2019T1;116,214
Nacional;05 Canarias;Vivienda segunda mano;Índice;2018T4;114,256
Nacional;05 Canarias;Vivienda segunda mano;Índice;2018T3;113,418
Nacional;05 Canarias;Vivienda segunda mano;Índice;2018T2;113,035
Nacional;05 Canarias;Vivienda segunda mano;Índice;2018T1;110,802
Nacional;05 Canarias;Vivienda segunda mano;Índice;2017T4;109,861
Nacional;05 Canarias;Vivienda segunda mano;Índice;2017T3;107,578
Nacional;05 Canarias;Vivienda segunda mano;Índice;2017T2;106,544
Nacional;05 Canarias;Vivienda segunda mano;Índice;2017T1;105,895
Nacional;05 Canarias;Vivienda segunda mano;Índice;2016T4;103,655
Nacional;05 Canarias;Vivienda segunda mano;Índice;2016T3;102,862
Nacional;05 Canarias;Vivienda segunda mano;Índice;2016T2;102,621
Nacional;05 Canarias;Vivienda segunda mano;Índice;2016T1;102,420
Nacional;05 Canarias;Vivienda segunda mano;Índice;2015T4;100,542
Nacional;05 Canarias;Vivienda segunda mano;Índice;2015T3;101,114
Nacional;05 Canarias;Vivienda segunda mano;Índice;2015T2;101,365
Nacional;05 Canarias;Vivienda segunda mano;Índice;2015T1;96,978
Nacional;05 Canarias;Vivienda segunda mano;Índice;2014T4;97,426
Nacional;05 Canarias;Vivienda segunda mano;Índice;2014T3;96,821
Nacional;05 Canarias;Vivienda segunda mano;Índice;2014T2;98,132
Nacional;05 Canarias;Vivienda segunda mano;Índice;2014T1;95,428
Nacional;05 Canarias;Vivienda segunda mano;Índice;2013T4;96,928
Nacional;05 Canarias;Vivienda segunda mano;Índice;2013T3;97,829
Nacional;05 Canarias;Vivienda segunda mano;Índice;2013T2;98,912
Nacional;05 Canarias;Vivienda segunda mano;Índice;2013T1;100,002
Nacional;05 Canarias;Vivienda segunda mano;Índice;2012T4;103,545
Nacional;05 Canarias;Vivienda segunda mano;Índice;2012T3;103,136
Nacional;05 Canarias;Vivienda segunda mano;Índice;2012T2;108,399
Nacional;05 Canarias;Vivienda segunda mano;Índice;2012T1;113,918
Nacional;05 Canarias;Vivienda segunda mano;Índice;2011T4;120,533
Nacional;05 Canarias;Vivienda segunda mano;Índice;2011T3;121,689
Nacional;05 Canarias;Vivienda segunda mano;Índice;2011T2;127,012
Nacional;05 Canarias;Vivienda segunda mano;Índice;2011T1;128,387
Nacional;05 Canarias;Vivienda segunda mano;Índice;2010T4;132,780
Nacional;05 Canarias;Vivienda segunda mano;Índice;2010T3;131,364
Nacional;05 Canarias;Vivienda segunda mano;Índice;2010T2;134,762
Nacional;05 Canarias;Vivienda segunda mano;Índice;2010T1;133,796
Nacional;05 Canarias;Vivienda segunda mano;Índice;2009T4;135,711
Nacional;05 Canarias;Vivienda segunda mano;Índice;2009T3;135,490
Nacional;05 Canarias;Vivienda segunda mano;Índice;2009T2;135,835
Nacional;05 Canarias;Vivienda segunda mano;Índice;2009T1;136,176
Nacional;05 Canarias;Vivienda segunda mano;Índice;2008T4;139,263
Nacional;05 Canarias;Vivienda segunda mano;Índice;2008T3;145,183
Nacional;05 Canarias;Vivienda segunda mano;Índice;2008T2;148,449
Nacional;05 Canarias;Vivienda segunda mano;Índice;2008T1;150,370
Nacional;05 Canarias;Vivienda segunda mano;Índice;2007T4;150,583
Nacional;05 Canarias;Vivienda segunda mano;Índice;2007T3;152,104
Nacional;05 Canarias;Vivienda segunda mano;Índice;2007T2;150,970
Nacional;05 Canarias;Vivienda segunda mano;Índice;2007T1;145,706
Nacional;06 Cantabria;Vivienda nueva;Índice;2025T2;187,660
Nacional;06 Cantabria;Vivienda nueva;Índice;2025T1;182,409
Nacional;06 Cantabria;Vivienda nueva;Índice;2024T4;178,067
Nacional;06 Cantabria;Vivienda nueva;Índice;2024T3;179,090
Nacional;06 Cantabria;Vivienda nueva;Índice;2024T2;178,045
Nacional;06 Cantabria;Vivienda nueva;Índice;2024T1;170,552
Nacional;06 Cantabria;Vivienda nueva;Índice;2023T4;157,252
Nacional;06 Cantabria;Vivienda nueva;Índice;2023T3;160,281
Nacional;06 Cantabria;Vivienda nueva;Índice;2023T2;154,559
Nacional;06 Cantabria;Vivienda nueva;Índice;2023T1;152,443
Nacional;06 Cantabria;Vivienda nueva;Índice;2022T4;145,190
Nacional;06 Cantabria;Vivienda nueva;Índice;2022T3;140,495
Nacional;06 Cantabria;Vivienda nueva;Índice;2022T2;136,238
Nacional;06 Cantabria;Vivienda nueva;Índice;2022T1;137,930
Nacional;06 Cantabria;Vivienda nueva;Índice;2021T4;131,310
Nacional;06 Cantabria;Vivienda nueva;Índice;2021T3;130,265
Nacional;06 Cantabria;Vivienda nueva;Índice;2021T2;127,052
Nacional;06 Cantabria;Vivienda nueva;Índice;2021T1;123,809
Nacional;06 Cantabria;Vivienda nueva;Índice;2020T4;123,493
Nacional;06 Cantabria;Vivienda nueva;Índice;2020T3;126,750
Nacional;06 Cantabria;Vivienda nueva;Índice;2020T2;121,801
Nacional;06 Cantabria;Vivienda nueva;Índice;2020T1;118,526
Nacional;06 Cantabria;Vivienda nueva;Índice;2019T4;114,499
Nacional;06 Cantabria;Vivienda nueva;Índice;2019T3;115,355
Nacional;06 Cantabria;Vivienda nueva;Índice;2019T2;115,005
Nacional;06 Cantabria;Vivienda nueva;Índice;2019T1;119,627
Nacional;06 Cantabria;Vivienda nueva;Índice;2018T4;112,713
Nacional;06 Cantabria;Vivienda nueva;Índice;2018T3;112,999
Nacional;06 Cantabria;Vivienda nueva;Índice;2018T2;109,873
Nacional;06 Cantabria;Vivienda nueva;Índice;2018T1;107,029
Nacional;06 Cantabria;Vivienda nueva;Índice;2017T4;106,205
Nacional;06 Cantabria;Vivienda nueva;Índice;2017T3;108,379
Nacional;06 Cantabria;Vivienda nueva;Índice;2017T2;107,957
Nacional;06 Cantabria;Vivienda nueva;Índice;2017T1;104,218
Nacional;06 Cantabria;Vivienda nueva;Índice;2016T4;102,713
Nacional;06 Cantabria;Vivienda nueva;Índice;2016T3;105,824
Nacional;06 Cantabria;Vivienda nueva;Índice;2016T2;104,765
Nacional;06 Cantabria;Vivienda nueva;Índice;2016T1;102,620
Nacional;06 Cantabria;Vivienda nueva;Índice;2015T4;101,269
Nacional;06 Cantabria;Vivienda nueva;Índice;2015T3;103,073
Nacional;06 Cantabria;Vivienda nueva;Índice;2015T2;99,465
Nacional;06 Cantabria;Vivienda nueva;Índice;2015T1;96,193
Nacional;06 Cantabria;Vivienda nueva;Índice;2014T4;96,518
Nacional;06 Cantabria;Vivienda nueva;Índice;2014T3;96,910
Nacional;06 Cantabria;Vivienda nueva;Índice;2014T2;94,216
Nacional;06 Cantabria;Vivienda nueva;Índice;2014T1;95,282
Nacional;06 Cantabria;Vivienda nueva;Índice;2013T4;93,883
Nacional;06 Cantabria;Vivienda nueva;Índice;2013T3;91,211
Nacional;06 Cantabria;Vivienda nueva;Índice;2013T2;88,810
Nacional;06 Cantabria;Vivienda nueva;Índice;2013T1;91,190
Nacional;06 Cantabria;Vivienda nueva;Índice;2012T4;96,122
Nacional;06 Cantabria;Vivienda nueva;Índice;2012T3;94,071
Nacional;06 Cantabria;Vivienda nueva;Índice;2012T2;99,217
Nacional;06 Cantabria;Vivienda nueva;Índice;2012T1;104,350
Nacional;06 Cantabria;Vivienda nueva;Índice;2011T4;108,284
Nacional;06 Cantabria;Vivienda nueva;Índice;2011T3;112,028
Nacional;06 Cantabria;Vivienda nueva;Índice;2011T2;115,728
Nacional;06 Cantabria;Vivienda nueva;Índice;2011T1;118,802
Nacional;06 Cantabria;Vivienda nueva;Índice;2010T4;121,267
Nacional;06 Cantabria;Vivienda nueva;Índice;2010T3;123,628
Nacional;06 Cantabria;Vivienda nueva;Índice;2010T2;126,664
Nacional;06 Cantabria;Vivienda nueva;Índice;2010T1;125,373
Nacional;06 Cantabria;Vivienda nueva;Índice;2009T4;132,617
Nacional;06 Cantabria;Vivienda nueva;Índice;2009T3;134,547
Nacional;06 Cantabria;Vivienda nueva;Índice;2009T2;135,329
Nacional;06 Cantabria;Vivienda nueva;Índice;2009T1;136,427
Nacional;06 Cantabria;Vivienda nueva;Índice;2008T4;142,559
Nacional;06 Cantabria;Vivienda nueva;Índice;2008T3;142,387
Nacional;06 Cantabria;Vivienda nueva;Índice;2008T2;142,431
Nacional;06 Cantabria;Vivienda nueva;Índice;2008T1;140,972
Nacional;06 Cantabria;Vivienda nueva;Índice;2007T4;139,440
Nacional;06 Cantabria;Vivienda nueva;Índice;2007T3;135,409
Nacional;06 Cantabria;Vivienda nueva;Índice;2007T2;132,466
Nacional;06 Cantabria;Vivienda nueva;Índice;2007T1;129,582
Nacional;06 Cantabria;Vivienda segunda mano;Índice;2025T2;169,280
Nacional;06 Cantabria;Vivienda segunda mano;Índice;2025T1;162,622
Nacional;06 Cantabria;Vivienda segunda mano;Índice;2024T4;159,210
Nacional;06 Cantabria;Vivienda segunda mano;Índice;2024T3;156,518
Nacional;06 Cantabria;Vivienda segunda mano;Índice;2024T2;151,539
Nacional;06 Cantabria;Vivienda segunda mano;Índice;2024T1;146,818
Nacional;06 Cantabria;Vivienda segunda mano;Índice;2023T4;142,752
Nacional;06 Cantabria;Vivienda segunda mano;Índice;2023T3;144,379
Nacional;06 Cantabria;Vivienda segunda mano;Índice;2023T2;140,824
Nacional;06 Cantabria;Vivienda segunda mano;Índice;2023T1;138,501
Nacional;06 Cantabria;Vivienda segunda mano;Índice;2022T4;137,641
Nacional;06 Cantabria;Vivienda segunda mano;Índice;2022T3;137,857
Nacional;06 Cantabria;Vivienda segunda mano;Índice;2022T2;136,031
Nacional;06 Cantabria;Vivienda segunda mano;Índice;2022T1;132,120
Nacional;06 Cantabria;Vivienda segunda mano;Índice;2021T4;127,087
Nacional;06 Cantabria;Vivienda segunda mano;Índice;2021T3;125,844
Nacional;06 Cantabria;Vivienda segunda mano;Índice;2021T2;123,319
Nacional;06 Cantabria;Vivienda segunda mano;Índice;2021T1;119,102
Nacional;06 Cantabria;Vivienda segunda mano;Índice;2020T4;117,742
Nacional;06 Cantabria;Vivienda segunda mano;Índice;2020T3;116,994
Nacional;06 Cantabria;Vivienda segunda mano;Índice;2020T2;116,885
Nacional;06 Cantabria;Vivienda segunda mano;Índice;2020T1;117,124
Nacional;06 Cantabria;Vivienda segunda mano;Índice;2019T4;117,494
Nacional;06 Cantabria;Vivienda segunda mano;Índice;2019T3;116,857
Nacional;06 Cantabria;Vivienda segunda mano;Índice;2019T2;116,183
Nacional;06 Cantabria;Vivienda segunda mano;Índice;2019T1;115,636
Nacional;06 Cantabria;Vivienda segunda mano;Índice;2018T4;114,927
Nacional;06 Cantabria;Vivienda segunda mano;Índice;2018T3;114,097
Nacional;06 Cantabria;Vivienda segunda mano;Índice;2018T2;114,077
Nacional;06 Cantabria;Vivienda segunda mano;Índice;2018T1;110,367
Nacional;06 Cantabria;Vivienda segunda mano;Índice;2017T4;108,160
Nacional;06 Cantabria;Vivienda segunda mano;Índice;2017T3;107,692
Nacional;06 Cantabria;Vivienda segunda mano;Índice;2017T2;107,106
Nacional;06 Cantabria;Vivienda segunda mano;Índice;2017T1;103,847
Nacional;06 Cantabria;Vivienda segunda mano;Índice;2016T4;103,383
Nacional;06 Cantabria;Vivienda segunda mano;Índice;2016T3;102,381
Nacional;06 Cantabria;Vivienda segunda mano;Índice;2016T2;102,538
Nacional;06 Cantabria;Vivienda segunda mano;Índice;2016T1;100,476
Nacional;06 Cantabria;Vivienda segunda mano;Índice;2015T4;100,795
Nacional;06 Cantabria;Vivienda segunda mano;Índice;2015T3;102,096
Nacional;06 Cantabria;Vivienda segunda mano;Índice;2015T2;101,206
Nacional;06 Cantabria;Vivienda segunda mano;Índice;2015T1;95,904
Nacional;06 Cantabria;Vivienda segunda mano;Índice;2014T4;99,596
Nacional;06 Cantabria;Vivienda segunda mano;Índice;2014T3;97,723
Nacional;06 Cantabria;Vivienda segunda mano;Índice;2014T2;96,402
Nacional;06 Cantabria;Vivienda segunda mano;Índice;2014T1;96,465
Nacional;06 Cantabria;Vivienda segunda mano;Índice;2013T4;98,202
Nacional;06 Cantabria;Vivienda segunda mano;Índice;2013T3;97,666
Nacional;06 Cantabria;Vivienda segunda mano;Índice;2013T2;96,949
Nacional;06 Cantabria;Vivienda segunda mano;Índice;2013T1;96,266
Nacional;06 Cantabria;Vivienda segunda mano;Índice;2012T4;104,632
Nacional;06 Cantabria;Vivienda segunda mano;Índice;2012T3;105,971
Nacional;06 Cantabria;Vivienda segunda mano;Índice;2012T2;110,566
Nacional;06 Cantabria;Vivienda segunda mano;Índice;2012T1;114,924
Nacional;06 Cantabria;Vivienda segunda mano;Índice;2011T4;122,607
Nacional;06 Cantabria;Vivienda segunda mano;Índice;2011T3;124,426
Nacional;06 Cantabria;Vivienda segunda mano;Índice;2011T2;131,805
Nacional;06 Cantabria;Vivienda segunda mano;Índice;2011T1;134,097
Nacional;06 Cantabria;Vivienda segunda mano;Índice;2010T4;141,395
Nacional;06 Cantabria;Vivienda segunda mano;Índice;2010T3;141,026
Nacional;06 Cantabria;Vivienda segunda mano;Índice;2010T2;146,791
Nacional;06 Cantabria;Vivienda segunda mano;Índice;2010T1;145,256
Nacional;06 Cantabria;Vivienda segunda mano;Índice;2009T4;146,961
Nacional;06 Cantabria;Vivienda segunda mano;Índice;2009T3;146,169
Nacional;06 Cantabria;Vivienda segunda mano;Índice;2009T2;145,952
Nacional;06 Cantabria;Vivienda segunda mano;Índice;2009T1;146,641
Nacional;06 Cantabria;Vivienda segunda mano;Índice;2008T4;153,252
Nacional;06 Cantabria;Vivienda segunda mano;Índice;2008T3;158,530
Nacional;06 Cantabria;Vivienda segunda mano;Índice;2008T2;162,843
Nacional;06 Cantabria;Vivienda segunda mano;Índice;2008T1;166,894
Nacional;06 Cantabria;Vivienda segunda mano;Índice;2007T4;167,403
Nacional;06 Cantabria;Vivienda segunda mano;Índice;2007T3;169,237
Nacional;06 Cantabria;Vivienda segunda mano;Índice;2007T2;168,898
Nacional;06 Cantabria;Vivienda segunda mano;Índice;2007T1;164,358
Nacional;07 Castilla y León;Vivienda nueva;Índice;2025T2;184,360
Nacional;07 Castilla y León;Vivienda nueva;Índice;2025T1;179,715
Nacional;07 Castilla y León;Vivienda nueva;Índice;2024T4;169,777
Nacional;07 Castilla y León;Vivienda nueva;Índice;2024T3;163,873
Nacional;07 Castilla y León;Vivienda nueva;Índice;2024T2;162,147
Nacional;07 Castilla y León;Vivienda nueva;Índice;2024T1;160,275
Nacional;07 Castilla y León;Vivienda nueva;Índice;2023T4;153,264
Nacional;07 Castilla y León;Vivienda nueva;Índice;2023T3;154,734
Nacional;07 Castilla y León;Vivienda nueva;Índice;2023T2;153,751
Nacional;07 Castilla y León;Vivienda nueva;Índice;2023T1;150,398
Nacional;07 Castilla y León;Vivienda nueva;Índice;2022T4;146,342
Nacional;07 Castilla y León;Vivienda nueva;Índice;2022T3;142,332
Nacional;07 Castilla y León;Vivienda nueva;Índice;2022T2;141,187
Nacional;07 Castilla y León;Vivienda nueva;Índice;2022T1;140,370
Nacional;07 Castilla y León;Vivienda nueva;Índice;2021T4;137,652
Nacional;07 Castilla y León;Vivienda nueva;Índice;2021T3;136,618
Nacional;07 Castilla y León;Vivienda nueva;Índice;2021T2;131,865
Nacional;07 Castilla y León;Vivienda nueva;Índice;2021T1;128,779
Nacional;07 Castilla y León;Vivienda nueva;Índice;2020T4;130,229
Nacional;07 Castilla y León;Vivienda nueva;Índice;2020T3;132,352
Nacional;07 Castilla y León;Vivienda nueva;Índice;2020T2;126,722
Nacional;07 Castilla y León;Vivienda nueva;Índice;2020T1;125,389
Nacional;07 Castilla y León;Vivienda nueva;Índice;2019T4;124,933
Nacional;07 Castilla y León;Vivienda nueva;Índice;2019T3;121,223
Nacional;07 Castilla y León;Vivienda nueva;Índice;2019T2;122,571
Nacional;07 Castilla y León;Vivienda nueva;Índice;2019T1;118,837
Nacional;07 Castilla y León;Vivienda nueva;Índice;2018T4;113,930
Nacional;07 Castilla y León;Vivienda nueva;Índice;2018T3;114,366
Nacional;07 Castilla y León;Vivienda nueva;Índice;2018T2;111,563
Nacional;07 Castilla y León;Vivienda nueva;Índice;2018T1;109,817
Nacional;07 Castilla y León;Vivienda nueva;Índice;2017T4;104,982
Nacional;07 Castilla y León;Vivienda nueva;Índice;2017T3;104,284
Nacional;07 Castilla y León;Vivienda nueva;Índice;2017T2;105,022
Nacional;07 Castilla y León;Vivienda nueva;Índice;2017T1;104,923
Nacional;07 Castilla y León;Vivienda nueva;Índice;2016T4;102,185
Nacional;07 Castilla y León;Vivienda nueva;Índice;2016T3;103,637
Nacional;07 Castilla y León;Vivienda nueva;Índice;2016T2;104,878
Nacional;07 Castilla y León;Vivienda nueva;Índice;2016T1;100,963
Nacional;07 Castilla y León;Vivienda nueva;Índice;2015T4;100,678
Nacional;07 Castilla y León;Vivienda nueva;Índice;2015T3;98,817
Nacional;07 Castilla y León;Vivienda nueva;Índice;2015T2;100,121
Nacional;07 Castilla y León;Vivienda nueva;Índice;2015T1;100,384
Nacional;07 Castilla y León;Vivienda nueva;Índice;2014T4;98,369
Nacional;07 Castilla y León;Vivienda nueva;Índice;2014T3;97,053
Nacional;07 Castilla y León;Vivienda nueva;Índice;2014T2;97,908
Nacional;07 Castilla y León;Vivienda nueva;Índice;2014T1;96,134
Nacional;07 Castilla y León;Vivienda nueva;Índice;2013T4;96,432
Nacional;07 Castilla y León;Vivienda nueva;Índice;2013T3;101,249
Nacional;07 Castilla y León;Vivienda nueva;Índice;2013T2;101,037
Nacional;07 Castilla y León;Vivienda nueva;Índice;2013T1;104,811
Nacional;07 Castilla y León;Vivienda nueva;Índice;2012T4;113,771
Nacional;07 Castilla y León;Vivienda nueva;Índice;2012T3;114,782
Nacional;07 Castilla y León;Vivienda nueva;Índice;2012T2;118,687
Nacional;07 Castilla y León;Vivienda nueva;Índice;2012T1;123,622
Nacional;07 Castilla y León;Vivienda nueva;Índice;2011T4;127,713
Nacional;07 Castilla y León;Vivienda nueva;Índice;2011T3;134,165
Nacional;07 Castilla y León;Vivienda nueva;Índice;2011T2;135,227
Nacional;07 Castilla y León;Vivienda nueva;Índice;2011T1;135,456
Nacional;07 Castilla y León;Vivienda nueva;Índice;2010T4;138,797
Nacional;07 Castilla y León;Vivienda nueva;Índice;2010T3;137,782
Nacional;07 Castilla y León;Vivienda nueva;Índice;2010T2;141,833
Nacional;07 Castilla y León;Vivienda nueva;Índice;2010T1;137,981
Nacional;07 Castilla y León;Vivienda nueva;Índice;2009T4;140,867
Nacional;07 Castilla y León;Vivienda nueva;Índice;2009T3;143,417
Nacional;07 Castilla y León;Vivienda nueva;Índice;2009T2;144,850
Nacional;07 Castilla y León;Vivienda nueva;Índice;2009T1;145,659
Nacional;07 Castilla y León;Vivienda nueva;Índice;2008T4;144,480
Nacional;07 Castilla y León;Vivienda nueva;Índice;2008T3;145,076
Nacional;07 Castilla y León;Vivienda nueva;Índice;2008T2;144,543
Nacional;07 Castilla y León;Vivienda nueva;Índice;2008T1;143,945
Nacional;07 Castilla y León;Vivienda nueva;Índice;2007T4;142,846
Nacional;07 Castilla y León;Vivienda nueva;Índice;2007T3;138,029
Nacional;07 Castilla y León;Vivienda nueva;Índice;2007T2;134,046
Nacional;07 Castilla y León;Vivienda nueva;Índice;2007T1;131,272
Nacional;07 Castilla y León;Vivienda segunda mano;Índice;2025T2;153,707
Nacional;07 Castilla y León;Vivienda segunda mano;Índice;2025T1;146,678
Nacional;07 Castilla y León;Vivienda segunda mano;Índice;2024T4;140,977
Nacional;07 Castilla y León;Vivienda segunda mano;Índice;2024T3;138,645
Nacional;07 Castilla y León;Vivienda segunda mano;Índice;2024T2;135,376
Nacional;07 Castilla y León;Vivienda segunda mano;Índice;2024T1;130,353
Nacional;07 Castilla y León;Vivienda segunda mano;Índice;2023T4;127,558
Nacional;07 Castilla y León;Vivienda segunda mano;Índice;2023T3;127,847
Nacional;07 Castilla y León;Vivienda segunda mano;Índice;2023T2;126,320
Nacional;07 Castilla y León;Vivienda segunda mano;Índice;2023T1;123,292
Nacional;07 Castilla y León;Vivienda segunda mano;Índice;2022T4;123,577
Nacional;07 Castilla y León;Vivienda segunda mano;Índice;2022T3;126,226
Nacional;07 Castilla y León;Vivienda segunda mano;Índice;2022T2;124,212
Nacional;07 Castilla y León;Vivienda segunda mano;Índice;2022T1;121,348
Nacional;07 Castilla y León;Vivienda segunda mano;Índice;2021T4;119,239
Nacional;07 Castilla y León;Vivienda segunda mano;Índice;2021T3;117,964
Nacional;07 Castilla y León;Vivienda segunda mano;Índice;2021T2;116,823
Nacional;07 Castilla y León;Vivienda segunda mano;Índice;2021T1;113,469
Nacional;07 Castilla y León;Vivienda segunda mano;Índice;2020T4;113,209
Nacional;07 Castilla y León;Vivienda segunda mano;Índice;2020T3;113,032
Nacional;07 Castilla y León;Vivienda segunda mano;Índice;2020T2;114,037
Nacional;07 Castilla y León;Vivienda segunda mano;Índice;2020T1;111,339
Nacional;07 Castilla y León;Vivienda segunda mano;Índice;2019T4;112,178
Nacional;07 Castilla y León;Vivienda segunda mano;Índice;2019T3;111,590
Nacional;07 Castilla y León;Vivienda segunda mano;Índice;2019T2;110,823
Nacional;07 Castilla y León;Vivienda segunda mano;Índice;2019T1;108,540
Nacional;07 Castilla y León;Vivienda segunda mano;Índice;2018T4;107,454
Nacional;07 Castilla y León;Vivienda segunda mano;Índice;2018T3;107,486
Nacional;07 Castilla y León;Vivienda segunda mano;Índice;2018T2;105,802
Nacional;07 Castilla y León;Vivienda segunda mano;Índice;2018T1;103,837
Nacional;07 Castilla y León;Vivienda segunda mano;Índice;2017T4;103,070
Nacional;07 Castilla y León;Vivienda segunda mano;Índice;2017T3;102,178
Nacional;07 Castilla y León;Vivienda segunda mano;Índice;2017T2;102,251
Nacional;07 Castilla y León;Vivienda segunda mano;Índice;2017T1;101,917
Nacional;07 Castilla y León;Vivienda segunda mano;Índice;2016T4;100,830
Nacional;07 Castilla y León;Vivienda segunda mano;Índice;2016T3;100,988
Nacional;07 Castilla y León;Vivienda segunda mano;Índice;2016T2;100,854
Nacional;07 Castilla y León;Vivienda segunda mano;Índice;2016T1;100,100
Nacional;07 Castilla y León;Vivienda segunda mano;Índice;2015T4;100,193
Nacional;07 Castilla y León;Vivienda segunda mano;Índice;2015T3;100,540
Nacional;07 Castilla y León;Vivienda segunda mano;Índice;2015T2;101,132
Nacional;07 Castilla y León;Vivienda segunda mano;Índice;2015T1;98,135
Nacional;07 Castilla y León;Vivienda segunda mano;Índice;2014T4;99,564
Nacional;07 Castilla y León;Vivienda segunda mano;Índice;2014T3;98,834
Nacional;07 Castilla y León;Vivienda segunda mano;Índice;2014T2;99,893
Nacional;07 Castilla y León;Vivienda segunda mano;Índice;2014T1;98,064
Nacional;07 Castilla y León;Vivienda segunda mano;Índice;2013T4;99,002
Nacional;07 Castilla y León;Vivienda segunda mano;Índice;2013T3;100,575
Nacional;07 Castilla y León;Vivienda segunda mano;Índice;2013T2;100,908
Nacional;07 Castilla y León;Vivienda segunda mano;Índice;2013T1;101,960
Nacional;07 Castilla y León;Vivienda segunda mano;Índice;2012T4;112,488
Nacional;07 Castilla y León;Vivienda segunda mano;Índice;2012T3;113,654
Nacional;07 Castilla y León;Vivienda segunda mano;Índice;2012T2;118,612
Nacional;07 Castilla y León;Vivienda segunda mano;Índice;2012T1;123,972
Nacional;07 Castilla y León;Vivienda segunda mano;Índice;2011T4;130,678
Nacional;07 Castilla y León;Vivienda segunda mano;Índice;2011T3;137,809
Nacional;07 Castilla y León;Vivienda segunda mano;Índice;2011T2;141,822
Nacional;07 Castilla y León;Vivienda segunda mano;Índice;2011T1;142,240
Nacional;07 Castilla y León;Vivienda segunda mano;Índice;2010T4;152,604
Nacional;07 Castilla y León;Vivienda segunda mano;Índice;2010T3;149,861
Nacional;07 Castilla y León;Vivienda segunda mano;Índice;2010T2;154,272
Nacional;07 Castilla y León;Vivienda segunda mano;Índice;2010T1;151,408
Nacional;07 Castilla y León;Vivienda segunda mano;Índice;2009T4;154,252
Nacional;07 Castilla y León;Vivienda segunda mano;Índice;2009T3;154,035
Nacional;07 Castilla y León;Vivienda segunda mano;Índice;2009T2;156,515
Nacional;07 Castilla y León;Vivienda segunda mano;Índice;2009T1;154,411
Nacional;07 Castilla y León;Vivienda segunda mano;Índice;2008T4;158,347
Nacional;07 Castilla y León;Vivienda segunda mano;Índice;2008T3;162,064
Nacional;07 Castilla y León;Vivienda segunda mano;Índice;2008T2;167,738
Nacional;07 Castilla y León;Vivienda segunda mano;Índice;2008T1;172,848
Nacional;07 Castilla y León;Vivienda segunda mano;Índice;2007T4;172,244
Nacional;07 Castilla y León;Vivienda segunda mano;Índice;2007T3;173,654
Nacional;07 Castilla y León;Vivienda segunda mano;Índice;2007T2;171,704
Nacional;07 Castilla y León;Vivienda segunda mano;Índice;2007T1;165,976
Nacional;08 Castilla - La Mancha;Vivienda nueva;Índice;2025T2;172,388
Nacional;08 Castilla - La Mancha;Vivienda nueva;Índice;2025T1;168,609
Nacional;08 Castilla - La Mancha;Vivienda nueva;Índice;2024T4;160,632
Nacional;08 Castilla - La Mancha;Vivienda nueva;Índice;2024T3;153,524
Nacional;08 Castilla - La Mancha;Vivienda nueva;Índice;2024T2;152,486
Nacional;08 Castilla - La Mancha;Vivienda nueva;Índice;2024T1;150,868
Nacional;08 Castilla - La Mancha;Vivienda nueva;Índice;2023T4;146,467
Nacional;08 Castilla - La Mancha;Vivienda nueva;Índice;2023T3;143,368
Nacional;08 Castilla - La Mancha;Vivienda nueva;Índice;2023T2;146,377
Nacional;08 Castilla - La Mancha;Vivienda nueva;Índice;2023T1;142,266
Nacional;08 Castilla - La Mancha;Vivienda nueva;Índice;2022T4;142,065
Nacional;08 Castilla - La Mancha;Vivienda nueva;Índice;2022T3;137,312
Nacional;08 Castilla - La Mancha;Vivienda nueva;Índice;2022T2;137,162
Nacional;08 Castilla - La Mancha;Vivienda nueva;Índice;2022T1;136,259
Nacional;08 Castilla - La Mancha;Vivienda nueva;Índice;2021T4;133,327
Nacional;08 Castilla - La Mancha;Vivienda nueva;Índice;2021T3;131,663
Nacional;08 Castilla - La Mancha;Vivienda nueva;Índice;2021T2;129,535
Nacional;08 Castilla - La Mancha;Vivienda nueva;Índice;2021T1;125,520
Nacional;08 Castilla - La Mancha;Vivienda nueva;Índice;2020T4;127,011
Nacional;08 Castilla - La Mancha;Vivienda nueva;Índice;2020T3;131,019
Nacional;08 Castilla - La Mancha;Vivienda nueva;Índice;2020T2;127,386
Nacional;08 Castilla - La Mancha;Vivienda nueva;Índice;2020T1;128,217
Nacional;08 Castilla - La Mancha;Vivienda nueva;Índice;2019T4;127,790
Nacional;08 Castilla - La Mancha;Vivienda nueva;Índice;2019T3;126,172
Nacional;08 Castilla - La Mancha;Vivienda nueva;Índice;2019T2;125,311
Nacional;08 Castilla - La Mancha;Vivienda nueva;Índice;2019T1;124,200
Nacional;08 Castilla - La Mancha;Vivienda nueva;Índice;2018T4;116,361
Nacional;08 Castilla - La Mancha;Vivienda nueva;Índice;2018T3;116,253
Nacional;08 Castilla - La Mancha;Vivienda nueva;Índice;2018T2;112,325
Nacional;08 Castilla - La Mancha;Vivienda nueva;Índice;2018T1;111,411
Nacional;08 Castilla - La Mancha;Vivienda nueva;Índice;2017T4;105,674
Nacional;08 Castilla - La Mancha;Vivienda nueva;Índice;2017T3;106,805
Nacional;08 Castilla - La Mancha;Vivienda nueva;Índice;2017T2;107,503
Nacional;08 Castilla - La Mancha;Vivienda nueva;Índice;2017T1;107,164
Nacional;08 Castilla - La Mancha;Vivienda nueva;Índice;2016T4;104,002
Nacional;08 Castilla - La Mancha;Vivienda nueva;Índice;2016T3;107,183
Nacional;08 Castilla - La Mancha;Vivienda nueva;Índice;2016T2;107,504
Nacional;08 Castilla - La Mancha;Vivienda nueva;Índice;2016T1;101,825
Nacional;08 Castilla - La Mancha;Vivienda nueva;Índice;2015T4;101,661
Nacional;08 Castilla - La Mancha;Vivienda nueva;Índice;2015T3;100,636
Nacional;08 Castilla - La Mancha;Vivienda nueva;Índice;2015T2;99,915
Nacional;08 Castilla - La Mancha;Vivienda nueva;Índice;2015T1;97,788
Nacional;08 Castilla - La Mancha;Vivienda nueva;Índice;2014T4;95,713
Nacional;08 Castilla - La Mancha;Vivienda nueva;Índice;2014T3;95,743
Nacional;08 Castilla - La Mancha;Vivienda nueva;Índice;2014T2;95,881
Nacional;08 Castilla - La Mancha;Vivienda nueva;Índice;2014T1;95,181
Nacional;08 Castilla - La Mancha;Vivienda nueva;Índice;2013T4;96,549
Nacional;08 Castilla - La Mancha;Vivienda nueva;Índice;2013T3;100,455
Nacional;08 Castilla - La Mancha;Vivienda nueva;Índice;2013T2;100,477
Nacional;08 Castilla - La Mancha;Vivienda nueva;Índice;2013T1;104,529
Nacional;08 Castilla - La Mancha;Vivienda nueva;Índice;2012T4;116,581
Nacional;08 Castilla - La Mancha;Vivienda nueva;Índice;2012T3;118,070
Nacional;08 Castilla - La Mancha;Vivienda nueva;Índice;2012T2;122,065
Nacional;08 Castilla - La Mancha;Vivienda nueva;Índice;2012T1;125,406
Nacional;08 Castilla - La Mancha;Vivienda nueva;Índice;2011T4;131,702
Nacional;08 Castilla - La Mancha;Vivienda nueva;Índice;2011T3;135,077
Nacional;08 Castilla - La Mancha;Vivienda nueva;Índice;2011T2;136,565
Nacional;08 Castilla - La Mancha;Vivienda nueva;Índice;2011T1;137,433
Nacional;08 Castilla - La Mancha;Vivienda nueva;Índice;2010T4;141,628
Nacional;08 Castilla - La Mancha;Vivienda nueva;Índice;2010T3;140,475
Nacional;08 Castilla - La Mancha;Vivienda nueva;Índice;2010T2;146,015
Nacional;08 Castilla - La Mancha;Vivienda nueva;Índice;2010T1;142,721
Nacional;08 Castilla - La Mancha;Vivienda nueva;Índice;2009T4;143,286
Nacional;08 Castilla - La Mancha;Vivienda nueva;Índice;2009T3;144,791
Nacional;08 Castilla - La Mancha;Vivienda nueva;Índice;2009T2;145,640
Nacional;08 Castilla - La Mancha;Vivienda nueva;Índice;2009T1;146,901
Nacional;08 Castilla - La Mancha;Vivienda nueva;Índice;2008T4;146,639
Nacional;08 Castilla - La Mancha;Vivienda nueva;Índice;2008T3;149,280
Nacional;08 Castilla - La Mancha;Vivienda nueva;Índice;2008T2;147,983
Nacional;08 Castilla - La Mancha;Vivienda nueva;Índice;2008T1;145,164
Nacional;08 Castilla - La Mancha;Vivienda nueva;Índice;2007T4;144,958
Nacional;08 Castilla - La Mancha;Vivienda nueva;Índice;2007T3;141,781
Nacional;08 Castilla - La Mancha;Vivienda nueva;Índice;2007T2;138,842
Nacional;08 Castilla - La Mancha;Vivienda nueva;Índice;2007T1;136,182
Nacional;08 Castilla - La Mancha;Vivienda segunda mano;Índice;2025T2;136,262
Nacional;08 Castilla - La Mancha;Vivienda segunda mano;Índice;2025T1;130,495
Nacional;08 Castilla - La Mancha;Vivienda segunda mano;Índice;2024T4;126,298
Nacional;08 Castilla - La Mancha;Vivienda segunda mano;Índice;2024T3;125,668
Nacional;08 Castilla - La Mancha;Vivienda segunda mano;Índice;2024T2;122,775
Nacional;08 Castilla - La Mancha;Vivienda segunda mano;Índice;2024T1;118,494
Nacional;08 Castilla - La Mancha;Vivienda segunda mano;Índice;2023T4;116,412
Nacional;08 Castilla - La Mancha;Vivienda segunda mano;Índice;2023T3;117,521
Nacional;08 Castilla - La Mancha;Vivienda segunda mano;Índice;2023T2;116,396
Nacional;08 Castilla - La Mancha;Vivienda segunda mano;Índice;2023T1;113,148
Nacional;08 Castilla - La Mancha;Vivienda segunda mano;Índice;2022T4;114,214
Nacional;08 Castilla - La Mancha;Vivienda segunda mano;Índice;2022T3;117,158
Nacional;08 Castilla - La Mancha;Vivienda segunda mano;Índice;2022T2;115,121
Nacional;08 Castilla - La Mancha;Vivienda segunda mano;Índice;2022T1;111,904
Nacional;08 Castilla - La Mancha;Vivienda segunda mano;Índice;2021T4;110,319
Nacional;08 Castilla - La Mancha;Vivienda segunda mano;Índice;2021T3;109,467
Nacional;08 Castilla - La Mancha;Vivienda segunda mano;Índice;2021T2;108,535
Nacional;08 Castilla - La Mancha;Vivienda segunda mano;Índice;2021T1;104,727
Nacional;08 Castilla - La Mancha;Vivienda segunda mano;Índice;2020T4;106,271
Nacional;08 Castilla - La Mancha;Vivienda segunda mano;Índice;2020T3;105,805
Nacional;08 Castilla - La Mancha;Vivienda segunda mano;Índice;2020T2;105,882
Nacional;08 Castilla - La Mancha;Vivienda segunda mano;Índice;2020T1;103,977
Nacional;08 Castilla - La Mancha;Vivienda segunda mano;Índice;2019T4;104,674
Nacional;08 Castilla - La Mancha;Vivienda segunda mano;Índice;2019T3;104,840
Nacional;08 Castilla - La Mancha;Vivienda segunda mano;Índice;2019T2;104,304
Nacional;08 Castilla - La Mancha;Vivienda segunda mano;Índice;2019T1;103,348
Nacional;08 Castilla - La Mancha;Vivienda segunda mano;Índice;2018T4;102,840
Nacional;08 Castilla - La Mancha;Vivienda segunda mano;Índice;2018T3;102,678
Nacional;08 Castilla - La Mancha;Vivienda segunda mano;Índice;2018T2;101,737
Nacional;08 Castilla - La Mancha;Vivienda segunda mano;Índice;2018T1;100,534
Nacional;08 Castilla - La Mancha;Vivienda segunda mano;Índice;2017T4;99,810
Nacional;08 Castilla - La Mancha;Vivienda segunda mano;Índice;2017T3;100,446
Nacional;08 Castilla - La Mancha;Vivienda segunda mano;Índice;2017T2;100,770
Nacional;08 Castilla - La Mancha;Vivienda segunda mano;Índice;2017T1;100,426
Nacional;08 Castilla - La Mancha;Vivienda segunda mano;Índice;2016T4;99,614
Nacional;08 Castilla - La Mancha;Vivienda segunda mano;Índice;2016T3;100,041
Nacional;08 Castilla - La Mancha;Vivienda segunda mano;Índice;2016T2;99,700
Nacional;08 Castilla - La Mancha;Vivienda segunda mano;Índice;2016T1;99,628
Nacional;08 Castilla - La Mancha;Vivienda segunda mano;Índice;2015T4;100,180
Nacional;08 Castilla - La Mancha;Vivienda segunda mano;Índice;2015T3;100,069
Nacional;08 Castilla - La Mancha;Vivienda segunda mano;Índice;2015T2;100,893
Nacional;08 Castilla - La Mancha;Vivienda segunda mano;Índice;2015T1;98,858
Nacional;08 Castilla - La Mancha;Vivienda segunda mano;Índice;2014T4;99,122
Nacional;08 Castilla - La Mancha;Vivienda segunda mano;Índice;2014T3;97,700
Nacional;08 Castilla - La Mancha;Vivienda segunda mano;Índice;2014T2;99,663
Nacional;08 Castilla - La Mancha;Vivienda segunda mano;Índice;2014T1;97,333
Nacional;08 Castilla - La Mancha;Vivienda segunda mano;Índice;2013T4;98,402
Nacional;08 Castilla - La Mancha;Vivienda segunda mano;Índice;2013T3;99,882
Nacional;08 Castilla - La Mancha;Vivienda segunda mano;Índice;2013T2;99,797
Nacional;08 Castilla - La Mancha;Vivienda segunda mano;Índice;2013T1;101,334
Nacional;08 Castilla - La Mancha;Vivienda segunda mano;Índice;2012T4;113,372
Nacional;08 Castilla - La Mancha;Vivienda segunda mano;Índice;2012T3;111,494
Nacional;08 Castilla - La Mancha;Vivienda segunda mano;Índice;2012T2;116,560
Nacional;08 Castilla - La Mancha;Vivienda segunda mano;Índice;2012T1;120,676
Nacional;08 Castilla - La Mancha;Vivienda segunda mano;Índice;2011T4;126,972
Nacional;08 Castilla - La Mancha;Vivienda segunda mano;Índice;2011T3;133,061
Nacional;08 Castilla - La Mancha;Vivienda segunda mano;Índice;2011T2;135,177
Nacional;08 Castilla - La Mancha;Vivienda segunda mano;Índice;2011T1;137,852
Nacional;08 Castilla - La Mancha;Vivienda segunda mano;Índice;2010T4;146,786
Nacional;08 Castilla - La Mancha;Vivienda segunda mano;Índice;2010T3;145,321
Nacional;08 Castilla - La Mancha;Vivienda segunda mano;Índice;2010T2;148,929
Nacional;08 Castilla - La Mancha;Vivienda segunda mano;Índice;2010T1;146,598
Nacional;08 Castilla - La Mancha;Vivienda segunda mano;Índice;2009T4;146,470
Nacional;08 Castilla - La Mancha;Vivienda segunda mano;Índice;2009T3;146,187
Nacional;08 Castilla - La Mancha;Vivienda segunda mano;Índice;2009T2;147,542
Nacional;08 Castilla - La Mancha;Vivienda segunda mano;Índice;2009T1;144,551
Nacional;08 Castilla - La Mancha;Vivienda segunda mano;Índice;2008T4;148,864
Nacional;08 Castilla - La Mancha;Vivienda segunda mano;Índice;2008T3;154,946
Nacional;08 Castilla - La Mancha;Vivienda segunda mano;Índice;2008T2;159,304
Nacional;08 Castilla - La Mancha;Vivienda segunda mano;Índice;2008T1;160,686
Nacional;08 Castilla - La Mancha;Vivienda segunda mano;Índice;2007T4;159,748
Nacional;08 Castilla - La Mancha;Vivienda segunda mano;Índice;2007T3;164,699
Nacional;08 Castilla - La Mancha;Vivienda segunda mano;Índice;2007T2;162,845
Nacional;08 Castilla - La Mancha;Vivienda segunda mano;Índice;2007T1;157,404
Nacional;09 Cataluña;Vivienda nueva;Índice;2025T2;215,637
Nacional;09 Cataluña;Vivienda nueva;Índice;2025T1;213,145
Nacional;09 Cataluña;Vivienda nueva;Índice;2024T4;199,354
Nacional;09 Cataluña;Vivienda nueva;Índice;2024T3;200,203
Nacional;09 Cataluña;Vivienda nueva;Índice;2024T2;193,624
Nacional;09 Cataluña;Vivienda nueva;Índice;2024T1;190,301
Nacional;09 Cataluña;Vivienda nueva;Índice;2023T4;181,233
Nacional;09 Cataluña;Vivienda nueva;Índice;2023T3;182,398
Nacional;09 Cataluña;Vivienda nueva;Índice;2023T2;176,747
Nacional;09 Cataluña;Vivienda nueva;Índice;2023T1;174,425
Nacional;09 Cataluña;Vivienda nueva;Índice;2022T4;167,994
Nacional;09 Cataluña;Vivienda nueva;Índice;2022T3;165,509
Nacional;09 Cataluña;Vivienda nueva;Índice;2022T2;163,891
Nacional;09 Cataluña;Vivienda nueva;Índice;2022T1;162,982
Nacional;09 Cataluña;Vivienda nueva;Índice;2021T4;158,624
Nacional;09 Cataluña;Vivienda nueva;Índice;2021T3;153,136
Nacional;09 Cataluña;Vivienda nueva;Índice;2021T2;152,409
Nacional;09 Cataluña;Vivienda nueva;Índice;2021T1;149,613
Nacional;09 Cataluña;Vivienda nueva;Índice;2020T4;151,748
Nacional;09 Cataluña;Vivienda nueva;Índice;2020T3;150,374
Nacional;09 Cataluña;Vivienda nueva;Índice;2020T2;143,046
Nacional;09 Cataluña;Vivienda nueva;Índice;2020T1;145,680
Nacional;09 Cataluña;Vivienda nueva;Índice;2019T4;137,426
Nacional;09 Cataluña;Vivienda nueva;Índice;2019T3;137,372
Nacional;09 Cataluña;Vivienda nueva;Índice;2019T2;133,465
Nacional;09 Cataluña;Vivienda nueva;Índice;2019T1;135,929
Nacional;09 Cataluña;Vivienda nueva;Índice;2018T4;131,023
Nacional;09 Cataluña;Vivienda nueva;Índice;2018T3;128,878
Nacional;09 Cataluña;Vivienda nueva;Índice;2018T2;127,252
Nacional;09 Cataluña;Vivienda nueva;Índice;2018T1;121,523
Nacional;09 Cataluña;Vivienda nueva;Índice;2017T4;119,185
Nacional;09 Cataluña;Vivienda nueva;Índice;2017T3;119,680
Nacional;09 Cataluña;Vivienda nueva;Índice;2017T2;116,976
Nacional;09 Cataluña;Vivienda nueva;Índice;2017T1;112,595
Nacional;09 Cataluña;Vivienda nueva;Índice;2016T4;108,294
Nacional;09 Cataluña;Vivienda nueva;Índice;2016T3;110,368
Nacional;09 Cataluña;Vivienda nueva;Índice;2016T2;108,531
Nacional;09 Cataluña;Vivienda nueva;Índice;2016T1;104,474
Nacional;09 Cataluña;Vivienda nueva;Índice;2015T4;102,820
Nacional;09 Cataluña;Vivienda nueva;Índice;2015T3;102,077
Nacional;09 Cataluña;Vivienda nueva;Índice;2015T2;98,605
Nacional;09 Cataluña;Vivienda nueva;Índice;2015T1;96,498
Nacional;09 Cataluña;Vivienda nueva;Índice;2014T4;94,599
Nacional;09 Cataluña;Vivienda nueva;Índice;2014T3;96,154
Nacional;09 Cataluña;Vivienda nueva;Índice;2014T2;93,777
Nacional;09 Cataluña;Vivienda nueva;Índice;2014T1;91,715
Nacional;09 Cataluña;Vivienda nueva;Índice;2013T4;92,372
Nacional;09 Cataluña;Vivienda nueva;Índice;2013T3;91,229
Nacional;09 Cataluña;Vivienda nueva;Índice;2013T2;86,286
Nacional;09 Cataluña;Vivienda nueva;Índice;2013T1;89,603
Nacional;09 Cataluña;Vivienda nueva;Índice;2012T4;97,521
Nacional;09 Cataluña;Vivienda nueva;Índice;2012T3;97,878
Nacional;09 Cataluña;Vivienda nueva;Índice;2012T2;101,683
Nacional;09 Cataluña;Vivienda nueva;Índice;2012T1;103,048
Nacional;09 Cataluña;Vivienda nueva;Índice;2011T4;110,235
Nacional;09 Cataluña;Vivienda nueva;Índice;2011T3;117,938
Nacional;09 Cataluña;Vivienda nueva;Índice;2011T2;121,621
Nacional;09 Cataluña;Vivienda nueva;Índice;2011T1;125,605
Nacional;09 Cataluña;Vivienda nueva;Índice;2010T4;127,204
Nacional;09 Cataluña;Vivienda nueva;Índice;2010T3;127,451
Nacional;09 Cataluña;Vivienda nueva;Índice;2010T2;129,058
Nacional;09 Cataluña;Vivienda nueva;Índice;2010T1;128,440
Nacional;09 Cataluña;Vivienda nueva;Índice;2009T4;130,266
Nacional;09 Cataluña;Vivienda nueva;Índice;2009T3;130,840
Nacional;09 Cataluña;Vivienda nueva;Índice;2009T2;134,897
Nacional;09 Cataluña;Vivienda nueva;Índice;2009T1;135,874
Nacional;09 Cataluña;Vivienda nueva;Índice;2008T4;145,389
Nacional;09 Cataluña;Vivienda nueva;Índice;2008T3;147,560
Nacional;09 Cataluña;Vivienda nueva;Índice;2008T2;149,895
Nacional;09 Cataluña;Vivienda nueva;Índice;2008T1;148,072
Nacional;09 Cataluña;Vivienda nueva;Índice;2007T4;147,761
Nacional;09 Cataluña;Vivienda nueva;Índice;2007T3;148,170
Nacional;09 Cataluña;Vivienda nueva;Índice;2007T2;147,894
Nacional;09 Cataluña;Vivienda nueva;Índice;2007T1;141,831
Nacional;09 Cataluña;Vivienda segunda mano;Índice;2025T2;182,879
Nacional;09 Cataluña;Vivienda segunda mano;Índice;2025T1;177,714
Nacional;09 Cataluña;Vivienda segunda mano;Índice;2024T4;171,981
Nacional;09 Cataluña;Vivienda segunda mano;Índice;2024T3;168,328
Nacional;09 Cataluña;Vivienda segunda mano;Índice;2024T2;163,859
Nacional;09 Cataluña;Vivienda segunda mano;Índice;2024T1;159,252
Nacional;09 Cataluña;Vivienda segunda mano;Índice;2023T4;155,698
Nacional;09 Cataluña;Vivienda segunda mano;Índice;2023T3;158,177
Nacional;09 Cataluña;Vivienda segunda mano;Índice;2023T2;154,071
Nacional;09 Cataluña;Vivienda segunda mano;Índice;2023T1;151,348
Nacional;09 Cataluña;Vivienda segunda mano;Índice;2022T4;151,104
Nacional;09 Cataluña;Vivienda segunda mano;Índice;2022T3;153,550
Nacional;09 Cataluña;Vivienda segunda mano;Índice;2022T2;150,106
Nacional;09 Cataluña;Vivienda segunda mano;Índice;2022T1;146,818
Nacional;09 Cataluña;Vivienda segunda mano;Índice;2021T4;143,362
Nacional;09 Cataluña;Vivienda segunda mano;Índice;2021T3;142,013
Nacional;09 Cataluña;Vivienda segunda mano;Índice;2021T2;140,067
Nacional;09 Cataluña;Vivienda segunda mano;Índice;2021T1;136,518
Nacional;09 Cataluña;Vivienda segunda mano;Índice;2020T4;134,885
Nacional;09 Cataluña;Vivienda segunda mano;Índice;2020T3;137,171
Nacional;09 Cataluña;Vivienda segunda mano;Índice;2020T2;136,067
Nacional;09 Cataluña;Vivienda segunda mano;Índice;2020T1;135,042
Nacional;09 Cataluña;Vivienda segunda mano;Índice;2019T4;134,915
Nacional;09 Cataluña;Vivienda segunda mano;Índice;2019T3;135,933
Nacional;09 Cataluña;Vivienda segunda mano;Índice;2019T2;133,624
Nacional;09 Cataluña;Vivienda segunda mano;Índice;2019T1;131,468
Nacional;09 Cataluña;Vivienda segunda mano;Índice;2018T4;130,700
Nacional;09 Cataluña;Vivienda segunda mano;Índice;2018T3;130,076
Nacional;09 Cataluña;Vivienda segunda mano;Índice;2018T2;127,000
Nacional;09 Cataluña;Vivienda segunda mano;Índice;2018T1;122,614
Nacional;09 Cataluña;Vivienda segunda mano;Índice;2017T4;121,016
Nacional;09 Cataluña;Vivienda segunda mano;Índice;2017T3;119,130
Nacional;09 Cataluña;Vivienda segunda mano;Índice;2017T2;116,101
Nacional;09 Cataluña;Vivienda segunda mano;Índice;2017T1;112,878
Nacional;09 Cataluña;Vivienda segunda mano;Índice;2016T4;109,796
Nacional;09 Cataluña;Vivienda segunda mano;Índice;2016T3;108,180
Nacional;09 Cataluña;Vivienda segunda mano;Índice;2016T2;106,063
Nacional;09 Cataluña;Vivienda segunda mano;Índice;2016T1;103,663
Nacional;09 Cataluña;Vivienda segunda mano;Índice;2015T4;101,987
Nacional;09 Cataluña;Vivienda segunda mano;Índice;2015T3;101,597
Nacional;09 Cataluña;Vivienda segunda mano;Índice;2015T2;100,968
Nacional;09 Cataluña;Vivienda segunda mano;Índice;2015T1;95,448
Nacional;09 Cataluña;Vivienda segunda mano;Índice;2014T4;96,615
Nacional;09 Cataluña;Vivienda segunda mano;Índice;2014T3;95,758
Nacional;09 Cataluña;Vivienda segunda mano;Índice;2014T2;95,699
Nacional;09 Cataluña;Vivienda segunda mano;Índice;2014T1;94,065
Nacional;09 Cataluña;Vivienda segunda mano;Índice;2013T4;94,537
Nacional;09 Cataluña;Vivienda segunda mano;Índice;2013T3;95,345
Nacional;09 Cataluña;Vivienda segunda mano;Índice;2013T2;95,648
Nacional;09 Cataluña;Vivienda segunda mano;Índice;2013T1;95,096
Nacional;09 Cataluña;Vivienda segunda mano;Índice;2012T4;102,345
Nacional;09 Cataluña;Vivienda segunda mano;Índice;2012T3;104,239
Nacional;09 Cataluña;Vivienda segunda mano;Índice;2012T2;110,316
Nacional;09 Cataluña;Vivienda segunda mano;Índice;2012T1;115,633
Nacional;09 Cataluña;Vivienda segunda mano;Índice;2011T4;120,886
Nacional;09 Cataluña;Vivienda segunda mano;Índice;2011T3;126,213
Nacional;09 Cataluña;Vivienda segunda mano;Índice;2011T2;132,172
Nacional;09 Cataluña;Vivienda segunda mano;Índice;2011T1;133,869
Nacional;09 Cataluña;Vivienda segunda mano;Índice;2010T4;141,822
Nacional;09 Cataluña;Vivienda segunda mano;Índice;2010T3;142,956
Nacional;09 Cataluña;Vivienda segunda mano;Índice;2010T2;145,930
Nacional;09 Cataluña;Vivienda segunda mano;Índice;2010T1;143,961
Nacional;09 Cataluña;Vivienda segunda mano;Índice;2009T4;146,187
Nacional;09 Cataluña;Vivienda segunda mano;Índice;2009T3;146,013
Nacional;09 Cataluña;Vivienda segunda mano;Índice;2009T2;146,729
Nacional;09 Cataluña;Vivienda segunda mano;Índice;2009T1;147,609
Nacional;09 Cataluña;Vivienda segunda mano;Índice;2008T4;153,700
Nacional;09 Cataluña;Vivienda segunda mano;Índice;2008T3;163,938
Nacional;09 Cataluña;Vivienda segunda mano;Índice;2008T2;172,405
Nacional;09 Cataluña;Vivienda segunda mano;Índice;2008T1;176,595
Nacional;09 Cataluña;Vivienda segunda mano;Índice;2007T4;179,895
Nacional;09 Cataluña;Vivienda segunda mano;Índice;2007T3;186,422
Nacional;09 Cataluña;Vivienda segunda mano;Índice;2007T2;188,098
Nacional;09 Cataluña;Vivienda segunda mano;Índice;2007T1;183,647
Nacional;10 Comunitat Valenciana;Vivienda nueva;Índice;2025T2;190,827
Nacional;10 Comunitat Valenciana;Vivienda nueva;Índice;2025T1;185,781
Nacional;10 Comunitat Valenciana;Vivienda nueva;Índice;2024T4;181,877
Nacional;10 Comunitat Valenciana;Vivienda nueva;Índice;2024T3;178,353
Nacional;10 Comunitat Valenciana;Vivienda nueva;Índice;2024T2;176,636
Nacional;10 Comunitat Valenciana;Vivienda nueva;Índice;2024T1;169,291
Nacional;10 Comunitat Valenciana;Vivienda nueva;Índice;2023T4;160,568
Nacional;10 Comunitat Valenciana;Vivienda nueva;Índice;2023T3;164,250
Nacional;10 Comunitat Valenciana;Vivienda nueva;Índice;2023T2;158,324
Nacional;10 Comunitat Valenciana;Vivienda nueva;Índice;2023T1;156,457
Nacional;10 Comunitat Valenciana;Vivienda nueva;Índice;2022T4;150,293
Nacional;10 Comunitat Valenciana;Vivienda nueva;Índice;2022T3;147,057
Nacional;10 Comunitat Valenciana;Vivienda nueva;Índice;2022T2;145,800
Nacional;10 Comunitat Valenciana;Vivienda nueva;Índice;2022T1;143,889
Nacional;10 Comunitat Valenciana;Vivienda nueva;Índice;2021T4;140,864
Nacional;10 Comunitat Valenciana;Vivienda nueva;Índice;2021T3;137,469
Nacional;10 Comunitat Valenciana;Vivienda nueva;Índice;2021T2;134,089
Nacional;10 Comunitat Valenciana;Vivienda nueva;Índice;2021T1;130,655
Nacional;10 Comunitat Valenciana;Vivienda nueva;Índice;2020T4;131,530
Nacional;10 Comunitat Valenciana;Vivienda nueva;Índice;2020T3;134,354
Nacional;10 Comunitat Valenciana;Vivienda nueva;Índice;2020T2;127,336
Nacional;10 Comunitat Valenciana;Vivienda nueva;Índice;2020T1;129,074
Nacional;10 Comunitat Valenciana;Vivienda nueva;Índice;2019T4;125,446
Nacional;10 Comunitat Valenciana;Vivienda nueva;Índice;2019T3;123,232
Nacional;10 Comunitat Valenciana;Vivienda nueva;Índice;2019T2;124,946
Nacional;10 Comunitat Valenciana;Vivienda nueva;Índice;2019T1;122,114
Nacional;10 Comunitat Valenciana;Vivienda nueva;Índice;2018T4;121,225
Nacional;10 Comunitat Valenciana;Vivienda nueva;Índice;2018T3;115,720
Nacional;10 Comunitat Valenciana;Vivienda nueva;Índice;2018T2;113,611
Nacional;10 Comunitat Valenciana;Vivienda nueva;Índice;2018T1;113,056
Nacional;10 Comunitat Valenciana;Vivienda nueva;Índice;2017T4;111,364
Nacional;10 Comunitat Valenciana;Vivienda nueva;Índice;2017T3;110,470
Nacional;10 Comunitat Valenciana;Vivienda nueva;Índice;2017T2;108,482
Nacional;10 Comunitat Valenciana;Vivienda nueva;Índice;2017T1;107,861
Nacional;10 Comunitat Valenciana;Vivienda nueva;Índice;2016T4;105,230
Nacional;10 Comunitat Valenciana;Vivienda nueva;Índice;2016T3;106,448
Nacional;10 Comunitat Valenciana;Vivienda nueva;Índice;2016T2;108,138
Nacional;10 Comunitat Valenciana;Vivienda nueva;Índice;2016T1;104,720
Nacional;10 Comunitat Valenciana;Vivienda nueva;Índice;2015T4;101,505
Nacional;10 Comunitat Valenciana;Vivienda nueva;Índice;2015T3;99,348
Nacional;10 Comunitat Valenciana;Vivienda nueva;Índice;2015T2;100,791
Nacional;10 Comunitat Valenciana;Vivienda nueva;Índice;2015T1;98,355
Nacional;10 Comunitat Valenciana;Vivienda nueva;Índice;2014T4;96,422
Nacional;10 Comunitat Valenciana;Vivienda nueva;Índice;2014T3;97,466
Nacional;10 Comunitat Valenciana;Vivienda nueva;Índice;2014T2;96,125
Nacional;10 Comunitat Valenciana;Vivienda nueva;Índice;2014T1;93,271
Nacional;10 Comunitat Valenciana;Vivienda nueva;Índice;2013T4;91,978
Nacional;10 Comunitat Valenciana;Vivienda nueva;Índice;2013T3;97,271
Nacional;10 Comunitat Valenciana;Vivienda nueva;Índice;2013T2;95,867
Nacional;10 Comunitat Valenciana;Vivienda nueva;Índice;2013T1;98,087
Nacional;10 Comunitat Valenciana;Vivienda nueva;Índice;2012T4;100,093
Nacional;10 Comunitat Valenciana;Vivienda nueva;Índice;2012T3;102,914
Nacional;10 Comunitat Valenciana;Vivienda nueva;Índice;2012T2;105,769
Nacional;10 Comunitat Valenciana;Vivienda nueva;Índice;2012T1;109,885
Nacional;10 Comunitat Valenciana;Vivienda nueva;Índice;2011T4;114,817
Nacional;10 Comunitat Valenciana;Vivienda nueva;Índice;2011T3;117,136
Nacional;10 Comunitat Valenciana;Vivienda nueva;Índice;2011T2;120,866
Nacional;10 Comunitat Valenciana;Vivienda nueva;Índice;2011T1;122,465
Nacional;10 Comunitat Valenciana;Vivienda nueva;Índice;2010T4;124,014
Nacional;10 Comunitat Valenciana;Vivienda nueva;Índice;2010T3;126,135
Nacional;10 Comunitat Valenciana;Vivienda nueva;Índice;2010T2;128,718
Nacional;10 Comunitat Valenciana;Vivienda nueva;Índice;2010T1;126,194
Nacional;10 Comunitat Valenciana;Vivienda nueva;Índice;2009T4;129,318
Nacional;10 Comunitat Valenciana;Vivienda nueva;Índice;2009T3;130,527
Nacional;10 Comunitat Valenciana;Vivienda nueva;Índice;2009T2;132,508
Nacional;10 Comunitat Valenciana;Vivienda nueva;Índice;2009T1;134,406
Nacional;10 Comunitat Valenciana;Vivienda nueva;Índice;2008T4;136,843
Nacional;10 Comunitat Valenciana;Vivienda nueva;Índice;2008T3;137,197
Nacional;10 Comunitat Valenciana;Vivienda nueva;Índice;2008T2;135,786
Nacional;10 Comunitat Valenciana;Vivienda nueva;Índice;2008T1;134,213
Nacional;10 Comunitat Valenciana;Vivienda nueva;Índice;2007T4;133,272
Nacional;10 Comunitat Valenciana;Vivienda nueva;Índice;2007T3;128,987
Nacional;10 Comunitat Valenciana;Vivienda nueva;Índice;2007T2;125,997
Nacional;10 Comunitat Valenciana;Vivienda nueva;Índice;2007T1;121,972
Nacional;10 Comunitat Valenciana;Vivienda segunda mano;Índice;2025T2;161,443
Nacional;10 Comunitat Valenciana;Vivienda segunda mano;Índice;2025T1;153,906
Nacional;10 Comunitat Valenciana;Vivienda segunda mano;Índice;2024T4;149,809
Nacional;10 Comunitat Valenciana;Vivienda segunda mano;Índice;2024T3;146,753
Nacional;10 Comunitat Valenciana;Vivienda segunda mano;Índice;2024T2;142,365
Nacional;10 Comunitat Valenciana;Vivienda segunda mano;Índice;2024T1;136,466
Nacional;10 Comunitat Valenciana;Vivienda segunda mano;Índice;2023T4;133,746
Nacional;10 Comunitat Valenciana;Vivienda segunda mano;Índice;2023T3;134,801
Nacional;10 Comunitat Valenciana;Vivienda segunda mano;Índice;2023T2;131,685
Nacional;10 Comunitat Valenciana;Vivienda segunda mano;Índice;2023T1;128,492
Nacional;10 Comunitat Valenciana;Vivienda segunda mano;Índice;2022T4;128,880
Nacional;10 Comunitat Valenciana;Vivienda segunda mano;Índice;2022T3;129,863
Nacional;10 Comunitat Valenciana;Vivienda segunda mano;Índice;2022T2;128,532
Nacional;10 Comunitat Valenciana;Vivienda segunda mano;Índice;2022T1;125,564
Nacional;10 Comunitat Valenciana;Vivienda segunda mano;Índice;2021T4;123,114
Nacional;10 Comunitat Valenciana;Vivienda segunda mano;Índice;2021T3;121,468
Nacional;10 Comunitat Valenciana;Vivienda segunda mano;Índice;2021T2;119,151
Nacional;10 Comunitat Valenciana;Vivienda segunda mano;Índice;2021T1;115,527
Nacional;10 Comunitat Valenciana;Vivienda segunda mano;Índice;2020T4;115,384
Nacional;10 Comunitat Valenciana;Vivienda segunda mano;Índice;2020T3;115,169
Nacional;10 Comunitat Valenciana;Vivienda segunda mano;Índice;2020T2;114,370
Nacional;10 Comunitat Valenciana;Vivienda segunda mano;Índice;2020T1;114,122
Nacional;10 Comunitat Valenciana;Vivienda segunda mano;Índice;2019T4;114,114
Nacional;10 Comunitat Valenciana;Vivienda segunda mano;Índice;2019T3;114,166
Nacional;10 Comunitat Valenciana;Vivienda segunda mano;Índice;2019T2;112,636
Nacional;10 Comunitat Valenciana;Vivienda segunda mano;Índice;2019T1;110,665
Nacional;10 Comunitat Valenciana;Vivienda segunda mano;Índice;2018T4;109,919
Nacional;10 Comunitat Valenciana;Vivienda segunda mano;Índice;2018T3;109,939
Nacional;10 Comunitat Valenciana;Vivienda segunda mano;Índice;2018T2;108,386
Nacional;10 Comunitat Valenciana;Vivienda segunda mano;Índice;2018T1;106,866
Nacional;10 Comunitat Valenciana;Vivienda segunda mano;Índice;2017T4;106,294
Nacional;10 Comunitat Valenciana;Vivienda segunda mano;Índice;2017T3;105,049
Nacional;10 Comunitat Valenciana;Vivienda segunda mano;Índice;2017T2;104,285
Nacional;10 Comunitat Valenciana;Vivienda segunda mano;Índice;2017T1;103,541
Nacional;10 Comunitat Valenciana;Vivienda segunda mano;Índice;2016T4;102,293
Nacional;10 Comunitat Valenciana;Vivienda segunda mano;Índice;2016T3;102,153
Nacional;10 Comunitat Valenciana;Vivienda segunda mano;Índice;2016T2;102,153
Nacional;10 Comunitat Valenciana;Vivienda segunda mano;Índice;2016T1;101,793
Nacional;10 Comunitat Valenciana;Vivienda segunda mano;Índice;2015T4;100,828
Nacional;10 Comunitat Valenciana;Vivienda segunda mano;Índice;2015T3;101,022
Nacional;10 Comunitat Valenciana;Vivienda segunda mano;Índice;2015T2;101,117
Nacional;10 Comunitat Valenciana;Vivienda segunda mano;Índice;2015T1;97,032
Nacional;10 Comunitat Valenciana;Vivienda segunda mano;Índice;2014T4;98,258
Nacional;10 Comunitat Valenciana;Vivienda segunda mano;Índice;2014T3;98,958
Nacional;10 Comunitat Valenciana;Vivienda segunda mano;Índice;2014T2;98,761
Nacional;10 Comunitat Valenciana;Vivienda segunda mano;Índice;2014T1;95,791
Nacional;10 Comunitat Valenciana;Vivienda segunda mano;Índice;2013T4;95,924
Nacional;10 Comunitat Valenciana;Vivienda segunda mano;Índice;2013T3;97,498
Nacional;10 Comunitat Valenciana;Vivienda segunda mano;Índice;2013T2;95,712
Nacional;10 Comunitat Valenciana;Vivienda segunda mano;Índice;2013T1;97,368
Nacional;10 Comunitat Valenciana;Vivienda segunda mano;Índice;2012T4;101,880
Nacional;10 Comunitat Valenciana;Vivienda segunda mano;Índice;2012T3;103,865
Nacional;10 Comunitat Valenciana;Vivienda segunda mano;Índice;2012T2;107,829
Nacional;10 Comunitat Valenciana;Vivienda segunda mano;Índice;2012T1;111,920
Nacional;10 Comunitat Valenciana;Vivienda segunda mano;Índice;2011T4;119,461
Nacional;10 Comunitat Valenciana;Vivienda segunda mano;Índice;2011T3;122,701
Nacional;10 Comunitat Valenciana;Vivienda segunda mano;Índice;2011T2;127,745
Nacional;10 Comunitat Valenciana;Vivienda segunda mano;Índice;2011T1;129,449
Nacional;10 Comunitat Valenciana;Vivienda segunda mano;Índice;2010T4;136,160
Nacional;10 Comunitat Valenciana;Vivienda segunda mano;Índice;2010T3;135,544
Nacional;10 Comunitat Valenciana;Vivienda segunda mano;Índice;2010T2;139,124
Nacional;10 Comunitat Valenciana;Vivienda segunda mano;Índice;2010T1;137,577
Nacional;10 Comunitat Valenciana;Vivienda segunda mano;Índice;2009T4;139,298
Nacional;10 Comunitat Valenciana;Vivienda segunda mano;Índice;2009T3;139,072
Nacional;10 Comunitat Valenciana;Vivienda segunda mano;Índice;2009T2;140,074
Nacional;10 Comunitat Valenciana;Vivienda segunda mano;Índice;2009T1;139,160
Nacional;10 Comunitat Valenciana;Vivienda segunda mano;Índice;2008T4;144,957
Nacional;10 Comunitat Valenciana;Vivienda segunda mano;Índice;2008T3;150,326
Nacional;10 Comunitat Valenciana;Vivienda segunda mano;Índice;2008T2;154,153
Nacional;10 Comunitat Valenciana;Vivienda segunda mano;Índice;2008T1;156,693
Nacional;10 Comunitat Valenciana;Vivienda segunda mano;Índice;2007T4;156,376
Nacional;10 Comunitat Valenciana;Vivienda segunda mano;Índice;2007T3;158,053
Nacional;10 Comunitat Valenciana;Vivienda segunda mano;Índice;2007T2;156,810
Nacional;10 Comunitat Valenciana;Vivienda segunda mano;Índice;2007T1;151,152
Nacional;11 Extremadura;Vivienda nueva;Índice;2025T2;167,711
Nacional;11 Extremadura;Vivienda nueva;Índice;2025T1;166,355
Nacional;11 Extremadura;Vivienda nueva;Índice;2024T4;160,098
Nacional;11 Extremadura;Vivienda nueva;Índice;2024T3;157,329
Nacional;11 Extremadura;Vivienda nueva;Índice;2024T2;150,263
Nacional;11 Extremadura;Vivienda nueva;Índice;2024T1;149,546
Nacional;11 Extremadura;Vivienda nueva;Índice;2023T4;148,292
Nacional;11 Extremadura;Vivienda nueva;Índice;2023T3;147,258
Nacional;11 Extremadura;Vivienda nueva;Índice;2023T2;148,559
Nacional;11 Extremadura;Vivienda nueva;Índice;2023T1;145,330
Nacional;11 Extremadura;Vivienda nueva;Índice;2022T4;145,324
Nacional;11 Extremadura;Vivienda nueva;Índice;2022T3;143,983
Nacional;11 Extremadura;Vivienda nueva;Índice;2022T2;142,337
Nacional;11 Extremadura;Vivienda nueva;Índice;2022T1;143,475
Nacional;11 Extremadura;Vivienda nueva;Índice;2021T4;138,904
Nacional;11 Extremadura;Vivienda nueva;Índice;2021T3;135,487
Nacional;11 Extremadura;Vivienda nueva;Índice;2021T2;131,324
Nacional;11 Extremadura;Vivienda nueva;Índice;2021T1;129,120
Nacional;11 Extremadura;Vivienda nueva;Índice;2020T4;130,441
Nacional;11 Extremadura;Vivienda nueva;Índice;2020T3;131,605
Nacional;11 Extremadura;Vivienda nueva;Índice;2020T2;127,887
Nacional;11 Extremadura;Vivienda nueva;Índice;2020T1;133,244
Nacional;11 Extremadura;Vivienda nueva;Índice;2019T4;133,578
Nacional;11 Extremadura;Vivienda nueva;Índice;2019T3;131,955
Nacional;11 Extremadura;Vivienda nueva;Índice;2019T2;126,803
Nacional;11 Extremadura;Vivienda nueva;Índice;2019T1;130,021
Nacional;11 Extremadura;Vivienda nueva;Índice;2018T4;121,633
Nacional;11 Extremadura;Vivienda nueva;Índice;2018T3;121,308
Nacional;11 Extremadura;Vivienda nueva;Índice;2018T2;117,468
Nacional;11 Extremadura;Vivienda nueva;Índice;2018T1;113,964
Nacional;11 Extremadura;Vivienda nueva;Índice;2017T4;107,803
Nacional;11 Extremadura;Vivienda nueva;Índice;2017T3;111,063
Nacional;11 Extremadura;Vivienda nueva;Índice;2017T2;109,938
Nacional;11 Extremadura;Vivienda nueva;Índice;2017T1;109,964
Nacional;11 Extremadura;Vivienda nueva;Índice;2016T4;107,855
Nacional;11 Extremadura;Vivienda nueva;Índice;2016T3;111,094
Nacional;11 Extremadura;Vivienda nueva;Índice;2016T2;108,421
Nacional;11 Extremadura;Vivienda nueva;Índice;2016T1;102,511
Nacional;11 Extremadura;Vivienda nueva;Índice;2015T4;100,911
Nacional;11 Extremadura;Vivienda nueva;Índice;2015T3;100,249
Nacional;11 Extremadura;Vivienda nueva;Índice;2015T2;99,597
Nacional;11 Extremadura;Vivienda nueva;Índice;2015T1;99,243
Nacional;11 Extremadura;Vivienda nueva;Índice;2014T4;95,068
Nacional;11 Extremadura;Vivienda nueva;Índice;2014T3;95,082
Nacional;11 Extremadura;Vivienda nueva;Índice;2014T2;95,662
Nacional;11 Extremadura;Vivienda nueva;Índice;2014T1;96,061
Nacional;11 Extremadura;Vivienda nueva;Índice;2013T4;96,356
Nacional;11 Extremadura;Vivienda nueva;Índice;2013T3;102,169
Nacional;11 Extremadura;Vivienda nueva;Índice;2013T2;100,911
Nacional;11 Extremadura;Vivienda nueva;Índice;2013T1;107,551
Nacional;11 Extremadura;Vivienda nueva;Índice;2012T4;118,285
Nacional;11 Extremadura;Vivienda nueva;Índice;2012T3;122,844
Nacional;11 Extremadura;Vivienda nueva;Índice;2012T2;123,584
Nacional;11 Extremadura;Vivienda nueva;Índice;2012T1;125,361
Nacional;11 Extremadura;Vivienda nueva;Índice;2011T4;129,709
Nacional;11 Extremadura;Vivienda nueva;Índice;2011T3;132,646
Nacional;11 Extremadura;Vivienda nueva;Índice;2011T2;132,843
Nacional;11 Extremadura;Vivienda nueva;Índice;2011T1;133,894
Nacional;11 Extremadura;Vivienda nueva;Índice;2010T4;136,535
Nacional;11 Extremadura;Vivienda nueva;Índice;2010T3;135,844
Nacional;11 Extremadura;Vivienda nueva;Índice;2010T2;141,772
Nacional;11 Extremadura;Vivienda nueva;Índice;2010T1;135,750
Nacional;11 Extremadura;Vivienda nueva;Índice;2009T4;133,600
Nacional;11 Extremadura;Vivienda nueva;Índice;2009T3;135,845
Nacional;11 Extremadura;Vivienda nueva;Índice;2009T2;135,389
Nacional;11 Extremadura;Vivienda nueva;Índice;2009T1;132,309
Nacional;11 Extremadura;Vivienda nueva;Índice;2008T4;131,239
Nacional;11 Extremadura;Vivienda nueva;Índice;2008T3;135,303
Nacional;11 Extremadura;Vivienda nueva;Índice;2008T2;133,349
Nacional;11 Extremadura;Vivienda nueva;Índice;2008T1;129,619
Nacional;11 Extremadura;Vivienda nueva;Índice;2007T4;128,300
Nacional;11 Extremadura;Vivienda nueva;Índice;2007T3;124,337
Nacional;11 Extremadura;Vivienda nueva;Índice;2007T2;123,189
Nacional;11 Extremadura;Vivienda nueva;Índice;2007T1;118,956
Nacional;11 Extremadura;Vivienda segunda mano;Índice;2025T2;136,979
Nacional;11 Extremadura;Vivienda segunda mano;Índice;2025T1;130,596
Nacional;11 Extremadura;Vivienda segunda mano;Índice;2024T4;125,723
Nacional;11 Extremadura;Vivienda segunda mano;Índice;2024T3;125,062
Nacional;11 Extremadura;Vivienda segunda mano;Índice;2024T2;122,126
Nacional;11 Extremadura;Vivienda segunda mano;Índice;2024T1;117,762
Nacional;11 Extremadura;Vivienda segunda mano;Índice;2023T4;115,142
Nacional;11 Extremadura;Vivienda segunda mano;Índice;2023T3;115,470
Nacional;11 Extremadura;Vivienda segunda mano;Índice;2023T2;114,638
Nacional;11 Extremadura;Vivienda segunda mano;Índice;2023T1;111,254
Nacional;11 Extremadura;Vivienda segunda mano;Índice;2022T4;112,648
Nacional;11 Extremadura;Vivienda segunda mano;Índice;2022T3;114,339
Nacional;11 Extremadura;Vivienda segunda mano;Índice;2022T2;112,811
Nacional;11 Extremadura;Vivienda segunda mano;Índice;2022T1;110,094
Nacional;11 Extremadura;Vivienda segunda mano;Índice;2021T4;109,692
Nacional;11 Extremadura;Vivienda segunda mano;Índice;2021T3;107,317
Nacional;11 Extremadura;Vivienda segunda mano;Índice;2021T2;107,325
Nacional;11 Extremadura;Vivienda segunda mano;Índice;2021T1;103,219
Nacional;11 Extremadura;Vivienda segunda mano;Índice;2020T4;104,693
Nacional;11 Extremadura;Vivienda segunda mano;Índice;2020T3;104,324
Nacional;11 Extremadura;Vivienda segunda mano;Índice;2020T2;105,663
Nacional;11 Extremadura;Vivienda segunda mano;Índice;2020T1;103,146
Nacional;11 Extremadura;Vivienda segunda mano;Índice;2019T4;103,989
Nacional;11 Extremadura;Vivienda segunda mano;Índice;2019T3;104,272
Nacional;11 Extremadura;Vivienda segunda mano;Índice;2019T2;104,183
Nacional;11 Extremadura;Vivienda segunda mano;Índice;2019T1;102,954
Nacional;11 Extremadura;Vivienda segunda mano;Índice;2018T4;102,225
Nacional;11 Extremadura;Vivienda segunda mano;Índice;2018T3;103,177
Nacional;11 Extremadura;Vivienda segunda mano;Índice;2018T2;102,783
Nacional;11 Extremadura;Vivienda segunda mano;Índice;2018T1;101,143
Nacional;11 Extremadura;Vivienda segunda mano;Índice;2017T4;100,061
Nacional;11 Extremadura;Vivienda segunda mano;Índice;2017T3;101,229
Nacional;11 Extremadura;Vivienda segunda mano;Índice;2017T2;100,766
Nacional;11 Extremadura;Vivienda segunda mano;Índice;2017T1;100,929
Nacional;11 Extremadura;Vivienda segunda mano;Índice;2016T4;99,853
Nacional;11 Extremadura;Vivienda segunda mano;Índice;2016T3;101,088
Nacional;11 Extremadura;Vivienda segunda mano;Índice;2016T2;100,503
Nacional;11 Extremadura;Vivienda segunda mano;Índice;2016T1;100,680
Nacional;11 Extremadura;Vivienda segunda mano;Índice;2015T4;99,944
Nacional;11 Extremadura;Vivienda segunda mano;Índice;2015T3;100,426
Nacional;11 Extremadura;Vivienda segunda mano;Índice;2015T2;100,349
Nacional;11 Extremadura;Vivienda segunda mano;Índice;2015T1;99,281
Nacional;11 Extremadura;Vivienda segunda mano;Índice;2014T4;98,033
Nacional;11 Extremadura;Vivienda segunda mano;Índice;2014T3;97,487
Nacional;11 Extremadura;Vivienda segunda mano;Índice;2014T2;100,144
Nacional;11 Extremadura;Vivienda segunda mano;Índice;2014T1;98,860
Nacional;11 Extremadura;Vivienda segunda mano;Índice;2013T4;98,554
Nacional;11 Extremadura;Vivienda segunda mano;Índice;2013T3;101,021
Nacional;11 Extremadura;Vivienda segunda mano;Índice;2013T2;103,209
Nacional;11 Extremadura;Vivienda segunda mano;Índice;2013T1;105,108
Nacional;11 Extremadura;Vivienda segunda mano;Índice;2012T4;114,914
Nacional;11 Extremadura;Vivienda segunda mano;Índice;2012T3;114,250
Nacional;11 Extremadura;Vivienda segunda mano;Índice;2012T2;120,606
Nacional;11 Extremadura;Vivienda segunda mano;Índice;2012T1;121,249
Nacional;11 Extremadura;Vivienda segunda mano;Índice;2011T4;125,506
Nacional;11 Extremadura;Vivienda segunda mano;Índice;2011T3;130,557
Nacional;11 Extremadura;Vivienda segunda mano;Índice;2011T2;131,372
Nacional;11 Extremadura;Vivienda segunda mano;Índice;2011T1;131,724
Nacional;11 Extremadura;Vivienda segunda mano;Índice;2010T4;143,190
Nacional;11 Extremadura;Vivienda segunda mano;Índice;2010T3;142,045
Nacional;11 Extremadura;Vivienda segunda mano;Índice;2010T2;145,967
Nacional;11 Extremadura;Vivienda segunda mano;Índice;2010T1;141,907
Nacional;11 Extremadura;Vivienda segunda mano;Índice;2009T4;142,101
Nacional;11 Extremadura;Vivienda segunda mano;Índice;2009T3;145,318
Nacional;11 Extremadura;Vivienda segunda mano;Índice;2009T2;145,587
Nacional;11 Extremadura;Vivienda segunda mano;Índice;2009T1;140,238
Nacional;11 Extremadura;Vivienda segunda mano;Índice;2008T4;139,268
Nacional;11 Extremadura;Vivienda segunda mano;Índice;2008T3;146,139
Nacional;11 Extremadura;Vivienda segunda mano;Índice;2008T2;150,369
Nacional;11 Extremadura;Vivienda segunda mano;Índice;2008T1;149,443
Nacional;11 Extremadura;Vivienda segunda mano;Índice;2007T4;148,060
Nacional;11 Extremadura;Vivienda segunda mano;Índice;2007T3;149,503
Nacional;11 Extremadura;Vivienda segunda mano;Índice;2007T2;147,380
Nacional;11 Extremadura;Vivienda segunda mano;Índice;2007T1;142,123
Nacional;12 Galicia;Vivienda nueva;Índice;2025T2;190,339
Nacional;12 Galicia;Vivienda nueva;Índice;2025T1;184,622
Nacional;12 Galicia;Vivienda nueva;Índice;2024T4;177,017
Nacional;12 Galicia;Vivienda nueva;Índice;2024T3;175,350
Nacional;12 Galicia;Vivienda nueva;Índice;2024T2;172,325
Nacional;12 Galicia;Vivienda nueva;Índice;2024T1;170,540
Nacional;12 Galicia;Vivienda nueva;Índice;2023T4;159,099
Nacional;12 Galicia;Vivienda nueva;Índice;2023T3;164,769
Nacional;12 Galicia;Vivienda nueva;Índice;2023T2;160,480
Nacional;12 Galicia;Vivienda nueva;Índice;2023T1;157,749
Nacional;12 Galicia;Vivienda nueva;Índice;2022T4;149,137
Nacional;12 Galicia;Vivienda nueva;Índice;2022T3;147,224
Nacional;12 Galicia;Vivienda nueva;Índice;2022T2;145,645
Nacional;12 Galicia;Vivienda nueva;Índice;2022T1;144,565
Nacional;12 Galicia;Vivienda nueva;Índice;2021T4;139,316
Nacional;12 Galicia;Vivienda nueva;Índice;2021T3;138,950
Nacional;12 Galicia;Vivienda nueva;Índice;2021T2;134,494
Nacional;12 Galicia;Vivienda nueva;Índice;2021T1;132,331
Nacional;12 Galicia;Vivienda nueva;Índice;2020T4;131,101
Nacional;12 Galicia;Vivienda nueva;Índice;2020T3;136,784
Nacional;12 Galicia;Vivienda nueva;Índice;2020T2;129,906
Nacional;12 Galicia;Vivienda nueva;Índice;2020T1;130,088
Nacional;12 Galicia;Vivienda nueva;Índice;2019T4;127,941
Nacional;12 Galicia;Vivienda nueva;Índice;2019T3;124,295
Nacional;12 Galicia;Vivienda nueva;Índice;2019T2;124,711
Nacional;12 Galicia;Vivienda nueva;Índice;2019T1;123,369
Nacional;12 Galicia;Vivienda nueva;Índice;2018T4;120,868
Nacional;12 Galicia;Vivienda nueva;Índice;2018T3;117,304
Nacional;12 Galicia;Vivienda nueva;Índice;2018T2;114,485
Nacional;12 Galicia;Vivienda nueva;Índice;2018T1;115,000
Nacional;12 Galicia;Vivienda nueva;Índice;2017T4;109,707
Nacional;12 Galicia;Vivienda nueva;Índice;2017T3;110,530
Nacional;12 Galicia;Vivienda nueva;Índice;2017T2;108,531
Nacional;12 Galicia;Vivienda nueva;Índice;2017T1;106,753
Nacional;12 Galicia;Vivienda nueva;Índice;2016T4;104,505
Nacional;12 Galicia;Vivienda nueva;Índice;2016T3;106,252
Nacional;12 Galicia;Vivienda nueva;Índice;2016T2;106,389
Nacional;12 Galicia;Vivienda nueva;Índice;2016T1;104,044
Nacional;12 Galicia;Vivienda nueva;Índice;2015T4;101,063
Nacional;12 Galicia;Vivienda nueva;Índice;2015T3;100,762
Nacional;12 Galicia;Vivienda nueva;Índice;2015T2;99,195
Nacional;12 Galicia;Vivienda nueva;Índice;2015T1;98,980
Nacional;12 Galicia;Vivienda nueva;Índice;2014T4;95,825
Nacional;12 Galicia;Vivienda nueva;Índice;2014T3;98,545
Nacional;12 Galicia;Vivienda nueva;Índice;2014T2;98,656
Nacional;12 Galicia;Vivienda nueva;Índice;2014T1;96,038
Nacional;12 Galicia;Vivienda nueva;Índice;2013T4;93,745
Nacional;12 Galicia;Vivienda nueva;Índice;2013T3;99,215
Nacional;12 Galicia;Vivienda nueva;Índice;2013T2;97,510
Nacional;12 Galicia;Vivienda nueva;Índice;2013T1;99,764
Nacional;12 Galicia;Vivienda nueva;Índice;2012T4;106,889
Nacional;12 Galicia;Vivienda nueva;Índice;2012T3;106,502
Nacional;12 Galicia;Vivienda nueva;Índice;2012T2;111,518
Nacional;12 Galicia;Vivienda nueva;Índice;2012T1;113,659
Nacional;12 Galicia;Vivienda nueva;Índice;2011T4;121,633
Nacional;12 Galicia;Vivienda nueva;Índice;2011T3;124,392
Nacional;12 Galicia;Vivienda nueva;Índice;2011T2;126,795
Nacional;12 Galicia;Vivienda nueva;Índice;2011T1;127,048
Nacional;12 Galicia;Vivienda nueva;Índice;2010T4;128,980
Nacional;12 Galicia;Vivienda nueva;Índice;2010T3;127,679
Nacional;12 Galicia;Vivienda nueva;Índice;2010T2;133,099
Nacional;12 Galicia;Vivienda nueva;Índice;2010T1;130,489
Nacional;12 Galicia;Vivienda nueva;Índice;2009T4;131,730
Nacional;12 Galicia;Vivienda nueva;Índice;2009T3;132,965
Nacional;12 Galicia;Vivienda nueva;Índice;2009T2;134,209
Nacional;12 Galicia;Vivienda nueva;Índice;2009T1;133,929
Nacional;12 Galicia;Vivienda nueva;Índice;2008T4;133,500
Nacional;12 Galicia;Vivienda nueva;Índice;2008T3;133,900
Nacional;12 Galicia;Vivienda nueva;Índice;2008T2;132,297
Nacional;12 Galicia;Vivienda nueva;Índice;2008T1;130,134
Nacional;12 Galicia;Vivienda nueva;Índice;2007T4;129,624
Nacional;12 Galicia;Vivienda nueva;Índice;2007T3;125,602
Nacional;12 Galicia;Vivienda nueva;Índice;2007T2;121,820
Nacional;12 Galicia;Vivienda nueva;Índice;2007T1;118,588
Nacional;12 Galicia;Vivienda segunda mano;Índice;2025T2;153,557
Nacional;12 Galicia;Vivienda segunda mano;Índice;2025T1;146,251
Nacional;12 Galicia;Vivienda segunda mano;Índice;2024T4;141,429
Nacional;12 Galicia;Vivienda segunda mano;Índice;2024T3;139,582
Nacional;12 Galicia;Vivienda segunda mano;Índice;2024T2;135,790
Nacional;12 Galicia;Vivienda segunda mano;Índice;2024T1;131,011
Nacional;12 Galicia;Vivienda segunda mano;Índice;2023T4;128,050
Nacional;12 Galicia;Vivienda segunda mano;Índice;2023T3;129,802
Nacional;12 Galicia;Vivienda segunda mano;Índice;2023T2;127,307
Nacional;12 Galicia;Vivienda segunda mano;Índice;2023T1;125,097
Nacional;12 Galicia;Vivienda segunda mano;Índice;2022T4;124,425
Nacional;12 Galicia;Vivienda segunda mano;Índice;2022T3;125,584
Nacional;12 Galicia;Vivienda segunda mano;Índice;2022T2;124,863
Nacional;12 Galicia;Vivienda segunda mano;Índice;2022T1;122,138
Nacional;12 Galicia;Vivienda segunda mano;Índice;2021T4;119,625
Nacional;12 Galicia;Vivienda segunda mano;Índice;2021T3;118,391
Nacional;12 Galicia;Vivienda segunda mano;Índice;2021T2;116,064
Nacional;12 Galicia;Vivienda segunda mano;Índice;2021T1;112,997
Nacional;12 Galicia;Vivienda segunda mano;Índice;2020T4;111,891
Nacional;12 Galicia;Vivienda segunda mano;Índice;2020T3;111,323
Nacional;12 Galicia;Vivienda segunda mano;Índice;2020T2;112,133
Nacional;12 Galicia;Vivienda segunda mano;Índice;2020T1;110,443
Nacional;12 Galicia;Vivienda segunda mano;Índice;2019T4;110,786
Nacional;12 Galicia;Vivienda segunda mano;Índice;2019T3;110,372
Nacional;12 Galicia;Vivienda segunda mano;Índice;2019T2;109,450
Nacional;12 Galicia;Vivienda segunda mano;Índice;2019T1;107,231
Nacional;12 Galicia;Vivienda segunda mano;Índice;2018T4;106,909
Nacional;12 Galicia;Vivienda segunda mano;Índice;2018T3;106,798
Nacional;12 Galicia;Vivienda segunda mano;Índice;2018T2;105,086
Nacional;12 Galicia;Vivienda segunda mano;Índice;2018T1;104,161
Nacional;12 Galicia;Vivienda segunda mano;Índice;2017T4;103,774
Nacional;12 Galicia;Vivienda segunda mano;Índice;2017T3;102,923
Nacional;12 Galicia;Vivienda segunda mano;Índice;2017T2;101,343
Nacional;12 Galicia;Vivienda segunda mano;Índice;2017T1;101,706
Nacional;12 Galicia;Vivienda segunda mano;Índice;2016T4;101,282
Nacional;12 Galicia;Vivienda segunda mano;Índice;2016T3;101,557
Nacional;12 Galicia;Vivienda segunda mano;Índice;2016T2;100,433
Nacional;12 Galicia;Vivienda segunda mano;Índice;2016T1;100,624
Nacional;12 Galicia;Vivienda segunda mano;Índice;2015T4;99,587
Nacional;12 Galicia;Vivienda segunda mano;Índice;2015T3;101,533
Nacional;12 Galicia;Vivienda segunda mano;Índice;2015T2;100,971
Nacional;12 Galicia;Vivienda segunda mano;Índice;2015T1;97,909
Nacional;12 Galicia;Vivienda segunda mano;Índice;2014T4;99,144
Nacional;12 Galicia;Vivienda segunda mano;Índice;2014T3;98,723
Nacional;12 Galicia;Vivienda segunda mano;Índice;2014T2;99,889
Nacional;12 Galicia;Vivienda segunda mano;Índice;2014T1;98,092
Nacional;12 Galicia;Vivienda segunda mano;Índice;2013T4;98,682
Nacional;12 Galicia;Vivienda segunda mano;Índice;2013T3;100,307
Nacional;12 Galicia;Vivienda segunda mano;Índice;2013T2;99,566
Nacional;12 Galicia;Vivienda segunda mano;Índice;2013T1;100,841
Nacional;12 Galicia;Vivienda segunda mano;Índice;2012T4;109,039
Nacional;12 Galicia;Vivienda segunda mano;Índice;2012T3;108,243
Nacional;12 Galicia;Vivienda segunda mano;Índice;2012T2;115,252
Nacional;12 Galicia;Vivienda segunda mano;Índice;2012T1;118,747
Nacional;12 Galicia;Vivienda segunda mano;Índice;2011T4;125,934
Nacional;12 Galicia;Vivienda segunda mano;Índice;2011T3;130,483
Nacional;12 Galicia;Vivienda segunda mano;Índice;2011T2;134,206
Nacional;12 Galicia;Vivienda segunda mano;Índice;2011T1;135,835
Nacional;12 Galicia;Vivienda segunda mano;Índice;2010T4;143,602
Nacional;12 Galicia;Vivienda segunda mano;Índice;2010T3;139,774
Nacional;12 Galicia;Vivienda segunda mano;Índice;2010T2;143,909
Nacional;12 Galicia;Vivienda segunda mano;Índice;2010T1;140,604
Nacional;12 Galicia;Vivienda segunda mano;Índice;2009T4;143,275
Nacional;12 Galicia;Vivienda segunda mano;Índice;2009T3;142,069
Nacional;12 Galicia;Vivienda segunda mano;Índice;2009T2;144,935
Nacional;12 Galicia;Vivienda segunda mano;Índice;2009T1;143,685
Nacional;12 Galicia;Vivienda segunda mano;Índice;2008T4;145,866
Nacional;12 Galicia;Vivienda segunda mano;Índice;2008T3;148,881
Nacional;12 Galicia;Vivienda segunda mano;Índice;2008T2;152,220
Nacional;12 Galicia;Vivienda segunda mano;Índice;2008T1;153,422
Nacional;12 Galicia;Vivienda segunda mano;Índice;2007T4;154,911
Nacional;12 Galicia;Vivienda segunda mano;Índice;2007T3;155,302
Nacional;12 Galicia;Vivienda segunda mano;Índice;2007T2;153,830
Nacional;12 Galicia;Vivienda segunda mano;Índice;2007T1;148,266
Nacional;13 Madrid, Comunidad de;Vivienda nueva;Índice;2025T2;219,947
Nacional;13 Madrid, Comunidad de;Vivienda nueva;Índice;2025T1;210,738
Nacional;13 Madrid, Comunidad de;Vivienda nueva;Índice;2024T4;197,306
Nacional;13 Madrid, Comunidad de;Vivienda nueva;Índice;2024T3;196,732
Nacional;13 Madrid, Comunidad de;Vivienda nueva;Índice;2024T2;194,044
Nacional;13 Madrid, Comunidad de;Vivienda nueva;Índice;2024T1;187,769
Nacional;13 Madrid, Comunidad de;Vivienda nueva;Índice;2023T4;180,926
Nacional;13 Madrid, Comunidad de;Vivienda nueva;Índice;2023T3;182,663
Nacional;13 Madrid, Comunidad de;Vivienda nueva;Índice;2023T2;175,096
Nacional;13 Madrid, Comunidad de;Vivienda nueva;Índice;2023T1;170,055
Nacional;13 Madrid, Comunidad de;Vivienda nueva;Índice;2022T4;164,810
Nacional;13 Madrid, Comunidad de;Vivienda nueva;Índice;2022T3;163,639
Nacional;13 Madrid, Comunidad de;Vivienda nueva;Índice;2022T2;162,622
Nacional;13 Madrid, Comunidad de;Vivienda nueva;Índice;2022T1;164,036
Nacional;13 Madrid, Comunidad de;Vivienda nueva;Índice;2021T4;158,308
Nacional;13 Madrid, Comunidad de;Vivienda nueva;Índice;2021T3;153,498
Nacional;13 Madrid, Comunidad de;Vivienda nueva;Índice;2021T2;149,290
Nacional;13 Madrid, Comunidad de;Vivienda nueva;Índice;2021T1;148,812
Nacional;13 Madrid, Comunidad de;Vivienda nueva;Índice;2020T4;148,875
Nacional;13 Madrid, Comunidad de;Vivienda nueva;Índice;2020T3;144,433
Nacional;13 Madrid, Comunidad de;Vivienda nueva;Índice;2020T2;139,125
Nacional;13 Madrid, Comunidad de;Vivienda nueva;Índice;2020T1;146,837
Nacional;13 Madrid, Comunidad de;Vivienda nueva;Índice;2019T4;135,334
Nacional;13 Madrid, Comunidad de;Vivienda nueva;Índice;2019T3;136,276
Nacional;13 Madrid, Comunidad de;Vivienda nueva;Índice;2019T2;135,043
Nacional;13 Madrid, Comunidad de;Vivienda nueva;Índice;2019T1;138,270
Nacional;13 Madrid, Comunidad de;Vivienda nueva;Índice;2018T4;128,818
Nacional;13 Madrid, Comunidad de;Vivienda nueva;Índice;2018T3;128,951
Nacional;13 Madrid, Comunidad de;Vivienda nueva;Índice;2018T2;126,865
Nacional;13 Madrid, Comunidad de;Vivienda nueva;Índice;2018T1;121,981
Nacional;13 Madrid, Comunidad de;Vivienda nueva;Índice;2017T4;120,128
Nacional;13 Madrid, Comunidad de;Vivienda nueva;Índice;2017T3;121,365
Nacional;13 Madrid, Comunidad de;Vivienda nueva;Índice;2017T2;119,706
Nacional;13 Madrid, Comunidad de;Vivienda nueva;Índice;2017T1;115,158
Nacional;13 Madrid, Comunidad de;Vivienda nueva;Índice;2016T4;108,611
Nacional;13 Madrid, Comunidad de;Vivienda nueva;Índice;2016T3;109,683
Nacional;13 Madrid, Comunidad de;Vivienda nueva;Índice;2016T2;111,252
Nacional;13 Madrid, Comunidad de;Vivienda nueva;Índice;2016T1;106,516
Nacional;13 Madrid, Comunidad de;Vivienda nueva;Índice;2015T4;102,032
Nacional;13 Madrid, Comunidad de;Vivienda nueva;Índice;2015T3;100,622
Nacional;13 Madrid, Comunidad de;Vivienda nueva;Índice;2015T2;99,203
Nacional;13 Madrid, Comunidad de;Vivienda nueva;Índice;2015T1;98,143
Nacional;13 Madrid, Comunidad de;Vivienda nueva;Índice;2014T4;95,714
Nacional;13 Madrid, Comunidad de;Vivienda nueva;Índice;2014T3;93,223
Nacional;13 Madrid, Comunidad de;Vivienda nueva;Índice;2014T2;91,507
Nacional;13 Madrid, Comunidad de;Vivienda nueva;Índice;2014T1;93,926
Nacional;13 Madrid, Comunidad de;Vivienda nueva;Índice;2013T4;93,383
Nacional;13 Madrid, Comunidad de;Vivienda nueva;Índice;2013T3;90,621
Nacional;13 Madrid, Comunidad de;Vivienda nueva;Índice;2013T2;86,079
Nacional;13 Madrid, Comunidad de;Vivienda nueva;Índice;2013T1;88,987
Nacional;13 Madrid, Comunidad de;Vivienda nueva;Índice;2012T4;97,196
Nacional;13 Madrid, Comunidad de;Vivienda nueva;Índice;2012T3;97,946
Nacional;13 Madrid, Comunidad de;Vivienda nueva;Índice;2012T2;102,578
Nacional;13 Madrid, Comunidad de;Vivienda nueva;Índice;2012T1;105,003
Nacional;13 Madrid, Comunidad de;Vivienda nueva;Índice;2011T4;107,976
Nacional;13 Madrid, Comunidad de;Vivienda nueva;Índice;2011T3;117,247
Nacional;13 Madrid, Comunidad de;Vivienda nueva;Índice;2011T2;119,345
Nacional;13 Madrid, Comunidad de;Vivienda nueva;Índice;2011T1;123,069
Nacional;13 Madrid, Comunidad de;Vivienda nueva;Índice;2010T4;125,094
Nacional;13 Madrid, Comunidad de;Vivienda nueva;Índice;2010T3;125,412
Nacional;13 Madrid, Comunidad de;Vivienda nueva;Índice;2010T2;124,039
Nacional;13 Madrid, Comunidad de;Vivienda nueva;Índice;2010T1;120,073
Nacional;13 Madrid, Comunidad de;Vivienda nueva;Índice;2009T4;119,772
Nacional;13 Madrid, Comunidad de;Vivienda nueva;Índice;2009T3;121,099
Nacional;13 Madrid, Comunidad de;Vivienda nueva;Índice;2009T2;122,818
Nacional;13 Madrid, Comunidad de;Vivienda nueva;Índice;2009T1;124,240
Nacional;13 Madrid, Comunidad de;Vivienda nueva;Índice;2008T4;134,171
Nacional;13 Madrid, Comunidad de;Vivienda nueva;Índice;2008T3;140,485
Nacional;13 Madrid, Comunidad de;Vivienda nueva;Índice;2008T2;139,228
Nacional;13 Madrid, Comunidad de;Vivienda nueva;Índice;2008T1;137,194
Nacional;13 Madrid, Comunidad de;Vivienda nueva;Índice;2007T4;136,586
Nacional;13 Madrid, Comunidad de;Vivienda nueva;Índice;2007T3;140,333
Nacional;13 Madrid, Comunidad de;Vivienda nueva;Índice;2007T2;137,926
Nacional;13 Madrid, Comunidad de;Vivienda nueva;Índice;2007T1;134,409
Nacional;13 Madrid, Comunidad de;Vivienda segunda mano;Índice;2025T2;192,326
Nacional;13 Madrid, Comunidad de;Vivienda segunda mano;Índice;2025T1;183,147
Nacional;13 Madrid, Comunidad de;Vivienda segunda mano;Índice;2024T4;177,672
Nacional;13 Madrid, Comunidad de;Vivienda segunda mano;Índice;2024T3;174,011
Nacional;13 Madrid, Comunidad de;Vivienda segunda mano;Índice;2024T2;169,653
Nacional;13 Madrid, Comunidad de;Vivienda segunda mano;Índice;2024T1;164,040
Nacional;13 Madrid, Comunidad de;Vivienda segunda mano;Índice;2023T4;160,651
Nacional;13 Madrid, Comunidad de;Vivienda segunda mano;Índice;2023T3;162,422
Nacional;13 Madrid, Comunidad de;Vivienda segunda mano;Índice;2023T2;159,591
Nacional;13 Madrid, Comunidad de;Vivienda segunda mano;Índice;2023T1;156,546
Nacional;13 Madrid, Comunidad de;Vivienda segunda mano;Índice;2022T4;155,783
Nacional;13 Madrid, Comunidad de;Vivienda segunda mano;Índice;2022T3;159,059
Nacional;13 Madrid, Comunidad de;Vivienda segunda mano;Índice;2022T2;154,725
Nacional;13 Madrid, Comunidad de;Vivienda segunda mano;Índice;2022T1;151,963
Nacional;13 Madrid, Comunidad de;Vivienda segunda mano;Índice;2021T4;148,062
Nacional;13 Madrid, Comunidad de;Vivienda segunda mano;Índice;2021T3;147,354
Nacional;13 Madrid, Comunidad de;Vivienda segunda mano;Índice;2021T2;144,902
Nacional;13 Madrid, Comunidad de;Vivienda segunda mano;Índice;2021T1;142,555
Nacional;13 Madrid, Comunidad de;Vivienda segunda mano;Índice;2020T4;140,735
Nacional;13 Madrid, Comunidad de;Vivienda segunda mano;Índice;2020T3;144,303
Nacional;13 Madrid, Comunidad de;Vivienda segunda mano;Índice;2020T2;143,730
Nacional;13 Madrid, Comunidad de;Vivienda segunda mano;Índice;2020T1;142,970
Nacional;13 Madrid, Comunidad de;Vivienda segunda mano;Índice;2019T4;141,340
Nacional;13 Madrid, Comunidad de;Vivienda segunda mano;Índice;2019T3;144,039
Nacional;13 Madrid, Comunidad de;Vivienda segunda mano;Índice;2019T2;141,796
Nacional;13 Madrid, Comunidad de;Vivienda segunda mano;Índice;2019T1;140,681
Nacional;13 Madrid, Comunidad de;Vivienda segunda mano;Índice;2018T4;137,875
Nacional;13 Madrid, Comunidad de;Vivienda segunda mano;Índice;2018T3;137,981
Nacional;13 Madrid, Comunidad de;Vivienda segunda mano;Índice;2018T2;133,216
Nacional;13 Madrid, Comunidad de;Vivienda segunda mano;Índice;2018T1;129,098
Nacional;13 Madrid, Comunidad de;Vivienda segunda mano;Índice;2017T4;125,310
Nacional;13 Madrid, Comunidad de;Vivienda segunda mano;Índice;2017T3;123,449
Nacional;13 Madrid, Comunidad de;Vivienda segunda mano;Índice;2017T2;120,125
Nacional;13 Madrid, Comunidad de;Vivienda segunda mano;Índice;2017T1;116,348
Nacional;13 Madrid, Comunidad de;Vivienda segunda mano;Índice;2016T4;111,732
Nacional;13 Madrid, Comunidad de;Vivienda segunda mano;Índice;2016T3;109,619
Nacional;13 Madrid, Comunidad de;Vivienda segunda mano;Índice;2016T2;107,835
Nacional;13 Madrid, Comunidad de;Vivienda segunda mano;Índice;2016T1;104,772
Nacional;13 Madrid, Comunidad de;Vivienda segunda mano;Índice;2015T4;102,084
Nacional;13 Madrid, Comunidad de;Vivienda segunda mano;Índice;2015T3;101,854
Nacional;13 Madrid, Comunidad de;Vivienda segunda mano;Índice;2015T2;100,745
Nacional;13 Madrid, Comunidad de;Vivienda segunda mano;Índice;2015T1;95,317
Nacional;13 Madrid, Comunidad de;Vivienda segunda mano;Índice;2014T4;95,022
Nacional;13 Madrid, Comunidad de;Vivienda segunda mano;Índice;2014T3;95,495
Nacional;13 Madrid, Comunidad de;Vivienda segunda mano;Índice;2014T2;95,152
Nacional;13 Madrid, Comunidad de;Vivienda segunda mano;Índice;2014T1;93,488
Nacional;13 Madrid, Comunidad de;Vivienda segunda mano;Índice;2013T4;92,269
Nacional;13 Madrid, Comunidad de;Vivienda segunda mano;Índice;2013T3;93,283
Nacional;13 Madrid, Comunidad de;Vivienda segunda mano;Índice;2013T2;94,234
Nacional;13 Madrid, Comunidad de;Vivienda segunda mano;Índice;2013T1;92,951
Nacional;13 Madrid, Comunidad de;Vivienda segunda mano;Índice;2012T4;99,568
Nacional;13 Madrid, Comunidad de;Vivienda segunda mano;Índice;2012T3;102,043
Nacional;13 Madrid, Comunidad de;Vivienda segunda mano;Índice;2012T2;107,677
Nacional;13 Madrid, Comunidad de;Vivienda segunda mano;Índice;2012T1;112,883
Nacional;13 Madrid, Comunidad de;Vivienda segunda mano;Índice;2011T4;116,476
Nacional;13 Madrid, Comunidad de;Vivienda segunda mano;Índice;2011T3;125,234
Nacional;13 Madrid, Comunidad de;Vivienda segunda mano;Índice;2011T2;129,691
Nacional;13 Madrid, Comunidad de;Vivienda segunda mano;Índice;2011T1;131,195
Nacional;13 Madrid, Comunidad de;Vivienda segunda mano;Índice;2010T4;140,055
Nacional;13 Madrid, Comunidad de;Vivienda segunda mano;Índice;2010T3;139,394
Nacional;13 Madrid, Comunidad de;Vivienda segunda mano;Índice;2010T2;142,822
Nacional;13 Madrid, Comunidad de;Vivienda segunda mano;Índice;2010T1;140,386
Nacional;13 Madrid, Comunidad de;Vivienda segunda mano;Índice;2009T4;140,506
Nacional;13 Madrid, Comunidad de;Vivienda segunda mano;Índice;2009T3;140,845
Nacional;13 Madrid, Comunidad de;Vivienda segunda mano;Índice;2009T2;140,319
Nacional;13 Madrid, Comunidad de;Vivienda segunda mano;Índice;2009T1;142,337
Nacional;13 Madrid, Comunidad de;Vivienda segunda mano;Índice;2008T4;144,646
Nacional;13 Madrid, Comunidad de;Vivienda segunda mano;Índice;2008T3;153,896
Nacional;13 Madrid, Comunidad de;Vivienda segunda mano;Índice;2008T2;160,801
Nacional;13 Madrid, Comunidad de;Vivienda segunda mano;Índice;2008T1;162,479
Nacional;13 Madrid, Comunidad de;Vivienda segunda mano;Índice;2007T4;166,070
Nacional;13 Madrid, Comunidad de;Vivienda segunda mano;Índice;2007T3;175,356
Nacional;13 Madrid, Comunidad de;Vivienda segunda mano;Índice;2007T2;176,444
Nacional;13 Madrid, Comunidad de;Vivienda segunda mano;Índice;2007T1;173,178
Nacional;14 Murcia, Región de;Vivienda nueva;Índice;2025T2;196,314
Nacional;14 Murcia, Región de;Vivienda nueva;Índice;2025T1;191,756
Nacional;14 Murcia, Región de;Vivienda nueva;Índice;2024T4;185,959
Nacional;14 Murcia, Región de;Vivienda nueva;Índice;2024T3;176,335
Nacional;14 Murcia, Región de;Vivienda nueva;Índice;2024T2;175,354
Nacional;14 Murcia, Región de;Vivienda nueva;Índice;2024T1;172,668
Nacional;14 Murcia, Región de;Vivienda nueva;Índice;2023T4;165,316
Nacional;14 Murcia, Región de;Vivienda nueva;Índice;2023T3;163,918
Nacional;14 Murcia, Región de;Vivienda nueva;Índice;2023T2;162,880
Nacional;14 Murcia, Región de;Vivienda nueva;Índice;2023T1;158,580
Nacional;14 Murcia, Región de;Vivienda nueva;Índice;2022T4;157,926
Nacional;14 Murcia, Región de;Vivienda nueva;Índice;2022T3;153,549
Nacional;14 Murcia, Región de;Vivienda nueva;Índice;2022T2;154,729
Nacional;14 Murcia, Región de;Vivienda nueva;Índice;2022T1;149,674
Nacional;14 Murcia, Región de;Vivienda nueva;Índice;2021T4;147,422
Nacional;14 Murcia, Región de;Vivienda nueva;Índice;2021T3;146,555
Nacional;14 Murcia, Región de;Vivienda nueva;Índice;2021T2;141,186
Nacional;14 Murcia, Región de;Vivienda nueva;Índice;2021T1;136,227
Nacional;14 Murcia, Región de;Vivienda nueva;Índice;2020T4;137,400
Nacional;14 Murcia, Región de;Vivienda nueva;Índice;2020T3;138,890
Nacional;14 Murcia, Región de;Vivienda nueva;Índice;2020T2;132,253
Nacional;14 Murcia, Región de;Vivienda nueva;Índice;2020T1;127,081
Nacional;14 Murcia, Región de;Vivienda nueva;Índice;2019T4;127,612
Nacional;14 Murcia, Región de;Vivienda nueva;Índice;2019T3;126,011
Nacional;14 Murcia, Región de;Vivienda nueva;Índice;2019T2;125,967
Nacional;14 Murcia, Región de;Vivienda nueva;Índice;2019T1;121,474
Nacional;14 Murcia, Región de;Vivienda nueva;Índice;2018T4;116,677
Nacional;14 Murcia, Región de;Vivienda nueva;Índice;2018T3;118,974
Nacional;14 Murcia, Región de;Vivienda nueva;Índice;2018T2;113,399
Nacional;14 Murcia, Región de;Vivienda nueva;Índice;2018T1;111,502
Nacional;14 Murcia, Región de;Vivienda nueva;Índice;2017T4;108,465
Nacional;14 Murcia, Región de;Vivienda nueva;Índice;2017T3;110,661
Nacional;14 Murcia, Región de;Vivienda nueva;Índice;2017T2;108,716
Nacional;14 Murcia, Región de;Vivienda nueva;Índice;2017T1;107,184
Nacional;14 Murcia, Región de;Vivienda nueva;Índice;2016T4;105,402
Nacional;14 Murcia, Región de;Vivienda nueva;Índice;2016T3;107,130
Nacional;14 Murcia, Región de;Vivienda nueva;Índice;2016T2;109,076
Nacional;14 Murcia, Región de;Vivienda nueva;Índice;2016T1;102,969
Nacional;14 Murcia, Región de;Vivienda nueva;Índice;2015T4;101,242
Nacional;14 Murcia, Región de;Vivienda nueva;Índice;2015T3;100,915
Nacional;14 Murcia, Región de;Vivienda nueva;Índice;2015T2;100,098
Nacional;14 Murcia, Región de;Vivienda nueva;Índice;2015T1;97,746
Nacional;14 Murcia, Región de;Vivienda nueva;Índice;2014T4;96,767
Nacional;14 Murcia, Región de;Vivienda nueva;Índice;2014T3;97,673
Nacional;14 Murcia, Región de;Vivienda nueva;Índice;2014T2;96,491
Nacional;14 Murcia, Región de;Vivienda nueva;Índice;2014T1;95,374
Nacional;14 Murcia, Región de;Vivienda nueva;Índice;2013T4;94,475
Nacional;14 Murcia, Región de;Vivienda nueva;Índice;2013T3;98,186
Nacional;14 Murcia, Región de;Vivienda nueva;Índice;2013T2;97,161
Nacional;14 Murcia, Región de;Vivienda nueva;Índice;2013T1;102,928
Nacional;14 Murcia, Región de;Vivienda nueva;Índice;2012T4;113,791
Nacional;14 Murcia, Región de;Vivienda nueva;Índice;2012T3;117,988
Nacional;14 Murcia, Región de;Vivienda nueva;Índice;2012T2;119,058
Nacional;14 Murcia, Región de;Vivienda nueva;Índice;2012T1;121,391
Nacional;14 Murcia, Región de;Vivienda nueva;Índice;2011T4;127,117
Nacional;14 Murcia, Región de;Vivienda nueva;Índice;2011T3;130,504
Nacional;14 Murcia, Región de;Vivienda nueva;Índice;2011T2;132,865
Nacional;14 Murcia, Región de;Vivienda nueva;Índice;2011T1;133,625
Nacional;14 Murcia, Región de;Vivienda nueva;Índice;2010T4;133,899
Nacional;14 Murcia, Región de;Vivienda nueva;Índice;2010T3;137,129
Nacional;14 Murcia, Región de;Vivienda nueva;Índice;2010T2;138,792
Nacional;14 Murcia, Región de;Vivienda nueva;Índice;2010T1;135,725
Nacional;14 Murcia, Región de;Vivienda nueva;Índice;2009T4;138,362
Nacional;14 Murcia, Región de;Vivienda nueva;Índice;2009T3;138,658
Nacional;14 Murcia, Región de;Vivienda nueva;Índice;2009T2;138,080
Nacional;14 Murcia, Región de;Vivienda nueva;Índice;2009T1;137,760
Nacional;14 Murcia, Región de;Vivienda nueva;Índice;2008T4;138,187
Nacional;14 Murcia, Región de;Vivienda nueva;Índice;2008T3;138,260
Nacional;14 Murcia, Región de;Vivienda nueva;Índice;2008T2;135,771
Nacional;14 Murcia, Región de;Vivienda nueva;Índice;2008T1;135,057
Nacional;14 Murcia, Región de;Vivienda nueva;Índice;2007T4;134,510
Nacional;14 Murcia, Región de;Vivienda nueva;Índice;2007T3;130,257
Nacional;14 Murcia, Región de;Vivienda nueva;Índice;2007T2;126,329
Nacional;14 Murcia, Región de;Vivienda nueva;Índice;2007T1;122,384
Nacional;14 Murcia, Región de;Vivienda segunda mano;Índice;2025T2;158,133
Nacional;14 Murcia, Región de;Vivienda segunda mano;Índice;2025T1;150,149
Nacional;14 Murcia, Región de;Vivienda segunda mano;Índice;2024T4;145,469
Nacional;14 Murcia, Región de;Vivienda segunda mano;Índice;2024T3;141,987
Nacional;14 Murcia, Región de;Vivienda segunda mano;Índice;2024T2;137,577
Nacional;14 Murcia, Región de;Vivienda segunda mano;Índice;2024T1;132,189
Nacional;14 Murcia, Región de;Vivienda segunda mano;Índice;2023T4;130,424
Nacional;14 Murcia, Región de;Vivienda segunda mano;Índice;2023T3;129,994
Nacional;14 Murcia, Región de;Vivienda segunda mano;Índice;2023T2;128,024
Nacional;14 Murcia, Región de;Vivienda segunda mano;Índice;2023T1;125,563
Nacional;14 Murcia, Región de;Vivienda segunda mano;Índice;2022T4;125,728
Nacional;14 Murcia, Región de;Vivienda segunda mano;Índice;2022T3;127,855
Nacional;14 Murcia, Región de;Vivienda segunda mano;Índice;2022T2;126,896
Nacional;14 Murcia, Región de;Vivienda segunda mano;Índice;2022T1;124,154
Nacional;14 Murcia, Región de;Vivienda segunda mano;Índice;2021T4;120,332
Nacional;14 Murcia, Región de;Vivienda segunda mano;Índice;2021T3;119,062
Nacional;14 Murcia, Región de;Vivienda segunda mano;Índice;2021T2;116,090
Nacional;14 Murcia, Región de;Vivienda segunda mano;Índice;2021T1;113,455
Nacional;14 Murcia, Región de;Vivienda segunda mano;Índice;2020T4;112,959
Nacional;14 Murcia, Región de;Vivienda segunda mano;Índice;2020T3;111,904
Nacional;14 Murcia, Región de;Vivienda segunda mano;Índice;2020T2;111,587
Nacional;14 Murcia, Región de;Vivienda segunda mano;Índice;2020T1;110,182
Nacional;14 Murcia, Región de;Vivienda segunda mano;Índice;2019T4;110,303
Nacional;14 Murcia, Región de;Vivienda segunda mano;Índice;2019T3;109,634
Nacional;14 Murcia, Región de;Vivienda segunda mano;Índice;2019T2;108,773
Nacional;14 Murcia, Región de;Vivienda segunda mano;Índice;2019T1;106,806
Nacional;14 Murcia, Región de;Vivienda segunda mano;Índice;2018T4;106,076
Nacional;14 Murcia, Región de;Vivienda segunda mano;Índice;2018T3;106,032
Nacional;14 Murcia, Región de;Vivienda segunda mano;Índice;2018T2;103,829
Nacional;14 Murcia, Región de;Vivienda segunda mano;Índice;2018T1;102,866
Nacional;14 Murcia, Región de;Vivienda segunda mano;Índice;2017T4;101,996
Nacional;14 Murcia, Región de;Vivienda segunda mano;Índice;2017T3;102,602
Nacional;14 Murcia, Región de;Vivienda segunda mano;Índice;2017T2;101,433
Nacional;14 Murcia, Región de;Vivienda segunda mano;Índice;2017T1;100,333
Nacional;14 Murcia, Región de;Vivienda segunda mano;Índice;2016T4;100,299
Nacional;14 Murcia, Región de;Vivienda segunda mano;Índice;2016T3;101,021
Nacional;14 Murcia, Región de;Vivienda segunda mano;Índice;2016T2;101,004
Nacional;14 Murcia, Región de;Vivienda segunda mano;Índice;2016T1;99,948
Nacional;14 Murcia, Región de;Vivienda segunda mano;Índice;2015T4;100,186
Nacional;14 Murcia, Región de;Vivienda segunda mano;Índice;2015T3;101,271
Nacional;14 Murcia, Región de;Vivienda segunda mano;Índice;2015T2;100,969
Nacional;14 Murcia, Región de;Vivienda segunda mano;Índice;2015T1;97,574
Nacional;14 Murcia, Región de;Vivienda segunda mano;Índice;2014T4;98,961
Nacional;14 Murcia, Región de;Vivienda segunda mano;Índice;2014T3;99,813
Nacional;14 Murcia, Región de;Vivienda segunda mano;Índice;2014T2;99,468
Nacional;14 Murcia, Región de;Vivienda segunda mano;Índice;2014T1;96,610
Nacional;14 Murcia, Región de;Vivienda segunda mano;Índice;2013T4;96,257
Nacional;14 Murcia, Región de;Vivienda segunda mano;Índice;2013T3;97,421
Nacional;14 Murcia, Región de;Vivienda segunda mano;Índice;2013T2;97,660
Nacional;14 Murcia, Región de;Vivienda segunda mano;Índice;2013T1;99,276
Nacional;14 Murcia, Región de;Vivienda segunda mano;Índice;2012T4;109,448
Nacional;14 Murcia, Región de;Vivienda segunda mano;Índice;2012T3;113,365
Nacional;14 Murcia, Región de;Vivienda segunda mano;Índice;2012T2;116,416
Nacional;14 Murcia, Región de;Vivienda segunda mano;Índice;2012T1;118,964
Nacional;14 Murcia, Región de;Vivienda segunda mano;Índice;2011T4;125,838
Nacional;14 Murcia, Región de;Vivienda segunda mano;Índice;2011T3;132,074
Nacional;14 Murcia, Región de;Vivienda segunda mano;Índice;2011T2;134,619
Nacional;14 Murcia, Región de;Vivienda segunda mano;Índice;2011T1;136,935
Nacional;14 Murcia, Región de;Vivienda segunda mano;Índice;2010T4;142,938
Nacional;14 Murcia, Región de;Vivienda segunda mano;Índice;2010T3;141,400
Nacional;14 Murcia, Región de;Vivienda segunda mano;Índice;2010T2;145,075
Nacional;14 Murcia, Región de;Vivienda segunda mano;Índice;2010T1;143,067
Nacional;14 Murcia, Región de;Vivienda segunda mano;Índice;2009T4;144,048
Nacional;14 Murcia, Región de;Vivienda segunda mano;Índice;2009T3;143,631
Nacional;14 Murcia, Región de;Vivienda segunda mano;Índice;2009T2;143,143
Nacional;14 Murcia, Región de;Vivienda segunda mano;Índice;2009T1;143,114
Nacional;14 Murcia, Región de;Vivienda segunda mano;Índice;2008T4;144,613
Nacional;14 Murcia, Región de;Vivienda segunda mano;Índice;2008T3;148,499
Nacional;14 Murcia, Región de;Vivienda segunda mano;Índice;2008T2;151,475
Nacional;14 Murcia, Región de;Vivienda segunda mano;Índice;2008T1;153,188
Nacional;14 Murcia, Región de;Vivienda segunda mano;Índice;2007T4;153,024
Nacional;14 Murcia, Región de;Vivienda segunda mano;Índice;2007T3;152,981
Nacional;14 Murcia, Región de;Vivienda segunda mano;Índice;2007T2;150,055
Nacional;14 Murcia, Región de;Vivienda segunda mano;Índice;2007T1;144,171
Nacional;15 Navarra, Comunidad Foral de;Vivienda nueva;Índice;2025T2;186,540
Nacional;15 Navarra, Comunidad Foral de;Vivienda nueva;Índice;2025T1;182,097
Nacional;15 Navarra, Comunidad Foral de;Vivienda nueva;Índice;2024T4;172,467
Nacional;15 Navarra, Comunidad Foral de;Vivienda nueva;Índice;2024T3;174,133
Nacional;15 Navarra, Comunidad Foral de;Vivienda nueva;Índice;2024T2;167,359
Nacional;15 Navarra, Comunidad Foral de;Vivienda nueva;Índice;2024T1;161,074
Nacional;15 Navarra, Comunidad Foral de;Vivienda nueva;Índice;2023T4;147,750
Nacional;15 Navarra, Comunidad Foral de;Vivienda nueva;Índice;2023T3;151,806
Nacional;15 Navarra, Comunidad Foral de;Vivienda nueva;Índice;2023T2;146,067
Nacional;15 Navarra, Comunidad Foral de;Vivienda nueva;Índice;2023T1;142,913
Nacional;15 Navarra, Comunidad Foral de;Vivienda nueva;Índice;2022T4;136,246
Nacional;15 Navarra, Comunidad Foral de;Vivienda nueva;Índice;2022T3;133,551
Nacional;15 Navarra, Comunidad Foral de;Vivienda nueva;Índice;2022T2;129,768
Nacional;15 Navarra, Comunidad Foral de;Vivienda nueva;Índice;2022T1;131,178
Nacional;15 Navarra, Comunidad Foral de;Vivienda nueva;Índice;2021T4;125,628
Nacional;15 Navarra, Comunidad Foral de;Vivienda nueva;Índice;2021T3;125,160
Nacional;15 Navarra, Comunidad Foral de;Vivienda nueva;Índice;2021T2;123,094
Nacional;15 Navarra, Comunidad Foral de;Vivienda nueva;Índice;2021T1;122,586
Nacional;15 Navarra, Comunidad Foral de;Vivienda nueva;Índice;2020T4;122,451
Nacional;15 Navarra, Comunidad Foral de;Vivienda nueva;Índice;2020T3;127,251
Nacional;15 Navarra, Comunidad Foral de;Vivienda nueva;Índice;2020T2;120,556
Nacional;15 Navarra, Comunidad Foral de;Vivienda nueva;Índice;2020T1;124,899
Nacional;15 Navarra, Comunidad Foral de;Vivienda nueva;Índice;2019T4;117,597
Nacional;15 Navarra, Comunidad Foral de;Vivienda nueva;Índice;2019T3;117,895
Nacional;15 Navarra, Comunidad Foral de;Vivienda nueva;Índice;2019T2;117,866
Nacional;15 Navarra, Comunidad Foral de;Vivienda nueva;Índice;2019T1;118,679
Nacional;15 Navarra, Comunidad Foral de;Vivienda nueva;Índice;2018T4;114,826
Nacional;15 Navarra, Comunidad Foral de;Vivienda nueva;Índice;2018T3;112,204
Nacional;15 Navarra, Comunidad Foral de;Vivienda nueva;Índice;2018T2;109,813
Nacional;15 Navarra, Comunidad Foral de;Vivienda nueva;Índice;2018T1;108,248
Nacional;15 Navarra, Comunidad Foral de;Vivienda nueva;Índice;2017T4;105,883
Nacional;15 Navarra, Comunidad Foral de;Vivienda nueva;Índice;2017T3;107,144
Nacional;15 Navarra, Comunidad Foral de;Vivienda nueva;Índice;2017T2;106,961
Nacional;15 Navarra, Comunidad Foral de;Vivienda nueva;Índice;2017T1;105,438
Nacional;15 Navarra, Comunidad Foral de;Vivienda nueva;Índice;2016T4;102,874
Nacional;15 Navarra, Comunidad Foral de;Vivienda nueva;Índice;2016T3;105,092
Nacional;15 Navarra, Comunidad Foral de;Vivienda nueva;Índice;2016T2;104,280
Nacional;15 Navarra, Comunidad Foral de;Vivienda nueva;Índice;2016T1;102,830
Nacional;15 Navarra, Comunidad Foral de;Vivienda nueva;Índice;2015T4;100,371
Nacional;15 Navarra, Comunidad Foral de;Vivienda nueva;Índice;2015T3;99,178
Nacional;15 Navarra, Comunidad Foral de;Vivienda nueva;Índice;2015T2;101,449
Nacional;15 Navarra, Comunidad Foral de;Vivienda nueva;Índice;2015T1;99,003
Nacional;15 Navarra, Comunidad Foral de;Vivienda nueva;Índice;2014T4;95,957
Nacional;15 Navarra, Comunidad Foral de;Vivienda nueva;Índice;2014T3;99,789
Nacional;15 Navarra, Comunidad Foral de;Vivienda nueva;Índice;2014T2;100,317
Nacional;15 Navarra, Comunidad Foral de;Vivienda nueva;Índice;2014T1;97,027
Nacional;15 Navarra, Comunidad Foral de;Vivienda nueva;Índice;2013T4;100,385
Nacional;15 Navarra, Comunidad Foral de;Vivienda nueva;Índice;2013T3;106,551
Nacional;15 Navarra, Comunidad Foral de;Vivienda nueva;Índice;2013T2;104,842
Nacional;15 Navarra, Comunidad Foral de;Vivienda nueva;Índice;2013T1;109,608
Nacional;15 Navarra, Comunidad Foral de;Vivienda nueva;Índice;2012T4;119,908
Nacional;15 Navarra, Comunidad Foral de;Vivienda nueva;Índice;2012T3;119,658
Nacional;15 Navarra, Comunidad Foral de;Vivienda nueva;Índice;2012T2;119,289
Nacional;15 Navarra, Comunidad Foral de;Vivienda nueva;Índice;2012T1;118,978
Nacional;15 Navarra, Comunidad Foral de;Vivienda nueva;Índice;2011T4;130,306
Nacional;15 Navarra, Comunidad Foral de;Vivienda nueva;Índice;2011T3;138,682
Nacional;15 Navarra, Comunidad Foral de;Vivienda nueva;Índice;2011T2;137,640
Nacional;15 Navarra, Comunidad Foral de;Vivienda nueva;Índice;2011T1;141,392
Nacional;15 Navarra, Comunidad Foral de;Vivienda nueva;Índice;2010T4;144,120
Nacional;15 Navarra, Comunidad Foral de;Vivienda nueva;Índice;2010T3;143,662
Nacional;15 Navarra, Comunidad Foral de;Vivienda nueva;Índice;2010T2;147,287
Nacional;15 Navarra, Comunidad Foral de;Vivienda nueva;Índice;2010T1;148,428
Nacional;15 Navarra, Comunidad Foral de;Vivienda nueva;Índice;2009T4;154,675
Nacional;15 Navarra, Comunidad Foral de;Vivienda nueva;Índice;2009T3;156,117
Nacional;15 Navarra, Comunidad Foral de;Vivienda nueva;Índice;2009T2;161,105
Nacional;15 Navarra, Comunidad Foral de;Vivienda nueva;Índice;2009T1;162,371
Nacional;15 Navarra, Comunidad Foral de;Vivienda nueva;Índice;2008T4;169,375
Nacional;15 Navarra, Comunidad Foral de;Vivienda nueva;Índice;2008T3;170,870
Nacional;15 Navarra, Comunidad Foral de;Vivienda nueva;Índice;2008T2;175,516
Nacional;15 Navarra, Comunidad Foral de;Vivienda nueva;Índice;2008T1;171,506
Nacional;15 Navarra, Comunidad Foral de;Vivienda nueva;Índice;2007T4;171,165
Nacional;15 Navarra, Comunidad Foral de;Vivienda nueva;Índice;2007T3;171,329
Nacional;15 Navarra, Comunidad Foral de;Vivienda nueva;Índice;2007T2;167,825
Nacional;15 Navarra, Comunidad Foral de;Vivienda nueva;Índice;2007T1;165,294
Nacional;15 Navarra, Comunidad Foral de;Vivienda segunda mano;Índice;2025T2;152,961
Nacional;15 Navarra, Comunidad Foral de;Vivienda segunda mano;Índice;2025T1;145,513
Nacional;15 Navarra, Comunidad Foral de;Vivienda segunda mano;Índice;2024T4;140,980
Nacional;15 Navarra, Comunidad Foral de;Vivienda segunda mano;Índice;2024T3;140,498
Nacional;15 Navarra, Comunidad Foral de;Vivienda segunda mano;Índice;2024T2;136,148
Nacional;15 Navarra, Comunidad Foral de;Vivienda segunda mano;Índice;2024T1;131,536
Nacional;15 Navarra, Comunidad Foral de;Vivienda segunda mano;Índice;2023T4;127,149
Nacional;15 Navarra, Comunidad Foral de;Vivienda segunda mano;Índice;2023T3;129,443
Nacional;15 Navarra, Comunidad Foral de;Vivienda segunda mano;Índice;2023T2;126,004
Nacional;15 Navarra, Comunidad Foral de;Vivienda segunda mano;Índice;2023T1;125,220
Nacional;15 Navarra, Comunidad Foral de;Vivienda segunda mano;Índice;2022T4;123,500
Nacional;15 Navarra, Comunidad Foral de;Vivienda segunda mano;Índice;2022T3;123,375
Nacional;15 Navarra, Comunidad Foral de;Vivienda segunda mano;Índice;2022T2;122,794
Nacional;15 Navarra, Comunidad Foral de;Vivienda segunda mano;Índice;2022T1;120,038
Nacional;15 Navarra, Comunidad Foral de;Vivienda segunda mano;Índice;2021T4;115,790
Nacional;15 Navarra, Comunidad Foral de;Vivienda segunda mano;Índice;2021T3;115,483
Nacional;15 Navarra, Comunidad Foral de;Vivienda segunda mano;Índice;2021T2;113,601
Nacional;15 Navarra, Comunidad Foral de;Vivienda segunda mano;Índice;2021T1;111,044
Nacional;15 Navarra, Comunidad Foral de;Vivienda segunda mano;Índice;2020T4;108,786
Nacional;15 Navarra, Comunidad Foral de;Vivienda segunda mano;Índice;2020T3;109,212
Nacional;15 Navarra, Comunidad Foral de;Vivienda segunda mano;Índice;2020T2;110,597
Nacional;15 Navarra, Comunidad Foral de;Vivienda segunda mano;Índice;2020T1;109,681
Nacional;15 Navarra, Comunidad Foral de;Vivienda segunda mano;Índice;2019T4;110,001
Nacional;15 Navarra, Comunidad Foral de;Vivienda segunda mano;Índice;2019T3;110,558
Nacional;15 Navarra, Comunidad Foral de;Vivienda segunda mano;Índice;2019T2;109,818
Nacional;15 Navarra, Comunidad Foral de;Vivienda segunda mano;Índice;2019T1;107,222
Nacional;15 Navarra, Comunidad Foral de;Vivienda segunda mano;Índice;2018T4;106,138
Nacional;15 Navarra, Comunidad Foral de;Vivienda segunda mano;Índice;2018T3;107,916
Nacional;15 Navarra, Comunidad Foral de;Vivienda segunda mano;Índice;2018T2;106,928
Nacional;15 Navarra, Comunidad Foral de;Vivienda segunda mano;Índice;2018T1;104,104
Nacional;15 Navarra, Comunidad Foral de;Vivienda segunda mano;Índice;2017T4;103,637
Nacional;15 Navarra, Comunidad Foral de;Vivienda segunda mano;Índice;2017T3;103,775
Nacional;15 Navarra, Comunidad Foral de;Vivienda segunda mano;Índice;2017T2;103,270
Nacional;15 Navarra, Comunidad Foral de;Vivienda segunda mano;Índice;2017T1;102,253
Nacional;15 Navarra, Comunidad Foral de;Vivienda segunda mano;Índice;2016T4;101,617
Nacional;15 Navarra, Comunidad Foral de;Vivienda segunda mano;Índice;2016T3;101,205
Nacional;15 Navarra, Comunidad Foral de;Vivienda segunda mano;Índice;2016T2;100,219
Nacional;15 Navarra, Comunidad Foral de;Vivienda segunda mano;Índice;2016T1;100,228
Nacional;15 Navarra, Comunidad Foral de;Vivienda segunda mano;Índice;2015T4;99,898
Nacional;15 Navarra, Comunidad Foral de;Vivienda segunda mano;Índice;2015T3;100,762
Nacional;15 Navarra, Comunidad Foral de;Vivienda segunda mano;Índice;2015T2;101,109
Nacional;15 Navarra, Comunidad Foral de;Vivienda segunda mano;Índice;2015T1;98,232
Nacional;15 Navarra, Comunidad Foral de;Vivienda segunda mano;Índice;2014T4;99,859
Nacional;15 Navarra, Comunidad Foral de;Vivienda segunda mano;Índice;2014T3;98,939
Nacional;15 Navarra, Comunidad Foral de;Vivienda segunda mano;Índice;2014T2;101,943
Nacional;15 Navarra, Comunidad Foral de;Vivienda segunda mano;Índice;2014T1;100,923
Nacional;15 Navarra, Comunidad Foral de;Vivienda segunda mano;Índice;2013T4;104,088
Nacional;15 Navarra, Comunidad Foral de;Vivienda segunda mano;Índice;2013T3;105,902
Nacional;15 Navarra, Comunidad Foral de;Vivienda segunda mano;Índice;2013T2;109,403
Nacional;15 Navarra, Comunidad Foral de;Vivienda segunda mano;Índice;2013T1;108,298
Nacional;15 Navarra, Comunidad Foral de;Vivienda segunda mano;Índice;2012T4;117,064
Nacional;15 Navarra, Comunidad Foral de;Vivienda segunda mano;Índice;2012T3;119,569
Nacional;15 Navarra, Comunidad Foral de;Vivienda segunda mano;Índice;2012T2;124,007
Nacional;15 Navarra, Comunidad Foral de;Vivienda segunda mano;Índice;2012T1;124,728
Nacional;15 Navarra, Comunidad Foral de;Vivienda segunda mano;Índice;2011T4;136,731
Nacional;15 Navarra, Comunidad Foral de;Vivienda segunda mano;Índice;2011T3;142,042
Nacional;15 Navarra, Comunidad Foral de;Vivienda segunda mano;Índice;2011T2;147,481
Nacional;15 Navarra, Comunidad Foral de;Vivienda segunda mano;Índice;2011T1;147,114
Nacional;15 Navarra, Comunidad Foral de;Vivienda segunda mano;Índice;2010T4;156,661
Nacional;15 Navarra, Comunidad Foral de;Vivienda segunda mano;Índice;2010T3;156,472
Nacional;15 Navarra, Comunidad Foral de;Vivienda segunda mano;Índice;2010T2;162,472
Nacional;15 Navarra, Comunidad Foral de;Vivienda segunda mano;Índice;2010T1;160,903
Nacional;15 Navarra, Comunidad Foral de;Vivienda segunda mano;Índice;2009T4;163,295
Nacional;15 Navarra, Comunidad Foral de;Vivienda segunda mano;Índice;2009T3;162,398
Nacional;15 Navarra, Comunidad Foral de;Vivienda segunda mano;Índice;2009T2;164,920
Nacional;15 Navarra, Comunidad Foral de;Vivienda segunda mano;Índice;2009T1;165,853
Nacional;15 Navarra, Comunidad Foral de;Vivienda segunda mano;Índice;2008T4;176,694
Nacional;15 Navarra, Comunidad Foral de;Vivienda segunda mano;Índice;2008T3;185,611
Nacional;15 Navarra, Comunidad Foral de;Vivienda segunda mano;Índice;2008T2;196,880
Nacional;15 Navarra, Comunidad Foral de;Vivienda segunda mano;Índice;2008T1;200,462
Nacional;15 Navarra, Comunidad Foral de;Vivienda segunda mano;Índice;2007T4;201,450
Nacional;15 Navarra, Comunidad Foral de;Vivienda segunda mano;Índice;2007T3;211,263
Nacional;15 Navarra, Comunidad Foral de;Vivienda segunda mano;Índice;2007T2;206,996
Nacional;15 Navarra, Comunidad Foral de;Vivienda segunda mano;Índice;2007T1;206,482
Nacional;16 País Vasco;Vivienda nueva;Índice;2025T2;202,229
Nacional;16 País Vasco;Vivienda nueva;Índice;2025T1;199,773
Nacional;16 País Vasco;Vivienda nueva;Índice;2024T4;182,476
Nacional;16 País Vasco;Vivienda nueva;Índice;2024T3;186,400
Nacional;16 País Vasco;Vivienda nueva;Índice;2024T2;180,725
Nacional;16 País Vasco;Vivienda nueva;Índice;2024T1;174,647
Nacional;16 País Vasco;Vivienda nueva;Índice;2023T4;162,127
Nacional;16 País Vasco;Vivienda nueva;Índice;2023T3;163,137
Nacional;16 País Vasco;Vivienda nueva;Índice;2023T2;156,854
Nacional;16 País Vasco;Vivienda nueva;Índice;2023T1;155,512
Nacional;16 País Vasco;Vivienda nueva;Índice;2022T4;151,535
Nacional;16 País Vasco;Vivienda nueva;Índice;2022T3;150,103
Nacional;16 País Vasco;Vivienda nueva;Índice;2022T2;149,260
Nacional;16 País Vasco;Vivienda nueva;Índice;2022T1;149,883
Nacional;16 País Vasco;Vivienda nueva;Índice;2021T4;144,694
Nacional;16 País Vasco;Vivienda nueva;Índice;2021T3;139,934
Nacional;16 País Vasco;Vivienda nueva;Índice;2021T2;139,000
Nacional;16 País Vasco;Vivienda nueva;Índice;2021T1;139,404
Nacional;16 País Vasco;Vivienda nueva;Índice;2020T4;140,454
Nacional;16 País Vasco;Vivienda nueva;Índice;2020T3;139,255
Nacional;16 País Vasco;Vivienda nueva;Índice;2020T2;129,648
Nacional;16 País Vasco;Vivienda nueva;Índice;2020T1;136,998
Nacional;16 País Vasco;Vivienda nueva;Índice;2019T4;126,769
Nacional;16 País Vasco;Vivienda nueva;Índice;2019T3;130,992
Nacional;16 País Vasco;Vivienda nueva;Índice;2019T2;125,462
Nacional;16 País Vasco;Vivienda nueva;Índice;2019T1;127,773
Nacional;16 País Vasco;Vivienda nueva;Índice;2018T4;120,492
Nacional;16 País Vasco;Vivienda nueva;Índice;2018T3;120,734
Nacional;16 País Vasco;Vivienda nueva;Índice;2018T2;118,979
Nacional;16 País Vasco;Vivienda nueva;Índice;2018T1;116,757
Nacional;16 País Vasco;Vivienda nueva;Índice;2017T4;111,397
Nacional;16 País Vasco;Vivienda nueva;Índice;2017T3;114,731
Nacional;16 País Vasco;Vivienda nueva;Índice;2017T2;112,069
Nacional;16 País Vasco;Vivienda nueva;Índice;2017T1;107,439
Nacional;16 País Vasco;Vivienda nueva;Índice;2016T4;104,005
Nacional;16 País Vasco;Vivienda nueva;Índice;2016T3;105,814
Nacional;16 País Vasco;Vivienda nueva;Índice;2016T2;104,654
Nacional;16 País Vasco;Vivienda nueva;Índice;2016T1;101,953
Nacional;16 País Vasco;Vivienda nueva;Índice;2015T4;101,810
Nacional;16 País Vasco;Vivienda nueva;Índice;2015T3;98,153
Nacional;16 País Vasco;Vivienda nueva;Índice;2015T2;98,091
Nacional;16 País Vasco;Vivienda nueva;Índice;2015T1;101,946
Nacional;16 País Vasco;Vivienda nueva;Índice;2014T4;99,648
Nacional;16 País Vasco;Vivienda nueva;Índice;2014T3;97,979
Nacional;16 País Vasco;Vivienda nueva;Índice;2014T2;96,232
Nacional;16 País Vasco;Vivienda nueva;Índice;2014T1;98,823
Nacional;16 País Vasco;Vivienda nueva;Índice;2013T4;99,599
Nacional;16 País Vasco;Vivienda nueva;Índice;2013T3;97,595
Nacional;16 País Vasco;Vivienda nueva;Índice;2013T2;96,687
Nacional;16 País Vasco;Vivienda nueva;Índice;2013T1;92,963
Nacional;16 País Vasco;Vivienda nueva;Índice;2012T4;99,761
Nacional;16 País Vasco;Vivienda nueva;Índice;2012T3;98,973
Nacional;16 País Vasco;Vivienda nueva;Índice;2012T2;101,233
Nacional;16 País Vasco;Vivienda nueva;Índice;2012T1;102,023
Nacional;16 País Vasco;Vivienda nueva;Índice;2011T4;110,770
Nacional;16 País Vasco;Vivienda nueva;Índice;2011T3;117,270
Nacional;16 País Vasco;Vivienda nueva;Índice;2011T2;121,850
Nacional;16 País Vasco;Vivienda nueva;Índice;2011T1;126,365
Nacional;16 País Vasco;Vivienda nueva;Índice;2010T4;125,536
Nacional;16 País Vasco;Vivienda nueva;Índice;2010T3;123,109
Nacional;16 País Vasco;Vivienda nueva;Índice;2010T2;127,054
Nacional;16 País Vasco;Vivienda nueva;Índice;2010T1;126,141
Nacional;16 País Vasco;Vivienda nueva;Índice;2009T4;129,876
Nacional;16 País Vasco;Vivienda nueva;Índice;2009T3;126,736
Nacional;16 País Vasco;Vivienda nueva;Índice;2009T2;132,265
Nacional;16 País Vasco;Vivienda nueva;Índice;2009T1;134,274
Nacional;16 País Vasco;Vivienda nueva;Índice;2008T4;138,087
Nacional;16 País Vasco;Vivienda nueva;Índice;2008T3;138,536
Nacional;16 País Vasco;Vivienda nueva;Índice;2008T2;142,469
Nacional;16 País Vasco;Vivienda nueva;Índice;2008T1;138,048
Nacional;16 País Vasco;Vivienda nueva;Índice;2007T4;138,806
Nacional;16 País Vasco;Vivienda nueva;Índice;2007T3;139,083
Nacional;16 País Vasco;Vivienda nueva;Índice;2007T2;137,015
Nacional;16 País Vasco;Vivienda nueva;Índice;2007T1;132,944
Nacional;16 País Vasco;Vivienda segunda mano;Índice;2025T2;157,694
Nacional;16 País Vasco;Vivienda segunda mano;Índice;2025T1;151,782
Nacional;16 País Vasco;Vivienda segunda mano;Índice;2024T4;145,770
Nacional;16 País Vasco;Vivienda segunda mano;Índice;2024T3;144,025
Nacional;16 País Vasco;Vivienda segunda mano;Índice;2024T2;140,047
Nacional;16 País Vasco;Vivienda segunda mano;Índice;2024T1;135,367
Nacional;16 País Vasco;Vivienda segunda mano;Índice;2023T4;132,191
Nacional;16 País Vasco;Vivienda segunda mano;Índice;2023T3;134,449
Nacional;16 País Vasco;Vivienda segunda mano;Índice;2023T2;130,873
Nacional;16 País Vasco;Vivienda segunda mano;Índice;2023T1;128,791
Nacional;16 País Vasco;Vivienda segunda mano;Índice;2022T4;128,065
Nacional;16 País Vasco;Vivienda segunda mano;Índice;2022T3;130,939
Nacional;16 País Vasco;Vivienda segunda mano;Índice;2022T2;127,613
Nacional;16 País Vasco;Vivienda segunda mano;Índice;2022T1;125,042
Nacional;16 País Vasco;Vivienda segunda mano;Índice;2021T4;122,002
Nacional;16 País Vasco;Vivienda segunda mano;Índice;2021T3;121,346
Nacional;16 País Vasco;Vivienda segunda mano;Índice;2021T2;120,122
Nacional;16 País Vasco;Vivienda segunda mano;Índice;2021T1;118,065
Nacional;16 País Vasco;Vivienda segunda mano;Índice;2020T4;116,670
Nacional;16 País Vasco;Vivienda segunda mano;Índice;2020T3;119,326
Nacional;16 País Vasco;Vivienda segunda mano;Índice;2020T2;118,190
Nacional;16 País Vasco;Vivienda segunda mano;Índice;2020T1;118,196
Nacional;16 País Vasco;Vivienda segunda mano;Índice;2019T4;116,380
Nacional;16 País Vasco;Vivienda segunda mano;Índice;2019T3;118,366
Nacional;16 País Vasco;Vivienda segunda mano;Índice;2019T2;116,701
Nacional;16 País Vasco;Vivienda segunda mano;Índice;2019T1;115,332
Nacional;16 País Vasco;Vivienda segunda mano;Índice;2018T4;113,512
Nacional;16 País Vasco;Vivienda segunda mano;Índice;2018T3;113,654
Nacional;16 País Vasco;Vivienda segunda mano;Índice;2018T2;112,711
Nacional;16 País Vasco;Vivienda segunda mano;Índice;2018T1;109,733
Nacional;16 País Vasco;Vivienda segunda mano;Índice;2017T4;108,794
Nacional;16 País Vasco;Vivienda segunda mano;Índice;2017T3;108,473
Nacional;16 País Vasco;Vivienda segunda mano;Índice;2017T2;106,596
Nacional;16 País Vasco;Vivienda segunda mano;Índice;2017T1;103,964
Nacional;16 País Vasco;Vivienda segunda mano;Índice;2016T4;101,582
Nacional;16 País Vasco;Vivienda segunda mano;Índice;2016T3;103,158
Nacional;16 País Vasco;Vivienda segunda mano;Índice;2016T2;102,568
Nacional;16 País Vasco;Vivienda segunda mano;Índice;2016T1;101,182
Nacional;16 País Vasco;Vivienda segunda mano;Índice;2015T4;100,679
Nacional;16 País Vasco;Vivienda segunda mano;Índice;2015T3;100,876
Nacional;16 País Vasco;Vivienda segunda mano;Índice;2015T2;100,948
Nacional;16 País Vasco;Vivienda segunda mano;Índice;2015T1;97,497
Nacional;16 País Vasco;Vivienda segunda mano;Índice;2014T4;99,201
Nacional;16 País Vasco;Vivienda segunda mano;Índice;2014T3;99,715
Nacional;16 País Vasco;Vivienda segunda mano;Índice;2014T2;99,262
Nacional;16 País Vasco;Vivienda segunda mano;Índice;2014T1;99,435
Nacional;16 País Vasco;Vivienda segunda mano;Índice;2013T4;99,247
Nacional;16 País Vasco;Vivienda segunda mano;Índice;2013T3;103,842
Nacional;16 País Vasco;Vivienda segunda mano;Índice;2013T2;102,152
Nacional;16 País Vasco;Vivienda segunda mano;Índice;2013T1;101,597
Nacional;16 País Vasco;Vivienda segunda mano;Índice;2012T4;108,819
Nacional;16 País Vasco;Vivienda segunda mano;Índice;2012T3;112,008
Nacional;16 País Vasco;Vivienda segunda mano;Índice;2012T2;117,600
Nacional;16 País Vasco;Vivienda segunda mano;Índice;2012T1;120,165
Nacional;16 País Vasco;Vivienda segunda mano;Índice;2011T4;128,522
Nacional;16 País Vasco;Vivienda segunda mano;Índice;2011T3;131,710
Nacional;16 País Vasco;Vivienda segunda mano;Índice;2011T2;137,709
Nacional;16 País Vasco;Vivienda segunda mano;Índice;2011T1;139,476
Nacional;16 País Vasco;Vivienda segunda mano;Índice;2010T4;146,857
Nacional;16 País Vasco;Vivienda segunda mano;Índice;2010T3;149,143
Nacional;16 País Vasco;Vivienda segunda mano;Índice;2010T2;150,883
Nacional;16 País Vasco;Vivienda segunda mano;Índice;2010T1;147,857
Nacional;16 País Vasco;Vivienda segunda mano;Índice;2009T4;146,273
Nacional;16 País Vasco;Vivienda segunda mano;Índice;2009T3;146,941
Nacional;16 País Vasco;Vivienda segunda mano;Índice;2009T2;147,169
Nacional;16 País Vasco;Vivienda segunda mano;Índice;2009T1;150,909
Nacional;16 País Vasco;Vivienda segunda mano;Índice;2008T4;158,872
Nacional;16 País Vasco;Vivienda segunda mano;Índice;2008T3;166,277
Nacional;16 País Vasco;Vivienda segunda mano;Índice;2008T2;175,622
Nacional;16 País Vasco;Vivienda segunda mano;Índice;2008T1;179,109
Nacional;16 País Vasco;Vivienda segunda mano;Índice;2007T4;181,534
Nacional;16 País Vasco;Vivienda segunda mano;Índice;2007T3;184,352
Nacional;16 País Vasco;Vivienda segunda mano;Índice;2007T2;183,419
Nacional;16 País Vasco;Vivienda segunda mano;Índice;2007T1;178,800
Nacional;17 Rioja, La;Vivienda nueva;Índice;2025T2;193,862
Nacional;17 Rioja, La;Vivienda nueva;Índice;2025T1;189,921
Nacional;17 Rioja, La;Vivienda nueva;Índice;2024T4;181,456
Nacional;17 Rioja, La;Vivienda nueva;Índice;2024T3;174,235
Nacional;17 Rioja, La;Vivienda nueva;Índice;2024T2;173,341
Nacional;17 Rioja, La;Vivienda nueva;Índice;2024T1;174,367
Nacional;17 Rioja, La;Vivienda nueva;Índice;2023T4;162,201
Nacional;17 Rioja, La;Vivienda nueva;Índice;2023T3;159,561
Nacional;17 Rioja, La;Vivienda nueva;Índice;2023T2;158,983
Nacional;17 Rioja, La;Vivienda nueva;Índice;2023T1;157,315
Nacional;17 Rioja, La;Vivienda nueva;Índice;2022T4;154,610
Nacional;17 Rioja, La;Vivienda nueva;Índice;2022T3;150,635
Nacional;17 Rioja, La;Vivienda nueva;Índice;2022T2;149,225
Nacional;17 Rioja, La;Vivienda nueva;Índice;2022T1;146,318
Nacional;17 Rioja, La;Vivienda nueva;Índice;2021T4;143,488
Nacional;17 Rioja, La;Vivienda nueva;Índice;2021T3;143,038
Nacional;17 Rioja, La;Vivienda nueva;Índice;2021T2;138,788
Nacional;17 Rioja, La;Vivienda nueva;Índice;2021T1;135,655
Nacional;17 Rioja, La;Vivienda nueva;Índice;2020T4;135,827
Nacional;17 Rioja, La;Vivienda nueva;Índice;2020T3;135,987
Nacional;17 Rioja, La;Vivienda nueva;Índice;2020T2;132,048
Nacional;17 Rioja, La;Vivienda nueva;Índice;2020T1;127,911
Nacional;17 Rioja, La;Vivienda nueva;Índice;2019T4;127,755
Nacional;17 Rioja, La;Vivienda nueva;Índice;2019T3;125,486
Nacional;17 Rioja, La;Vivienda nueva;Índice;2019T2;126,489
Nacional;17 Rioja, La;Vivienda nueva;Índice;2019T1;122,909
Nacional;17 Rioja, La;Vivienda nueva;Índice;2018T4;116,802
Nacional;17 Rioja, La;Vivienda nueva;Índice;2018T3;118,267
Nacional;17 Rioja, La;Vivienda nueva;Índice;2018T2;115,636
Nacional;17 Rioja, La;Vivienda nueva;Índice;2018T1;113,963
Nacional;17 Rioja, La;Vivienda nueva;Índice;2017T4;108,714
Nacional;17 Rioja, La;Vivienda nueva;Índice;2017T3;108,697
Nacional;17 Rioja, La;Vivienda nueva;Índice;2017T2;108,294
Nacional;17 Rioja, La;Vivienda nueva;Índice;2017T1;107,029
Nacional;17 Rioja, La;Vivienda nueva;Índice;2016T4;105,088
Nacional;17 Rioja, La;Vivienda nueva;Índice;2016T3;108,646
Nacional;17 Rioja, La;Vivienda nueva;Índice;2016T2;108,399
Nacional;17 Rioja, La;Vivienda nueva;Índice;2016T1;102,045
Nacional;17 Rioja, La;Vivienda nueva;Índice;2015T4;101,170
Nacional;17 Rioja, La;Vivienda nueva;Índice;2015T3;101,061
Nacional;17 Rioja, La;Vivienda nueva;Índice;2015T2;99,945
Nacional;17 Rioja, La;Vivienda nueva;Índice;2015T1;97,824
Nacional;17 Rioja, La;Vivienda nueva;Índice;2014T4;98,219
Nacional;17 Rioja, La;Vivienda nueva;Índice;2014T3;98,672
Nacional;17 Rioja, La;Vivienda nueva;Índice;2014T2;98,931
Nacional;17 Rioja, La;Vivienda nueva;Índice;2014T1;98,941
Nacional;17 Rioja, La;Vivienda nueva;Índice;2013T4;98,352
Nacional;17 Rioja, La;Vivienda nueva;Índice;2013T3;105,038
Nacional;17 Rioja, La;Vivienda nueva;Índice;2013T2;102,698
Nacional;17 Rioja, La;Vivienda nueva;Índice;2013T1;103,596
Nacional;17 Rioja, La;Vivienda nueva;Índice;2012T4;113,817
Nacional;17 Rioja, La;Vivienda nueva;Índice;2012T3;114,825
Nacional;17 Rioja, La;Vivienda nueva;Índice;2012T2;120,668
Nacional;17 Rioja, La;Vivienda nueva;Índice;2012T1;125,985
Nacional;17 Rioja, La;Vivienda nueva;Índice;2011T4;130,540
Nacional;17 Rioja, La;Vivienda nueva;Índice;2011T3;136,614
Nacional;17 Rioja, La;Vivienda nueva;Índice;2011T2;139,878
Nacional;17 Rioja, La;Vivienda nueva;Índice;2011T1;142,931
Nacional;17 Rioja, La;Vivienda nueva;Índice;2010T4;149,927
Nacional;17 Rioja, La;Vivienda nueva;Índice;2010T3;152,790
Nacional;17 Rioja, La;Vivienda nueva;Índice;2010T2;156,265
Nacional;17 Rioja, La;Vivienda nueva;Índice;2010T1;153,800
Nacional;17 Rioja, La;Vivienda nueva;Índice;2009T4;162,426
Nacional;17 Rioja, La;Vivienda nueva;Índice;2009T3;161,331
Nacional;17 Rioja, La;Vivienda nueva;Índice;2009T2;162,264
Nacional;17 Rioja, La;Vivienda nueva;Índice;2009T1;161,763
Nacional;17 Rioja, La;Vivienda nueva;Índice;2008T4;169,275
Nacional;17 Rioja, La;Vivienda nueva;Índice;2008T3;168,050
Nacional;17 Rioja, La;Vivienda nueva;Índice;2008T2;170,907
Nacional;17 Rioja, La;Vivienda nueva;Índice;2008T1;170,313
Nacional;17 Rioja, La;Vivienda nueva;Índice;2007T4;169,829
Nacional;17 Rioja, La;Vivienda nueva;Índice;2007T3;164,355
Nacional;17 Rioja, La;Vivienda nueva;Índice;2007T2;161,263
Nacional;17 Rioja, La;Vivienda nueva;Índice;2007T1;157,333
Nacional;17 Rioja, La;Vivienda segunda mano;Índice;2025T2;161,876
Nacional;17 Rioja, La;Vivienda segunda mano;Índice;2025T1;154,977
Nacional;17 Rioja, La;Vivienda segunda mano;Índice;2024T4;148,020
Nacional;17 Rioja, La;Vivienda segunda mano;Índice;2024T3;144,997
Nacional;17 Rioja, La;Vivienda segunda mano;Índice;2024T2;141,612
Nacional;17 Rioja, La;Vivienda segunda mano;Índice;2024T1;135,625
Nacional;17 Rioja, La;Vivienda segunda mano;Índice;2023T4;132,303
Nacional;17 Rioja, La;Vivienda segunda mano;Índice;2023T3;132,669
Nacional;17 Rioja, La;Vivienda segunda mano;Índice;2023T2;130,461
Nacional;17 Rioja, La;Vivienda segunda mano;Índice;2023T1;127,649
Nacional;17 Rioja, La;Vivienda segunda mano;Índice;2022T4;127,504
Nacional;17 Rioja, La;Vivienda segunda mano;Índice;2022T3;130,705
Nacional;17 Rioja, La;Vivienda segunda mano;Índice;2022T2;127,704
Nacional;17 Rioja, La;Vivienda segunda mano;Índice;2022T1;124,925
Nacional;17 Rioja, La;Vivienda segunda mano;Índice;2021T4;121,270
Nacional;17 Rioja, La;Vivienda segunda mano;Índice;2021T3;120,617
Nacional;17 Rioja, La;Vivienda segunda mano;Índice;2021T2;118,341
Nacional;17 Rioja, La;Vivienda segunda mano;Índice;2021T1;116,443
Nacional;17 Rioja, La;Vivienda segunda mano;Índice;2020T4;115,239
Nacional;17 Rioja, La;Vivienda segunda mano;Índice;2020T3;114,734
Nacional;17 Rioja, La;Vivienda segunda mano;Índice;2020T2;116,008
Nacional;17 Rioja, La;Vivienda segunda mano;Índice;2020T1;115,313
Nacional;17 Rioja, La;Vivienda segunda mano;Índice;2019T4;114,693
Nacional;17 Rioja, La;Vivienda segunda mano;Índice;2019T3;114,193
Nacional;17 Rioja, La;Vivienda segunda mano;Índice;2019T2;113,791
Nacional;17 Rioja, La;Vivienda segunda mano;Índice;2019T1;111,841
Nacional;17 Rioja, La;Vivienda segunda mano;Índice;2018T4;110,033
Nacional;17 Rioja, La;Vivienda segunda mano;Índice;2018T3;109,536
Nacional;17 Rioja, La;Vivienda segunda mano;Índice;2018T2;107,430
Nacional;17 Rioja, La;Vivienda segunda mano;Índice;2018T1;105,411
Nacional;17 Rioja, La;Vivienda segunda mano;Índice;2017T4;104,506
Nacional;17 Rioja, La;Vivienda segunda mano;Índice;2017T3;102,842
Nacional;17 Rioja, La;Vivienda segunda mano;Índice;2017T2;103,197
Nacional;17 Rioja, La;Vivienda segunda mano;Índice;2017T1;102,418
Nacional;17 Rioja, La;Vivienda segunda mano;Índice;2016T4;100,834
Nacional;17 Rioja, La;Vivienda segunda mano;Índice;2016T3;101,483
Nacional;17 Rioja, La;Vivienda segunda mano;Índice;2016T2;101,374
Nacional;17 Rioja, La;Vivienda segunda mano;Índice;2016T1;100,835
Nacional;17 Rioja, La;Vivienda segunda mano;Índice;2015T4;101,205
Nacional;17 Rioja, La;Vivienda segunda mano;Índice;2015T3;100,301
Nacional;17 Rioja, La;Vivienda segunda mano;Índice;2015T2;101,295
Nacional;17 Rioja, La;Vivienda segunda mano;Índice;2015T1;97,199
Nacional;17 Rioja, La;Vivienda segunda mano;Índice;2014T4;100,031
Nacional;17 Rioja, La;Vivienda segunda mano;Índice;2014T3;99,795
Nacional;17 Rioja, La;Vivienda segunda mano;Índice;2014T2;99,995
Nacional;17 Rioja, La;Vivienda segunda mano;Índice;2014T1;98,660
Nacional;17 Rioja, La;Vivienda segunda mano;Índice;2013T4;99,687
Nacional;17 Rioja, La;Vivienda segunda mano;Índice;2013T3;101,142
Nacional;17 Rioja, La;Vivienda segunda mano;Índice;2013T2;100,094
Nacional;17 Rioja, La;Vivienda segunda mano;Índice;2013T1;101,387
Nacional;17 Rioja, La;Vivienda segunda mano;Índice;2012T4;110,893
Nacional;17 Rioja, La;Vivienda segunda mano;Índice;2012T3;112,998
Nacional;17 Rioja, La;Vivienda segunda mano;Índice;2012T2;118,011
Nacional;17 Rioja, La;Vivienda segunda mano;Índice;2012T1;124,300
Nacional;17 Rioja, La;Vivienda segunda mano;Índice;2011T4;130,620
Nacional;17 Rioja, La;Vivienda segunda mano;Índice;2011T3;136,609
Nacional;17 Rioja, La;Vivienda segunda mano;Índice;2011T2;142,965
Nacional;17 Rioja, La;Vivienda segunda mano;Índice;2011T1;144,599
Nacional;17 Rioja, La;Vivienda segunda mano;Índice;2010T4;156,582
Nacional;17 Rioja, La;Vivienda segunda mano;Índice;2010T3;155,584
Nacional;17 Rioja, La;Vivienda segunda mano;Índice;2010T2;161,648
Nacional;17 Rioja, La;Vivienda segunda mano;Índice;2010T1;158,918
Nacional;17 Rioja, La;Vivienda segunda mano;Índice;2009T4;161,005
Nacional;17 Rioja, La;Vivienda segunda mano;Índice;2009T3;158,539
Nacional;17 Rioja, La;Vivienda segunda mano;Índice;2009T2;156,954
Nacional;17 Rioja, La;Vivienda segunda mano;Índice;2009T1;156,264
Nacional;17 Rioja, La;Vivienda segunda mano;Índice;2008T4;162,387
Nacional;17 Rioja, La;Vivienda segunda mano;Índice;2008T3;165,247
Nacional;17 Rioja, La;Vivienda segunda mano;Índice;2008T2;171,829
Nacional;17 Rioja, La;Vivienda segunda mano;Índice;2008T1;178,993
Nacional;17 Rioja, La;Vivienda segunda mano;Índice;2007T4;179,160
Nacional;17 Rioja, La;Vivienda segunda mano;Índice;2007T3;179,900
Nacional;17 Rioja, La;Vivienda segunda mano;Índice;2007T2;179,009
Nacional;17 Rioja, La;Vivienda segunda mano;Índice;2007T1;172,563
Nacional;18 Ceuta;Vivienda nueva;Índice;2025T2;""
Nacional;18 Ceuta;Vivienda nueva;Índice;2025T1;""
Nacional;18 Ceuta;Vivienda nueva;Índice;2024T4;""
Nacional;18 Ceuta;Vivienda nueva;Índice;2024T3;""
Nacional;18 Ceuta;Vivienda nueva;Índice;2024T2;""
Nacional;18 Ceuta;Vivienda nueva;Índice;2024T1;""
Nacional;18 Ceuta;Vivienda nueva;Índice;2023T4;""
Nacional;18 Ceuta;Vivienda nueva;Índice;2023T3;""
Nacional;18 Ceuta;Vivienda nueva;Índice;2023T2;""
Nacional;18 Ceuta;Vivienda nueva;Índice;2023T1;""
Nacional;18 Ceuta;Vivienda nueva;Índice;2022T4;""
Nacional;18 Ceuta;Vivienda nueva;Índice;2022T3;""
Nacional;18 Ceuta;Vivienda nueva;Índice;2022T2;""
Nacional;18 Ceuta;Vivienda nueva;Índice;2022T1;""
Nacional;18 Ceuta;Vivienda nueva;Índice;2021T4;""
Nacional;18 Ceuta;Vivienda nueva;Índice;2021T3;""
Nacional;18 Ceuta;Vivienda nueva;Índice;2021T2;""
Nacional;18 Ceuta;Vivienda nueva;Índice;2021T1;""
Nacional;18 Ceuta;Vivienda nueva;Índice;2020T4;""
Nacional;18 Ceuta;Vivienda nueva;Índice;2020T3;""
Nacional;18 Ceuta;Vivienda nueva;Índice;2020T2;""
Nacional;18 Ceuta;Vivienda nueva;Índice;2020T1;""
Nacional;18 Ceuta;Vivienda nueva;Índice;2019T4;""
Nacional;18 Ceuta;Vivienda nueva;Índice;2019T3;""
Nacional;18 Ceuta;Vivienda nueva;Índice;2019T2;""
Nacional;18 Ceuta;Vivienda nueva;Índice;2019T1;""
Nacional;18 Ceuta;Vivienda nueva;Índice;2018T4;""
Nacional;18 Ceuta;Vivienda nueva;Índice;2018T3;""
Nacional;18 Ceuta;Vivienda nueva;Índice;2018T2;""
Nacional;18 Ceuta;Vivienda nueva;Índice;2018T1;""
Nacional;18 Ceuta;Vivienda nueva;Índice;2017T4;""
Nacional;18 Ceuta;Vivienda nueva;Índice;2017T3;""
Nacional;18 Ceuta;Vivienda nueva;Índice;2017T2;""
Nacional;18 Ceuta;Vivienda nueva;Índice;2017T1;""
Nacional;18 Ceuta;Vivienda nueva;Índice;2016T4;""
Nacional;18 Ceuta;Vivienda nueva;Índice;2016T3;""
Nacional;18 Ceuta;Vivienda nueva;Índice;2016T2;""
Nacional;18 Ceuta;Vivienda nueva;Índice;2016T1;""
Nacional;18 Ceuta;Vivienda nueva;Índice;2015T4;""
Nacional;18 Ceuta;Vivienda nueva;Índice;2015T3;""
Nacional;18 Ceuta;Vivienda nueva;Índice;2015T2;""
Nacional;18 Ceuta;Vivienda nueva;Índice;2015T1;""
Nacional;18 Ceuta;Vivienda nueva;Índice;2014T4;""
Nacional;18 Ceuta;Vivienda nueva;Índice;2014T3;""
Nacional;18 Ceuta;Vivienda nueva;Índice;2014T2;""
Nacional;18 Ceuta;Vivienda nueva;Índice;2014T1;""
Nacional;18 Ceuta;Vivienda nueva;Índice;2013T4;""
Nacional;18 Ceuta;Vivienda nueva;Índice;2013T3;""
Nacional;18 Ceuta;Vivienda nueva;Índice;2013T2;""
Nacional;18 Ceuta;Vivienda nueva;Índice;2013T1;""
Nacional;18 Ceuta;Vivienda nueva;Índice;2012T4;""
Nacional;18 Ceuta;Vivienda nueva;Índice;2012T3;""
Nacional;18 Ceuta;Vivienda nueva;Índice;2012T2;""
Nacional;18 Ceuta;Vivienda nueva;Índice;2012T1;""
Nacional;18 Ceuta;Vivienda nueva;Índice;2011T4;""
Nacional;18 Ceuta;Vivienda nueva;Índice;2011T3;""
Nacional;18 Ceuta;Vivienda nueva;Índice;2011T2;""
Nacional;18 Ceuta;Vivienda nueva;Índice;2011T1;""
Nacional;18 Ceuta;Vivienda nueva;Índice;2010T4;""
Nacional;18 Ceuta;Vivienda nueva;Índice;2010T3;""
Nacional;18 Ceuta;Vivienda nueva;Índice;2010T2;""
Nacional;18 Ceuta;Vivienda nueva;Índice;2010T1;""
Nacional;18 Ceuta;Vivienda nueva;Índice;2009T4;""
Nacional;18 Ceuta;Vivienda nueva;Índice;2009T3;""
Nacional;18 Ceuta;Vivienda nueva;Índice;2009T2;""
Nacional;18 Ceuta;Vivienda nueva;Índice;2009T1;""
Nacional;18 Ceuta;Vivienda nueva;Índice;2008T4;""
Nacional;18 Ceuta;Vivienda nueva;Índice;2008T3;""
Nacional;18 Ceuta;Vivienda nueva;Índice;2008T2;""
Nacional;18 Ceuta;Vivienda nueva;Índice;2008T1;""
Nacional;18 Ceuta;Vivienda nueva;Índice;2007T4;""
Nacional;18 Ceuta;Vivienda nueva;Índice;2007T3;""
Nacional;18 Ceuta;Vivienda nueva;Índice;2007T2;""
Nacional;18 Ceuta;Vivienda nueva;Índice;2007T1;""
Nacional;18 Ceuta;Vivienda segunda mano;Índice;2025T2;""
Nacional;18 Ceuta;Vivienda segunda mano;Índice;2025T1;""
Nacional;18 Ceuta;Vivienda segunda mano;Índice;2024T4;""
Nacional;18 Ceuta;Vivienda segunda mano;Índice;2024T3;""
Nacional;18 Ceuta;Vivienda segunda mano;Índice;2024T2;""
Nacional;18 Ceuta;Vivienda segunda mano;Índice;2024T1;""
Nacional;18 Ceuta;Vivienda segunda mano;Índice;2023T4;""
Nacional;18 Ceuta;Vivienda segunda mano;Índice;2023T3;""
Nacional;18 Ceuta;Vivienda segunda mano;Índice;2023T2;""
Nacional;18 Ceuta;Vivienda segunda mano;Índice;2023T1;""
Nacional;18 Ceuta;Vivienda segunda mano;Índice;2022T4;""
Nacional;18 Ceuta;Vivienda segunda mano;Índice;2022T3;""
Nacional;18 Ceuta;Vivienda segunda mano;Índice;2022T2;""
Nacional;18 Ceuta;Vivienda segunda mano;Índice;2022T1;""
Nacional;18 Ceuta;Vivienda segunda mano;Índice;2021T4;""
Nacional;18 Ceuta;Vivienda segunda mano;Índice;2021T3;""
Nacional;18 Ceuta;Vivienda segunda mano;Índice;2021T2;""
Nacional;18 Ceuta;Vivienda segunda mano;Índice;2021T1;""
Nacional;18 Ceuta;Vivienda segunda mano;Índice;2020T4;""
Nacional;18 Ceuta;Vivienda segunda mano;Índice;2020T3;""
Nacional;18 Ceuta;Vivienda segunda mano;Índice;2020T2;""
Nacional;18 Ceuta;Vivienda segunda mano;Índice;2020T1;""
Nacional;18 Ceuta;Vivienda segunda mano;Índice;2019T4;""
Nacional;18 Ceuta;Vivienda segunda mano;Índice;2019T3;""
Nacional;18 Ceuta;Vivienda segunda mano;Índice;2019T2;""
Nacional;18 Ceuta;Vivienda segunda mano;Índice;2019T1;""
Nacional;18 Ceuta;Vivienda segunda mano;Índice;2018T4;""
Nacional;18 Ceuta;Vivienda segunda mano;Índice;2018T3;""
Nacional;18 Ceuta;Vivienda segunda mano;Índice;2018T2;""
Nacional;18 Ceuta;Vivienda segunda mano;Índice;2018T1;""
Nacional;18 Ceuta;Vivienda segunda mano;Índice;2017T4;""
Nacional;18 Ceuta;Vivienda segunda mano;Índice;2017T3;""
Nacional;18 Ceuta;Vivienda segunda mano;Índice;2017T2;""
Nacional;18 Ceuta;Vivienda segunda mano;Índice;2017T1;""
Nacional;18 Ceuta;Vivienda segunda mano;Índice;2016T4;""
Nacional;18 Ceuta;Vivienda segunda mano;Índice;2016T3;""
Nacional;18 Ceuta;Vivienda segunda mano;Índice;2016T2;""
Nacional;18 Ceuta;Vivienda segunda mano;Índice;2016T1;""
Nacional;18 Ceuta;Vivienda segunda mano;Índice;2015T4;""
Nacional;18 Ceuta;Vivienda segunda mano;Índice;2015T3;""
Nacional;18 Ceuta;Vivienda segunda mano;Índice;2015T2;""
Nacional;18 Ceuta;Vivienda segunda mano;Índice;2015T1;""
Nacional;18 Ceuta;Vivienda segunda mano;Índice;2014T4;""
Nacional;18 Ceuta;Vivienda segunda mano;Índice;2014T3;""
Nacional;18 Ceuta;Vivienda segunda mano;Índice;2014T2;""
Nacional;18 Ceuta;Vivienda segunda mano;Índice;2014T1;""
Nacional;18 Ceuta;Vivienda segunda mano;Índice;2013T4;""
Nacional;18 Ceuta;Vivienda segunda mano;Índice;2013T3;""
Nacional;18 Ceuta;Vivienda segunda mano;Índice;2013T2;""
Nacional;18 Ceuta;Vivienda segunda mano;Índice;2013T1;""
Nacional;18 Ceuta;Vivienda segunda mano;Índice;2012T4;""
Nacional;18 Ceuta;Vivienda segunda mano;Índice;2012T3;""
Nacional;18 Ceuta;Vivienda segunda mano;Índice;2012T2;""
Nacional;18 Ceuta;Vivienda segunda mano;Índice;2012T1;""
Nacional;18 Ceuta;Vivienda segunda mano;Índice;2011T4;""
Nacional;18 Ceuta;Vivienda segunda mano;Índice;2011T3;""
Nacional;18 Ceuta;Vivienda segunda mano;Índice;2011T2;""
Nacional;18 Ceuta;Vivienda segunda mano;Índice;2011T1;""
Nacional;18 Ceuta;Vivienda segunda mano;Índice;2010T4;""
Nacional;18 Ceuta;Vivienda segunda mano;Índice;2010T3;""
Nacional;18 Ceuta;Vivienda segunda mano;Índice;2010T2;""
Nacional;18 Ceuta;Vivienda segunda mano;Índice;2010T1;""
Nacional;18 Ceuta;Vivienda segunda mano;Índice;2009T4;""
Nacional;18 Ceuta;Vivienda segunda mano;Índice;2009T3;""
Nacional;18 Ceuta;Vivienda segunda mano;Índice;2009T2;""
Nacional;18 Ceuta;Vivienda segunda mano;Índice;2009T1;""
Nacional;18 Ceuta;Vivienda segunda mano;Índice;2008T4;""
Nacional;18 Ceuta;Vivienda segunda mano;Índice;2008T3;""
Nacional;18 Ceuta;Vivienda segunda mano;Índice;2008T2;""
Nacional;18 Ceuta;Vivienda segunda mano;Índice;2008T1;""
Nacional;18 Ceuta;Vivienda segunda mano;Índice;2007T4;""
Nacional;18 Ceuta;Vivienda segunda mano;Índice;2007T3;""
Nacional;18 Ceuta;Vivienda segunda mano;Índice;2007T2;""
Nacional;18 Ceuta;Vivienda segunda mano;Índice;2007T1;""
Nacional;19 Melilla;Vivienda nueva;Índice;2025T2;""
Nacional;19 Melilla;Vivienda nueva;Índice;2025T1;""
Nacional;19 Melilla;Vivienda nueva;Índice;2024T4;""
Nacional;19 Melilla;Vivienda nueva;Índice;2024T3;""
Nacional;19 Melilla;Vivienda nueva;Índice;2024T2;""
Nacional;19 Melilla;Vivienda nueva;Índice;2024T1;""
Nacional;19 Melilla;Vivienda nueva;Índice;2023T4;""
Nacional;19 Melilla;Vivienda nueva;Índice;2023T3;""
Nacional;19 Melilla;Vivienda nueva;Índice;2023T2;""
Nacional;19 Melilla;Vivienda nueva;Índice;2023T1;""
Nacional;19 Melilla;Vivienda nueva;Índice;2022T4;""
Nacional;19 Melilla;Vivienda nueva;Índice;2022T3;""
Nacional;19 Melilla;Vivienda nueva;Índice;2022T2;""
Nacional;19 Melilla;Vivienda nueva;Índice;2022T1;""
Nacional;19 Melilla;Vivienda nueva;Índice;2021T4;""
Nacional;19 Melilla;Vivienda nueva;Índice;2021T3;""
Nacional;19 Melilla;Vivienda nueva;Índice;2021T2;""
Nacional;19 Melilla;Vivienda nueva;Índice;2021T1;""
Nacional;19 Melilla;Vivienda nueva;Índice;2020T4;""
Nacional;19 Melilla;Vivienda nueva;Índice;2020T3;""
Nacional;19 Melilla;Vivienda nueva;Índice;2020T2;""
Nacional;19 Melilla;Vivienda nueva;Índice;2020T1;""
Nacional;19 Melilla;Vivienda nueva;Índice;2019T4;""
Nacional;19 Melilla;Vivienda nueva;Índice;2019T3;""
Nacional;19 Melilla;Vivienda nueva;Índice;2019T2;""
Nacional;19 Melilla;Vivienda nueva;Índice;2019T1;""
Nacional;19 Melilla;Vivienda nueva;Índice;2018T4;""
Nacional;19 Melilla;Vivienda nueva;Índice;2018T3;""
Nacional;19 Melilla;Vivienda nueva;Índice;2018T2;""
Nacional;19 Melilla;Vivienda nueva;Índice;2018T1;""
Nacional;19 Melilla;Vivienda nueva;Índice;2017T4;""
Nacional;19 Melilla;Vivienda nueva;Índice;2017T3;""
Nacional;19 Melilla;Vivienda nueva;Índice;2017T2;""
Nacional;19 Melilla;Vivienda nueva;Índice;2017T1;""
Nacional;19 Melilla;Vivienda nueva;Índice;2016T4;""
Nacional;19 Melilla;Vivienda nueva;Índice;2016T3;""
Nacional;19 Melilla;Vivienda nueva;Índice;2016T2;""
Nacional;19 Melilla;Vivienda nueva;Índice;2016T1;""
Nacional;19 Melilla;Vivienda nueva;Índice;2015T4;""
Nacional;19 Melilla;Vivienda nueva;Índice;2015T3;""
Nacional;19 Melilla;Vivienda nueva;Índice;2015T2;""
Nacional;19 Melilla;Vivienda nueva;Índice;2015T1;""
Nacional;19 Melilla;Vivienda nueva;Índice;2014T4;""
Nacional;19 Melilla;Vivienda nueva;Índice;2014T3;""
Nacional;19 Melilla;Vivienda nueva;Índice;2014T2;""
Nacional;19 Melilla;Vivienda nueva;Índice;2014T1;""
Nacional;19 Melilla;Vivienda nueva;Índice;2013T4;""
Nacional;19 Melilla;Vivienda nueva;Índice;2013T3;""
Nacional;19 Melilla;Vivienda nueva;Índice;2013T2;""
Nacional;19 Melilla;Vivienda nueva;Índice;2013T1;""
Nacional;19 Melilla;Vivienda nueva;Índice;2012T4;""
Nacional;19 Melilla;Vivienda nueva;Índice;2012T3;""
Nacional;19 Melilla;Vivienda nueva;Índice;2012T2;""
Nacional;19 Melilla;Vivienda nueva;Índice;2012T1;""
Nacional;19 Melilla;Vivienda nueva;Índice;2011T4;""
Nacional;19 Melilla;Vivienda nueva;Índice;2011T3;""
Nacional;19 Melilla;Vivienda nueva;Índice;2011T2;""
Nacional;19 Melilla;Vivienda nueva;Índice;2011T1;""
Nacional;19 Melilla;Vivienda nueva;Índice;2010T4;""
Nacional;19 Melilla;Vivienda nueva;Índice;2010T3;""
Nacional;19 Melilla;Vivienda nueva;Índice;2010T2;""
Nacional;19 Melilla;Vivienda nueva;Índice;2010T1;""
Nacional;19 Melilla;Vivienda nueva;Índice;2009T4;""
Nacional;19 Melilla;Vivienda nueva;Índice;2009T3;""
Nacional;19 Melilla;Vivienda nueva;Índice;2009T2;""
Nacional;19 Melilla;Vivienda nueva;Índice;2009T1;""
Nacional;19 Melilla;Vivienda nueva;Índice;2008T4;""
Nacional;19 Melilla;Vivienda nueva;Índice;2008T3;""
Nacional;19 Melilla;Vivienda nueva;Índice;2008T2;""
Nacional;19 Melilla;Vivienda nueva;Índice;2008T1;""
Nacional;19 Melilla;Vivienda nueva;Índice;2007T4;""
Nacional;19 Melilla;Vivienda nueva;Índice;2007T3;""
Nacional;19 Melilla;Vivienda nueva;Índice;2007T2;""
Nacional;19 Melilla;Vivienda nueva;Índice;2007T1;""
Nacional;19 Melilla;Vivienda segunda mano;Índice;2025T2;""
Nacional;19 Melilla;Vivienda segunda mano;Índice;2025T1;""
Nacional;19 Melilla;Vivienda segunda mano;Índice;2024T4;""
Nacional;19 Melilla;Vivienda segunda mano;Índice;2024T3;""
Nacional;19 Melilla;Vivienda segunda mano;Índice;2024T2;""
Nacional;19 Melilla;Vivienda segunda mano;Índice;2024T1;""
Nacional;19 Melilla;Vivienda segunda mano;Índice;2023T4;""
Nacional;19 Melilla;Vivienda segunda mano;Índice;2023T3;""
Nacional;19 Melilla;Vivienda segunda mano;Índice;2023T2;""
Nacional;19 Melilla;Vivienda segunda mano;Índice;2023T1;""
Nacional;19 Melilla;Vivienda segunda mano;Índice;2022T4;""
Nacional;19 Melilla;Vivienda segunda mano;Índice;2022T3;""
Nacional;19 Melilla;Vivienda segunda mano;Índice;2022T2;""
Nacional;19 Melilla;Vivienda segunda mano;Índice;2022T1;""
Nacional;19 Melilla;Vivienda segunda mano;Índice;2021T4;""
Nacional;19 Melilla;Vivienda segunda mano;Índice;2021T3;""
Nacional;19 Melilla;Vivienda segunda mano;Índice;2021T2;""
Nacional;19 Melilla;Vivienda segunda mano;Índice;2021T1;""
Nacional;19 Melilla;Vivienda segunda mano;Índice;2020T4;""
Nacional;19 Melilla;Vivienda segunda mano;Índice;2020T3;""
Nacional;19 Melilla;Vivienda segunda mano;Índice;2020T2;""
Nacional;19 Melilla;Vivienda segunda mano;Índice;2020T1;""
Nacional;19 Melilla;Vivienda segunda mano;Índice;2019T4;""
Nacional;19 Melilla;Vivienda segunda mano;Índice;2019T3;""
Nacional;19 Melilla;Vivienda segunda mano;Índice;2019T2;""
Nacional;19 Melilla;Vivienda segunda mano;Índice;2019T1;""
Nacional;19 Melilla;Vivienda segunda mano;Índice;2018T4;""
Nacional;19 Melilla;Vivienda segunda mano;Índice;2018T3;""
Nacional;19 Melilla;Vivienda segunda mano;Índice;2018T2;""
Nacional;19 Melilla;Vivienda segunda mano;Índice;2018T1;""
Nacional;19 Melilla;Vivienda segunda mano;Índice;2017T4;""
Nacional;19 Melilla;Vivienda segunda mano;Índice;2017T3;""
Nacional;19 Melilla;Vivienda segunda mano;Índice;2017T2;""
Nacional;19 Melilla;Vivienda segunda mano;Índice;2017T1;""
Nacional;19 Melilla;Vivienda segunda mano;Índice;2016T4;""
Nacional;19 Melilla;Vivienda segunda mano;Índice;2016T3;""
Nacional;19 Melilla;Vivienda segunda mano;Índice;2016T2;""
Nacional;19 Melilla;Vivienda segunda mano;Índice;2016T1;""
Nacional;19 Melilla;Vivienda segunda mano;Índice;2015T4;""
Nacional;19 Melilla;Vivienda segunda mano;Índice;2015T3;""
Nacional;19 Melilla;Vivienda segunda mano;Índice;2015T2;""
Nacional;19 Melilla;Vivienda segunda mano;Índice;2015T1;""
Nacional;19 Melilla;Vivienda segunda mano;Índice;2014T4;""
Nacional;19 Melilla;Vivienda segunda mano;Índice;2014T3;""
Nacional;19 Melilla;Vivienda segunda mano;Índice;2014T2;""
Nacional;19 Melilla;Vivienda segunda mano;Índice;2014T1;""
Nacional;19 Melilla;Vivienda segunda mano;Índice;2013T4;""
Nacional;19 Melilla;Vivienda segunda mano;Índice;2013T3;""
Nacional;19 Melilla;Vivienda segunda mano;Índice;2013T2;""
Nacional;19 Melilla;Vivienda segunda mano;Índice;2013T1;""
Nacional;19 Melilla;Vivienda segunda mano;Índice;2012T4;""
Nacional;19 Melilla;Vivienda segunda mano;Índice;2012T3;""
Nacional;19 Melilla;Vivienda segunda mano;Índice;2012T2;""
Nacional;19 Melilla;Vivienda segunda mano;Índice;2012T1;""
Nacional;19 Melilla;Vivienda segunda mano;Índice;2011T4;""
Nacional;19 Melilla;Vivienda segunda mano;Índice;2011T3;""
Nacional;19 Melilla;Vivienda segunda mano;Índice;2011T2;""
Nacional;19 Melilla;Vivienda segunda mano;Índice;2011T1;""
Nacional;19 Melilla;Vivienda segunda mano;Índice;2010T4;""
Nacional;19 Melilla;Vivienda segunda mano;Índice;2010T3;""
Nacional;19 Melilla;Vivienda segunda mano;Índice;2010T2;""
Nacional;19 Melilla;Vivienda segunda mano;Índice;2010T1;""
Nacional;19 Melilla;Vivienda segunda mano;Índice;2009T4;""
Nacional;19 Melilla;Vivienda segunda mano;Índice;2009T3;""
Nacional;19 Melilla;Vivienda segunda mano;Índice;2009T2;""
Nacional;19 Melilla;Vivienda segunda mano;Índice;2009T1;""
Nacional;19 Melilla;Vivienda segunda mano;Índice;2008T4;""
Nacional;19 Melilla;Vivienda segunda mano;Índice;2008T3;""
Nacional;19 Melilla;Vivienda segunda mano;Índice;2008T2;""
Nacional;19 Melilla;Vivienda segunda mano;Índice;2008T1;""
Nacional;19 Melilla;Vivienda segunda mano;Índice;2007T4;""
Nacional;19 Melilla;Vivienda segunda mano;Índice;2007T3;""
Nacional;19 Melilla;Vivienda segunda mano;Índice;2007T2;""
Nacional;19 Melilla;Vivienda segunda mano;Índice;2007T1;""
